:020000041000EA
:1000000000B5324B212058609868022188439860DF
:10001000D860186158612E4B002199600221596106
:100020000121F02299502B49196001219960352056
:1000300000F044F80222904214D00621196600F024
:1000400034F8196E01211966002018661A6600F04E
:100050002CF8196E196E196E052000F02FF8012189
:100060000842F9D1002199601B49196000215960AB
:100070001A491B48016001219960EB211966A021F2
:10008000196600F012F800219960164914480160C1
:100090000121996001BC002800D000471248134993
:1000A000086003C880F30888084703B5996A0420EC
:1000B0000142FBD001200142F8D103BD02B5186610
:1000C0001866FFF7F2FF186E186E02BD00000240BE
:1000D000000000180000070000035F00212200005C
:1000E000F4000018222000A00001001008ED00E03C
:1000F00000000000000000000000000074B24E7A12
:1001000000200420F7010010CB010010CD010010E9
:10011000C9010010C9010010C9010010C901001077
:10012000C9010010C9010010C9010010CF01001061
:10013000C9010010C9010010D1010010D301001045
:10014000C1010010C1010010C1010010C101001067
:10015000C1010010C1010010C1010010C101001057
:10016000C1010010C1010010C1010010C101001047
:10017000C1010010C1010010C1010010C101001037
:10018000C1010010C1010010C1010010C101001027
:10019000C1010010C1010010C1010010C101001017
:1001A000C1010010C1010010C1010010C101001007
:1001B000C1010010C1010010C1010010C1010010F7
:1001C000EFF30580103800BE00BE00BE00BE00BECA
:1001D00000BE00BEF2EB8871D4650110F865011015
:1001E0003802001090A31AE71E481F49086006C88D
:1001F00081F3088810471D480068002801D019487D
:10020000F3E70DA40ECC002902D000F012F8F9E7B4
:100210001749184A002000E001C19142FCD116495B
:100220008847164988471649884700BEFDE701C937
:1002300001C29A42FBD37047F8650110C00000204C
:10024000CC170020047D01100000042000000420D1
:10025000047D0110001004200010042000000000A4
:10026000704700000000000008ED00E0000000D032
:10027000CC170020FC460020454C00106103001004
:10028000054C0010F8B5C04606480749091A8B10FE
:10029000C90FC91810B5491003D0044B002B00D06A
:1002A000984710BDCC170020CC170020000000009C
:1002B000054B10B5002B03D00449054800E000BFF2
:1002C000FFF7E2FF10BDC04600000000A846002076
:1002D000C4CB0010F0B5D6464F4646461B49C0B5C4
:1002E0008B69DB062DD41A4B80259C46194B802642
:1002F0009946194B102498460023184A9A466D00D7
:10030000B60016E01068002810DB1068B0420DDC63
:1003100067461068DBB23B541368002B03DD4B4685
:1003200040469B6A03601368013313608B691C426B
:1003300007D10B682B42E5D0534613608B691C42F2
:10034000F7D0E0BCBA46B146A846F0BD0040034035
:100350000422002000400540A026002018100020A4
:10036000F0B5DE4657464E464546E0B50125FA262D
:1003700089B006F055FE0021002006F0CBFC00F00D
:1003800075FA0421192000F07BFB2A00C24CC34FF0
:10039000F600C34B666527661B6804219A43C14B70
:1003A00007201A6000F06CFB2A00BF4B2664E7644C
:1003B0001B6804219A43BD4B02201A6000F060FBC9
:1003C0000421032000F05CFB00236361E3612362EE
:1003D000B74BB8496362A6616561B74CB74F20005F
:1003E00001F07EFA002302220821200001F008FB20
:1003F0000221012000F044FB0021200001F03CFB21
:100400001420AF4900F04AFC0121142000F034FC14
:100410005023A363626B183B1340AA4A1360002366
:1004200005930293A84B9946A84B9846A84B039373
:10043000A84B9B46A84B0493A84B9A46A84B019304
:10044000A84B0693A84B079301200021404205F0DA
:10045000ADFA00F037FA4B464246B86AA3491B682A
:100460001278C31A8B426BD8029BA149C31A8B42E4
:1004700000D88AE00123059959400B0005915942A3
:1004800059419C4B494219409B4B9C469B4B6144B4
:100490001B684B401B0C9A491B040B600290002AFE
:1004A00075D106980378002BCED1FF21079B490018
:1004B0001B885A1E92B28A42C6D25A1CC55C0233AD
:1004C000865CC35C8F495B435801C01A8000C0182A
:1004D0000001C01A01F0C4FD039B0400F6B21888A5
:1004E0007F3EFF21704301F0BBFD5B461E88049BED
:1004F0008619EDB218887F3DFF21684301F0B0FDF9
:100500005346019A1B881278C318B6B29BB2002AD0
:1005100000D1B3E07C487D4902681B04724012049C
:10052000120C0A60026853401B0C1B040B60784BD2
:100530001A68230453401B0C764A1B04136083E79C
:100540006E4B6F491B681B0C1B040B60002A1ED1ED
:100550005B46524601991B88097812886A4800292F
:1005600000D17EE001684B401B0468491B0C0B6006
:100570000068130443401B0C1B040B60644B654A6A
:100580001B681B0C1B0413605EE7002A89D002F075
:10059000BFFC614902F0A1FCFC21890502F0B1FC1D
:1005A000041C02F02DFD061C201C02F017FD211C6E
:1005B000051C201C02F08EFC02F022FD574902F0BF
:1005C000A0FC564902F086FC02F0FCFC039B0400F0
:1005D000188802F0A3FCFC21890502F092FC291C7A
:1005E00002F08FFC02F0BCFC5B461D88049B4519A1
:1005F000188802F093FCFC21890502F082FC311C72
:1006000002F07FFC02F0ACFC5346019A1B88127882
:10061000C318ADB29BB2002A15D03B483B490268D3
:100620001B046A401204120C0A60026853401B0C3F
:100630001B040B60364B24041B685C40240C354BB8
:1006400024041C6000E730492D040A6853401B0451
:100650002E4A1B0C13600B685D402D0C2D04156099
:10066000E8E701681B044A4012042849120C0A609A
:10067000026853401B0C1B040B607FE722490A6889
:1006800053401B04214A1B0C1360096833044B4080
:100690001B0C1B0413604AE700000540CF07000055
:1006A00050000540501005403C0005403C100540FE
:1006B0001F4E000090D00300004003400040054062
:1006C000D502001034500340A0260020F946002037
:1006D0001E100020221000202010002024100020D6
:1006E000F8460020042200201C1000203F420F008A
:1006F00020A10700000031F80000CF075C00054092
:100700005C10054001FE000020000540201005405F
:1007100048000540481005400024744900C0794451
:10072000F0B5CE46474680B53D4C3E49A5443E4ACD
:1007300002A807F035FA08206A4600233A493B4DE3
:10074000121853541000290007F058FA041E26D03E
:10075000374B384E9846384B384F994608E0384B5F
:10076000019A1A802900002007F048FA041E16D0CA
:100770003100200001AA07F085F90128EFD03900E7
:10078000200001AA07F07EF901280ED12D4B019A15
:10079000290000201A8007F031FA041EE8D12A4B04
:1007A0009D44C0BCB946B046F0BD4146200001AAF8
:1007B00007F068F9012803D1244B019A1A80D1E788
:1007C0004946200001AA07F05DF9012803D1204B1A
:1007D000019A1A80C6E720001E4901AA07F052F9C3
:1007E000012805D1019A1C4B511E8A411A70B9E7A4
:1007F00020001A4901AA07F045F9012803D1184B36
:10080000019A1A80AEE72000164901AA07F03AF9CA
:100810000128A7D1019A144B511E8A411A70A1E7F1
:10082000F4FBFFFFA82C0020FF030000C8CB001042
:10083000ECCB0010CCCB0010FCCB0010DCCB0010BC
:1008400024100020221000200C04000020100020A2
:100850001E1000200CCC0010F846002020CC001008
:100860001C10002038CC0010F946002010B50F49AC
:100870000B78EB2B0BD080220D4892010D4902F032
:1008800005FD01220C4B1A70FFF74AFF10BD0B4B00
:100890001B78552BEFD10A4B1B78AA2BEBD180226A
:1008A0000348920102F0F2FCEEE7C04600E01F10A0
:1008B000A826002000CF0010FA460020FEE11F10FD
:1008C000FFE11F10F8B5144B1A78002A22D000223D
:1008D0001A70EFF3108772B68021FF2049014003A0
:1008E0000CF016F98021FF2480250C4849010CF0FA
:1008F0000FF90B4E6403AD0380222000311901343F
:100900005200FF340CF0F4F8AC42F5D187F31088B4
:10091000FFF706FFF8BDC046FA46002000F01F00B2
:10092000A846E01FF0B5C64600B588B08C4602A9BF
:1009300098460B000E4C170024CC24C31D000D4C10
:1009400045CC45C3227860461A700B4B07220193B1
:1009500002F09CFC29000C22380002F097FC0322D4
:10096000404601A902F092FC08B080BCB846F0BD38
:1009700048CC001050CC0010312E300001207047C0
:1009800010230B60F133FF33138070470120704751
:10099000180010B50F2908D8054B49028918C91845
:1009A000029A02F073FC029810BD01204042FBE75E
:1009B000A826002001207047080010B519000F2854
:1009C0000BD8074B40028018C018029A02F05EFC58
:1009D0000122044B02981A7010BD01204042FBE72F
:1009E000A8260020FA46002010B500232022052169
:1009F00005F010FD0120404210BDC0460048704780
:100A000024EF00100048704704EF001070B5002874
:100A100023D004282CD8174B8000C558280007F095
:100A200097F9C0B2041C1F2812D8E4B2002808D0DD
:100A30000023114AE95C01331180D9B202328C42A1
:100A4000F8D8C0220134E3B25B00920013430CE0FB
:100A50001F24E4B20028EBD1F3E7064B0222196809
:100A6000054802F013FCC1239B000448038070BDBD
:100A70000020FCE728100020061D0020041D002097
:100A8000094A83009A1810B51468402254408032F5
:100A90002240064CC000A44663441A60044B9C46A6
:100AA0006044416010BDC04604C0014004D0014014
:100AB000004001400123D0228340120693629361DB
:100AC000094A83009A1811684022514080320A4036
:100AD0000649C0008C4663441A60054B9C460523BA
:100AE000604443607047C04604C0014004D00140E8
:100AF000004001408023DB051868000F7047C046A6
:100B00000FB400B5084883B004F0F2F9049B002B41
:100B100007D005A91800019104F040F8034804F03B
:100B2000E7F9012004F052F884CC001094CC0010B6
:100B300070B5EFF3108C72B60D4D2B68002BFCD006
:100B4000BFF35F8F0724CB08C618C05C01230C409D
:100B5000A3401C000440034207D118433070BFF388
:100B60005F8F2C608CF3108870BD1000FFF7C8FFFA
:100B70002C0100D0F8B54746CE46884680B5EFF345
:100B8000108C72B61C4D2C68002CFCD0BFF35F8F0C
:100B90009A4222D807210126894602E00132934277
:100BA00018D34D4637001540AF40D4080119045DF5
:100BB0002742F3D110003C430C70BFF35F8F00223B
:100BC0000D4B1A608CF3108800280EDBC0BCB946B0
:100BD000B046F8BD01204042EFE7BFF35F8F00232E
:100BE0002B608CF31088012040424346002BEDD04F
:100BF0000898FFF785FFC0462C0100D0044A107802
:100C0000431CDBB2172B00D9102313707047C0466A
:100C10003C10002010B5064B064C82B0010000933A
:100C200018221F232000FFF7A5FF02B010BDC04609
:100C300098CC0010D42100200021044B044ABFF3BB
:100C40005F8F02C39342FAD17047C046000100D0C3
:100C5000800100D0054B064A1360064A13605360BA
:100C60009360D3601361536193617047808080808B
:100C700000E400E004E400E01F2318401E3B834032
:100C8000002905D0C021044A490053501360704721
:100C9000802201498B50FAE700E100E070B50D00B9
:100CA000EFF3108672B60F4A1368002BFCD0BFF327
:100CB0005F8F0D4B10309B6884001B590B4A934289
:100CC00003D09D4201D001F09BF8074B9B681D515A
:100CD000BFF35F8FBFF35F8F0022024B1A6086F372
:100CE000108870BD240100D000ED00E0C1010010AB
:100CF000F0B557464E46DE464546E0B585B006009F
:100D000000911700EFF3108B72B66A4A1368002B3C
:100D1000FCD0BFF35F8F0025674B5D579A46002DCF
:100D200000DAA9E06B00654C01935B199B009846C3
:100D3000A146C1444B4652469B7910361370604B16
:100D4000B6009B6899590B1B2F2B33D95D4B9942E9
:100D500000D0ACE0019B42469C465B4B6544AD0035
:100D600063535A4B0232A218043B9B1A1B05584A84
:100D70005B0D651913436B80564B0121AB80FF233C
:100D8000AB71009BEF71AB604B460B4319004C4BB2
:100D90009B689951BFF35F8FBFF35F8F0022454B74
:100DA0001A608BF3108805B0F0BCBB46B246A9466A
:100DB000A046F0BD01200A008243D3798C46BB4295
:100DC00031D84546130044491B1B5B415943090D6B
:100DD0003D4B63533D4B02356519043B5B1B1B05C3
:100DE0003B4D5B0D2B43AA464D466B800425AC461C
:100DF0005546E044131F44441B1B1B055B0D1D435C
:100E00004B46997100999D8099604946DF71334B3B
:100E100001431360BBE75800C01880002018C17957
:100E2000B9422FD902000623D356002BF3DA0293DE
:100E30002B4B61460393131D9A4604235B429C4649
:100E4000E14450464B461B1A1B055B0D9C46204B4C
:100E5000957198466346404603439380019B5A1917
:100E60009200039BA418A380029B1C4AA371009BC1
:100E70002260E771A3608AE700F0C2FF00255346B5
:100E80005D574FE7908802934005131D9A4603155E
:100E900061469C464046D444634604302018181AE4
:100EA000E0230005400D1B0218430390C5E700F046
:100EB000A7FF4FE7240100D0FB4600204010002090
:100EC00000ED00E0C101001000A1FFFF7010002044
:100ED00000E0FFFF01BDFFFFAAAA00000148804714
:100EE00001BD0000F0B5DE4657464E464546E0B52A
:100EF0000C0083B0EFF3108872B6634A1368002BBE
:100F0000FCD0BFF35F8F614B61499A6803001033D7
:100F10009F00D55901938D4243D0A54254D05D4ED8
:100F2000AA1B2F2A3DD85C4B9B461B689946012380
:100F30001A009C4682404B4613401F229946634646
:100F4000024093409A4680225B4650469850BFF339
:100F50005F8FEFF305839B46002B37D0019B5B45EA
:100F600001D000F04DFF01232A009A43906884428B
:100F700008D176E04B005B189B00F3189868844218
:100F800036D01A00062151560029F3DA844254D093
:100F90004B46002B27D0C02251463F4B5200995060
:100FA00019603A4B9B68DD51BFF35F8FBFF35F8FD2
:100FB0000022354B1A6088F3108803B0F0BCBB46A2
:100FC000B246A946A046F0BD0D00EAE72A006346F6
:100FD0009A4390688442D5D1062010561300002809
:100FE0000ADA0D0031E0802351462B4AD150D8E770
:100FF00006201856002821DB4200111889007418B9
:101000008B46A1689960E179D97106216156997181
:10101000002924DBA488F11A640524155C4409190D
:1010200009051E4C490D2143998013181C4A9B0049
:101030001178F31899711070AAE713005946002926
:1010400014D1FF3191711749918015490A789A712D
:10105000154A9B1B5B415A43120D0A7098E71149D0
:10106000E2E70620105613000028C5DA0F4A10499F
:10107000D21A083A5002400D014399800D49520896
:101080000A43DA8084E7C046240100D000ED00E086
:10109000C10100104010002000E100E000E0FFFF6F
:1010A000FB46002001BDFFFFAAAA00007A10002025
:1010B00000F0FFFF00F8FFFF70B501240443EFF3D9
:1010C0000581EFF3108C72B6214A1368002BFCD017
:1010D000BFF35F8F1F4B05001F4AED1A6D416A4336
:1010E000120D1E4D8900AE6852B27658A6421CD031
:1010F0000621595691421CD012215956914222D0B4
:101100001E215956914220D02A215956032491423A
:1011100010D0134B19781A708171BFF35F8F0022C2
:101120000B4B1A608CF3108870BDAB680D4C5C5093
:10113000EFE700246100091989005B18FF2199710C
:1011400009499980E5E70124F4E70224F2E7C04663
:10115000240100D040100020AAAA000000ED00E009
:10116000FB460020C101001001BDFFFF024B9C4661
:1011700061448900016070474000003470B5114C33
:10118000114DAC420FD2FF262368002B0CD0FFF785
:1011900035FD01002000FFF7E9FFA680BFF35F8F58
:1011A0000834AC42F0D370BDFFF728FD01002000E9
:1011B000FFF7DCFF2671BFF35F8F0834AC42E3D347
:1011C000F1E7C046C4170020CC17002010B504007A
:1011D000FFF714FD01002000FFF7C8FFFF23237174
:1011E000BFF35F8F10BDC04610B504000120FFF7AC
:1011F00011FD034BC3189B002360BFF35F8F10BD2D
:10120000400000340A4B1968EFF3108072B60A6888
:10121000002AFCD0BFF35F8F1B68BFF35F8F0022F3
:101220001A6080F3108840BF002000217047C0463C
:10123000E4460020F0B5DE4657464E464546E0B54A
:1012400087B0EFF30583032201251A4095409100F2
:101250008846A946B34B03925C58B34B1D60B34B11
:1012600004934B46B24843630823E55E002D37DA0A
:10127000A3881BB2002B00DBADE0A379002B00D0CC
:10128000EEE00823E05E002820DB430062691B18C3
:10129000DB00D3189E68DD68731C00D111E1A448FF
:1012A00001004144826A0B69B71A9B1A9F4215D309
:1012B0000123026A039883401A420FD09C4800F031
:1012C000C9FA8D4202DCCCD18642CAD940BF07B0F0
:1012D000F0BCBB46B246A946A046F0BD0E61EDE7A4
:1012E00062696B0092465B19DB009A4453469E6824
:1012F000DF6800F0AFFA8F42BADC00D103E1002FC3
:1013000000DAE8E05246534652691B699346049A54
:10131000934200D1D9E052460821605E5288000411
:10132000594610439847009001910099019A0B008B
:101330001000134300D1CEE013000A00B61A9F41FB
:10134000002806DB7A4800F085FA009E019F3618D7
:101350004F4153469E60DF6000229A5E002A00DA09
:1013600086E7530099186069C900411802938B6899
:10137000C9689B46B94200DD7AE702D1B34200D981
:1013800076E708239C46A444059565462281A44639
:10139000029B2C0006E053009918C90041188D6883
:1013A000C968AB469B18DB00C318B94206DC00D104
:1013B000B3E01C000023E25E002AECDA230064465E
:1013C0009C4653461A806346059D1D80A3881BB228
:1013D000002B00DA51E72269EFF3108172B613682F
:1013E000002BFCD0BFF35F8F0123A7885B42A38053
:1013F0003FB22369BFF35F8F00221A6081F3108828
:10140000002F00DA39E72300083322009A46666984
:101410007B00DB19DB00F318996850468C460824E2
:10142000115FDD68002910DB029306E0AB4244D077
:101430000023E15E2000002906DB4C006418E40074
:101440003419E368AB42F1DD029B078000201F5E88
:101450001980002FDCDA1400A379002B00D110E7EB
:101460000023A37126000823E15E08364B1C00D13F
:101470002CE70800A246656902E03E004B1C1AD02A
:101480004B005B18DB00EF180A008C46E95E7B8896
:101490001BB2002BF1DA01235B42DC17BB60FC605E
:1014A000824205D0534631801B893B8053461A81C6
:1014B00060464B1CE4D15446E5E6A3686345B7D9C2
:1014C000C2E76B1C00D0EAE6F8E65B4658461B69AB
:1014D000984700281BD153461B8822692381EFF3CC
:1014E000108372B611680029FCD0BFF35F8F51469C
:1014F00062880A8022696580BFF35F8F00211160D6
:1015000083F31088B4E6864200D8F8E6B0E65B467E
:101510001A685B680092019307E7B34500D848E773
:101520004CE7C046C04600203C7005403512001014
:101530000040054070B52E4C2569002D04D00A21CD
:101540002C48FFF713FE70BD2B4E0321300000F036
:1015500077F9E660FFF752FB284B03229C46D02325
:1015600022701B061B6801216370254B6044A36039
:101570000F23800020610220638063694942A180BB
:1015800019800231198647311D83585218315A5239
:1015900075325C3999521832013199521832013141
:1015A0009952183201319952083518329D52023140
:1015B0001832995218320131995218320131995228
:1015C00018320131995218320131995218320131D1
:1015D00099520C4B0C49DC6001303562FFF75EFB21
:1015E00001210320FFF748FB084B1D60A7E7C04619
:1015F00088100020E44600200040054040000034F0
:10160000FFFF1000C0460020351200103860054072
:1016100070B501000469EFF3108C72B620680028E1
:10162000FCD0BFF35F8F02200D5E4C69680040194B
:10163000C00024180869002D36DB26884E80BFF3D1
:101640005F8F002606608CF31088E360638804983F
:10165000013320615B0405985B0CA26060611A1C79
:10166000002B1FD093B22804628018430A69EFF35D
:10167000108C72B61368002BFCD0BFF35F8F8B8881
:1016800023808D800B69BFF35F8F00221A608CF37B
:1016900010880B7801329A40CB6808498C46634425
:1016A0001A6070BD0122DDE7BFF35F8F0023036086
:1016B0008CF3108801204042F3E7C0463C20000034
:1016C00010B543890A1493421ADD53009B184269EE
:1016D000DB00D3180469EFF3108C72B62268002A7D
:1016E000FCD0BFF35F8F5A88090494B2090C8A4278
:1016F00008D00369BFF35F8F00221A608CF3108853
:10170000002010BD8022120214435C800123026974
:101710008371BFF35F8F002111608CF3108804493F
:1017200002788C469340C268012062441360E8E767
:101730003C200000F0B557464E46DE464546E0B533
:1017400006000F0085B0EFF3058399468B46002B0A
:1017500012D0384900204B6ABB4206D38A6ADB1B91
:10176000591E8B41B2424041184305B0F0BCBB4604
:10177000B246A946A046F0BD2F4B9A46DB68984674
:1017800053461B784046039300F064F84246039B9F
:10179000040004339B009B580D001B1A39003000D5
:1017A000001BA941894510DC0DD020BF214A002033
:1017B000536A5B45D9D3926ADB1B591E8B41B242F7
:1017C00040411843D1E78342EFD900F04BF8320093
:1017D0003B00121A8B41002B1ADB00230193174B9D
:1017E0003200009350463B00FFF712FF011E0FDD51
:1017F000104B5A6A5A451BD39B6AB34216D35046C4
:10180000FFF75EFF0B4A0020536A5B45ADD3D2E77A
:10181000084A0020536A5B45A7D30020926ADB1B6D
:10182000B24240415A1E934118439EE75A45E6D1C1
:1018300020BFE4E70040054088100020051200109A
:1018400010B5024A0248FFF773F910BDB4CC00107E
:10185000D82100200300416A0A00986A596A8A4226
:10186000FAD17047034B596A0A00986A596A914243
:10187000FAD170470040054070B504000D00174ACA
:10188000536A1900966A536A8B42FAD130001900E4
:1018900024184D41AB4216D813D0104B2A005B6A76
:1018A0009D4203D90D494B6A9342FCD3934207D121
:1018B0000A4A02E0516A994202D1916AA142F9D3DF
:1018C00070BDA642E9D9054B5B6A1C005A1CEFD0DB
:1018D000012201246442E5175242E3E7004005403B
:1018E000F8B5040006200D0000F0E2F9002844D00D
:1018F000374B3849E3185A1E93418022120494460C
:101900005B429B0D344A9B0563441360334A13606A
:1019100018000A689043FBD12D4B314AE318594215
:101920004B4180215B0049000620995200F0C0F92C
:101930002900C00000F0BCFB0130C3091ED14027C4
:1019400001226262A362266BF30722D4E36A254B6D
:101950000620E51800232B60266300F0A9F9390062
:10196000800000F0A5FB7023E26A5A400E3313405A
:101970002B601D4B23630323A364F8BD1B4A9342D2
:101980001ED900231A4A1B4F6262A362266BF3071B
:10199000DCD5194B144AE3181A60656AA36A06205D
:1019A000AD01ED1800F084F9144900F081FBAD029F
:1019B0000100280000F07CFB0021FFF75DFFC5E778
:1019C0004006800E9F011A003F180300B9E7C04689
:1019D0000080FCBF08C0004000E0004000F0004074
:1019E000E84600202C10000001030000FEFF00006C
:1019F000FFFF0000C0FF3F00303000004E0E00002F
:101A00000539013AF8B5D2004C0105001443002B0A
:101A100006D0013B5A4253419B00234302241C43FE
:101A20002E6BF30708D46E23EA6A624013400E4A15
:101A3000AA1813602E63F8BD0C4B0D4AEB181A6000
:101A40006F6AAB6A0620BF01FF1800F031F909493F
:101A500000F02EFBBF020100380000F029FB00213E
:101A6000FFF70AFFDFE7C0462C100000303000000F
:101A7000010300004E0E0000F8B5066B04000D01D6
:101A8000F30708D4E36A5D4010231D400D4BE318B3
:101A90001D602663F8BD0C4B0C4AC3181A60476AD8
:101AA000836ABF010620FF1800F002F9084900F020
:101AB000FFFABF020100380000F0FAFA0021FFF738
:101AC000DBFEDFE72C1000003030000001030000D7
:101AD0004E0E0000F8B5DE464E4657464546E0B588
:101AE0008B4605000A991800160000F0E1FA0A9BDF
:101AF0006C001F02324B64199C46A4006444636866
:101B000081469F4200D967602B1FDBB29846012BAC
:101B100030D9C02380229B01E31812011A60294B9F
:101B2000AD0059599A4600291BD17301E02622685D
:101B300053401E40802342465B01E3181E60012A89
:101B400030D9802380229B01E31812011A6053468A
:101B50004A4667605A51F0BCBB46B246A946A04609
:101B6000F8BD586900F0A4FA013043001B18033B8C
:101B7000FDD2DAE75B46012BCBD1C02303229B01C8
:101B8000E3181A60023AA3681A42FCD07301E026F7
:101B90002268AD0053401E4080230A4A5B019246F2
:101BA000E3181E605A462168514003220A401A6019
:101BB00001225B469A40A3681A42FCD0C1E7C046A6
:101BC00000800040DC210020F0B546464F46D64656
:101BD000C0B51F00344B44009C462418A400644444
:101BE000636888461600FF2B02D880235B00636081
:101BF000031FDBB29A46012B30D9C02380229B0100
:101C0000E31812011A60294B850059599946002999
:101C10001BD17301E026226853401E4080235246A8
:101C20005B01E3181E60012A30D9802380229B01CA
:101C3000E31812011A6080235B0063604B465F511A
:101C4000E0BCBA46B146A846F0BD586900F030FA8B
:101C5000013043001B18033BFDD2DAE74346012B5A
:101C6000CBD1C02303229B01E3181A60023AA36878
:101C70001A42FCD07301E0262268850053401E40C2
:101C800080230A4A5B019146E3181E6042462168A0
:101C9000514003220A401A60012342469340A26841
:101CA0001342FCD0C1E7C04600800040DC21002088
:101CB000014B8000C0587047DC210020F8B50400BB
:101CC00021481E0017000D0000F0F2F90100380055
:101CD00000F0EEF9069B36041B031E432368002B1D
:101CE00020DB1A4B1A49E3185A1E934180229201B5
:101CF00094465B421B0B174A1B0363441360164A4E
:101D000013601F000A689743FBD1144B2560E2184B
:101D10002123A06013602368002BFCDA0823E6600F
:101D20001360F8BD3F2322681340AB42D9D1A368AA
:101D30001B051B0D8342D4D1EE22E368D20213406F
:101D4000B342CED1EDE7C046001BB7000040FDBF57
:101D500008C0004000E0004000F0004004300000F7
:101D60008023024A9B000B43D362704700800540EA
:101D7000002310B50100988A1B8B984710BDC04600
:101D8000162310B50100188802331B88984710BD30
:101D9000F8B54746CE4680B50F1E18D01423994695
:101DA000043304000025012698464B461888434614
:101DB00021681B88984701C4431E9841013506409D
:101DC000AF42F2D13000C0BCB946B046F8BD0126E2
:101DD000F8E7C046AA23064A1B0113602133FF33EC
:101DE000D3600449044B19605368002BFCDA704738
:101DF0000040024000B0FA00006002407047C04658
:101E000010B50148FEF77CFED8CC001070B5074D28
:101E1000074EB54209D20024013E761BB60808CD14
:101E2000984723000134B342F9D170BD80CB001034
:101E3000BCCB0010054B064A06491A60064A074B00
:101E40001A6010000B689843FBD1704700E0004017
:101E5000BFCDFBFE08C00040FE7F3C0000F000400C
:101E6000044BDB6C002B03D18022034BD2021A609F
:101E70007047C046000011504C201150044A054BD9
:101E80001A60054A1368DB018033FBD17047C046F6
:101E9000FFFFFF0100F0004008C000404022034B5C
:101EA0009A675A671A67DA667047C04600F00140C1
:101EB00010B5FEF7C1FE10BDF8B52749274C284DD7
:101EC000641AA6103200302E00D930222800920069
:101ED00001F0DCF9BC2C3BD830202F232C196407EF
:101EE000204A801BE40F9B1B052B16D93700002CC2
:101EF00002D0B300771CEA50001B33199B00410845
:101F0000EB18C900C9181A605A6008339942FAD10F
:101F1000012303421CD09843C619B300EA50731C36
:101F20002F2E15D09B00EA50B31C2E2E10D09B00F4
:101F3000EA50F31C2D2E0BD09B00EA50331D2C2EA3
:101F400006D09B00EA50731D2B2E01D09B00EA5057
:101F5000054B9D60F8BDC04600010010C001001097
:101F600000000020C101001000ED00E0002310B5CA
:101F7000294C82B0A367FFF72DFF0122274B1A607F
:101F8000636C012BFCD10322254B1A60224A936B10
:101F9000012BFCD1013300930121224A2248043352
:101FA000FFF78CFE052301210093204A2048FFF70C
:101FB00085FE0022022104201E4BFFF705FE0022B1
:101FC000012105201C4BFFF7FFFD00220021072007
:101FD0001A4BFFF7F9FD002200210820174BFFF7ED
:101FE000F3FD8023DB000093002200210920134B26
:101FF000FFF770FD0022104B00210620FFF7E4FDE3
:102000000420FFF755FE0E4900F052F801000020B1
:10201000FFF7A6FE02B010BD008000403CB00040BB
:1020200030B00040002F685900800240008C864785
:1020300000C00240001BB70040597307006CDC026F
:1020400040420F0001480421014B1847A010002016
:10205000911D0010014B9B6818470000A010002044
:10206000124A936F9B0815D29066D166002905D05D
:10207000FFE7FFE7FFE7516F106F704704B580215E
:102080000906C2175140002800D0C8430AF038FDA5
:10209000002104BDF0B5146E556E576F166FFFF733
:1020A000E3FF1466556657671667F0BD000000D061
:1020B000114A936F9B0813D210665166002905D010
:1020C000FFE7FFE7FFE7516F106F704704B5002887
:1020D00001D00020C0430AF013FD002104BDC0461A
:1020E000F0B5146E556E576F166FFFF7E5FF146667
:1020F000556657671667F0BD000000D094464A4AFF
:10210000926F9208624601D228E0C046F0B5464E72
:10211000346E756E776F366F00F020F89446424A41
:1021200014665566576716676246F0BD94463E4A88
:10213000926F9208624601D254E0C046F0B53A4E22
:10214000346E756E776F366F00F04CF89446364AF1
:1021500014665566576716676246F0BD002B24DB90
:1021600011D000293EDA00B5C943404200D1013107
:1021700000F038F8C943404200D10131DB435242FC
:1021800000D1013300BD002AEBD1002801D1002984
:1021900005D00020C90FC90701D1C043410800B5CF
:1021A0000AF096FC0022002300BD00B500290ADBDE
:1021B000DB43524200D1013300F014F8C9434042DE
:1021C00000D1013100BDC943404200D10131DB43A0
:1021D000524200D1013300F005F8DB43524200D1F6
:1021E000013300BD002923D1002B18D1002A0CD0C7
:1021F000BC460D4F38667A6600210023FFE7FFE7F3
:10220000FFE77A6F386F67467047002801D00748AC
:10221000010000B50AF05CFC0022002300BD0200B2
:102220000B00002000217047000000D0FFFFFFFFDF
:10223000002B00D0BFE0130C28D1002AE7D080B4D7
:10224000114F39667A66FFE7FFE730B4040C7B6F05
:10225000396F1B0423433B667A66FFE7FFE7FFE71E
:10226000C04684B27B6F3D6F1B0423433B667A6696
:10227000FFE7FFE7C04600232C042D0C7A6F386F70
:1022800000196941B0BC7047000000D0F0B5944619
:102290000025140E01D112020835140F01D11201CC
:1022A0000435940F01D192000235D40F01D15200B0
:1022B0000135D40B0134254F7C66254C3C660E0C51
:1022C00093B2FFE7FFE7FFE73C6F6643360C770307
:1022D000BE467343DF0B5B04C01AB941130C734352
:1022E000DB18C91ACE086643360CB64493B2734362
:1022F0001F0F1B01C01AB941130C73431F0B1B05A1
:10230000C01AB941860D8F023E436643360C092D33
:1023100024DB520A7243801A7703460A6643360C5E
:1023200016235B1BDE40DF40BF1964466643821BF9
:102330007046043506330100D940A840C01900D3C7
:102340000131A24206D20023F0BD0000000000D0FF
:10235000FFFFFFFF121B0130F3D3F1E709277F1BBB
:10236000FE406446A2B27243801A00D20139220CA8
:102370007243130C1204821A99410B007046043503
:1023800013370100F940A840801900D30131002B18
:1023900002D1A2420AD2F0BD013000D30131121B9A
:1023A000FAD2013BF8D1A24200D2F0BD013000D3F5
:1023B0000131121BF7E7F0B51C0C00D080E00CB423
:1023C00000251C0A04D11B02160E334312020835E5
:1023D0001C0B04D11B01160F3343120104359C0B57
:1023E00004D19B00960F334392000235DC0B02D1DF
:1023F00092185B4101351C00971864410134464F27
:102400007C66464C3C660E0CFFE7FFE7FFE7C046E4
:102410003C6F6643360C7703BE4697B27743C01BCA
:1024200000D20139C01B00D201399FB27743C91BCA
:10243000C91B170C77437E04FF0B801BB941CE08E4
:102440006643360C0C2D33DBB644120B1F053A43A2
:102450001B0B97B27743C01B00D201399FB2774361
:10246000C91B170C77433E043F0C801BB941860DF6
:102470008F023E43664329277F1BFE400C3D774673
:10248000AF40BF1930BCA2B2ABB272437343801AE3
:102490009941220C7243130C1204801A99410200D4
:1024A0000B000137001BA941F9D2781E0021F0BDB5
:1024B0000C277F1BFE4077467F0BAF40FF19E0E7FC
:1024C00000245D1C07D0144F7D663966FFE7FFE7E7
:1024D000FFE7FFE73C6F95B29EB265436643401B42
:1024E000B141150C1E0C6543664336042F0C3E4368
:1024F0002D04401BB141994204D202000B00200080
:102500000021F0BD01D19042F7D3801A99410134E6
:102510009942F2D3F6E70000000000D0FFFFFFFF72
:1025200048404140484018B41B4B5B68FC4601934F
:1025300008BD04DF6328001018B4174B1B68FC4665
:10254000019308BD00DF6D2800109446134A926F76
:10255000920809D2624618B40F4BDB68FC4601931F
:1025600008BD0CDF252B00100C4AF0B5146E556E1B
:10257000576F166F6246FFF7EEFF084A14665566FE
:1025800057671667F0BD18B4034B9B68FC46019370
:1025900008BD08DFC929001050190020000000D034
:1025A000FFB550404240504059404B40594000E038
:1025B000FFB5154F4C00640D03D0BC4204D10C0391
:1025C00014D80020090D09055C00640D03D0BC423D
:1025D00004D11C030AD800221B0D1B0501264B4009
:1025E00009D44B4003D58B4200D18242FFBD9942B2
:1025F000FCD19042FFBD0B43DB1803431343F5D0DE
:10260000C9434918FFBD0000FF07000000B5FFF7F0
:10261000CFFF01D0002000BD012000BD00B5FFF7B5
:10262000C7FF804100BDC04600B5FFF7C1FF01D91B
:10263000002000BD012000BD00B5FFF7B1FF01D9AA
:10264000002000BD012000BD00B5FFF7A9FF8041BB
:1026500000BD012040054A00121804D85A00121883
:1026600001D8002070470120704700000021002899
:1026700005D17047C1174840401AFAD0C90713B5B1
:10268000064B1B6898470CBC441CA2401005120B5B
:102690000349091B09051943114310BDE0460020F9
:1026A0001F04000010B54C00620D8023D218DB001F
:1026B000D21A5B057E2A10DD9E3A13DACC17090385
:1026C000490819435242D140640001341532202A8E
:1026D00005DAD0400843604310BD002010BD084615
:1026E000604310BDC80FC018013810BD18B4044BAA
:1026F0005B6AFC46019308BD24DFD52C0010000066
:102700005019002018B4044BDB6DFC46019308BD42
:102710005CDFE12D0010000050190020C94211D3E8
:1027200000B549004908002200F018F8002904D437
:10273000002240428A41114600BD80210906002046
:1027400000BD000018B4044BDB6EFC46019308BDCD
:102750006CDFE32C001000005019002018B4044B6B
:102760009B6FFC46019308BD78DFFF2C0010000032
:102770005019002018B4044BDB6FFC46019308BDD0
:102780007CDF6D2D0010000050190020132370B560
:102790001D78012D19D014DD1F48FFF7F1FA06004E
:1027A0001E48FFF7EDFA1E4C80223100200000F099
:1027B0006DFD022D2DD01B48FFF7DAFA1A4B186079
:1027C00070BD1A4B164CA364F5E7184B144C2360EC
:1027D0006360A360E36023616361A361E3612362DB
:1027E0006362A362E36223636363A363E3632364BB
:1027F0006364A364E36423656365A365E36523669B
:102800006366A366E36623676367A367E367A364FE
:10281000D1E7064BA364CEE75344000053460000C3
:10282000501900204C330000E046002031280010F1
:1028300007B5604601880A0A0230DF2AFAD1C9B218
:10284000820804D3028840880004104300E0006836
:10285000014A5050039007BD501900200FB403BC2B
:102860000CBCF0B50124E407634000E0F0B50C0DAA
:10287000CF0F661E3605891B640503D3C94340424A
:1028800000D30131640D03D0661CF60A07D0E41BA7
:1028900000207F00791C89078912803C24031D0DCC
:1028A000DF0F6E1E36059B1B6D0503D3DB435242C3
:1028B00000D301336D0D03D06E1CF60A07D0ED1B5B
:1028C00000227F007B1C9B079B12803D2D032F1B4A
:1028D000661B58D4A446202E46DA20371400BC408C
:1028E0001D00BD40F24033412A4380185941CB0FAF
:1028F00005D0C943C0430022644250415141624661
:102900004D0D28D10D0D07D100281FD024194041AD
:102910004941013A0D0DF9D0640006D3013000D3CE
:102920000131002C01D140084000013A0BD4941C25
:10293000E40A04D112051144DB071944F0BDD9079C
:10294000204B194300E0D9070020F0BD0029DDD15C
:10295000002CDBD1F0BD0132C6074008CD0728436B
:102960004908002EE1D0D9E73C2E29DA203E403735
:102970001400BC4000D00124F24014431A00BB40B4
:102980001C43D317ACE7AC46202F08DA20360400EE
:10299000B4400D00B540F84039412843A5E73C2F2D
:1029A0000CDA203F40360400B44000D00124F84047
:1029B00004430800B1400C43C117EAE710001900B6
:1029C000002494E70000F07FF0B50C0D661E36057C
:1029D000891BE60A6405640D02D0651CED0A04D06B
:1029E000002001210905803C2403A4461C0D671E1C
:1029F0003F05DB1BE70A6405640D02D0651CED0A88
:102A000004D0002201231B05803C2403774064444A
:102A100097B484B296B27443070C7E43150C6F438F
:102A200080B26843361802D3012000043F183004F6
:102A3000350C00197D41844688B29AB250430C0C83
:102A400062431F0C7C438EB27E43921902D301264F
:102A50003604A4191604170C3618674101BC81B25C
:102A60009AB25143040C62431B0C5C4380B258433E
:102A7000121802D30120000424181004130C40186B
:102A800063412D185E410020474106BC88B293B2D5
:102A900058430C0C6343120C544389B251435B18E6
:102AA00002D301210904641819041A0C091862419F
:102AB0006D1856410020474118BCF902720D1143B0
:102AC000F0026A0D1043ED020A0D03D16D19404169
:102AD0004941013B124E9B1B7600B3420ED26D0062
:102AE00007D30130002671416646354301D14008C5
:102AF00040001B05C918E4072144F0BD0BDA01337F
:102B000006D1013004D101314F0D01D04908F2E75F
:102B1000E1070020F0BD013631050020EBE70000A1
:102B2000FF030000F0B51C0D671E3F05DB1BE70A25
:102B30006405640D02D0661CF60A04D0002201234D
:102B40001B05803C2403D0252D060026F6432E6667
:102B50001E096E66CE0FF619B44649004F0D02D01D
:102B60007E1CF60A03D000200021403F3F033E1B9D
:102B7000B600B444013F7F05C91B49082E6F0136DA
:102B800076089C02950D25437543ED137543AD13EF
:102B900001356D10F603761B0CB4CC02450D2C43A9
:102BA000A2B2B3B25A43270C7B43350C6F43A4B295
:102BB0006C431B1902D3012424043F191C041D0C6F
:102BC000A4187D4124196D41009A91B2ACB26143C1
:102BD000170C7C432B0C5F4392B25A43A41802D3C8
:102BE00001221204BF182204230C52187B41019CBD
:102BF0006C431B19520ED9010A434401A01A81B239
:102C0000B2B2514303145A43360C734387B277432D
:102C1000D617D21900277E4136049B191704160CCB
:102C20007F185E417316ED18F3010026803375415D
:102C3000A90F06D16400690AE8055B0A184309D2A6
:102C40002FE00422944480337541A90AA8059B0A09
:102C5000184326D3404149412404009A019B0D00AA
:102C60005543641B4343E41A95B286B27543170C6F
:102C70007E43030C5F4392B25A43B61802D301223B
:102C80001204BF183204330C52197B4152429C414A
:102C9000002C02D40022013051414008CA071043E1
:102CA000490802B06246D7079210084BD218084B69
:102CB0009A4203D212058918C919F0BD0020002AD2
:102CC00001DC3900F0BD01331905F5E7FD03000013
:102CD000FE070000002200B5203200F010F80800C6
:102CE00000BD002200B500F00CF8CA179A4200D1CE
:102CF00000BDD8430121C907414000BD00220B158A
:102D00000AD410B5944600F0A7F81414013400DA80
:102D10000021CB17144C204700200021704762444B
:102D2000343A0CD40C2A07DA040091409040524205
:102D30002032D440214310BDD843D94310BD2032A6
:102D400007D40C469440524220321141D0402043D7
:102D500010BD0800C917203203D45242203210415E
:102D600010BD1800190010BD1F2D00104A00520D93
:102D7000144BD21A13DDFF2A1EDAD205CB0FDB0764
:102D80001A43C300400F0903490A084310435B007C
:102D900001D301D0013070474308FBD2704702D005
:102DA000C80FC00770470A0312130132F8D1420F4F
:102DB000072AF5D1012200E0FF22C80F0002801887
:102DC000C00570478003000000210A00002104E0D4
:102DD00000210A00C11704E00022002306E0C046DB
:102DE0000022CB1758405940C01A994130B5184CB1
:102DF000A21A002903D1010010D00020203A4C155E
:102E000012D104D2013A001849414C0DFAD3114CA9
:102E1000A24204D212058918DB07C91830BDD2437B
:102E2000520D00200021F5E703D4013A0018494172
:102E3000FBD50B324405C00A4D052843C90A64007E
:102E400003D0002460416141E1E7E0D34408F8E7A2
:102E500032040000FE0700000A0DCC0F531E1B05B4
:102E6000C91A520503D3C943404200D30131520D60
:102E700003D0531CDB0A07D0121B00206400611C26
:102E800089078912803A1203014BD21A7047000059
:102E9000FF03000051434343C9188C46110C83B211
:102EA0004B4310B4040C614392B280B2504362436E
:102EB0001C041B0C001910BC59411304120CC0183F
:102EC00051416144704700004840414048400E4B2A
:102ED0005B6818470C4B1B6818470C4A936F9B089C
:102EE00002D2094BDB681847F0B5146E556E576F68
:102EF000166FFFF7F6FF054A1466556657671667A3
:102F0000F0BD014B9B681847501A0020000000D00C
:102F1000491A002808D1084670470000C10FC907A8
:102F200000D54042002817D0F44603B40B4B1B6871
:102F3000984706BC81409E384042803107D20B063C
:102F400007D04900490AC0051043084360470130D3
:102F5000F8E7490A8902F5E770470000E0460020DB
:102F600041000A0E80231B067E2A0BDD9E3A0BDAF7
:102F7000C1174002400818435242D0404900013175
:102F80004843704700207047C00FC0180138704791
:102F9000C0420DD300B540004008002100F012F8F7
:102FA000002801D4404200BD8020000600BD000082
:102FB000034BDB69FC4618471CDF09320010000098
:102FC000501A0020014B5B6A18470000501A00207D
:102FD000014B1B6B18470000501A00204100090EDE
:102FE000862902DA044BDB6B1847044900B500F070
:102FF000EFF802BC8E46F5E7501A0020DB0FC940FF
:103000004100090E862902DA044B1B6C184704495B
:1030100000B500F0DDF802BC8E46F5E7501A00203E
:10302000DB0FC940132310B512481C78FEF7A8FE29
:103030000100012C0AD003DD80220F4800F026F9A0
:103040000E48FEF795FE0E4B186010BD0A4C542238
:10305000200000F01BF90B4B6365A365E365236655
:103060006366A366E36623676367A367E367236218
:10307000E361E5E753460000501A00204C3300009E
:10308000E0460020DD310010F0B546464F46D646FA
:10309000C0B5FF26C50DCB0D354088461700041C72
:1030A0001E40002A01D000231360FF2D5DD0002EAA
:1030B0005BD0002D5CD0201CFF2E51D03300013B93
:1030C000B246AB424CDC802109048946E20F64021F
:1030D000640A0C4341464E464902490A0E43B14632
:1030E000AB4247D05346ED1A002A4CD06442002D23
:1030F00058DD4B460120D9114042FEF7D9FF1D2370
:1031000000219C462A000C2D00DD0C22664663122D
:1031100094404343B61A334126004C469140013354
:103120005B105C435918341BAD1A002DEADCA14535
:103130003FDC4B46E41AA14548DCE41A0231630047
:103140004B452BDC3DD04346002B00DA4942002F93
:1031500000D03960962153462000C91AFFF738FF86
:10316000E0BCBA46B146A846F0BDFF20C005F7E76F
:103170000020F5E7B442F3DD7300002A1CD1AA4613
:103180000121E41ADFE7002DB3DC0021B44205DBA6
:10319000A41B012163009E4200DBD4D14B460131C8
:1031A000E41AD0E700214B46E4180DD54C4402390F
:1031B000C5E7002CC3DAF6E70121AA461C1B4942E9
:1031C000C1E7CB07BFD5E9E70139B8E70131B6E779
:1031D00010B50022FFF758FF10BDC04607B5604686
:1031E00001880A0A0230DF2AFAD1C9B2820804D360
:1031F000028840880004104300E00068014A5050F3
:10320000039007BD501A00200021C2158032803281
:1032100001D0024A1047002070470000CD2A00006C
:1032200010B5040003F070FF002804D0034B04190C
:103230009C4200D810BD0248FDF762FC000004204B
:10324000E4CC001010B50C0004F068FA002804D09B
:10325000034B04199C4200D810BD0248FDF750FCF6
:1032600000000420E4CC001010B503F057FF10BD9F
:1032700001480421014B1847B0100020911D001097
:10328000014B1B6818470000B0100020014B5B6821
:1032900018470000B01000209A4200D288547047AE
:1032A0007047C046F8B55746DE464E464546E0B53F
:1032B00099460A9B07009A460D9B884693460B9CAD
:1032C0009B073BD10C9B9C423DD21E1B0B941500CF
:1032D0000C005E442A004B46013521002020B847EF
:1032E000B542F7D1A0460B9C002C20D0454636199C
:1032F0005346321B013C185D29004B46B847002C51
:10330000F6D12B00350098460D9B9B070FD55B46E9
:10331000EC1A0C9BA3420AD9464698462A004B4613
:10332000310020200134B84701354445F6D3280048
:10333000F0BCBB46B246A946A046F8BD1600150033
:10334000002CD3D1E0E716001500002CCED1EEE71B
:10335000F0B54546DE4657464E46E0B585B09C463C
:1033600010AB1B78149F934698460F9C129E139D9A
:10337000BB074CD4002D42D1B44248D201233B407C
:1033800099460E9B013B9A46302304E05246013495
:103390001355A64201D9202CF8D14B46002B00D161
:1033A00083E00E9B013B99463023A54205D82EE0D1
:1033B0004A4601341355AC4229D0202CF8D1FB06E3
:1033C0000CD57B0554D4A64263D0A54261D0119B95
:1033D000102B50D0022B57D0202C32D12023019318
:1033E0000E9B5A460093039763460295FFF75AFFD8
:1033F00005B0F0BCBB46B246A946A046F0BD0123CD
:103400003B40994601233B422AD1B442B9D3FB0643
:103410001CD57B05DBD4002CD5D1119B102B5BD0A8
:10342000119B022B6BD0302301240E9A137043465C
:10343000002B10D17B073ED52B260E9A631C165508
:10344000CDE72300013430260E9AD654202CC5D067
:103450004346002BEED02D260E9A631C1655BEE770
:103460004346002B2FD0013DB44200D289E798E7B4
:10347000119B102BB2D1BB0637D5202CAED05823D0
:103480000E9A13550134A7E7202CA7D0230001344E
:1034900007E0631E012CC0D0119A102A31D0022AF5
:1034A000D1D162260E9AD65496E7FB06CED57B057F
:1034B00000D488E78BE723003E0790D520260E9A9C
:1034C000013316558BE70C233B405A1E9341ED1AEE
:1034D000B44200D255E764E7BB060ED478230E9AB7
:1034E0000224137030235370A1E7202C00D175E71C
:1034F00078230E9A135501346EE75823EFE76033B3
:10350000EDE70E9AA61E91464E44BA0602D5582201
:10351000327098E77822327095E7C04610B50028DF
:1035200000D110BD01F09AFCFBE7C046F0B557464C
:10353000DE464E464546E0B595B083460F009246BE
:1035400098461E9A1F9B10001900209EFFF781F8D5
:10355000002800D0EAE11E981F990122C54B524273
:10356000FFF75CF8002800D014E11E981F99012293
:10357000C14B5242FFF768F8002800D0E9E01E98DE
:103580001F990022BD4BFFF75FF8002800D0C8E06C
:103590001E981F990022BA4BFFF740F8002800D070
:1035A000BFE01E981F9900220023FFF737F800287C
:1035B00000D0E4E000230B93229B5B0500D4062699
:1035C0000024302307E0172106AA013452181355AE
:1035D000013E202C01D0092EF5D81E981F99FFF727
:1035E00061F8A84BF2009B181A685B680500089206
:1035F0000993FFF73FF802000B001E981F99FEF792
:1036000092FF089A099BFEF7BEFF06900791FFF70D
:103610006DF88146FFF72AF802000B00069807991B
:10362000FEF781FF0022984B06900791FFF70CF8F8
:10363000002800D10DE101239C46E1444846FFF7F4
:1036400015F802000B0008980999FEF7EDFF002815
:1036500002D0002399460135002E00D1D9E006950D
:103660004D46B94614E006AA944617230A2163443E
:10367000280001341F19FEF71BFD30313970280076
:103680000A21013EFEF714FD092D00D817E10500BF
:10369000202CE8D14F46069D20240CAE06AA172305
:1036A0009446634499465B46B34606930FE04B4607
:1036B00028000A210134E618FEF7D2FC3031280038
:1036C00031700A21FEF7CCFC051E00D1E4E0202C6D
:1036D000EDD1069B5E469B460323229A1340012BA5
:1036E00018D1219B002B15D00B9B002B00D1FDE0A6
:1036F000219B013B2193202B0CD93023219A07E0F9
:10370000172006A9013409180B55944200D3CCE0C8
:10371000202CF5D1229B01940393219B00960293C8
:1037200022E0229B52460493219B39000393584682
:103730001E9B1F9C029600930194434600F04AF999
:103740000400200015B0F0BCBB46B246A946A04616
:10375000F0BD229B5B070FD403224C4B22990192B0
:1037600003912199009302914346524639005846ED
:10377000FFF798FD0400E4E70422454BEEE71E9AAC
:103780001F9B00200021FEF7CEFE01231E901F91FB
:103790000B9311E7229B54469B0711D1219B042BCD
:1037A0000ED9219B55469C465E46043C64442A0043
:1037B0004346013539002020B047A542F7D1B34632
:1037C000344D26002B1F99465B46A3461C00320051
:1037D000E87843463900013DA04701364D45F6D112
:1037E00023005C469B46229B04349B07A9D5534685
:1037F000219AE31A9A42A4D95E4615002200434654
:1038000039002020B04753460134E31A9D42F5D8D1
:1038100097E72800FEF72EFF02000B001E981F9965
:10382000FEF781FE0022184B06900791FEF7F6FE88
:103830000CAE002800D031E7069807990022124B01
:10384000FEF702FF002800D028E7012301359D4341
:1038500024E70022069807990B4BFEF7DFFE0028AD
:1038600000D0F9E64B46002B5CD101239C46E14495
:10387000F2E6C046FFFFEFFFFFFFEF7F65CDCD41D2
:1038800065CDCDC128F100100000E03F40CD001013
:1038900038CD001048CD0010069B5E469B460323A2
:1038A000229A1340012B00D181E0202C00D131E776
:1038B0000B9B002B27D02D23335501342AE74F468D
:1038C000069D202C00D1E7E63022331907E01720AF
:1038D00006A9013409180A55202C00D1DCE6A342C0
:1038E000F5D12E220CAE0134F254D7E60C23229AE5
:1038F000134257D0219B013B2193A34200D9FCE600
:10390000202C00D106E7229B5B0703D52B233355E0
:103910000134FFE6229B1B0700D4FBE6202333552E
:103920000134F7E6DB0700D496E69EE7229B554676
:103930009B0711D1219B032B0ED9219B54469C46FA
:103940005E46033D65442200434601343900202091
:10395000B047AC42F7D1B346B9465F461C4EEC1CAB
:103960002A00B078434649460135B847013EAC428B
:10397000F6D1229BBB464F469B0700D4E1E6534657
:10398000219AE31A9A4200D8DBE65E46150022002F
:10399000434639002020B04753460134E31AAB4276
:1039A000F5D3CEE6219BA34200D9A6E6B2E6219B41
:1039B000002B00D179E70B9B002B97D0219B013B7B
:1039C00021939C4200D298E6202C00D073E7A1E618
:1039D00044CD0010F0B5DE4657464E464546E0B5AC
:1039E00099B081468B4692469846229A239B1000B6
:1039F0001900FEF72EFE002800D0CAE02298239975
:103A00000122824B5242FEF71FFE002800D0C0E088
:103A10002298239901227E4B5242FEF7FFFD002897
:103A200000D0B6E02298239900220023FEF7F6FD8D
:103A3000002800D0C9E1229B239C08930994089890
:103A400009998023269ADB001A400D928022269C39
:103A50001201144022000B94269C07000E001C4209
:103A600000D0ADE00B00034300D0D5E0002A00D029
:103A70000AE2220006332493022313400C9302230C
:103A8000134200D002E2259B042B00D20FE2043B3C
:103A90000B93002304250A930022229823990023E4
:103AA000FEF7BCFD002800D003E25A4B269A1340D3
:103AB00004930B9B0393249B0293089B099C009304
:103AC00001945946434652464846FFF72FFD0200EF
:103AD0002020269B1F27034059424B415B42184040
:103AE000531C0893594643464530C8470A9AD31792
:103AF000D4185C40D30F0A936B1E0B9308AB9C4603
:103B00000025674401E0202D0FD020000A21FEF798
:103B1000CFFA01357E193031317020000A21FEF7CD
:103B2000C7FA26000400092EEDD8052306930B9B47
:103B300059460593002304930A3303930A9B48468E
:103B4000029310AB0093089A43460195FFF700FCDF
:103B50000C9B002B2DD05346C41A259BA34228D979
:103B60004D465F4681461E00534639001A192020F3
:103B700043460134A847A642F6D8534648462599FD
:103B8000C21A01320023914200D386E10130181895
:103B90000FE0269B0493259B0393249B0293229B77
:103BA000239C009301944346524659464846FFF7EA
:103BB000BDFC19B0F0BCBB46B246A946A046F0BD5C
:103BC00001432BD10B9B2200002B00D154E7002393
:103BD0000A93249B0A9A0024934200DD85E12298EF
:103BE000239900220023FEF719FD002800D035E1BB
:103BF000269B084A02941A408023DB001343049357
:103C0000259B0393089B099CCBE7C046FFFFEF7FF2
:103C1000FFFFEFFFFFF7FFFF06232493B44B700075
:103C20009C46400D6044FEF725FDB24AB24BFEF7BC
:103C3000AAFCB24AB24BFEF77FFC3603B14B360BFF
:103C4000334304000D00380019000022AE4BFEF78C
:103C50006AFCAE4AAE4BFEF796FC02000B00200059
:103C60002900FEF769FCFEF71DFD0A90FEF702FD34
:103C7000A84AA94B04000D00FEF785FC0022A74BC3
:103C8000FEF75AFCFEF70EFDA54A0600A54B2000E4
:103C90002900FEF778FC040030000D000C96FEF7BA
:103CA000E9FCA14AA14BFEF76EFC02000B002000CC
:103CB0002900FEF738FC02000B0006000F00FEF79B
:103CC00062FC320004000D003B0030003900FEF7BA
:103CD00033FC00220E900F91954B20002900FEF737
:103CE00034FC0022934BFEF727FC02000B0020005F
:103CF0002900FEF72AFC00228F4BFEF71DFC020074
:103D00000B0020002900FEF720FC0D00802104009C
:103D100032003B000020C905FEF705FC02000B0045
:103D200020002900FEF708FC02000B000E980F99F6
:103D3000FEF70BFC0022734BFEF7FEFB7F4B0C9C47
:103D40009C46644400222305FEF71DFC06000F007C
:103D500002000B0008980999FEF760FC00280AD0C1
:103D60000A9B3000013B39000A930022714BFEF799
:103D7000ECFB06000F000A9A330063323900C62AB2
:103D800012D802222698042510400B9A0C90002A83
:103D900025D1259B042B05D9002800D0A1E0259B27
:103DA000043B0B93042541E00222269810400B9A15
:103DB0000C90002A12D1259B052B76D9002872D1B0
:103DC000259B0525053B0B9334E080221206944683
:103DD000229B0893239B6344099330E605250B43FC
:103DE00000D1F6E608980999554A564BFEF724FC8F
:103DF000002808D0089809990022534BFEF70EFCC2
:103E0000002800D0E5E6249B002B1CD00D9B002B46
:103E100019D0249B013B2493259BAB4204D90C9BD6
:103E2000002B5AD002230C9300230B930A9B002BE8
:103E300000D131E60898099932003B00FEF785FB76
:103E40000890099128E6259BAB42EDD90C9B002BED
:103E500043D000230B9302330C93E7E78020269B8B
:103E60003A4A00061A40802384460294089C099D21
:103E70002900DB0013430493259B61442200039334
:103E80000B00009201938EE60524A8E600230B9315
:103E90000A93023304250C93FEE553468C46013BFE
:103EA00063441B1A72E602230C930525C2E7042320
:103EB000EDE58020089E099F000639008446269A79
:103EC000224B6144134004930B9B32000393249BC9
:103ED00002930B0000920193F3E5259B5B1B0B9370
:103EE000A4E7022304250C93A0E79C1A013C76E684
:103EF00001FCFFFFFB799F501344D33FB3C8608B95
:103F0000288AC63F0000F03F0000F83F61436F631E
:103F1000A787D23F71A379094F930A400000E03F81
:103F20001655B5BBB16B0240EF39FAFE422EE63FA3
:103F300000002C400000244000001840FF03000057
:103F40002D431CEBE2361A3F80842E41FFF7FFFF22
:103F5000F0B5DE4657464E464546E0B5A5B01E00D4
:103F60002E9B92460C93CD4ACD4B80468B461A60D1
:103F7000002900D1EAE1002330789946002800D1D9
:103F8000ECE1C84B4C460B93C74B454657460E9346
:103F90000AE0631C984622003B005946A847444665
:103FA0003078002800D187E001362528F1D1082398
:103FB0009A46043B9946023B9846013B00229C46A8
:103FC0000D943078711C0300203BDBB2102B03D81A
:103FD0000B9C9B00E3589F460300303B89460D9C99
:103FE000092B3AD9002398462A2800D1C1E00023A2
:103FF0009A462E284BD00300683BDBB2122B1ED80A
:104000000E999B00CB589F4663460E001A43D8E793
:1040100043460E001A43D4E74B460E001A43D0E73E
:1040200010230E001A43CCE753460E001A43C8E78C
:1040300080235B001A43FF3B9C467078E1444E4668
:1040400067284FD82428A4D90300253BDBB2422B94
:104050009FD896499B00CB589F46002394461E004C
:1040600000E00131B3009B195B001E180878303E58
:104070000300303B092BF4D90123624689469C4654
:104080000023B0469A460E00E1442E28B3D13021D9
:10409000802049428C46C000024370784B468444DD
:1040A0006146092900D86CE12A2800D17AE1012370
:1040B0009C464E46E1449EE7A146A846BA46CA45FC
:1040C00003D801235B425344994653464A46594616
:1040D0000020C047200025B0F0BCBB46B246A94630
:1040E000A046F0BD0300693BDBB20D930F2B00D956
:1040F0004FE7012199408C466D49894661464B4600
:1041000019400F91634649460B4200D028E10D9BB0
:104110000A2B3AD0072B00D03BE70C9B190008C9AB
:104120008846002B00D14BE121200243914614A97F
:104130008C461F220F2162448C4651460D950C91EE
:10414000A24615000F9902E020290CD01300644606
:104150001C4020003730092C00D807380131685442
:104160001A090F2BF0D80C9B54460D9D9A460F91BF
:1041700033E10C9B02CB8846002947DB0C930123DB
:104180009C4670784E46E14431E70C9B02CB149379
:104190005346002B00D138E19C4608780B000C9068
:1041A0008C44002801D100F098FC89466146944671
:1041B00003E05A780133002A01D08B42F9D14946F5
:1041C00062465B1A0C900F93530500D520E1022341
:1041D000180010400D90134200D1CBE30D930B1B40
:1041E000B1469A465E460C9822003B003100A84733
:1041F00053460134185D0028F6D1B3464E460D9B58
:10420000002B00D0C7E1149B0C93C9E60C9301234B
:104210009C46283849420243884670784E46E1441D
:10422000E5E670786C2800D17FE180235B001A43BB
:10423000FF3B9C46E14402E780239B001A43012395
:104240009C467078E144FAE67078682800D173E102
:1042500080231A437F3B9C46E144F0E6672800D167
:1042600003E1472800D15AE1452800D15AE10492E0
:10427000072142460C9B0392073352468B43190099
:1042800002920CC92800009201930C9122003B007D
:104290005946FFF79FFB040082E6C046513F0010DD
:1042A000A42600208CEF0010D0EF00101CF00010AE
:1042B00041900000462800D1DBE0049207214246ED
:1042C0000C9B0392073352468B43190002920CC990
:1042D0002800009201930C9122003B005946FFF701
:1042E00025F904005CE6631C984622003B00594611
:1042F0002520A847444653E60C9B04330D93631CCA
:104300009946920700D422E10C9B22001878594666
:104310003B00A84743464444012B00D885E23300C4
:10432000B8462E005F4625004C469946220043467B
:10433000013439002020B047AC42F7D12C00BB46F5
:10434000350047464E460D9B0C9329E6DB4B3078F3
:10435000984600239946002800D012E60024AEE6D5
:104360006F2800D188E000D80BE31023782800D113
:10437000CFE09A430A239C4600230F930A330D9300
:1043800080E05646B1008919490001330E181878AB
:10439000303E010030390929F4D9B2461E000133FC
:1043A000994628E60C9B023602CB8A46C943504602
:1043B000C917084082460C933078731C99461AE658
:1043C00010231000984311331843814680201300B6
:1043D000C0000340024200D1A9E64B4606930823E1
:1043E00005935346049310230393002302930F9BDA
:1043F000220001931CAB009359463B002800FEF7B6
:10440000A7FF434604000C93CAE501235B42C3E6C1
:104410000F9B534501D953460F93022318001040B8
:104420000D90134200D1B7E10D93D1460B1B9A4674
:104430003300A1442E0022004D460C98B9465F4639
:104440009B4608E04B463900541CB0475346185D64
:10445000002877D022009542F4D15B46BB464F46F8
:10446000A94635004C461E00C9E680231B011A43AD
:10447000FDE620231A4320E708239C4600230F93E0
:1044800008330D9380231100DB0019401A4200D13C
:1044900016E10D239A431000802302009B001A406E
:1044A0001492184200D0C2E1802302005B001A403F
:1044B00091460C9A04320F92184200D0B7E243069C
:1044C00000D59FE1030600D419E30C9B1B880993D8
:1044D000002B00D0FCE110339843002900D1F7E114
:1044E0000023994643460593534604930D9B06903B
:1044F00003930023D2E0582808D0622867D1022312
:104500009C4600230F9302330D93BBE720231A43ED
:10451000103B9C4600230F9310330D93B2E780238A
:104520001B011A4320231A43A1E6C0239B001A4310
:10453000F31C9946B07882E5C0231A43F31C9946D0
:10454000B0787CE535005E46BB464F4657E64346AD
:10455000012B00D863E1631E43449A463300B946F9
:104560002E005F4655469B46A24622004B4601342C
:1045700039002020B047AC42F7D135005E46BB463B
:104580004F46A14654460C9B4A46187859463B0074
:104590004444A847D7E6A1460F9B984500D832E689
:1045A0004444E41A3300B8462E005F4625004C46CA
:1045B000994622004346013439002020B047AC42DE
:1045C000F7D12C00BB46350047464E461BE68023FC
:1045D0001000DB0018401A4200D10FE11121180031
:1045E0008A430D920D9A802311009B0019408C463E
:1045F0001A4269D1802311005B00194089460C9949
:1046000004310F911A4200D0CAE113005B0600D5B5
:10461000F0E013001B0600D459E20C9B00229B5EC5
:10462000D9175A184A4092B2D90F0C91002B00D1D9
:10463000F9E1100014AA944642461F2314925246F0
:104640006344A84616944D460400B946B2461F007E
:10465000159201E0202D0FD020000A21FDF728FD42
:1046600001357E193031317020000A21FDF720FD1F
:1046700026000400092EEDD8149B4F46A946454656
:104680009846159B56469A46169C0D9B06934346A4
:104690000593534604930A2303930C9B02934B46C2
:1046A00001931CAB2200009359463B002800FEF703
:1046B0004FFE0F9B04000C9372E4C046A132001021
:1046C0000C239A431000E7E607220C9B0733934321
:1046D000013294469C4462460C920CCBD90F0F9148
:1046E0001100194300D191E0D91713911291514053
:1046F000109113995940119110981199129A139B86
:10470000801A99411090119114AA002394464246B0
:104710009946149252461F336344A846B2461694F3
:104720004E46109C119DB94615921F0001E0202EA7
:1047300010D0200029000A220023FDF7F7FC0136E3
:1047400030322B00BA550D0022000400002BEED1B0
:10475000092AECD8149B1094119545469846159B50
:104760004F46B14656469A46169C0D9B06934346C5
:104770000593534604930A2303930F9B02934B46DE
:1047800001931CAB2200009359463B002800FEF722
:10479000DFFD0400FFF704FC0F9B984500D8C1E142
:1047A0008023DB000D9343460F9A1B199B1A9946F1
:1047B00033002E004D46B9465F469B460C912200C1
:1047C0004B46013439002020B047AC42F7D1434674
:1047D0000C9901330F930B7835000C935E46BB4662
:1047E0004F46002B00D10EE50D9B002B00D1F6E4C7
:1047F000002319E60C9B1B781A0015E710239A4337
:104800000D92EFE60C9B1B78099361E60023994615
:104810000028AAD1002200231092119374E70C9B68
:104820002200187859463B00A8474C468BE50C9A65
:10483000FA3BFF3B07329A430133994691444B467A
:104840000C931368526815921A4306D110329043A4
:1048500000220992002900D081E06122810600D562
:104860004122D2B20A9214AA91460A9A00210A3A27
:10487000149242461792524618925A460991B346EC
:104880001F311E000F9B4944BA4619941A95002403
:10489000674698468946159D16901B920AE030326D
:1048A000D2B24B4601341A55A8454AD0202C4AD0E2
:1048B00006000D003A00002330002900FDF736FC09
:1048C000D2B2092AEBD9149B9C466244D2B2E8E7E3
:1048D0006123820600D54123DBB20A3B0C93434699
:1048E00014A91F228C46159353466244A046B24633
:1048F0004C461797A9461700099D0D9E14901693D4
:1049000008E03033DBB201343B55B5420ED3202CE6
:104910000CD0050031002800FDF7CAFBCBB20929F5
:10492000EFD90C9A94466344DBB2ECE7159B4D46F5
:10493000A14644469846169B564614989A46179F99
:10494000D0E5B742B2D9179B57469846189B5E46AA
:104950009A461B9B09949B461698199C1A9D4346A0
:104960000593534604930D9B0690039300230293F3
:10497000099B05E70F9B984500D914E701330F9376
:104980002DE41023110099430D91692800D0BAE05D
:1049900080231000DB0018401A4200D122E61DE6F9
:1049A0000C9B1B68DA0F1100002B00D18CE0DA178A
:1049B0009818504014AA914642461F23149252461A
:1049C0004B44A046A946169704006546B2461F0010
:1049D0000C91159201E0202D0FD020000A21FDF747
:1049E00067FB01357E193031317020000A21FDF757
:1049F0005FFB26000400092EEDD8149B4446984620
:104A00000C9BAC461900159B56464D469A46169F80
:104A10000D9B0291069343460593534604930A2344
:104A2000039363463CE6002800D02EE602E60C9B8A
:104A30001B689946002B03D110339843002938D1C5
:104A40006123820600D54123DBB20A3B0C93434627
:104A50001693534614A91F228C4617932B006244C9
:104A6000A0464D46B246189799461700149C0D9ED5
:104A7000159008E03033DBB201343B55B5420ED31C
:104A8000202C0CD0050031002800FDF711FBCBB223
:104A90000929EFD90C9A94466344DBB2ECE7169BE4
:104AA000149444469846179B56464D469A46159888
:104AB000189F43460593534604930D9B069003931A
:104AC00000230293149BEBE50028A1D172E70C9B15
:104AD0001B68D9175A184A40A6E580231000DB004E
:104AE00018409C460F901A420FD00220030013403A
:104AF0000F93104219D00023A1460F934CE50C9B55
:104B00001B680993E4E40A0034E40223180010400F
:104B10000D90134200D03EE54346002B00D042E604
:104B2000FFF771FB01330F937FE463460D93F3E7C7
:104B30000EB4012230B584B007AC08CC064D01009C
:104B40000094280052420394FFF702FA04B030BCEC
:104B500008BC03B01847C046993200100FB430B5F6
:104B60000C4985B008AA08CA0D680392002D0CD024
:104B700000920122084C5242200002A9A8470120BD
:104B800005B030BC08BC04B01847180000F0B0F9FC
:104B90000020F5E7A42600201D35001010B5094AB5
:104BA0000300146884B0002C08D00122009106484C
:104BB000524203A9A047012004B010BD00F098F9AB
:104BC0000020F9E7A42600201D35001000BEFDE7F7
:104BD000094A03001068002805D00849C3188B4211
:104BE00007D81360704706480449C31810608B4209
:104BF000F7D901204042F5E71824002000000420E6
:104C0000FC46002010B5FFF7E1FFC04630B50D00AF
:104C100083B01900002A0BD0074B084C0192009377
:104C200002002B002000FFF799FF0120FFF7CEFFC5
:104C3000034B1A00F1E7C04650CD001060CD0010C4
:104C40005CCD001070B5FDF7E1F8074D074EB54299
:104C500009D20024013E761BB60808CD98472300F0
:104C60000134B342F9D170BDBCCB0010C4CB0010ED
:104C7000030010B5080011001B68984710BDC0461E
:104C8000F0B5C64600B5437D07000C001600002BAA
:104C900046D0002A17DD0B780A2B24D00023984633
:104CA000012E13D001252900635C01350A2B26D083
:104CB000B542F8D1464509DCA419013C23780D3BE7
:104CC0005A4253413B7580BCB846F0BD4346E0189C
:104CD000A419F11A013C3B68984723780D3B5A42CE
:104CE00053413B75EFE7037D002BD7D102210F48DD
:104CF0003B689847012EDFD001239846D2E7631E18
:104D00005B5C0D2BD4D0884504DA4346C91AE01801
:104D10003B689847022105483B68A8469847C7E783
:104D20000368110020009847CDE7C04678F10010D5
:104D3000F0B54546DE464E465746E0B583B091464F
:104D40001C0080460D00FCF78DFD0023304A121830
:104D50004B41002B02DA01222E4B52422E49080011
:104D60008A4607F0FDFE07006B1C03D1404602F0A7
:104D7000EFFF0500002C27D0284E294B1C68002C83
:104D800018D04B46002B21D1264B994602E02469CE
:104D9000002C0FD02368002BF9D04B461B68002B4A
:104DA00001D09C42F3D120002A004146B04724693B
:104DB000002CEFD1002F26D1280003B0F0BCBB4659
:104DC000B246A946A046F0BD174ED6E7154B994608
:104DD0000A239B4602E02469002CEBD02368002BB9
:104DE000F9D04B461B68002B01D0A342F3D12A0017
:104DF00041462000B0476B465A462000DA71D91D63
:104E00000122B047E7E7504607F05AFED4E7C04614
:104E100040420F00FFFFFF7FC4170020814C0010AD
:104E20000824002014240020714C00100A4A136842
:104E3000002B05D10CE01A001B691032002B07D0A3
:104E40008342F8D1002902D11869106019617047B6
:104E50000029FCD01060FAE708240020F0B5CE4607
:104E6000474680B583B06B460600DD1D2870FCF711
:104E7000F9FC0023194A12184B41002B02DA0122D7
:104E8000174B524217490800884607F069FE164B37
:104E900081461C68002C14D0144F02E02469002CB9
:104EA0000FD02368002BF9D03B68002B01D09C4227
:104EB000F4D1200001222900FFF7E2FE2469002C32
:104EC000EFD14B46002B05D1300003B0C0BCB94632
:104ED000B046F0BD404607F0F3FDF5E740420F0055
:104EE000FFFFFF7FC41700200824002014240020A7
:104EF00070B5040002F02CFF01230100050001221F
:104F00002000FFF715FF084B1C68002C06D06368D3
:104F1000002B05D098472469002CF8D1280070BDDB
:104F20002469002CF3D1F9E708240020F0B500290A
:104F300015DD0E4B0D271A680D4B0E4CD3185D4234
:104F40006B41451820215B001E5F0478A64207D004
:104F500093691942FCD101301460A842F5D1F0BD2B
:104F600093691942FCD11760F2E7C046F046002071
:104F70000080FCBFE8460020204B70B504000D1EE9
:104F80001E682ADD002010211D4B013C1A68936920
:104F9000194214D1013093691942FCD1136823548A
:104FA0008542F4D1002E08D050239363516B183BF7
:104FB0000B4014498C4662441360280070BD002EDB
:104FC00008D050239363516B183B0B400D498C461E
:104FD000624413600028F1D10CE0002E0AD0502268
:104FE000074B1B689A63596B183A0A4005498C466F
:104FF00063441A6003204042E0E7C046CC21002011
:10500000F046002034100000064B10B51B68002B42
:1050100006D00021044A12689163044A1068984738
:1050200010BDC046CC210020F0460020D021002039
:105030000822034B19688B691A42FCD17047C0469D
:10504000F0460020F8B51A4F1A4B3A680500D318FD
:1050500058424341184E14331C003368002D02D0CF
:10506000002B0FD0F8BD002BFCD000212000956351
:10507000FBF702FE20001149FBF734FF104B3560AF
:105080001D60EFE70E4B200019600C493560FBF7FF
:1050900005FE01212000FBF7EFFD50223B689A63DB
:1050A000596B183A0A4007498C4663441A60D9E79D
:1050B000F04600200080FCBFCC21002009500010E9
:1050C000D02100203410000070B50C4E0D001C00E3
:1050D0003060002A03DB02211000FBF7D1FC002C1A
:1050E00003DB02212000FBF7CBFC29003068FCF732
:1050F000F7FB01210248FFF799FE70BDF046002042
:10510000C010002010B588B004000D2200216846B0
:10511000FEF7B6F80D22002104A8FEF7B1F84B23E4
:105120006A466846137004A90D2207F0C1FC1521D8
:10513000082220006944FEF7A9F808B010BDC04657
:1051400070B500F0C3F90C23144DFF22AB670520A6
:105150001349FBF7CDFD134C282200212000FEF758
:105160008FF80022402180200F4BE1801A600F4B06
:1051700061830F49A360A0820A60E36107F0B0FC7D
:1051800001232B6480239B05EB649023094A0120B3
:10519000EA508022084B5202DA6470BD00001150C0
:1051A000D10600202024002084001050000110505F
:1051B0008000105010D001000020115010B50121C6
:1051C0000520FBF759FD10BD002300B583B0002179
:1051D0000348044A0193009300F0A4F903B000BD12
:1051E0003424002080001050044B1970002904D092
:1051F00080219023024A8902D1507047F546002051
:10520000002011500B785B0602D14B78052B00D0A3
:1052100070478A78014B1A60FAE7C04600001150C7
:10522000F0B5454657464E46DE460F20E0B5CC78F1
:1052300083B0A407A30F01938D784B792840840095
:10524000A4468046E0444446E400A0460A79EE09BC
:105250001B02B10013438A19314F92004244BD54DE
:1052600000255B05BA182F4C5B0D5570D380C2002A
:1052700015192D4CA0464244012E00D12A000025CC
:10528000156000280CD18919284B890079188B608A
:10529000012003B0F0BCBB46B246A946A046F0BD13
:1052A0003F223F339343224A224D92461268914651
:1052B0004C46019A654092062A43A0252D061543C7
:1052C0001C4AA8469346019AC5005D44022A15D09F
:1052D0008A19010061449200C9005218BA189460FA
:1052E00052464B441360012E00D0043542462A60DA
:1052F000114A9342CCD9FCF783FDC9E702005B0059
:1053000062444B44D200012E04D0BF185246BC6008
:105310001360EAE7BA185676D46152461360E5E79F
:1053200020240020800010508400105000011050F4
:105330001C24002000001050FF0F105010B507F083
:10534000CFFB10BDF0B50F24160014220C40CD0980
:10535000A000001969420A40C0008018114A83B0B9
:105360008018002C18D0104A611EC9008F18E20066
:105370000E4CA4460E4C6244A4466144012D09D053
:105380000432019300230093330000F0CBF8012096
:1053900003B0F0BD3900F4E70021044A012DEFD13C
:1053A000EFE7C04620240020080010508000105075
:1053B0000C001050F8B50F251423CE090D40724291
:1053C0001340AA005119C9005B184746CE469846BB
:1053D000254980B58844002D03D1022323489B1B17
:1053E0008366B3009B195219D2009B009B18CB5CBB
:1053F0000F27DA0991460122494601241F407B000C
:105400004A4013439C40FBF775FB012806D9174B14
:10541000174A1C66536E23409C42FBD1154A164B1B
:1054200094464A46FF00FB186744012A00D11F003A
:10543000002340463B6007F07BFBFBF75BFB01284A
:1054400002D90E4B5C661C660A4A0B4B9446ED0073
:10545000EB186544012E00D11D0080231B012B6039
:10546000C0BCB946B046F8BD202400200020115031
:105470000000115084001050800010500030115076
:105480000F22130010B50B400A4215D0C9099C0029
:105490008A00E41852180A489200E4001219801891
:1054A000002242700748084A8446DB009A18634489
:1054B000012902D000221A6010BD1300FAE7C0468D
:1054C00020240020840010508000105080220E4BB9
:1054D000520410B51A600D4B0D491A6010000B688C
:1054E0009843FBD18022002152010A48FDF7C8FEF3
:1054F0000922094B5A67FBF7FDFA084B1870084858
:10550000FBF772FE10BDC04600E0004000F0004016
:1055100008C000400000105000001150D8100020BA
:10552000D8460020F0B546464F46D646C0B584B0B2
:10553000040018006B469B8E9046238200230222B3
:1055400063820133A3702B4B25781B6CED091A4045
:105550009307DB0FED1A6B425D410F000026E06000
:10556000EDB2002A03D123799946002B1AD1637931
:10557000002B0BD12B0042463900200007F0E8FA3F
:1055800004B0E0BCBA46B146A846F0BD80219023E5
:10559000194A8902D15007F0EBFA0028EAD0022319
:1055A000A370EDE7E378A1689B014A46C918FDF7AF
:1055B0006DFE4A46638A26714B449BB29A466382CB
:1055C000238AE6709B1AE2689BB24A442382E26017
:1055D000002BCCD1200007F0ABFA237801A8E02201
:1055E00003715346D200002102808360467107F0A8
:1055F000A7FAC5E7000011500020115000207047A5
:105600007047C0467047C046002070470020704772
:10561000002070477047C0467047C0467047C0467C
:105620007047C0460023037000207047F8B54E460F
:105630004546DE465746E0B5304B060099461B7896
:105640000D00FF2B4CD1002951D000216C222C4899
:10565000FDF716FE00222B4B2B481A70FBF7C4FDFA
:105660002A4C2000FBF7B2FD294B1C60294C20007E
:10567000FBF7BAFD2000143801F0A0FB264B183CC4
:105680001C60264B18009846FFF7CCFF244B18608F
:105690009A4643461B78FF2B29D0224A0027002434
:1056A0009346A34225D953461B68DB19002B1ED015
:1056B0005B68002B1BD0984743461B7801345A1C6B
:1056C000E4B2D2B22437A242EBD84B4629003000D4
:1056D0001E70FFF735FD002809D03000FFF76EFD82
:1056E0000120F0BCBB46B246A946A046F8BD00204A
:1056F000F7E7A342FBD15B46DDE7C046FC10002084
:10570000901F0020F6460020C4200020881F0020A3
:10571000FC1F0020F410002000200020F446002090
:10572000C01C00202D64001030B5154C83B0E388F8
:10573000002B21D02378DB43DBB2DB09D901012226
:105740001500E4184B3423781D401A4202D0002083
:1057500003B030BD0B4B187823781343DBB22370B2
:10576000002200230095FFF7EDFD0028F0D105226F
:10577000237893432370EAE701238021DFE7C046C3
:10578000901F0020FC100020F0B53A4C110083B0AF
:10579000A260E288101C9A4200D9181C85B2A08130
:1057A000002A3DD0002D01D000293DD0E389E81A20
:1057B000061C80B240281FD82278B6B27F2A20D893
:1057C0009D4252D0002500212B4A641901252F004B
:1057D0004B3423781F401D4226D1284B187823785C
:1057E0002B43DBB2237033000097FFF7ABFD00289B
:1057F00031D0012003B0F0BD40262278B6B27F2A16
:10580000DED99D422DD01C4FB94205D000290BD0C6
:1058100032003800FDF73AFD012580213A00D4E737
:105820004C25635DDB0701D50020E3E70121134B25
:105830001878635D0B43DBB263558021009200232F
:105840000022FFF77FFD0028D3D10522635D0020F1
:1058500093436355CEE705222378002093432370BA
:10586000C8E7012580210022AFE7002500210022A2
:10587000ABE7C046901F0020C41C0020FC10002095
:10588000F8B50C0015001E00002A20D00027637810
:10589000052B1ED1E3789B079B0FB34219D1617989
:1058A000237909021943490513D00C4B21001878BC
:1058B000FFF7B6FC00280CD0A378DA09012A0AD039
:1058C000069A137023780137E418AF42DFDB01201A
:1058D00000E00020F8BD079AF3E7C046FC10002066
:1058E000F0B50F2483B008A805780C400E4864007A
:1058F0000419CE09A4194B342078C00702D5002022
:1059000003B0F0BD0127267808483E43F6B2007880
:1059100026700095FFF716FD0028F1D105222378A7
:1059200093432370EBE7C046901F0020FC1000203B
:105930000F220120044B0A405200C9099B185B1832
:105940004B331B7818407047901F002010B5094B4F
:105950000C001878FFF72EFD0F230321064A234081
:105960005B00E409D3181B194B331A780A431A70E9
:1059700010BDC046FC100020901F002010B5094B40
:105980000C001878FFF77CFD0F230321064A234003
:105990005B00E409D3181B194B331A788A431A7039
:1059A00010BDC046FC100020901F0020F0B5DE4660
:1059B00057464E464546E0B5C24B91B007931B781B
:1059C000FF2B37D0C04B10259B46C04B5F469A46F5
:1059D000D346BF4B0DAC0593BE4B0493BE4B069311
:1059E0003E68B269EFF3108172B61368002BFCD0E9
:1059F000BFF35F8F00233288F161301D210001F079
:105A0000FBF9B269F369BFF35F8F0021116083F383
:105A1000108800280ED06378082B08D85A469B00BF
:105A2000D3589F466368002B01D0A0689847013D7A
:105A3000002DD5D111B0F0BCBB46B246A946A04658
:105A4000F0BD0F232179A24E0B4098465B00F3185E
:105A50009A46CA099244504605224B300378934334
:105A600042460370002A00D1CFE053469B4A2B33B5
:105A70001B781278934200D2BCE0DBD1984EA36829
:105A800062792078B047D2E7964B1A78002ACED0B8
:105A90001A78013AD2B21A701B78DAB29446002B07
:105AA000C5D18B4E0133310033754A33F254013383
:105AB000F254237899460EAB05CB05C163466022AC
:105AC000B360F360336133781A40602A00D176E125
:105AD000402A00D14AE2DB06DB0E012B00D10AE2AC
:105AE000022B00D140E1002B00D068E1202A00D138
:105AF0005FE2002A00D062E17378092B00D95EE1F1
:105B0000794A9B00D3589F46714E337D002B00D1BC
:105B10008DE7FFF785FD8AE72378002699466F4BCE
:105B2000002298461B78FF2B00D1E3E0BA46474697
:105B3000A846069D11E0F3002A689B199B00D31824
:105B4000002B52D0DB68484698473B780136591CF9
:105B5000C9B2F2B2914200D8CAE09A42EBD344D122
:105B6000049BF0E72378002699465C4B0022984678
:105B70001B78FF2B00D1D1E05649039156498A4644
:105B80004146A8460D0012E05246F30012689B19E8
:105B90009B00D318002B23D0DB68484698472B780E
:105BA0000136591CC9B2F2B2914200D8B5E0934215
:105BB000EAD815D1039BF0E7454E337D002B00D189
:105BC00035E7F07D8007C00FFFF728FD2FE7059B25
:105BD0009B7EDB0700D42AE76068FFF713FD26E70A
:105BE00045463B4E2379737621E745465746FFF7F6
:105BF00013FD1CE7384AD8001268C3189B00D3185D
:105C0000002B00D116E79E6939E723780393F288C9
:105C1000A3689946002A4FD03378DB43DBB2DB0917
:105C20000893DB019A46514500D18AE03378B06889
:105C30007F2B0AD8002800D1F9E62C49884204D0ED
:105C40004A46FDF723FBB068F2880100F389494416
:105C50004B449BB2F381B1609A4203D04A463F2A3B
:105C600000D90CE13369002B06D0320002210398E1
:105C70009847002800D134E10121089B0A009C4686
:105C800066444B3633781A40194200D0CFE60121E2
:105C9000079B187833780B43DBB233705146009280
:105CA00000230022FFF74EFB002800D0BFE60522AC
:105CB000337893433370BAE6012308937F339A46CF
:105CC000B1E7C046FC100020002000209CF100102D
:105CD000901F002041640010C01C0020F4460020EA
:105CE000F1650010F6460020C0F10010C41C002031
:105CF00045465746D34E6C2200213000FDF7C0FACE
:105D000030001022FF211B30FDF7BAFA30002022AC
:105D1000FF212B30FDF7B4FA69E74546C94E6C22E6
:105D200000213000FDF7ACFA30001022FF211B30BB
:105D3000FDF7A6FA30002022FF212B30FDF7A0FA54
:105D400050E74B46002B00D071E6039B3100180052
:105D50009846FFF757FA3369002B00D167E6320007
:105D600003214046984762E631790F23C8098246ED
:105D70000B405B000393F318B34853442B331B7859
:105D80000078834200D3F9E0B0480890D8008446F8
:105D90000898634400689B0080469844002A00D11C
:105DA000F2E04346002B0AD05B69320001214846ED
:105DB00033619847002800D039E623789946484651
:105DC0000021FFF7F7FA80212078FFF7F3FA2EE69B
:105DD000B37803931A00337E9A4209D0002B00D087
:105DE000D4E1039B3376002B00D058E1FFF714FC7D
:105DF00031004846FFF798FC19E60AAB9C460A2298
:105E0000337E62441370310001234846FFF7BCFC27
:105E10000DE67088020A531EDBB2C0B20E2BCED83C
:105E20008B499B00CB589F464846B178FFF7CCF989
:105E300001237375FBE57388012BC0D1F27D01331B
:105E4000134331004846F375FFF76EFCEFE57388A6
:105E5000012BB4D10222F37D310093434846F37500
:105E6000FFF762FCE3E50AAB9C460A22F37D62443D
:105E70001380310002234846FFF786FCD7E5B0893E
:105E8000C21A924692B2402A01D940229246524604
:105E900092B2924632787F2A59D8834200D1A1E04B
:105EA00000236C4A01200100F6184B363378194064
:105EB000184200D0BBE5079B1B78039333789946C3
:105EC00001239C46484663461843C3B23370039887
:105ED000009153464146FFF735FA002800D0A6E569
:105EE000E5E6039E00213000FFF764FA80213000D0
:105EF000FFF760FA9BE533790F2B00D95FE7F318C2
:105F0000D97E514B1B78994267D2504ACB00126818
:105F10005B189B00D318002B00D150E75B6932005F
:105F20000121484633619847002800D07FE5602171
:105F30000B0032781340114200D03EE77278336193
:105F40000A2A00D194E00B2A00D151E735E78342B9
:105F500050D0404B9946994203D052461800FDF765
:105F600095F98022012390464A469BE73A4B32003E
:105F7000012148463361FFF741FB1BE7834271D1A2
:105F8000002A35D1354B9846737802221800904389
:105F9000012834D0002B00D011E70AA90A228C4630
:105FA000039B6244F31853444B331B789B07DB0F6E
:105FB0005EE733790F2B00D901E7F318D97E224B26
:105FC0001B78994211D2214ACB0012685B189B00C2
:105FD000D318002B00D0E7E6F1E6994200D0EEE6B8
:105FE0001F4B9CE7002300225CE7994200D0E6E6C5
:105FF0001B4BDAE6802201239046002252E772888A
:10600000002A0DD1012B38D0079B1878FFF7D2F961
:106010000321039BF31853444B331A780A431A7035
:106020004346002B00D102E55B6932003361012158
:1060300048469847002333614C33F35CDB0700D5B7
:10604000F5E4D5E6901F0020F4460020C01C002097
:10605000E8F10010C41C0020FD55001024F20010CF
:10606000BD640010002A00D0A9E6002398468BE703
:106070000AA90A228C466244C4E64846FFF77EFC21
:10608000CEE7FFF7C1FA021E00D196E6D3789178E9
:106090001B020B4348463100FFF776FB8AE6039864
:1060A0000138C0B2FAF7AEFC002862D04378022B68
:1060B0005FD10121C279F37D92110A408B431343D2
:1060C000F37509239A46C37882781B021343C318D9
:1060D0000893330082445646B8469A460395089A78
:1060E000B2424DD93378F3189A4249D372780B2AC9
:1060F00044D0042A3AD1089B00259B1B9BB21F0069
:10610000594B0993594B0A93594B0B9311E0242295
:106110000B9B6A431B689B18002B27D03A00310069
:1061200048461B699847082801D987420CD2013597
:10613000EDB2099B1A78531CDBB29D4216D2AA42DB
:10614000E5D813D10A9BE9E7070001901023280046
:10615000484A4949009600F003FE002806D0099BF2
:10616000F6191B780133DBB29D42B8D34746564639
:10617000039D002333762378994620E61E00AEE780
:1061800047465646039DFFF745FA31E6002148464B
:10619000FFF72AF84846FFF7D1F8737E00220893EC
:1061A000314B98461B78FF2B1FD03049099130495D
:1061B0000A91290015008A4611E024220A9B6A43AD
:1061C0001B689B18002B22D0DB6848469847434643
:1061D0001B780135591CC9B2EAB2914204D99342E5
:1061E000EBD814D1099BEFE755466C220021300013
:1061F000FDF746F81022FF211E48FDF741F8202246
:10620000FF211D48FDF73CF8089B7376E9E55546EC
:10621000FAE7FFF7FBF9021E00D1CEE53100484650
:106220001378FFF7B1FAC5E5B188FAF7EFFB021E64
:10623000F4D1C2E5022A10D0FFF7EAF9021E00D01D
:1062400024E7BAE5FAF7DAFB021E00D1B5E512231E
:1062500031004846FFF798FAACE5FAF7D3FB021E87
:1062600000D013E7A9E5C046F446002024F2001050
:10627000C01C0020AB1F0020BB1F00200F22054BBD
:106280000A405200C9099B185B184B3318788007E5
:10629000C00F7047901F0020F0B52E25144C83B01E
:1062A000E67F615D3000FFF7E9FF00281DD1A3689C
:1062B000626B615D934202D9207BC00912D19B1AA7
:1062C000A36203223823E07FE2540A4A20341300F9
:1062D000E0CCE0C324781C70002300930D33FFF75B
:1062E000FFFA03E03000FFF731FB012003B0F0BDFF
:1062F000441F0020441D0020F0B5C64600B53B4CAD
:1063000086B0E18A002908D0A56849BA280089B278
:10631000FBF7CEFE83B2002B03D106B080BCB8469B
:10632000F0BD2369267D1B0A36061E43636B0004FD
:10633000010C18009846FBF7BBFE3C230A00012124
:10634000E1544346ED1A802336BA8119284F607B09
:106350009B009D421ED83B000095FAF719FB0300F5
:10636000821CDAD000223C216254E07F002B1ADC30
:106370005A1C20D0002BD0D12E22A15C03AA107071
:10638000072011715070002110000593537106F021
:10639000D7FBC2E71D003B000095FAF7F9FA0300AE
:1063A000821CBAD0DEE70E39615C9BB200923A00E3
:1063B000FFF796FAB1E72C230122E254A268636B3F
:1063C0000C49D31AA362A163002AA6D0002BA4D043
:1063D000237BDB0904D02E23E15CFFF7B7FA9CE7AF
:1063E0002F23E15CFFF7B2FA97E7C046441F002075
:1063F000441D002002023A00002070477047C0464A
:106400007047C0467047C046012070470120704762
:106410001220704710B53924034801553A214254DF
:106420003B228354012010BD441F002010B54022A0
:1064300000210248FCF724FF10BDC046441F002085
:1064400010B5402200210248FCF71AFF10BDC046DB
:10645000441F002010B54B7982B0082B02D18B79F4
:10646000062B02D0002002B010BDCB79502BF9D101
:10647000162AF7D98A780F4C233BE254E0770B7841
:106480000222C91823002E33019323002F330093D7
:106490000223FFF7F5F90028E4D0002338222F214A
:1064A000E07FA354615C044A00931F33FFF718FA9E
:1064B0001720D8E7441F0020441D0020F0B5050038
:1064C000140085B0012901D0012018E07F23127843
:1064D0001340022B15D060231340202B0ED163787C
:1064E000FE2B3FD0FF2B09D1E378A2781B02134388
:1064F00004D1E379A2791B0213434DD0002005B0EB
:10650000F0BD6378012BE6D1E378A2781B02134338
:10651000F4D138262179344CA25D042A5FD02E2094
:10652000275C8F4242D02F23E65C8E42CCD1002ADA
:10653000CAD131002800FFF7FBF93100070028001D
:10654000FFF79CFE002FBFD10028BDD100233822C9
:106550002F21E07FA354615C244A00931F33FFF78F
:10656000BFF9CCE7E378A2781B021343C6D1E379E5
:10657000A2791B021343012BC0D1FFF745FF00286E
:10658000BCD00F2201386A4410700123210028007A
:10659000FFF7FAF80120B2E7134A2100280013633D
:1065A00053639363FFF7C0F80120A8E7022A00D0E5
:1065B0008AE7E27F616B9446A268521AA2620322C4
:1065C000A2550A4A2034110061CC61C1247860468A
:1065D0000C70009339000D23FFF782F98FE7FFF766
:1065E000B5F901208BE7C046441F0020441D002060
:1065F000F0B557464E464546DE4698463823E0B548
:10660000C34C8DB00390E75C9946012F00D180E028
:10661000032F0ED0002F00D075E0093BE35C8B42C6
:1066200026D001200DB0F0BCBB46B246A946A0461C
:10663000F0BD2E23E35C8B42F3D143460D2BF0D10A
:10664000E37B607B282B00D14BE22A2B00D145E273
:1066500021000F31FFF7D6FE2F260398A15DFFF72B
:106660000DFE031E00D13FE238230022E254D8E79A
:1066700043461F2B64D1A74B9B465A46A64B126834
:106680009A425DD123005A4661CA61C361CA61C39F
:10669000106818609088988092792C209A719F4B8E
:1066A0004A4623626368275463620123A354E27B52
:1066B000A368A76223636763282A00D1B1E02A2A6E
:1066C00000D11FE2002B00D1D2E0207BC00900D016
:1066D000CEE080229200934200D868E20125A362B6
:1066E0003823D53AFF3AE07FA5542A3AE2540133E1
:1066F000E25C002A03D10532E254193B6387FFF7BD
:1067000025F93823E75C022F00D08AE7FFF7C4FDA4
:1067100088E780239B00984520D8E37B282B1FD057
:106720002A2B37D0636B227B4344216B6363D209EE
:1067300021D08B4200D274E738230222E254E5E7ED
:1067400038230422039DE2540A3BE15C2800FFF752
:10675000FDF82F232800E15CFFF7F8F8002061E73F
:10676000636B226B434463639342E5D2FFF7C4FD3E
:106770004B46E75CC7E78BB22100664A607B0F316E
:10678000FAF732F9002800DAD9E1626B236B9A42FA
:10679000D2D2B6E7E38A002B00D142E75BBA99B2C6
:1067A000A068FBF785FC83B2002B00D139E7236991
:1067B000257D00041B0A010C2D06606B1D43FBF7B1
:1067C00077FC3C23E7549A46524B2DBA9B464346EE
:1067D0000A004119607B00935B46FAF7EDF8831CD1
:1067E00000D1D0E100235246A354002800DA0DE284
:1067F000804500D85FE243461D1A002800D076E2AB
:106800002F23E27FE35C07A80270037107220023B5
:10681000002143714270856006F092F93823E75CED
:1068200071E7E28A002B00D148E1257BED0900D118
:10683000DCE1002A00D0A9E12C200125A362382345
:10684000E27F25542A38E0540133E05C002807D168
:106850000520E05420236387237BDB0900D168E116
:106860002E231000E15CFFF771F83823E75C4AE75C
:10687000677B252A17D82A4B92009B589F462422D3
:1068800000215846FCF7FCFC5A46264B594613603B
:106890001F231371802238009200FFF7ADFD0028FE
:1068A00000D11CE255DA3923E35C002B00D0B9E1BA
:1068B00021005A46238E607B0F31FAF795F80028A5
:1068C00000DA7BE0002844D1A368002B00D133E735
:1068D0002C220121E07FA154626B01319B1A3822E6
:1068E000A362A1540132A15C002903D10531A15456
:1068F000193A6287002B00D108E7237BDB0900D01F
:10690000E6E12F23E15CFFF721F83823E75CFAE6A4
:10691000441F0020441D0020555342435553425309
:1069200048F200100080020206AE3200380007A9CB
:10693000FAF726F8079B002B00D151E13288002A94
:1069400000D14DE159460820013B1BBA12BA0B6039
:106950004A60A368002B00D03AE101222C33E254B4
:10696000636B01325B42A3623823E2540133E25C81
:10697000002A00D0CAE60522E25420236387C5E638
:106980003800FAF717F80122030053400322DBB264
:10699000DB0513435A4604201360DAE73800227DF2
:1069A000E17CFFF733FD00288ED13923E35C002B17
:1069B00004D139230222E2540133638739230122AF
:1069C000E15C2C2338250226E07FE254A268636B49
:1069D0006655D31AA362002904D13931333D655479
:1069E00019396187002A00D190E683E7E17C3800FD
:1069F0008B07CA07DB0FD20F0909F9F7C7FF002879
:106A000000D061E7D1E707AE0C2200213000FCF78F
:106A100037FC02AA94460E2363441A00380006A9E4
:106A20009946F9F7ADFF069A002A00D1D8E04B4607
:106A30001B88002B00D1D3E0082112BA5BBAF17099
:106A40000892022273815B46327283CE83C30C208C
:106A50007FE70F239A4639255246635D07AE1A40F9
:106A6000638F00219146300012229846FCF708FC03
:106A7000F0234A46337053461340B3700A23F37130
:106A800043465A46B381330043CB43C219683800AA
:106A900011609B885946938080229200FFF7B8FCD2
:106AA000002363556387002800DB0BE700E738000D
:106AB000F9F764FF002800D006E776E7002A00D146
:106AC0003AE602232C22A3540022A2623832A354B5
:106AD0003733E25C002A00D018E64CE7FFF790FC61
:106AE000BAE5FFF78BFCB7E53825E07F6355A15D7C
:106AF000824A00931F33FEF7F3FE002800D12DE6F3
:106B0000675D00E6E28A002BD8D0207BC00900D068
:106B1000C4E0002A00D091E02C200125A362382394
:106B2000E27F25542A38E0540133E05C002800D18C
:106B30008EE61000FEF70AFF3823E75CE3E52C231E
:106B400002254E46E07F626BE754A368A555991A6B
:106B5000A1623735665D002E03D105366655193DB5
:106B60006587002B0AD0002908D0237BDB0900D1E0
:106B7000A9E02E23E15CFEF7E9FE06E6236B9342D3
:106B800000D9C3E5D8E54B46E75CBCE552BA92B202
:106B9000934218D20220A3622C253823E27FE054CE
:106BA00060550133E05C002800D055E650E69BB20A
:106BB0000022039800925A46FEF792FE002800D069
:106BC0009FE500202EE5FFF797FB3823E75C9AE569
:106BD000984200D918002E222063A15C83B2E7E717
:106BE0003923E25C002A00D0E8E6E3E60225A3624E
:106BF0004B46E27FE55439232554E35C002B98D1C2
:106C000039230520E054193B638725E60130BAD1CA
:106C10002C23E07FA268E754636B3949D31AA3623F
:106C2000A163DFE62C23012238210225E07FE25414
:106C3000A268636B6554D31AA362D3E652BA92B2C8
:106C40009342A7D3607BF9F7B5FE626B0300E07F48
:106C5000002B0FD0A3689B1A80229200934200D988
:106C600013002F22A15C00229BB200925A46FEF72D
:106C700037FE46E501212C33E154A36821499A1AD5
:106C8000A262A163002B00D140E5002A00D13DE5BE
:106C9000237BDB091CD12F23E15C30E50220A362BA
:106CA0002C253823E27FE05460550133E05C002856
:106CB00000D1CDE5D4E5636B226B4344636393421B
:106CC00000D339E5BEE72F23E15CFEF73FFE5CE52C
:106CD0002E23E15CFEF73AFE3823E75C13E538002B
:106CE000094B0A4A0A49F9F71DFE242031E6010042
:106CF0002A005846594400F0F1FE81E5441D002069
:106D000002023A0002072700641D0020541D0020E3
:106D10004C1D002000B5030083B0002910D00020D6
:106D2000012B07D80A78002A04D00C48C25401204D
:106D3000012A01D003B000BD1800FEF777FCF9E787
:106D400001236A46002001A99380FEF76FFC00280A
:106D5000F0D00122014B1A70ECE7C046841F0020DE
:106D6000F0B505AD10CD2D886519AC420AD2267854
:106D7000A619B54206D36778052F11D0042F05D088
:106D8000B54201D80120F0BD3400F0E7E778002FCC
:106D9000F6D1A6789E420FD290552678A619EFE735
:106DA0000F26A7783E4076008E19FF09F055267809
:106DB000A619B542E6D9E7E70020E4E710B50400DC
:106DC000C068002803D00121494205F0A9FE2069CE
:106DD000002803D00121494205F0A2FE0023E0680B
:106DE00063812381002801D005F06AFE2069002814
:106DF00001D005F065FE10BDF8B5CE464746060049
:106E000000698846914680B5002803D00121494297
:106E100005F086FE31897289B5888BB294B29142B1
:106E200049DB1F1BBFB2002F3FD0BD4205D2AB4292
:106E300046D25B199CB22F0074814B46B94532D8BB
:106E40009FB2A54203D8641BA4B2A542FBD9316806
:106E50002B1B9BB2994609199F421FD91A00404625
:106E6000FCF714FA40467D1B62193168484492B21F
:106E7000FCF70CFA7189B588CB199BB26A0099426C
:106E800015D99B1A9BB230697381002801D005F097
:106E900017FE3800C0BCB946B046F8BD3A004046BF
:106EA000FCF7F4F9E6E73B1CCAE773899BB26A007A
:106EB0009342E8DBE5E76F003F1BDF19BFB2B2E7A3
:106EC0005B1B9CB2B7E7C046F8B54E465746DE4658
:106ED00045468946E0B51C000600171E5BD0C06819
:106EE000002803D00121494205F01AFE3389728936
:106EF0009BB29846B379B58892B2002B38D19045B1
:106F00005DDB43469B1A9BB2AB425ED2EB1A1A1C66
:106F10009BB2BB4200D93A1C434697B2DB199BB2E5
:106F20009A467B1B9BB29B464446A84503D3641BF1
:106F3000A4B2AC42FBD230682D1BADB20019BD42E9
:106F400045D33A004946FCF7A1F9B3885B00D04528
:106F500001D89A4503DB5246D31A9BB29A46534650
:106F60003D003381F068002816D005F0A9FD13E03C
:106F7000AF4218D2904547DB43469B1A9BB269004B
:106F8000781B80B2DB1983468B422DDA4346FB180F
:106F90009BB29A46C8E700252800F0BCBB46B24623
:106FA000A946A046F8BD002C37D0002DDAD05319E1
:106FB0009BB29A46002390462F009B46B4E76B0095
:106FC0009B1A43449BB2AB42A0D30025CAE72A00D8
:106FD0004946FCF75BF9220029005A44306892B216
:106FE0004944FCF753F9B0E753199BB29A46DB1BAF
:106FF0009BB298469A420CD94346591A8BB298468E
:10700000FB189BB29A468FE769008B1A43449BB2E8
:10701000B6E7994200DD87E7EEE77F1BB944C4E796
:1070200010B51920F9F746FDD0238022E1211B0677
:1070300092045A620448054B002218604902012359
:10704000FEF742F810BDC04600400340EC46002069
:1070500010B50248FEF756F810BDC046D0460020D5
:1070600070B50B0C0024150C002B28D1002D3CD141
:107070008BB291B2594300F05BF8051E33D0030088
:10708000083B5A6803239A43043A242A12D803007F
:10709000132A0AD90460446008331B2A05D9846086
:1070A000C460242A2AD00300103300221A605A60D8
:1070B0009A6002E00021FCF7E3F8280070BD002D83
:1070C00016D1151C89B292B24A43ADB29BB26B4342
:1070D000110C5B18190C0BD1190492B2114300F07A
:1070E00027F8051ECBD10025E7E72B1C0D1CE9E78F
:1070F00000F0D2FD0C2300250360DEE703000461ED
:1071000018334461D1E7C04610B5034B010018683D
:1071100000F00EF810BDC0461015002010B5034B4E
:107120000100186800F09CFE10BDC046101500203C
:10713000F0B54E464546DE465746E0B50D000B35E8
:10714000060085B0162D21D8102900D9D4E000F012
:10715000D5FA102518230221CA4FFB181A005C68C3
:10716000083A944200D186E103226368A168934300
:10717000E268CA6091600121E3185A6830000A434E
:107180005A6000F0C3FA20000830B8E007239D439E
:1071900000D5B1E0A94200D9AEE000F0AFFAFC237F
:1071A0005B009D4200D2E0E1690A00D1AEE0042913
:1071B00000D9A1E138239846A90988443931CB0088
:1071C000082252429446AF4FFB189C446346DC6849
:1071D000A44514D0032399460B0061469C4607E062
:1071E000E068002A00DB40E1814200D141E1040077
:1071F0004A46636893435A1B0F2AF1DD41463A0021
:107200003C690832944200D11EE103206368834345
:10721000581B0F2800DDACE13A617A610028AADA38
:107220007A68904680229200934200D336E1DA08D1
:10723000580901238340404618438046D300DB1998
:107240009A687860E360A2609C60D46001208B1033
:107250009840404562D8434603420AD103239943EC
:10726000434640000431034203D14000043103424D
:10727000FBD00323B3469C460E00B8460190F000B5
:1072800040440100B246CB680BE064465A681F00D8
:10729000A243DB68541B0F2C00DD39E1002C00DB1E
:1072A00053E19942F1D101239946CA44534608312A
:1072B0009B07E8D1032205E003680838013E8342BA
:1072C00000D013E23242F7D14346019A5B68934300
:1072D00042465360019A520001929A421CD8002AF9
:1072E00006D119E004229146019ACA445200019243
:1072F0001342F7D05646C2E70C233360002005B096
:10730000F0BCBB46B246A946A046F0BD80233F2252
:10731000402190469B0053E75E4647460322BC68E7
:10732000636893439846AB4203D35B1B0F2B00DD8E
:107330008DE0230043440293534B08201B68103315
:107340005B19019300F0B2FC504903900B688A4628
:10735000013306D08446019B4242013B6344134003
:1073600001933000019900F085FC03008146013350
:1073700000D11CE1029B834200D916E1444B0298E4
:107380009B461A68019B59469C4662440A600399D1
:107390000139484500D157E153461B68013300D1FC
:1073A0005EE14B4602981B1A9B185A46136007234E
:1073B0004A4648461A400292184200D115E1039805
:1073C000013384469B1A019A99444A4401926344CA
:1073D0000A409B1A194030008A4600F04BFC431CBF
:1073E00000D158E14B46C01A0300534401935B4659
:1073F0001A68012052441A604B464946BB60019B03
:1074000003434B60BC4213D043460F2B00D82BE103
:1074100007210C3B8B4361680140052019436160E3
:10742000E118486088600F2B00D93FE14B465B684C
:1074300018490868904200D20A60174908689042CB
:1074400000D20A604C46B4E07B689846FEE6012212
:10745000290013431143651961603000BD606B6002
:1074600000F054F92000083049E7A268D06082603B
:1074700081E66146C3E6DC680231A34200D1BEE684
:1074800072E6C04608110020841B00200011002075
:10749000541B00207C1B0020801B00205A0A042A59
:1074A0007CD9142A00D9B0E010005B3082465C32EF
:1074B000D200082040428446BA189444624692683A
:1074C0000B308146944500D186E00800A246614613
:1074D000844602E09268914204D04C465068A04332
:1074E0009842F7D8D368614654469C466346A260EA
:1074F000E3609C60D460A9E6142967D9542900D9B7
:107500008CE06E239846290B88446F31CB0057E6F8
:10751000BA46012051468446491905435046456004
:10752000856847466046EB605E469D60534639611C
:107530007961204308374860CF6030008F609C50ED
:1075400000F0E4F850460830D9E6BA4601205E461D
:107550005244516801435160BA683000D3609A6068
:1075600000F0D4F838000830C9E62B00E9080833E9
:10757000F2E56119884601218C460D43414665605C
:1075800039617961CA608A60624602434A60E050AC
:10759000300000F0BBF820000830B0E69A09100077
:1075A000393238308246D20083E7BC4241D0BC68D1
:1075B0006368032293431A005B1BAA4202D30F2B7A
:1075C00000DD44E7300000F0A1F897E65B23984621
:1075D00088445C31CB00F3E5534698100123834087
:1075E000404618438046786080E7019B039A4B44ED
:1075F0000B40D31A194030008A4600F03BFB431C75
:1076000000D0EFE600239A46F1E6542A2ED81A0B52
:1076100010006F326E308246D2004AE7AA235B0028
:1076200099422ED8DD3B9846E90B88447831CB004F
:10763000C6E5304B9B461A68019B9C465B466244FC
:107640001A60039B591EA7E64846084200D0A3E6ED
:10765000B9684344894601210B4349464B60E7E63C
:1076600053464A461A60A2E64860ABE7AA204000AB
:10767000824226D8DA0B1000783277308246D20068
:1076800017E71D4B994226D87C239846A90C8844BD
:107690007D31CB0094E5019A029B94464A46083B13
:1076A00063449B1A019300239A46A0E62100300010
:1076B000083100F0D5FB5B461A68BB6899465B68E9
:1076C000B6E60D4882420CD89A0C10007D327C3010
:1076D0008246D200EDE6FE237E227F2190469B006B
:1076E0006EE5FE227E2092008246E2E643465B681B
:1076F000F0E5C046541B00205405000010B50248B8
:1077000000F0D0FA10BDC046501B002010B5024852
:1077100000F0CAFA10BDC046501B0020030010B58F
:107720000A0003490868190000F004F810BDC046BB
:1077300010150020F0B557464E46DE464546E0B5EA
:107740000C000600170083B0002900D1ACE0FFF761
:10775000D5FF08235B429946A1444B465B68032250
:1077600019003D0091430B35CA468846162D67D84F
:107770001025AF4267D8A8456EDA4946C048414453
:107780004A68009080689346884200D1A0E00120BA
:10779000844610006246904308184068104200D0AA
:1077A00077E05A46032082439346C3445D454EDD4D
:1077B0006046184212D14B4648461B68C31A032044
:1077C0009B465B688343D21842440092954200DC9A
:1077D000CCE0434400939D4200DCCBE03900300014
:1077E000FFF7A6FC071E00D11EE14B4601225B6895
:1077F000934302004B44083A934200D1E3E04246EF
:10780000043A242A00D9E3E003002100132A09D90D
:1078100023680360636843601B2A00D9DCE003002F
:10782000083108330A681A604A685A608A689A60A0
:107830003000210000F014FB3000FFF767FF20E06C
:107840000432954395D50C230027336019E0D846C0
:10785000CB688A68D3609A6043465F1B5346012217
:1078600050465B68404413400F2F22D841460B43DB
:1078700051464B604368134343603000FFF746FFB7
:107880002700380003B0F0BCBB46B246A946A0466C
:10789000F0BD1A42A2D14B464A461B68D31A0322B6
:1078A0009B465B68934394E71100FFF741FC070098
:1078B000E7E751462B434919554617436B604F6024
:1078C0004368083113434360300000F0C9FAD4E73D
:1078D00003218A4394462900C44410318C4500DBBF
:1078E00084E0DB0700D579E74B4648461B68C31A9E
:1078F00003209B465B688343D21842440192914225
:1079000000DD66E75B465A46DB6892685F46D360F7
:107910009A604246043A0837242A00D999E03B008D
:10792000132A0AD9594623688B606368CB601B2AE7
:1079300000D993E05B460834103322681A6062680D
:107940005A60A2689A605B4601225919009B300078
:107950009960019B5B1B13434B605B465B68134064
:107960005A462B435360FFF7D1FE8AE7CB688A68FB
:10797000D3609A605B465A46DB6892685F46D36084
:107980009A604246043A0837242A17D83B00132A43
:1079900009D9594623688B606368CB601B2A39D8A4
:1079A0005B460834103322681A6062685A60A26825
:1079B0009A60009B3C009846DA464DE7210038006B
:1079C00000F08CF8F5E703225B689343984443E7A3
:1079D000210000F083F82BE7A3688360E368C360AD
:1079E000242A26D00300103110331BE74B465919C7
:1079F000009B0122996063465B1B13434B604B461F
:107A00005B68300013404A462B435360FFF77EFE0D
:107A1000270036E7A3680B61E3684B61242A10D086
:107A20005B4610341833BEE73000FFF76FFE0027C7
:107A300027E7236918310361030062691833426143
:107A4000F0E623698B615B4662692033CA611834B2
:107A5000A9E72100380000F041F874E7A3680B6142
:107A6000E3684B61242A03D05B461034183364E783
:107A700023698B615B4662692033CA6118345CE715
:107A8000081100200EB48123F0B500269CB021AD72
:107A900002AC9B0080CDA3811B960290069000F063
:107AA00057F90B4B03900A9301235B42E381094B87
:107AB00007903A00210018682B000E961396019546
:107AC00000F02AFC1CB0F0BC08BC03B01847C0464C
:107AD000D97A00101015002000207047F0B5CE466E
:107AE000474680B588420DD98B1898420AD2531E5A
:107AF000002A03D0CA5CC254013BFBD2C0BCB946C9
:107B0000B046F0BD0F2A0BD80500561E002AF5D04E
:107B10000023CC5C1A00EC5401339642F9D1EDE716
:107B200003000B4388469B0734D110261700B1464B
:107B30000C000300103F3F093F01C519A944266806
:107B40001E6066685E60A6689E60E6681034DE604F
:107B50001E001033AE42F2D1CF1939000F230C268C
:107B600010318C461340164217D04446043B9B0804
:107B70009B00FF181437061B0C688D1904312C600C
:107B8000B942F9D16146043359184B441D0003230F
:107B90001A40BAE70500561EBAE74D461A00B4E788
:107BA0000B00034370B506009B070DD1032A0BD9C8
:107BB000104D0C68104BE318A3432B4204D1043A38
:107BC000043110C6032AF4D83300002406E00D5D0A
:107BD000013A355501330134002D02D0002AF6D187
:107BE00070BD00219C18002AFAD0197001339C4204
:107BF000FBD1F5E780808080FFFEFEFE034B10B5D1
:107C00001A680123503200F003F810BD101500204F
:107C1000F0B5002826D0070038000C0006780137A0
:107C200002E00134AE4214D02578002DF9D1002EA7
:107C30001DD03E000B003578013702E00133002CE7
:107C4000F7D01C78A542F9D10023002D06D113608E
:107C5000F0BD002BE0D117600370F9E700213B0075
:107C60003170F4E710680028D5D10020F0E700203B
:107C70001660EDE7002370B5064C05000800236090
:107C8000FCF7A6FF431C00D070BD2368002BFBD07F
:107C90002B60F9E710240020014B18687047C0469C
:107CA000101500207047C0467047C046802310B5AD
:107CB0005B01082801D1180010BDFFF7EDFF162366
:107CC0000360173BF7E7C046024670B50A439207C8
:107CD0002AD11E4DEE0104C808C9541B94433440F8
:107CE00017D0D0B2D9B2401A2106014310D190B2B8
:107CF00099B2401A210401430AD110021902000A64
:107D0000090A401A2102014302D1100E190E401A2D
:107D100070BD9A42DFD010BA19BA884201D9012049
:107D200070BD0020C04370BD02780B780130013176
:107D3000002A09D09A4207D102780B78013001312C
:107D4000002A01D09A42EFD0D01A70BD0101010182
:107D500010B583070AD00300032102E001330B4270
:107D600005D01A78002AF9D1181A10BD0300196835
:107D70000C4A0D4C8A188A4322420FD15968094A8D
:107D800004338A188A43224208D15968054A0433C9
:107D90008A188A432242F1D000E001331A78002A7F
:107DA000FBD1E1E7FFFEFEFE80808080F0B5C64695
:107DB000060000B508200D00FFF778FF0400300032
:107DC000FFF79CFC234B210098469B685F680323C8
:107DD0009F4338001138401B0019FAF769F9451E16
:107DE0006543AC4208DC00213000FFF743FF434607
:107DF0009B68DB19984206D03000FFF787FC002013
:107E000080BCB846F0BD30006942FFF733FF013057
:107E10000ED0012243467F1B9B6817430E4A5F60CA
:107E2000136830005B1B1360FFF770FC0120E7E76D
:107E300000213000FFF71EFF43469A68831A0F2B7C
:107E4000DADD064C04492468001B086001210B435D
:107E50005360D1E708110020541B002000110020BE
:107E6000F0B5D6464F46464605000C00C0B5002981
:107E700048D0FFF743FC2100012708394B68032055
:107E80009C46BB43CE1872688243604638408046A9
:107E90006A4891468468B44200D17CE07260B418AC
:107EA00064683C40A2464446002C30D10C68A4468D
:107EB000091B8C686344A4460824A0468044C4453A
:107EC0005CD0CC68A04664464246E260946052466C
:107ED000002A1FD01F434F603360802292009342DC
:107EE00030D2DA085C090123A3404468234343608D
:107EF000D3001B189A68CB608A609960D160280013
:107F0000FFF704FCE0BCBA46B146A846F0BD5246B5
:107F1000002A0FD101224B44CF18BC46B468484F09
:107F20001A43BC425BD0F668E660B4604A606246C1
:107F30001360D2E762463A434A608022336092007F
:107F40009342CED35C0A042C3FD89C0926003934D6
:107F50003836E40004192268083C0327944203D110
:107F60004EE09268944203D05068B8439842F8D8E3
:107F7000D468CC608A60A160D160C0E75246002A14
:107F800035D14B441A00B068F3681743C36098605A
:107F90004F608A50B3E74B441A004346002B06D18A
:107FA0000B68C91A8C68D218CB68E3609C60012307
:107FB00013434B60234B81601B6893429FD8224B35
:107FC00028001968FFF7F2FE99E7142C13D9542CF6
:107FD0001DD81C0B26006F346E36E400BAE7E16052
:107FE000A1604A606246CC608C60136087E71F43E3
:107FF0004F60336083E726005C345B36E400A9E71A
:108000000123B610B340466833434360B1E7AA2268
:108010005200944205D8DC0B260078347736E40011
:1080200098E70A4A944205D89C0C26007D347C3699
:10803000E4008FE7FE247E26A4008BE708110020D1
:108040001011002004110020841B002054050000A2
:10805000F0B557464E464546DE468846E0B50C002C
:1080600092461E00082183B00190464823001D78E7
:108070000134425D1142F9D12D2D5ED0002293468C
:108080002B2D33D0002E07D1302D62D00A230521AD
:1080900099460A263C4F0DE0102E53D001203100A6
:1080A0004042FAF705F80700012031004042B1468E
:1080B000F9F7FEFF002200202B00303B092B07D9E7
:1080C000113B192B03D92B00613B192B11D80A3313
:1080D0009E420EDD551C06D0B84221D81ED04A461D
:1080E00050430122181825780134E5E725789C1CB7
:1080F000C8E7531C17D05B46002B00D040425346C4
:10810000002B04D0002A15D1534642461A6003B012
:10811000F0BCBB46B246A946A046F0BD8B42DEDDB0
:1081200001225242DFE72223019910000B605346DF
:10813000002BECD0631E9846E6E725789C1C0123B3
:108140009B469FE7302D0FD010230F2199460F4FEC
:10815000B0E7202223789343582B0AD00823072125
:1081600099460B4F0836A5E7202223789343582BD6
:10817000EAD1102365780F2199461026034F023467
:1081800098E7C046F5F2001099999919FFFFFF0F83
:10819000FFFFFF1F10B5FFF75BFF10BD70B51400A8
:1081A0004B1C1BD093892022FF259343226BA38174
:1081B000CEB263680D40002A13D0626B9A4208DD8C
:1081C0002368013B23601E706368013363602800ED
:1081D00070BD210001F0C0FD0028F1D001256D42E5
:1081E000F5E721692268002905D0914203D2511E8A
:1081F0000878A8420ED0E3632300403323630323AF
:1082000063633F33A263E6542300423323600123B8
:108210006360DCE7013321606360D8E710B50C00D0
:10822000096B00290FD023004033994201D0FFF79A
:1082300017FE00232363E36B6360002B03D0002051
:10824000A36B236010BD0022202101206260A2895F
:1082500023690A43A2814042F3E7C046F0B5DE46F7
:1082600057464E46454683461800E0B5504385B014
:108270000F000E9C0193002835D000239846403310
:108280009946656806002168A144A84220D9029059
:10829000039238002A00FAF7F9FF2368216B5B1973
:1082A00023604346B24663607F19761B002921D0C4
:1082B000494502D05846FFF7D3FD43462363E36B9D
:1082C0006360002B16D0A16B1D002160B342E0D388
:1082D00032003800FAF7DAFF636801989B1B63608D
:1082E00023689B19236005B0F0BCBB46B246A94683
:1082F000A046F0BD23692021236000236360A38989
:1083000002980B43A3815346039A28181100C01A00
:10831000F9F7CEFEE7E7C046F0B557464546DE46DC
:108320004E46E0B5C94C0D00A54402AFBA658022A7
:108330007B6378650C23C95E92016B6E114200D09D
:10834000A5E00A43AA81C24A13406B666020082355
:108350001B18D81908220021FAF792FF00239A4629
:108360003B62FB63FB643B647B64BA4BBB64BA4B0C
:10837000BB63BA4B7B62E423BA6CD45801F09CFD1A
:10838000602108225218D219009204310300BA6DFC
:10839000786D7918A04700285FDBBB6D06009C460E
:1083A00084446346BB657B6E002B3DD0012864D0BE
:1083B000252B1CD00028DED0BB6D9E1B524650449E
:1083C000804654466B68B61A002B21DD2A68335D5F
:1083D0001178994228D16B680132013B01346B60FE
:1083E0002A604445F0D1A246C5E701200126BB6DB5
:1083F00000241A78002384469B46BB6D591C130049
:10840000253BDBB2552B0FD8B86B9B00C3589F465A
:108410002900786DFFF702FF0028D7D07B6C002B76
:108420004AD0AB895B0647D4FB6B002B0AD0FB6BB1
:1084300018687B6C013301D101F024FC002801D0C5
:10844000FAF712FFBD46786CB9239B009D44F0BC3F
:10845000BB46B246A946A046F0BD814B60207B6674
:1084600008231B18D81908220021FAF709FFBB6D51
:108470000133BB657B6E002BD6D07A6AD25C1207C3
:1084800036D4252BB1D0BB6D01205E1E96E79B0430
:1084900000D45BE701235B427B64D3E72307C3D1AE
:1084A000BB6DB9655A78A8E72307BDD102231C43E9
:1084B000BB6DB9655A78A0E7FB6B002BEAD0DB886F
:1084C0009B46FB6B18685B46002B0DD00500002413
:1084D000002680462B6801341868FAF7C5FE08CDDF
:1084E0001E605C45F6DB404601235B427B64A5E7EA
:1084F0007A6A0824564690466B680BE041462A6823
:108500001378CB5C1C420DD06B680132013B013605
:108510006B602A60002BF1DC2900786DFFF77EFE8E
:108520000028EBD0B24626E78F23234200D07BE71A
:108530005B469B005B445B009B1830225242934693
:108540009B44BB6DB9655A7857E76B683963002B5C
:1085500001DC01F0C3FA042399462A683F4E1378E0
:10856000F35C1B0722D5082398465346A2461C00FD
:1085700006E0414601322A601378F35C194212D0BA
:108580006B680134013B6B60002BF2DC2900786DD5
:10859000FFF744FE002800D040E741462A681378E0
:1085A000F35C1942ECD1230054469A464B46022B09
:1085B00001D100F03EFD032B01D100F0F4FD786DF8
:1085C00001F082FC0368AE2219005B46013B5200B9
:1085D000934201D800F0FFFF5D3BFF3BFB605E2351
:1085E000FF339B46F023DB0023433B650023994682
:1085F000BB657B613B61BB62BB612133FF339C4642
:10860000C03B9846B844C44463465446E0468A4654
:10861000FB61144BFB622A6811780B002B3BDBB229
:108620004E2B00D901E3F86A9B00C3589F46802374
:108630009B001C436B683963002B00DCA2E20A4BF1
:108640003B6210233B640D3B994686E714FDFFFF18
:10865000FFDFFFFF58160020F8F30010F5F20010BE
:10866000FDFF000050F50010958100106B68396324
:10867000002B01DC01F036FA5E46002E00D10136F7
:10868000E30701D501F046F9E30601D501F090F8C2
:108690007B6B04CB90467B63240601D401F01FF86A
:1086A000002A00D1C0E63000FAF7BAFD041E00D15E
:1086B00002E74346FA6B1860D188F96193889942C2
:1086C00001D301F058F91068FA69F96B531CCB809B
:1086D000930042461A500095210033000122786D24
:1086E000FFF7BCFD041E01D101F0C4FA864208D98F
:1086F000434621001868FAF7A5FD002801D043463B
:108700001860A24400F038FC6B683963002B01DC70
:1087100001F0DCF9B84B3B6208233B64053B99460A
:108720001BE76B683963002B01DC01F0CBF90223F6
:10873000994612E76B683963002B01DC01F0BFF941
:10874000AD4B3B620A233B64073B994605E78F2309
:108750001A002240234200D066E6FB6B002B01D1B9
:1087600001F044F980231C439AE63963B965E306B6
:1087700000D500E67A6B08CA7A63220701D501F0BA
:10878000F7F8620701D401F01EFA52461A80F2E5AA
:10879000230700D048E6BB6D5A7802236C2A01D12A
:1087A00000F068FF0123B9651C4326E601231C4342
:1087B0006B683963002B01DC01F0CFF88F4BC0E709
:1087C000230700D030E6BB6D5A78682A01D100F04B
:1087D00050FF0423B9651C430FE66B683963002B17
:1087E00001DC01F093F9854B3B6200233B640333CA
:1087F0009946B2E6602220239B18D81901F06CFA42
:108800006B68B865002B01DC01F076F95B46002B44
:1088100001D1013B9B46012310221E00224026402D
:108820003A63234201D100F0E7FD002A01D000F0B5
:10883000DCFF7B6B04CBBA627B63240601D401F0BE
:1088400017F9002A00D1EFE58020FAF7E9FC80460D
:10885000002801D101F0E4F9BB6A1860FB6BDA88EB
:10886000FA619C88A24201D301F01AF81868FA69EB
:10887000F96B531CCB809300BA6A1A504346FB61D4
:108880002023BB61002601F017FBB04200D1C5E5F3
:10889000902160202B6849001A780918C919013302
:1088A0008A556A682B60FB6C013A741C6A60032B62
:1088B00000D1A5E11023994650339C46BC44E144C5
:1088C000082200214846FAF7DBFC90224B46602143
:1088D0005200FC625218009341462300786DD21971
:1088E00002F096FDF864431C00D197E5002800D003
:1088F00091E1424600261060602018231B180822D0
:108900000021D819FAF7BCFCE023BA6C6021D258D8
:10891000C83B3A6560229B18786D3200DB193E6DCA
:108920007918B0470026012802D16023FB181E7871
:10893000202360229B18DB199B5D002B01D101F0E5
:10894000F7F8FB6CA244032B00D14BE301235B42FD
:108950009C463B6BE344002B0ED104239C46BB6A30
:10896000E044002B08D04346FA699C1ABA69A31068
:10897000934201D300F0D7FC6B68002B00DC3EE390
:108980005B46002B00D07DE73B6B002B00D0F2E470
:1089900042461360BB6A002B0FD04346FA69991A0E
:1089A0008B10BA6901339A4207D9BC6A0431206836
:1089B000FAF748FC002800D020607B6C01337B6410
:1089C000D9E401231C436B683963002B00DDA1E669
:1089D0002900786DFFF722FC002800D19AE61DE5FA
:1089E0006B683963002B01DC01F05FF801231C4345
:1089F00001339946B1E5C0469581001079B0001069
:108A000041231C436B683963002B01DC01F086F8BD
:108A10005E46002E00D1013610231A0022403A652E
:108A2000234201D000F0BDFE7B6B04CBFA627B6376
:108A3000240601D401F024F8002A00D1F4E48020B7
:108A4000FAF7EEFB8146002801D101F0E9F8FB6A54
:108A50001860FB6BDA88FA619C88A24201D300F0AF
:108A6000D0FE1868FA69F96B531CCB809300FA6A40
:108A70001A504B46FB612023BB6290235B009B4650
:108A8000C03B9C460024B046BC44FE6CE34401F06D
:108A900013FAA04200D1C1E459462B68621CBA65A2
:108AA0001A7801330A556A682B60013A18236A6004
:108AB00060229B18DC19032E02D1BB6F042B04D05B
:108AC000082200212000FAF7DBFB00945A464946B1
:108AD000BB6D786D02F09CFC0600431C00D19DE448
:108AE000002879D1BB6D9C4601235B42E2449C4641
:108AF0003B6DE044002B10D14A461360FB6A002B0B
:108B000008D04B46FA699C1ABA6AA310934201D363
:108B100000F0F3FC04239C46E1446B68002B0ADD63
:108B20004346002B0DD00024B1E73B6D002BE5D070
:108B30006B68002BF7DC2900786DFFF76FFB0028CE
:108B4000EED0FE64FB6A002B08D04B46FA69991AF6
:108B5000BA6A8B10934201D200F032FF3B6D5A4249
:108B600053417A6C94469C4463467B643B6BBB6583
:108B7000FFF701FC88239B001C436B683963002BC3
:108B800000DD5CE52900786DFFF748FB002800D187
:108B900055E543E46B683963002B00DD0EE6BF4BFF
:108BA0003B620A233B64073B99462900786DFFF737
:108BB00035FB002800D1D0E430E45B4623439B46DC
:108BC00000D031E4BB6D10245A78B965FFF715FC6D
:108BD0006046B965FFF7EEFB831C00D117E2BB6D61
:108BE0009C46E244032802D12368042B9DD0012334
:108BF0005B429C463B6DE044002B00D17EE78CE756
:108C00001023994650339C463B6FBC44E144042BEF
:108C100000D055E659E6FB6C023300D171E34346C0
:108C20001E68731C00D067E682E63B6D9B0565D528
:108C300053461B788B4261D15B467B6043460026DE
:108C4000BB6006E0534601322A6011789B5D994271
:108C50001AD15346B04601369B5DA3460134002B22
:108C600001D100F0A1FC6B68013B6B60002BE9DCDB
:108C70002900786DFFF7D2FA002805D153462A68FB
:108C80009B5D11789942E4D043465146FB622B002C
:108C90000D009846BE68FC6AB2467E6D295D42466C
:108CA0003000FFF77BFA013CF8D25B46FA6A564681
:108CB0009B1A45469A4623E0BB6D4B44002B1DD1C1
:108CC000774B3A6D1A40002399463A65BB65434697
:108CD000197001235B429C460233E3449C46E04406
:108CE0006B680134013B6B60002B00DC72E12B6888
:108CF00001332B605B46002B00D08CE44646A24635
:108D0000BB6DBA6A013B002A00D1E9E0396D654AC2
:108D100011403965012B01D800F0CFFC4B46013BD7
:108D2000062B01D800F07FFD396D10230A00386B47
:108D30001A40B8650B4201D0FFF71DFBC02332700B
:108D40008022DB000B40D200934200D0FFE0BB6AE0
:108D5000BA69934200D1FFE01300BA6A7E619A1AA1
:108D60006021514B5B187969DB19994207D34F4B4E
:108D70009C4660239846B844C44463467B614C4992
:108D80007869FBF7D5FEE7E03A6D1305B6D5BB6D04
:108D90004B44002BB2D1424B94E74B46072BADD14D
:108DA0000823994693E798238022386D1B010340DE
:108DB00052009342A2D1BB6A012B9FD18022394B32
:108DC00012011840024330233A6542461370313B8A
:108DD0009C460233E3449C460023E044BB6276E7B2
:108DE0004B46062B8AD10723994670E73B6D1B053E
:108DF00084D53A6DA0201300C00003400138FF382D
:108E0000834205D0024200D178E7BB6A002B63D0D1
:108E10003B6D9B0505D4BB6ABA699B1A3B6143460F
:108E20007B61244B3A6D1A401300C02252001A4352
:108E300000233A65BB624AE7BB6D002B00D0ABE371
:108E4000BB6A002B07D1E0233A6DDB001A409A423F
:108E500001D100F0D5FE4B46012B02D0042B00D0EF
:108E60004CE74B460133DBB2994630E73B6D1B05BF
:108E700004D5BB6D4B44002B00D121E7BB6D012B0A
:108E800000D03BE70223BB6521E780233A6D134204
:108E900000D133E79A433A6519E7C04679B000102C
:108EA0007FFEFFFFFFFEFFFF730200007202000063
:108EB000B8CD00107FF0FFFF4B46002B00D060E3E1
:108EC000BB6A002B00D0ECE3E0233A6DDB001A40D4
:108ED0009A4201D100F09CFE4646A246BB6D013B82
:108EE000012B00D8E9E34B460022013BBA62062B76
:108EF00001D800F0BBFC3A6DD30500D414E753054C
:108F000001D500F0A6FE0123741E5B422178534474
:108F1000984665290BD0452909D02A00786DFFF7BE
:108F20003DF902235B4253449846B41E21782A003F
:108F3000786DFFF733F9396D10230A00386BC2469C
:108F40001A40B8650B4201D0FFF715FA22703B6951
:108F5000002B01D000F07DFD0022F969786D01F051
:108F6000D7FF7B6BB865F96510CB7B633B6DDB0787
:108F700000D48DE3206061607B6C01337B643B6BCC
:108F8000BB65FFF7F8F93B6D1B0504D5BB6D4B4482
:108F9000002B00D194E64B46022B00D0AEE6032313
:108FA000994694E63A6D130500D422E7EFE63B6D4F
:108FB000DB0500D480E680233A6D9A43BB6A3A65AC
:108FC0000133BB62FB68002B00D0B4E3013B9C463D
:108FD000E34485E62900786DFFF720F9002800D1E9
:108FE00088E68BE64B461B68042B00D0AEE43B6B57
:108FF000002B00D1B1E46B68002B00DD42E42900B6
:10900000786DFFF70BF9002800D1B9E4BCE46B6878
:10901000002B01DDBC6D3AE52900786DFFF7FEF805
:109020000028F7D0BB6DFE64002B00D18AE5FFF766
:10903000F5F95B46002B01D1013B9B4601231A0049
:1090400022409046102222409146234200D17CE1EA
:10905000002A00D076E37B6B04CBBA657B632406E1
:1090600001D400F01AFD002A01D1FFF7DDF98020BC
:10907000FAF7D6F88046002801D100F0D1FDBB6D8B
:109080001860FB6BDA88FA619C88A24201D300F079
:10909000F5FB1868FA69F96B531CCB809300BA6D25
:1090A0001A504346BB6220233B652B681B78F35C58
:1090B0001B0700D54EE25B4600243B6000F0FCFE3F
:1090C000A04201D1FFF7AAF9902149008C46C0398E
:1090D0008B46BB44DC4461462B68621CFA621A78FA
:1090E00001330A556A682B60FB6C013AF9616A60CA
:1090F000032B01D000F02BFC182360229B18DC19F5
:10910000BB6F042B04D0082200212000FAF7B8F826
:10911000FB6A4146BB610094FA69786D02F078F908
:10912000F864431C01D1FFF779F9002801D000F061
:1091300064FC42461060002002F094F9002800D040
:10914000F8E1FB6A9C46E24401235B429C463B6893
:1091500063443B604B46002B01D000F085FC043398
:109160009C46BB6DE044002B01D100F07DFC4346E2
:10917000BA6A9C1A0022FA623A6DA310934201D394
:1091800000F057FD6B68002B01DC00F026FD2B681A
:109190001B78F35C1B0700D5DCE13B68002B00D19A
:1091A000D8E1FC6A8AE75B46AE220021013B884693
:1091B0005200934205D9D94B5B4498465E23FF3356
:1091C0009B46D8231B011C430023BB652133FF337F
:1091D0009C46C03B9946B944CC446346FB61D04BA6
:1091E0005E469946E3462A6811780B002B3BDBB2BA
:1091F0004D2B17D848469B00C3589F463B6C0A2B03
:1092000010DDC84B1C405B46197001239C46E344AB
:109210006B68013B6B60002B6CDD01322A60013E04
:10922000002EE0D15A46D946E30509D5FB699A429A
:1092300000D961E24A46FB699A4201D1FFF7F4F88E
:1092400010231A002240234214D14B46F9691A70A8
:10925000786D00223B6C3E6AB0477A6B131D9846CE
:10926000A30600D40DE2136818607B6C01337B64A5
:1092700043467B634A46FB69D61ABB6D9C466644EF
:10928000B2443B6BBB65FFF776F8386CA64B4000E9
:10929000C35E3B64A34B1C40B5E7C0238020DB00CA
:1092A000234080008342BDD1A04B2340A024E40092
:1092B0001C4310233B64A6E780232342B2D09C4387
:1092C000A1E7386C984B4000C35E3B64082B98DCE8
:1092D000A8E7230597D53B6C002B05D180239B0085
:1092E0001C43F93BFF3B3B64630500D4B3E1904B67
:1092F0001C4088E72900786DFEF790FF00288ED08B
:1093000090E76B68002B02DD2600FFF7BCFA29000E
:10931000786DFEF783FF0028F6D0002C01D1FFF70F
:1093200033FBFFF77BF8F869D1001600F9F78AFFE5
:10933000F861002801D100F073FC8046BA6A73001E
:10934000A0441060BB61FFF717FB002A01D000F0BA
:1093500004FC7B6B04CB91467B63240600D440E382
:10936000002A01D1FFF760F82020F9F759FF041E09
:1093700001D1FFF7A1F84B46FA6B1860D188F9616B
:109380009388994200D3C0E11068FA69F96B531CC5
:10939000CB8093004A461A502023BB652B681A786D
:1093A000B25C120700D5CBE121003C655C466A68DF
:1093B000013A6A605A1C2A601B784A1C0B704B46A3
:1093C0009046002B07D013003A6D9B1A9B46BB6D4D
:1093D0009B4500D32CE3013C002C00D121E16B68BC
:1093E000002B00DC16E108212B681A78B25C1142D0
:1093F00000D016E14146DAE73B6B002B00D0A9E133
:109400007B6B04CB90467B63240600D440E3002AA8
:1094100001D1FFF709F82020F9F702FF041E01D15E
:10942000FFF74AF843461860FB6BDA88FA619E88BA
:10943000B24200D345E21868FA69F96B531CCB803D
:10944000930042461A5020231800202160262B68E2
:1094500089191A78C9198A5C002A01D1FEF7E4FF3C
:1094600052465E46A14683463A6516E04B46D31AFD
:109470009A4614005B452FD2013E002E00D1AEE08B
:109480006B68002B16DD202160202B6809181A78E4
:10949000C9198A5C002A00D1A1E06A68013A6A60B1
:1094A0005A1C2A601B78621C23704346002BDDD1B6
:1094B0001400E1E72900786DFEF7B0FE0028E2D045
:1094C0003B6D4E469A465B4618004C4501D1FEF76F
:1094D000A5FFA31B99468DE05B465B00484619003B
:1094E0009B46F9F7AFFE8146002801D1FEF7E4FF65
:1094F000544643464C441860BEE7F869D100F9F77A
:10950000A1FEF861002800D18AE38146BB6AFA6AAD
:109510005B00A1441060BB62FFF7FCFAA3FEFFFFF3
:109520008CF600107FF4FFFFC4F70010FFFDFFFF73
:109530007FFAFFFF20236022FF339B18DC197B6D2D
:10954000BE699B46A15D2A005846013EFEF726FEF5
:10955000002EF7D14B46002B00D092E643464A46F8
:109560001A60BB6D002B08D04346BA6A991A8B105B
:109570003A6D01339A4200D918E27B6C01337B6467
:109580007FE6FD22033B134201D0FFF7B7FB043314
:10959000DBB29946FFF79BFBBB6D022B00D05AE470
:1095A0000323BB65FFF793FBBB683A6D98467B6866
:1095B0005C469B46D94B40461A403A6551463200BC
:1095C00000F040FC01235B429C46BB6A8046E344BA
:1095D000BB61FFF785FB0023FB60FFF703F83B6DE2
:1095E0004E469A465B461800A31B9946B44201D1E9
:1095F000FEF71AFF002323704346002B04D04B468E
:10960000591C884200D9CFE27B6CCA4401337B6489
:10961000FEF7B1FE2900786DFEF700FE002800D1AC
:10962000E1E6434644463A6D9B1A591C9A4400238E
:1096300023704B46002B00D19EE4BB6D994200D3B2
:109640009AE44B461868F9F7FDFD002800D193E431
:109650004B46186090E4B24B1C404346002B04D0AC
:1096600001235B429C460136E044BB6D0133BB6580
:10967000CEE508231C43BB6D9A780233BB65FEF729
:10968000BCFE230700D42EE17B6B1B681870ECE551
:109690003B6D9B0700D44BE1BA6DFB6D22606360AC
:1096A0006AE4A04B3A6D46461A40BB6DA246013BA8
:1096B0003A65012B01D9FFF737FBFB699E4201D8C0
:1096C000FEF7B2FE34002E001D00013C320021786E
:1096D000786DFEF763FDAC42F7D1FEF7A5FE00956D
:1096E000330001224146786DFEF7B8FD041E01D11A
:1096F000FEF794FEA2443FE45E46013E2A00317824
:10970000786DFEF74BFDB14694E5874A934200D948
:10971000BBE208229046984443469900FB6B1868C8
:10972000F9F790FDFB6B002801D1FEF7C8FE424619
:1097300018609A8029E6FB68013BFB60FFF7D0FACE
:10974000012174E700233B65BB62BB656433FB18F2
:109750009846AAE4202160202A6809181378C919BC
:10976000CB5C002B01D1FEF75FFE5C4607E02021B9
:10977000602013780918C919CB5C002B3ED06B68A8
:109780000132013B01366B602A60A64236D0002BC5
:10979000EDDC2900786DFEF741FD00282ED12A6806
:1097A000E5E700239946BB62FB61FB62FFF765F9C1
:1097B0007B6D002498460AE0D218290040462A60B2
:1097C000E418F61AFEF72AFD002800D0F6E16B68CF
:1097D0002A689E42F0DC9B1B9219A4196B602A60D8
:1097E0003B6BA244BB65FEF7C6FD0023BB61FB617A
:1097F000BB626433FB189846FFF744F8B244FEF7A7
:10980000BAFD494B9C4200D90AE2FB6B0834186848
:10981000A100F9F717FD002800D101E2FB6B1860E9
:109820009C80FFF71FF94B46022B00D831E2032B37
:1098300001D1FFF779FAA84634004D46013C424673
:109840002178786DFEF7AAFC63199B1BDBB2032B12
:10985000F4D1A9464B465246043BDBB2013AD21A38
:10986000013E45469246F61AFFF745FB4B46022B52
:1098700000D80EE2032BDED1FFF73DFB2A4B9C42C2
:1098800000D9CDE1FB6B08341868A100F9F7DAFCC8
:10989000002800D1C4E1FB6B18609C80FFF7FAFB45
:1098A000214A944200D9BBE1FE6B08343068A10024
:1098B000F9F7C8FC002800D1B2E13060B480FEF7AF
:1098C000D6FF194A964200D9DFE1FB6B08361868CB
:1098D000B100F9F7B7FCFB6B002801D1FEF7EFFDF3
:1098E00018609E80A8E563075CD4E30700D582E199
:1098F000A40700D47FE10D4B3A6A9A4200D1D9E126
:1099000000223B6CF969786D01F098FC7B6B1B6859
:1099100003C3AAE440231C43FFF77EF87FFDFFFF4B
:109920007FFCFFFFFFFEFFFFF6FF000095810010A8
:10993000B86DF96D02000B00F8F78BFE00284AD1D4
:10994000B86DF96DF8F716FF2060FFF715FB1823C7
:1099500060229B18DC19FFF7D6FB2900786DFEF713
:109960005DFC002801D0FEF759FDD64BFEF7E9FE5D
:1099700052461A7085E4D44A934200D985E1082200
:10998000914699444B469900FB6B1868F9F75AFCCD
:10999000FB6B002801D1FEF792FD4A4618609A80C1
:1099A000FEF792FE7B6B1B6818805EE4BC6D043191
:1099B0002068F9F747FC002800D1DEE52060DCE5EF
:1099C000FC6A2068F9F73EFC002801D1FFF7C6F8D1
:1099D0002060FFF7C3F8BD4800F07AFA2060FFF777
:1099E000CBFA002314009946BB65D7E482B002ABE2
:1099F000FB6302920392FEF7B5FEFB6C023301D1CA
:109A0000FFF7C0FB4346186801F02CFD002800D08A
:109A100090E5FB6A9C46FB6CE244032B01D0FFF708
:109A200093FB2368042B01D0FFF78EFBFFF792FB1B
:109A30005B0019001000BB65F9F704FC38650028CD
:109A400001D1FEF739FD02005A4490464A461060A3
:109A5000C1E47B690022591C786D0A2301F00CFBDC
:109A60003B69C21AFFF77CF90023FB62FFF78AFB10
:109A7000BB6A98460023BB61FB61BB62FEF702FF35
:109A8000FB6A99460023BB62FB61FB62FEF7F5FFB0
:109A90000023140018009846D7E4BB6D98460023B5
:109AA0003B65BB62BB65FFF700FB2900786DFEF7E5
:109AB000B5FB002801D1FEF799FFFEF7AFFC844B00
:109AC000FFF76EF802239946FFF76FF8804B3B6271
:109AD00008233B64053B9946FFF767F80423994642
:109AE000FFF763F82900786DFEF798FB002801D195
:109AF000FEF7C2FDFEF792FC2900786DFEF78EFBA3
:109B0000002801D1FEF782FEFEF788FC6D4B3B6218
:109B100000233B6403339946FFF747F82900786D2B
:109B2000FEF77CFB002801D1FEF772FFFEF776FC02
:109B3000002C01D1FEF728FF2023FF339B18DC19EE
:109B40007B6DFE6A9946A15D2A004846013EFEF7FC
:109B500025FB002EF7D1FEF717FF2A681378F35C78
:109B60001B0701D5FFF78DFB3300082446469846B6
:109B700004E041461378CB5C1C4211D16B68013282
:109B8000013B01366B602A605E4509D0002BF0DC9A
:109B90002900786DFEF742FB002801D12A68E8E72A
:109BA000B046C244FFF76DFB43461868F9F74AFB1D
:109BB000002800D128E54346186025E5002C00D098
:109BC0000EE6FEF72BFCE2072FD4A4072DD5524654
:109BD0001A60D2175A60FFF754FB2900786DFEF720
:109BE0001DFB002801D1FFF7D2FAFB6A002B01D040
:109BF000FEF714FCAEE47B6B1B681860FFF735FBC7
:109C0000344B3A6D1A4001233A65BB65FFF75FF8A4
:109C1000304B3A6D1A4001233A659946FFF757F8E1
:109C200001235B427B64FEF7FFFB52461A60FFF79D
:109C300028FBB86AD100F9F705FBB8620028EFD01D
:109C400080463B6DBA6D5B00A04410603B65FFF73A
:109C500099FAFB699E4201D8FEF7E6FB3400013C0D
:109C60002A002178786DFEF799FAFB699C42F6D1BB
:109C7000FEF7DAFB7B6C002B04D0AB895B0601D4CA
:109C8000FEF7D5FBFB6BFEF71AFCFB699B46FEF764
:109C900018FCFB6934009E4201D8FEF7C5FB013C6D
:109CA0002A002178786DFEF779FAFB699C42F6D19B
:109CB000FEF7BAFB00223B6CF969786D01F0A4FB5A
:109CC00024E6C04679B00010F6FF00005CCD00101D
:109CD000958100107FF8FFFF70B50D7804005E2DB0
:109CE0001BD0481C002600212300621CFF32197083
:109CF00001339342FBD1002D0DD0012272406255F9
:109D00000378461C2D2B0FD05D2B0BD0002B03D0DE
:109D10001D003000F3E7013870BD4D78881C012626
:109D20000121E1E73000F7E741785D2910D08D424D
:109D30000EDC2B0002300133E2549942FBDC8D42F1
:109D400003DB002101354D19DAE7491B0139F9E739
:109D50002D253000D3E7C046F0B50C002300C646E1
:109D6000096B403300B5994215D0666B77003A0015
:109D7000FDF7E0FC051E28D083199846010032004B
:109D80001800F9F783FA43462563236067630020D0
:109D900080BCB846F0BD8021C900FDF7C9F9002894
:109DA00013D08023DB00636342232063E25C084B13
:109DB000C2544123E25C074BC2544023E25C064B91
:109DC0009C46C25460442060E1E701204042DFE746
:109DD000FF030000FE030000FD03000030B5002A71
:109DE00027D003000B439B0713D1032A11D9134D2E
:109DF0000BE0043A002A1CD0114C1C199C432C4245
:109E000017D104300431032A03D903680C68A34234
:109E1000EFD00D78047801230139AC4207D00AE075
:109E2000002C06D0C45C0133CD5CAC4203D19A4215
:109E3000F6D1002030BD601BFCE7C04680808080EA
:109E4000FFFEFEFE030070B50600080030438007E9
:109E500001D1032A1BD83000002307E0CC5C013A73
:109E6000F454451C0133002C03D02800002AF5D1FE
:109E700070BD2B000024A918002A04D01C700133E7
:109E80009942FBD10D000028F2D12800F0E7084CE0
:109E900008681E00074BC31883432342DBD13300FD
:109EA000043A043101C3032AF2D81E00D3E7C046A6
:109EB00080808080FFFEFEFE9422024B5200985C60
:109EC0007047C046581600200048704748170020C9
:109ED000004870470000C07F82B000290AD0002AE5
:109EE0000BD0002B0BD013780B601078431E9841D9
:109EF00002B0704701A9002AF3D10020F8E7022040
:109F00004042F5E770B516000D0002F04BFC002E44
:109F10000DD06B236A00520D9B1A002B07DD002425
:109F2000034A1B059D182B002200F8F72CFB70BD7F
:109F30000000F03FF0B54546DE4657464E46E0B5D8
:109F40009FB0069200220C001A9200210022804647
:109F500004910592210019910A780F002D2A03D847
:109F6000AA4D9000285887460021079100210891AA
:109F7000302A00D1C4E02F2A00D889E200239A4673
:109F8000190038000026130055460BE08B005B18C3
:109F900001305B00199099180278303913000136AE
:109FA0002F2A0FDD392A6FDC082EEFDDAB005B199D
:109FB00001305B0019909D180278303D1300013686
:109FC0002F2AEFDC894601229149AA46FFF706FFB6
:109FD000002800D14AE20023089612930A930B93BB
:109FE000089B1C00102B00DD10244846F8F73EFBB0
:109FF000089B04900591092B19DD2200854B093A35
:10A00000D2009B181A685B68F8F7BDFA04900591B6
:10A010005046F8F72BFB0B00020004980599F8F75F
:10A020008BFA089B049005910F2B00DDAFE00A9B93
:10A03000002B01D100F066FC0A9B002B00DC46E3FC
:10A04000162B01DC00F05FFD2523089A9B1A0A9A63
:10A05000934200DA9BE00F24089B6E4DE41AE10066
:10A060006918049A059B08684968F8F78CFA0A9BF6
:10A070001C1BE4002D192A686B68F8F784FA0600A7
:10A080000F0013E2013166E7894601226049AA46C2
:10A090001D00FFF7A3FE002846D1199D2B00691C67
:10A0A00019915B780D001A00002E00D0E2E12B0020
:10A0B0000020302A07D11800013319931A78302A6A
:10A0C000F9D0401B01301300313B082B00D867E268
:10A0D00020239A43452A00D118E3089B034300D06C
:10A0E000E2E1069B00260027002B00D01C60300018
:10A0F00039001FB0F0BCBB46B246A946A046F0BD31
:10A100007A7820318A437D1C582A01D100F0FDFB6A
:10A110002F0019953A780135302AF9D0002A00D15C
:10A12000C2E10123089326E70023002000220996BC
:10A130001293652D00D1D2E100230B93452D00D160
:10A14000CDE1002E00D0BFE1089B034300D0ABE17E
:10A15000002AC6D1692D00D1E6E201DD00F0C2FC83
:10A16000492D00D1E0E24E2DBBD12B4919A801F0B9
:10A17000C7FD0028B5D0199B1B78282B01D100F012
:10A1800079FD264801F064FA06000F008EE10A9A74
:10A19000089B94461B1B6344002B00DC70E20F22DB
:10A1A0001C001100944319401A4201D100F02CFC0C
:10A1B000184BC900591808684968049A059BF8F7B4
:10A1C000E2F904900591002C01D000F01DFC002361
:10A1D00009934B463200009339004046089B01F03A
:10A1E0002DFF1390002801D100F09AFC0A9B1299D0
:10A1F000DA430B98D217081AD91713401493002387
:10A20000084099469B461290F0E0C046E8F70010DF
:10A21000C0CD0010302F011014CE00105CCD001006
:10A22000C91A521A1F2900DD26E301238B4010931F
:10A2300000231593AB189A46099BA4189C462B0043
:10A240006444554500DD5346A34200DD2300002B46
:10A2500004DD5246D21A9246E41AED1A129B002BE4
:10A2600000DDB0E25346002B00DDC8E20A9B002B64
:10A2700000DDF3E2002C00DDE4E2002D08DD4946BC
:10A280002A00404602F01EF98146002800D1E2E291
:10A2900040461A99089A02F0B1F98346002800D185
:10A2A000D9E2C36849460E930023C36002F088F9DF
:10A2B000002801DA00F009FD059B0B9301D100F0A5
:10A2C000A2FC4946584602F04BFB80230022DB05E6
:10A2D00004000D00F8F7A8F9002800D165E20E9BF4
:10A2E000002B00D0D5E2049B002B00D05AE30B9B3F
:10A2F0001B0300D0FDE2002220002900D74BF8F715
:10A300008DF9002801D000F074FC0022D44B20000D
:10A310002900F8F738F90A00010013001091119292
:10A320000C9080221206944663440D930B9BCD4AF9
:10A330000C9C0D9D13409A46CB4B9A4500D1AFE241
:10A34000099B002B29D0D423DB049A4525D81098EB
:10A350001199C64AC64BF8F767F9002818D010982B
:10A360001199F8F7C3F9002800D10130F8F77EF908
:10A370000E9B10901191002B01D000F024FC802244
:10A3800012060B009446634416901793169C179D73
:10A39000D6235246DB04EB189D1A3000390002F038
:10A3A00001FA02000B0020002900F8F7ECF8320057
:10A3B0003B00F8F7C1F80E0004900591099B002BB3
:10A3C00004D1A84B33409A4500D1B9E240461A99CE
:10A3D00001F0D8FD4046089901F0D4FD49464046B9
:10A3E00001F0D0FD5946404601F0CCFD139C40469B
:10A3F000616801F09FFD031E089000D12BE22269E5
:10A400000C3302320C34210018009200F8F73EFFA2
:10A41000049E059F1CAB01931BAB009332003B00D5
:10A42000404602F03BFA011E1A9000D1F0E10121F2
:10A43000404601F0D3FE8146002800D10BE21B9B71
:10A44000002B00DAD7E1129A149C9D1809991C9AE6
:10A450005B1A36219B188A1A8649013B8B4200DA27
:10A46000DEE60023159301331093E3E6199B591C94
:10A4700019915B781A00303A092A00D9D4E0151EE8
:10A4800001D100F037FD012330000996129315E346
:10A49000012238007849FFF7A1FC002800D188E3A9
:10A4A000089B002B00D11CE600260027069A002AF4
:10A4B00001D0199B1360079B002B00D117E6802168
:10A4C00009067B181F0012E60B9B129A08969B1A2E
:10A4D0000A93099B002B00D182E51E0080E5330022
:10A4E000034308990B4300D1FBE5199C631C1993A6
:10A4F00065782B2D00D1F9E12D2D00D0AAE00123A4
:10A500000A93A31C1993A5782B00303B092B00D983
:10A51000AEE11999302D0ED14B1C19931D781900FD
:10A520000133302DF9D000230B932B00313B082B46
:10A5300000D906E601334D1C1995AC464D780B93B6
:10A540002F2D00DCD4E20E9101000B9B0B928B4669
:10A550000B99624660468C460BE09900C91801329F
:10A56000490019924B194578303B2F2D00DCC5E28C
:10A570001000392DF1DD0B9363460E9994461A00B5
:10A5800063465846591A082900DCB1E23B4B0B934D
:10A590000A9B002B00D1D4E50B9B5B420B93D0E5CB
:10A5A000431C199F303A12930023150039000126ED
:10A5B00009934B469B004B44A94600205B009944FD
:10A5C0004B1C19931D7819002B00303B092B00D927
:10A5D000F5E11D00421C4B1C002D01D100F087FC51
:10A5E000129B9C46944463461293012A01D100F0C9
:10A5F0007CFC52468A462100731C4C469C46894688
:10A60000110008E0A2001419640001339A1B013AFA
:10A61000904200DC4AE25A1E082AF3DD102BF4DCDB
:10A620008A0051184900F0E720229343452B74D04B
:10A630004846F8F71BF804900591092E00DC61E10B
:10A640003400102E00DD10240023089612930B9383
:10A650000A93D2E400230A9356E7C0460000F03F75
:10A660000000E03F0000F07F0000E07F0000C0FF3E
:10A67000FFFFDF4102FCFFFFC0CD00101F4E0000B6
:10A68000002B00D1A3E50F2211005B4219401D11E0
:10A690001A4200D09DE21F2D00DD80E010231A0039
:10A6A0002A4009922B4201D05A330993012304987E
:10A6B00005999A46C34C53462B4200D134E2226896
:10A6C0006368F7F760FF6D1044D00834F3E70A9B26
:10A6D000163300DA5BE50B99129ABB4B521AD20083
:10A6E0009B181A685B6804980599F7F72EFF060017
:10A6F0000F00DBE6002207924F1C19974A78002AC8
:10A7000000D033E4EDE401220792F5E700220300D4
:10A710000992129200260132E3E600230C00002089
:10A72000012209961293E1E6A84919A801F0E8FA76
:10A73000002800D1D5E4199BA549013B19A819931C
:10A7400001F0DEFA002802D1199B0133199300268B
:10A75000A04FABE6099A0E900F910E9B0F9C0493AD
:10A760000594002A12D00F9B20005A006B23520D33
:10A770009B1A002B0ADD1F2B00DC33E30021049120
:10A78000342B00DC59E3DC239B040593002204985E
:10A7900005990023F7F73AFF002800D119E5222395
:10A7A000424600260027136080E68B4B00222000E3
:10A7B0002900F7F7E8FE0E9B10901191002B63D152
:10A7C0000B000C90ADE549461A00404601F00EFE24
:10A7D0001A99814600281BD00A000100404601F06A
:10A7E0002DFD1A990B90002812D0404601F0CAFBAB
:10A7F0000B9B1A9336E5149A129DD41A26E61A99E1
:10A800005246404601F05EFE011E1A9000D02DE532
:10A81000DA462223424600266E4F1360404601F07E
:10A82000B1FB4046089901F0ADFB4946404601F0B6
:10A83000A9FB4046139901F0A5FB5146404601F0A3
:10A84000A1FB33E622004046089901F03BFE089048
:10A85000002800D011E5DA461A99DAE74046149A42
:10A86000089901F0C3FD0890002800D002E5F2E746
:10A87000002319940B9364E45849CB1A01219940A1
:10A88000012315911093D5E4109B119C0C930D940A
:10A890004CE50023524C0C930D941093119445E514
:10A8A000504A0B9B944663440593049C059D2000ED
:10A8B000290001F077FF0C9A0D9BF7F764FE220048
:10A8C0002B00F7F739FE434B474A049005910B40A4
:10A8D000934200D801E1454A974201D10136BAD0EE
:10A8E0000123424C5B42049305946FE500230A93D5
:10A8F00007E600233E4C0C930D940023384C109334
:10A90000119413E5049E059FD0E50293079B4046F2
:10A9100001931AAB0093374A1BAB19A900F0F6FE5E
:10A920000F231E0004000640034200D1BCE5062EA2
:10A9300000D0FCE000230026002719950793B5E519
:10A94000109C119D20002900F7F7E8FEF7F7DAFECA
:10A9500002000B0020002900F7F7E5FD049A0E9B8A
:10A9600036031343360B04000D00234A33430AD148
:10A97000224BF7F753FE002800D127E5DA46049E64
:10A98000059F1A994AE71E4BF7F748FE0028F5D1B4
:10A99000200029001B4A104BF7F756FE002800D173
:10A9A00014E5EBE7012BA4D10B9B002BA1D1DA46D8
:10A9B00022234246002600271A9913602EE701221F
:10A9C000FFF7B7FBE0F80010302F011008CE0010A1
:10A9D0000CCE00100000F07F0000E03FE2FBFFFF24
:10A9E0000000F03F0000B0FCFFFF9F7CFFFFEF7F07
:10A9F0000000F0BFCCF800109535A094FFFFCF3FCA
:10AA0000FFFFDF3F35E5AF359A235B009C4200DD59
:10AA100086E02411012C00D188E1049805990022D8
:10AA20009246013293465246D14BB2461D000993DD
:10AA3000160000235A46224204D02A686B68F7F7B2
:10AA4000A2FD0123013664100835012CF2D1320039
:10AA500056469246002B01D004900591C54A059BAD
:10AA60009446634405935346D900099B9C46049A37
:10AA7000059B614408684968F7F785FDBE4BBF4AEE
:10AA8000049005910B4093424AD8D4208004844618
:10AA9000BB4A61440591934201D8FFF798FB01231B
:10AAA000B84C5B4204930594FFF791FB0A004B46B8
:10AAB0005146A14692461C0001386044461C0828B5
:10AAC00000DC76E50020102E00DD79E553469B0082
:10AAD0005344AA465B009A4472E5D4239B04CE18E3
:10AAE00005966BE46E2D01D1FFF73FFBFFF7F9FAF6
:10AAF0000B99A54B994200DC4AE548E560460B936B
:10AB00000E9903003AE50A9AA04BD100591808683B
:10AB10004968049A059BF7F736FD06000F00C5E467
:10AB200022234246136012E66D100834C3E51A9AD8
:10AB3000002A07D035211CA801F046FF40461A998B
:10AB400001F020FA052E00D9BEE1914BB6009B59C9
:10AB50009F461C9B8F4904931D9B1B9A0B408E495B
:10AB60008C466244120513430593E40503D5802205
:10AB7000120613430593804A049E059F134200D09A
:10AB800094E4FDF789F8222303608FE40122834BCC
:10AB9000524204920593E40500D4B3E6059BE6E730
:10ABA000754B0593F7E71C991D9A1D9B049105921F
:10ABB000DBE7199D2B00013519955A78002399463A
:10ABC0009A46FFF774FA109B119C16931794FFF79F
:10ABD000DDFB6E4BC9005B181A685B680498059929
:10ABE000F7F7B3FC04900591002D01D1FFF7EFFAC0
:10ABF00051E500236A4C0C930D940023694C10938B
:10AC00001194FFF793FB159B0E9A9C46059BDA4621
:10AC10001B031B0B002A41D0634A934200D1D1E0B1
:10AC20006346002B00D1C7E062460B9B13420CD059
:10AC300004980599099AFFF765F902000B003000A6
:10AC40003900F7F779FC06000F00099B002B00D1B3
:10AC500097E630003900554B0022F7F794FC464B3D
:10AC600006000F000B4200D08BE6222342461A99C1
:10AC70001360D3E51CAC22004D4919A801F056F829
:10AC8000052801D0FFF77DFA1D9B3B4A1A431C9B08
:10AC900005920493049E059FFFF708FC002B4AD100
:10ACA000049B002B00D0B5E0099B002B00D1A0E055
:10ACB000314C0B9B23401C00D623DB049C4229D83B
:10ACC000DC239B049C42C4D872E60E9B0499059A2F
:10ACD000DA460B43B9D10B921303B6D1D623264CD7
:10ACE000DB0414409C42B0D95B465B69002B03D166
:10ACF0005B461B69012BA8DD51460122404601F04D
:10AD0000E1FB4946824601F05BFC00289DDD099B82
:10AD1000002B6ED0274B244A9C46012364442243D7
:10AD20005B4205920493049E059F92E700239A4696
:10AD30000F4B099392E66346002B73D062460B9B40
:10AD4000134200D181E704980599099AFFF7DAF8D0
:10AD500002000B0030003900F7F7E5FB002200236A
:10AD600006000F00F7F752FC002800D16DE71FE640
:10AD7000082F01100000B0FC0000F07F0000A07C54
:10AD80000000907CFFFFEF7F1F4E0000302F01106E
:10AD9000A0F80010FFFFEFFF33040000FFFFFF7F6C
:10ADA0000000E0BF0000E03FFFFF0F00000050394F
:10ADB000B8F800100000F0FF109B049A134200D175
:10ADC00043E735E7099A049B002A4FD15A1C3BD030
:10ADD0006246002A00D17FE00B9B134200D027E798
:10ADE0001A991BE5012252429A40049B1340049396
:10ADF000CCE4434B0B9A1A991A401300414A9446EB
:10AE0000414A63441A4301235B4205920493049E22
:10AE1000059F03E56246002A0AD00B9B134200D12E
:10AE200013E790E7109B049A134200D10DE78AE7DD
:10AE3000109A1A4200D108E785E74B239A1A4C3B37
:10AE4000934018400590A1E4304A0B9991421DD0DF
:10AE50002B4B0B9A1A4013008022520394466344F2
:10AE6000059300230493049E059FEEE6D421244A13
:10AE70000B98C90402408A4216D95A1CE4D0624693
:10AE8000002A0CD0104200D1E3E6D1E60133DFD135
:10AE90002223424600261A99194F1360BEE4109AE5
:10AEA0001A4200D1D5E6C3E66B21120D891A0122A0
:10AEB00052428A409342C7D06246002AEFD00B9B91
:10AEC000134200D1C5E6B3E6E4050BD580231B068B
:10AED0000593049E059F54E6109A1A4200D0A7E6F7
:10AEE0001A999BE4002600274BE63000E6E51000A7
:10AEF000FFF767FB012009961292FFF761FBC0463E
:10AF00000000F07F0000F0FFFFFF0F00FFFFEF7F6A
:10AF100010B5024BFFF70EF810BDC04658160020C2
:10AF2000F0B557464E464546DE46E0B582460F0030
:10AF300090461E00994683B0242B43D8012B41D064
:10AF40000B0008204A4D1A0014780133295D08428D
:10AF5000F9D11D002D2C00D176E02B2C3ED0454B95
:10AF60009B4600230193002E53D1302C00D173E077
:10AF70000A230A26994649465846F7F799F82B00BE
:10AF80008C463D000200270000214C460020E1468F
:10AF9000AC463D00303D092D07D9113D192D03D98F
:10AFA0003D00613D192D20D80A35AE421DDD4F1CF4
:10AFB00005D082422AD327D00121604328181F7868
:10AFC0000133E6E7FCF768FE16230360002003B0B8
:10AFD000F0BCBB46B246A946A046F0BD1C78254B46
:10AFE000951C9B4600230193BDE767464A1C21D070
:10AFF000019A002A00D040424246002AE7D00029A8
:10B0000033D143461F60E2E7A945D5DA0121494221
:10B01000D5E7102EAFD110239946302CABD120228A
:10B020002B789343582BA6D110236C789946102681
:10B030000235A0E7222251460A6042465846002ABD
:10B04000C5D058465F1EDCE71C7880231B069B4654
:10B050000123951C019386E720222B789343582BDC
:10B06000E2D008230836994685E78346E9E7C046DB
:10B07000F5F20010FFFFFF7F10B5FFF751FF10BD85
:10B08000002909D0FF2A02D801200A7070478A23BC
:10B09000036001204042F9E70020F7E7F0B5DE4603
:10B0A0004E4645465746E0B589B00D00059193469A
:10B0B0001E00082107905F482B001C780135025DB7
:10B0C0001142F9D12D2C00D184E02B2C4BD001233F
:10B0D0005B420393584B049300230693002E08D140
:10B0E000302C00D180E00A239A4600230A26994694
:10B0F00005E0102E00D182E0F317B2469946524681
:10B100004B4603980499F7F711F823000F00804687
:10B11000029200200022002113E0B94201D14045F3
:10B120001ED8804543D052464B46F7F7B3FEE3178F
:10B1300000940193009B019C0122C01861412B786F
:10B1400001351C00303C092C04D9113C192C0DD8B8
:10B15000373B1C00A64211DD531CF0D0B942DCD9AC
:10B1600001225242EBE72C789D1CB0E71C00613CA9
:10B17000192C03D8573B1C00A642EDDC531C1ED0F3
:10B18000069B002B04D003000C0000215842A14173
:10B190005B46002B04D0002A45D15B46059A1A6015
:10B1A00009B0F0BCBB46B246A946A046F0BD8F42EE
:10B1B000B9D1029BA342B6DA01225242BFE7222351
:10B1C000079A13605B46002B30D06B1E03980499DE
:10B1D0000593E2E72C789D1C0023039380231B0634
:10B1E00004930123069379E720222B789343582B6D
:10B1F00011D008239A460023083699467FE7302C61
:10B2000004D010239A460023994678E720222B7811
:10B210009343582BF5D110239A4600236C78994616
:10B22000102602356BE703900491CEE7039804994A
:10B23000B6E7C046F5F20010FFFFFF7F10B5FFF73D
:10B240002DFF10BDF0B54546DE4657464E46E0B5EB
:10B2500087B00D000391984608210590654801923A
:10B260002B001C780135025D1142F9D12D2C00D143
:10B2700088E0002204922B2C67D04346002B0FD18C
:10B28000302C00D183E0052302935B4B9A465B4B45
:10B2900099460A23009300239B460A33984615E0FB
:10B2A000102B00D185E04246009301204042C11797
:10B2B000DB179B46F6F73AFF4246824689465B46D5
:10B2C00001204042C117F6F731FF02920022002010
:10B2D000002116E01C00A0451EDD531C0FD049457F
:10B2E0003BD801D1504538D8504531D0009A5B4603
:10B2F000F7F7D0FD2600E7178019794101222C7855
:10B3000001352300303B092BE4D92300413B192BA5
:10B3100026D8373CA045E0DC531C27D0049B002BEB
:10B3200004D003000C0000215842A141019B002BD6
:10B3300004D0002A23D1019B039A1A6007B0F0BC05
:10B34000BB46B246A946A046F0BD2C789D1C94E7AA
:10B350004945CBD1029B9C42C8DD01225242CEE737
:10B360002300613B192BD7D8573CB4E72223059A19
:10B3700001204042C1171360019B002BDED06B1EE1
:10B380000393D8E72C789D1C0123049375E72022B2
:10B390002B789343582B1ED007230293083B9A46E1
:10B3A000174B99460823009300239B460833984681
:10B3B0008CE7302C0AD00F230293103B9A46114B96
:10B3C00099461023009300239B467FE720222B7889
:10B3D0009343582BEFD10F230293103B9A46094B0E
:10B3E0006C7899461023009300239B4610339846AF
:10B3F00002356BE7F5F20010999999999999991985
:10B40000FFFFFF1FFFFFFF0F10B5FFF71BFF10BD72
:10B4100070B582B0069C0500002C0BD0E4260F48C6
:10B420008659002A0DD028000094B047431C10D044
:10B4300002B070BD0400E4260848F4348659002A9E
:10B44000F1D1012300212800054A0094B047431C94
:10B45000EED1002323608A332B60E9E758160020E1
:10B460005CCD001010B5002100F002F810BDC04600
:10B4700010B500F0B9F8040001F0ECFA1A38C0B2C7
:10B48000022805D900200423093CA342404110BDF5
:10B490000120FCE7030A30B5DBB20500C4B2022983
:10B4A00022D0032903D0803B803CDBB2E4B21A00F7
:10B4B0005032D2B21F2A0AD91A003032D2B2242A0C
:10B4C00035D83C4A95422FD90120404230BD3A4AF6
:10B4D0009542F9D83949B03BD801C01A4000A13C87
:10B4E00000194000405AF1E79E2C0ED923348022E7
:10B4F000E4B29F2B0ED8703B5B00D318DBB21A006E
:10B500005032D2B21F2AD7D8E1E77E3C7F22E4B284
:10B510009F2BF0D950335B00D318DBB21A005032A6
:10B52000D2B21F2AC8D8D2E72549D03BD4E75F332F
:10B53000DAB2072AC8D8234B92009B589F46F12CB9
:10B54000C2D8214AA13C6000805A0028BED10138EF
:10B55000BCE7D82CB8D81D4AA13C6000805A00280E
:10B56000B4D10138B2E7F62CAED8C0239B01E01865
:10B57000ACE7F32CA8D8164BE018A7E7154BE35C13
:10B58000002BA1D0144BE018A0E7144AA13C6000A6
:10B59000805A00289AD1013898E7114AA13C6000EE
:10B5A000805A93E7C02C00D98EE70E4AA13C600078
:10B5B000805A8BE7A6F40000D3CF0000A41301103B
:10B5C00028F9001008F90010102B0110B42B0110FD
:10B5D000A02F0000832B011060FE0000802C0110C2
:10B5E0003C2D0110D02A011070B50500002918D09B
:10B5F0002B31FF310C0020001149FCF765FB0028BE
:10B6000004D101212800FFF745FF70BD20000D493E
:10B61000FCF75AFB002806D102212800FFF73AFF69
:10B62000F3E7094CE7E720000849FCF74DFB03006E
:10B630002800002BE9D10321FFF72CFFE5E7C046E6
:10B6400018CE00101CCE00108217002024CE00104F
:10B65000002001497047C0460000F87FF0B5D6468B
:10B660004F4646460369C0B50A009A464F11BB4291
:10B6700008DC0023036100234361E0BCBA46B14605
:10B68000A846F0BD1F218C460600644614369D0076
:10B69000BB007519F318114014421FD02022521A12
:10B6A000944604CBCA4090469D4228D9B146644690
:10B6B0001A68A240444622434C4604C404CBA14627
:10B6C000CA4090469D42F2D85346DC1BA400341970
:10B6D000043C2260002A0CD004340AE032009D426F
:10B6E000C7D902CB02C29D42FBD85346DC1BA40043
:10B6F0003419A31B9B100361B442BED1BBE7426166
:10B70000002AB6D034000434F3E7C046F0B5DE4674
:10B71000454657464E46E0B58846096893468A78BE
:10B7200087B003900593302A00D0CDE1CB1C1D00DB
:10B7300001335A1E1278302AF9D0691A8B1E9A46A4
:10B74000C24FBB5C002B00D1FCE0002200242B7810
:10B750009146BF4AFB5C0292002B00D16AE12E00A9
:10B7600073780136FB5C002BFAD10122300002997C
:10B77000FEF734FB0190002852D00022337801926A
:10B78000002C02D0A41BA20001922022340093437B
:10B79000502B51D043461E604B46002B7DD1631B7E
:10B7A000013B0021072B03DD01315B10072BFBDC84
:10B7B000039800F0BFFB8246002800D18FE21423DB
:10B7C00053440493A54200D3D1E1984600239946FF
:10B7D0003B0000264746A8464D4699460CE0202EE1
:10B7E00019D03200043649462378CB5C0F210B4038
:10B7F00093401D4344455ED0013C23782E2BEED16F
:10B800004445ECD3012220000299FEF7E7FA002814
:10B81000F0D0202EE5D120C7002204260025E2E743
:10B82000002C00D143E12022A41BA3000193337814
:10B8300034009343502BADD163782B2B00D11EE104
:10B840002D2B00D0EBE00122A378A11CFB5C26008D
:10B85000581E18289ED84E1C4978103B795C180059
:10B8600000290AD10CE083001B185B000136581830
:10B8700033781038F95C002901D01929F3DD030071
:10B88000002A00D05B42019A94469C44634601938F
:10B8900043461E604B46002B81D053465A425341CB
:10B8A00006245B421C40200007B0F0BCBB46B246F9
:10B8B000A946A046F0BDB846A94646464B4608C62E
:10B8C000049B4846F61A5346B6101E6100F00EFC63
:10B8D0005B461D687601361AAE4251DC00DAD0E0D4
:10B8E0009B68019A934200DAC0E05B465B689A422B
:10B8F00000DB97E09C1A671EAC426FDA0026002F2F
:10B9000000D04EE11F21012339408B407A11049968
:10B9100092008A58504621002D1B1A4200D12BE17B
:10B92000FFF79CFE5B465B6801935B46DC68022C7C
:10B9300000D1DBE0032C00D142E1012C00D16EE10B
:10B94000122470E0424B0122190028000293FEF7F6
:10B9500045FA814600286FD16B786C1CFA5C002A8E
:10B960006CD02500302B00D05DE16B780135302B99
:10B97000FBD0FB5C5A425A41914601229246EBE6CB
:10B98000741B2100504601F03FF8061E0FD01F2106
:10B990000123601E01408B404211049992008A5895
:10B9A00001261A4203D0012800DD00E10226210011
:10B9B0005046FFF753FE019B9C465B46A4446246FB
:10B9C0009B680192634551DB5B46019A5B68934239
:10B9D00000DC7DE09C1AA54200DDD4E05A46D26826
:10B9E000022A37D0032A00D1F1E0012A35D1AC4236
:10B9F00033D1012C07D05046611E01F005F8002814
:10BA00002BD05B465B68059A622413600123524683
:10BA10001361049A13605246109B1A6043E7002298
:10BA2000611C13E701245246109B1A60059B019A82
:10BA30001A6038E72E0098E62C002B7820229343DA
:10BA4000502B00D1BEE043461C6026E7F82D0110C4
:10BA5000C0CD0010119A002AD5D05146039800F0AD
:10BA600091FA0023109A502413601CE75146039862
:10BA700000F088FA0023109AA324136013E7002231
:10BA8000E2E6AE1B32005146039800F01BFD019B1D
:10BA900082469A1B5B469B6801929A42E6DC5B46B3
:10BAA0005B689A42BEDA14215144049122E773780C
:10BAB000741CFA5C2600002A00D166E67378013611
:10BAC000FA5C002AFAD15DE600238D1C9A4637E61F
:10BAD0000124002EA7D05B46DB68022B06D0032B87
:10BAE00008D0012B55D010231C439CE70123119A49
:10BAF0009B1A1193119B002BF5D053461F69049B91
:10BB0000BA009146180098460021484402E002C35A
:10BB1000984261D91A68561CF9D001321A60022C79
:10BB200069D01F231E0021242E402B4200D17AE72A
:10BB30004B464344043B186800F0D8FA20239B1B73
:10BB4000984200DB6FE753461969002900DD93E056
:10BB50000023524613610023524653615B46019A0B
:10BB60009B6801320192934280DB21245BE7049BB6
:10BB7000984600239946A0E6FFF770FD5B465B6898
:10BB800002240193A5E7671E002E00D1B6E6012628
:10BB9000B8E6B307A7D5049B1B681E43F607ACD4D1
:10BBA000A1E73900504600F02FFF0600AAE65046F4
:10BBB000A11E00F029FF002800D1F7E60326F6E6D3
:10BBC000022497E7002301930133994634E6119A42
:10BBD000002A00D017E740E753469B689F4225DACA
:10BBE00053460122791C1961BB0053445A61049BDE
:10BBF0009846022CA9D15B461B682224013BAB422C
:10BC000000D010E71F21012329408B4041466A11D3
:10BC1000920054581C4063425C41213403E70223E4
:10BC200002241E43B7E701239A4698E55346596814
:10BC30000398013100F07EF9061E56D05346514656
:10BC40001A690C31023292000C30F7F71FFB514693
:10BC5000039800F097F901223369B246591C9B0002
:10BC6000F31831615A6114239846B044022CC2D0B3
:10BC70008F4200DB55E768E7534650465B69890011
:10BC8000414418305B0881421FD944461A000368BA
:10BC9000DB07134308C404C852088142F7D81300D5
:10BCA00052468A1A4146193A9208920004315218B3
:10BCB0001360002B00D0043243465146D31A9B1028
:10BCC0000B61424500D049E745E742461360002B2F
:10BCD00002D042460432EFE7524613613BE70022AE
:10BCE000E421054B0548F8F791FF00228421024B1F
:10BCF0000248F8F78BFFC0462CCE001040CE001053
:10BD000030B5026808E013781D00413D192D00D8B8
:10BD100020330131A34206D10C780132002CF2D13C
:10BD20000260012030BD0020FCE7C046F0B545466A
:10BD3000DE4657464E461F2403000800E0B52500A6
:10BD40001100006887B04211920005408A180395DF
:10BD5000044200D09EE01000171F021F91460022EF
:10BD60004846026018684678002E00D1AFE0019086
:10BD70006F48049380464B460F20002400228346E0
:10BD800001980193434602963D0026008946B84635
:10BD9000390092461F00029C15E0202C00D98AE051
:10BDA00052450CDD8D4201D2072E55DD0826A945EE
:10BDB00005D2291F002392460D0000260B608478CF
:10BDC0000130002C12D03B5D002BE6D00136013251
:10BDD000082E39DC2C682401A4465C4623406446C6
:10BDE00023432B6084780130002CECD1019B8C46DE
:10BDF0003400494647469946002A68D0654502D234
:10BE0000072C00DC77E0A94247D20A002B0001CBC7
:10BE100001C29F42FBD26A1C781C0023904266D26A
:10BE200000200A1D9B181A0004331060BB42FAD987
:10BE30004B461B68002B05D1B94250D0043F3B68EC
:10BE4000002BF9D0052043E0A945B8D20024043DD9
:10BE5000A44601262C60C0E708239B1B9B009C4640
:10BE6000202364462E001C1B02952B686546059016
:10BE7000944620002A0075682C0084401C432B0047
:10BE8000D3403460736004368E42F4D36246029D20
:10BE900005988BE71700101D5FE74B46039A1B6858
:10BEA000002ACDD02020801A01225242C2401340E5
:10BEB0004A461360C4E7A2463400564647468046C9
:10BEC00001988C46049B49468146292E0BD00420BC
:10BED00007B0F0BCBB46B246A946A046F0BD012360
:10BEE00005200B60F4E740460230186084E77D1BB4
:10BEF000AD08AB0094E708262023361BB6009B1B39
:10BF000098462B6828001A000B0031006646AC46A4
:10BF10004546984644682300AB4013432200CA407C
:10BF2000036042600430B042F4D3654641466AE79C
:10BF3000F82D0110436C70B504000D00002B0AD0E1
:10BF4000AA009B18186800280ED002681A60002307
:10BF50000361C36070BD21220421FBF781F8031E39
:10BF60006064EDD10020F5E70126AE40721D01218D
:10BF700020009200FBF774F80028F3D0456086603B
:10BF8000E5E7C046002906D04A68436C92009B183A
:10BF90001A680A6019607047F0B5C6461F008046EF
:10BFA000002300B50E000D6914310C680133200424
:10BFB000000C5043240C5443C019070CE41900042E
:10BFC000270C000C2404241810C19D42EDDC002F26
:10BFD00007D0B368AB4208DDAB00F31801355F61F1
:10BFE0003561300080BCB846F0BD71684046013113
:10BFF000FFF7A0FF041E16D0310032690C31023267
:10C0000092000C30F7F742F9434672685B6C92007D
:10C010009B181A6832601E602600AB00F3180135C9
:10C020005F613561DDE70022BA21024B0248F8F773
:10C03000EDFDC0462CCE0010A4CE0010F8B547464A
:10C04000CE460600180080B50C00083009211F00FC
:10C050009046F6F705F8092F3BDD012500216D001C
:10C060000131A842FBDC3000FFF764FF011E32D033
:10C07000089B4361012303614346092B16DC092316
:10C0800098460A3447450CDD4346E719FF1A2378E2
:10C090000A223000303BFFF77FFF01340100BC4231
:10C0A000F5D10800C0BCB946B046F8BD0923994691
:10C0B000A1444D4644442B780A223000303BFFF720
:10C0C0006BFF01350100A542F5D14C464444083CC4
:10C0D000D8E70021C7E70022024B0348D331F8F725
:10C0E00095FDC0462CCE0010A4CE00108022030087
:10C0F00052020020934201D21B04103080225204CD
:10C10000934201D208301B0280225205934207D38A
:10C110008022D205934214D29B0014D4033008E04D
:10C12000802104301A01C9058A4203D3D243D20FB9
:10C13000801870479A019B0105D40A42EED1202055
:10C14000F7E71A00F2E70230F3E7C04603680100A0
:10C1500010B55A0707D0DA072BD49A072ED55B08FB
:10C160000360012010BD1A0410D1FF221B0C102007
:10C170001A4201D108301B0A1A0717D09A070ED0AD
:10C18000DA0701D401305B080B60EBE7FF221A42AB
:10C1900011D01A071AD104201B099A07F0D19A0866
:10C1A0005C070FD5130002300B60DBE704301B097E
:10C1B000F3E70020D6E708201B0ADDE79B080360B1
:10C1C0000220CFE7DB0805D12020CBE7DB080320E6
:10C1D0000B60C7E703300B60C4E7C046436C70B523
:10C1E00004000D00002B0AD05868002815D0026802
:10C1F0005A600023C36001334561036170BD212291
:10C200000421FAF72DFF031E6064EDD146210022C0
:10C21000084B0948FF31F8F7F9FC1C2201212000E6
:10C22000FAF71EFF0028F1D0012343600133836039
:10C23000DFE7C0462CCE0010A4CE0010F0B54E466D
:10C2400057464546DE46E0B50B6916698A46914673
:10C25000984685B0B34204DB330089464646924691
:10C2600098464B4659684346F5184B469B68AB4287
:10C2700000DA0131FFF75EFE071E00D1AAE01423A9
:10C280009C4684446346AC00644418000022A342E8
:10C2900002D204C39C42FCD814234B449B46434621
:10C2A00051469B0098461431B60088445E4441458F
:10C2B00076D200239A464B4615339E4200D382E045
:10C2C0005B460193434600935346B446A246AB46B1
:10C2D000B9460C00029306E02D0C32D1009B0434C9
:10C2E0000430A34259D925682B04190C002BF3D034
:10C2F000019D5346A04600260C0082462F00039362
:10C3000008CF01681A04120C62431B0C0D0463432E
:10C310002D0C52199219090C5B18110C5B181204A0
:10C320001E0C120C1B04134308C0BC45E8D8504631
:10C330004446039B9A46029BC3185E6025682D0CF9
:10C34000CCD0060000220368A04660461900140005
:10C35000B446019F3A88090C6A43121952181B040B
:10C3600011041B0C0B43336010CF7168240C6C4319
:10C370000B041B0CE318120C9B181C0C0436B8425F
:10C38000E8D86246844610004446029A0434821873
:10C390005360009B0430A342A5D854465D464F46E7
:10C3A000002D03DC06E0013D002D03D0043C236892
:10C3B000002BF8D038003D6105B0F0BCBB46B2465A
:10C3C000A946A046F0BD4B46F31A153B9B089B00BF
:10C3D0009A4675E7B1210022024B03484900F8F75D
:10C3E00015FCC0462CCE0010A4CE0010F8B50323D7
:10C3F00047461400CE461A0080B50E0007002240C2
:10C40000234239D1A41032D03D6C002D3DD0012300
:10C41000984600239946434623406410002B08D1D8
:10C420002868002819D00500434623406410002BDB
:10C43000F6D02A0031003800FFF700FF002E06D0AA
:10C4400072687B6C92009B181A6832601E60002C28
:10C450000ED0060028680028E5D12A0029003800FF
:10C46000FFF7ECFE4B46286005000360DCE7300078
:10C47000C0BCB946B046F8BD0E4B013A9200D25846
:10C480000023FFF789FD0600BCE701213800FFF714
:10C4900051FD051E07D0084B4361012303610023B2
:10C4A00038640360B3E746210022044B0448FF319F
:10C4B000F8F7ACFBF82E0110710200002CCE001032
:10C4C000A4CE0010F0B54546DE4657464E46E0B5D0
:10C4D0000D002B6954119846A04443465E1CAB687E
:10C4E00083461700496883B09E4203DD01315B003B
:10C4F0009E42FBDC5846FFF71DFD8446002854D0C1
:10C50000010014310B000191002C0CDDA40022006D
:10C5100000201432624401C39342FCD1019B99462E
:10C52000A1444B4601931F222B0011002C691433A8
:10C53000A40039408A461C193A4230D00132521ABE
:10C5400091460027019851461A688A403A4304C030
:10C550004A4680CBD7409C42F5D82A0015320023AA
:10C56000944203D3631B153B9B089B00019A9146A1
:10C570004B445F60002F00D1464663461E615B4618
:10C5800060466A685B6C92009B181A682A601D609E
:10C5900003B0F0BCBB46B246A946A046F0BD019927
:10C5A00004CB04C19C42FBD8E6E7EF210022024BFA
:10C5B00002484900F8F72AFB2CCE0010A4CE001048
:10C5C00002690B6930B50500D01A9A4214D19B005C
:10C5D00014351431EA18CB1801E095420CD2043A14
:10C5E000043B146819688C42F7D000238C425B41ED
:10C5F00002205B421840013830BDC046F0B54546C8
:10C600009046DE4657464E464346E0B50A690C0062
:10C61000196983B0551A8A4214D12700424689000D
:10C62000143714327B18521802E09F4200D396E070
:10C63000043B043A1E6811688E42F6D000D399E09C
:10C64000012504E0002DFBDBA04600251C0043462D
:10C650005968FFF76FFC8446002800D194E04346F8
:10C660001A6914339600B246C5609A446546009331
:10C670005346216920008900894614350021019321
:10C680002B00143081444D46A34614270C009246DB
:10C6900001009946434601C9DE5902043304120CD5
:10C6A0001B0C9B1A62461B19000C360C361A181408
:10C6B00030181B0404141B0C00040343D35104372B
:10C6C0008D42E7D82100019C48465246A2465C466E
:10C6D000A9460500200015301E000027009B81455B
:10C6E00004D34846001B1538800887007819041DBC
:10C6F000DF19A0463C1DA146EF1A0300A2451DD933
:10C700003B00574692461A000E00A51801CC0304C0
:10C710001B0C5B181B14010C86195B1836041914CA
:10C72000360C1B041E432E60A742EDD83B00494641
:10C730005246013B5B1A9B089B004344002E04D1E8
:10C74000043B1968013A0029FAD063461A61604631
:10C7500003B0F0BCBB46B246A946A046F0BD0021DE
:10C76000FFF7E8FB8446002808D00123036100237B
:10C770004361ECE74346A0461C0068E70022054BF6
:10C7800005480649F8F742FA0022024B02480449DC
:10C79000F8F73CFA2CCE0010A4CE001037020000AF
:10C7A000450200000D4A0E4B94460B4063440022A4
:10C7B000002B02DD1900100070475B421915132988
:10C7C00003DC80231B030B41F4E7143901221E29EB
:10C7D00002DC80221206CA400023EBE70000C0FC06
:10C7E0000000F07FF8B506004746CE4604691436CF
:10C7F000A4003419231F1D6880B528000F00984637
:10C80000FFF774FC2022111A030039600A282EDD7C
:10C8100007000B3F464519D208235B429C46A444BF
:10C8200063461B68002F1AD01900D21BD140BD40AF
:10C830009146194A0D432A431100BB40664511D267
:10C840004A460C3C2468D44023430BE00B2805D017
:10C85000BD40114B2B431900002303E000230E4A77
:10C860002A4311001800C0BCB946B046F8BD2F00DD
:10C87000153A121AD7409146074A3A431100002749
:10C88000464503D24A46083C2768D74015339D40A9
:10C890002B003B43E6E7C0460000F03FF0B5012126
:10C8A00083B014001D00FFF745FB061E47D02B0385
:10C8B0006F001B0B7F0D02D08022520313430193A4
:10C8C000002C16D101A8FFF741FC0124019B203068
:10C8D00073613461002F23D01C4B35249C46089B88
:10C8E00067443F181F60241A3000099B1C6003B086
:10C8F000F0BD68460094FFF729FC019C009B0028CE
:10C9000006D020222100121A9140C4400B4301940A
:10C910007361B461631E9C4101343461002FDBD12B
:10C920000B4B9C46089B604418600023E3189B0057
:10C93000F3181869FFF7DAFB6401241AD4E7002220
:10C94000044B05480549F8F761F9C046CDFBFFFFE8
:10C95000CEFBFFFF2CCE0010A4CE00100F03000072
:10C96000F0B5CE46474680B585B0884602A98146D7
:10C97000FFF738FF04000D00404603A9FFF732FF20
:10C9800002000B0040464946006909690092019384
:10C99000091A4901884602980399401A0100414446
:10C9A00000290BDD09054F193D0020002900F5F78E
:10C9B000CCFD05B0C0BCB946B046F0BD09055B1A58
:10C9C0000193009A019BF0E71300013970B54C11F7
:10C9D0001169013414338900A400591804198B42D9
:10C9E0000AD2050040CB40C59942FBD88B1A153BB3
:10C9F0009B089B0004301818844203D9002308C008
:10CA00008442FCD870BDC04610B5040002691434DD
:10CA1000481182420ADA9200A31803E0043B1A6824
:10CA2000002A14D1A342F9D8002010BD8300E318D6
:10CA30008242F7DD1F22100008400A42F2D0196836
:10CA40000A00C240824001209142EED1EAE7012073
:10CA5000EBE7C046114BF0B598421BD80025104EAD
:10CA6000104F02E0551CAE4214DBAB19DA0FD2189E
:10CA7000521053009B185B00FB1859885C78090220
:10CA800021439C886418A042ECD8884204D2561EE8
:10CA9000AE42EADAFF20F0BD1878FCE7EF010E00A5
:10CAA000F9080000F82F0110F8B5C046000000009A
:10CAB00001B40248844601BC604700BFE103002086
:10CAC00001B40248844601BC604700BFE501002074
:10CAD00001B40248844601BC604700BF750F0020C6
:10CAE00001B40248844601BC604700BF1D05002018
:10CAF00001B40248844601BC604700BF51030020D6
:10CB000001B40248844601BC604700BF750F002095
:10CB100001B40248844601BC604700BFC102002046
:10CB200001B40248844601BC604700BF590100209F
:10CB300001B40248844601BC604700BF150A0020CA
:10CB400001B40248844601BC604700BF510D00207B
:10CB500001B40248844601BC604700BF110B0020AD
:10CB600001B40248844601BC604700BFC1000020F8
:10CB700001B40248844601BC604700BFED090020B3
:10CB8000351E0010611E001045200010713200108B
:10CB90008D270010253000106D1F00107D1E001025
:10CBA0009D1E0010B11E00107D110010B91E001056
:10CBB00035150010FD1D0010550C001051700010AF
:04CBC000B1020010AE
:10CBC8000D0A000070616E5F63656E7465723D25C5
:10CBD8006400000074696C745F63656E7465723D0F
:10CBE8002564000070616E5F72616E67653D256443
:10CBF8000000000074696C745F72616E67653D25A2
:10CC080064000000737761705F70616E5F74696CB7
:10CC1800743D256400000000646D785F7374617270
:10CC2800745F616464726573733D2564000000007D
:10CC3800746573745F6D6F64653D25640000000062
:10CC480054696E79555342004D6173732053746F64
:10CC5800726167650000000054696E79555342207F
:10CC68004465766963650000313233343536000037
:10CC780054696E79555342204D5343000A2A2A2A93
:10CC88002050414E4943202A2A2A0A000A0000005F
:10CC98004E6F207370696E6C6F636B732061726581
:10CCA80020617661696C61626C650000486172643C
:10CCB8007761726520616C61726D20256420616CFA
:10CCC800726561647920636C61696D656400000058
:10CCD8004861726420617373657274004F757420C3
:10CCE8006F66206D656D6F727900000052656C6526
:10CCF80061736500626F6F74325F773235713038F7
:10CD080030000000322E322E300000007069636F50
:10CD1800000000007270323034305F70776D5F6CE5
:10CD280065640000417567203133203230323600A7
:10CD3800666E692B00000000666E69006E616E0009
:10CD4800666E692D000000002C2066756E6374699C
:10CD58006F6E3A2000000000617373657274696F2A
:10CD68006E2022257322206661696C65643A20660C
:10CD7800696C6520222573222C206C696E6520253C
:10CD880064257325730A00006275665F6374726CAC
:10CD98002040203078256C5820616C726561647978
:10CDA80020617661696C61626C6500004C454400E5
:10CDB80065256C64000000002E0000004C435F43B2
:10CDC8004F4C4C41544500004C435F435459504527
:10CDD800000000004C435F4D4F4E455441525900EE
:10CDE8004C435F4E554D4552494300004C435F54F8
:10CDF800494D45004C435F4D45535341474553000A
:10CE08006E660000696E697479000000616E00004A
:10CE18004A495300534A4953000000004555434AC4
:10CE28005000000042616C6C6F632073756363652A
:10CE380065646564000000002F646174612F6A6591
:10CE48006E6B696E732F776F726B73706163652F8A
:10CE5800474E552D746F6F6C636861696E2F6172F0
:10CE68006D2D31342F7372632F6E65776C69622D67
:10CE780063796777696E2F6E65776C69622F6C6965
:10CE880062632F7374646C69622F6764746F612DB9
:10CE98006765746865782E63000000002F6461740C
:10CEA800612F6A656E6B696E732F776F726B737023
:10CEB8006163652F474E552D746F6F6C63686169A8
:10CEC8006E2F61726D2D31342F7372632F6E6577FB
:10CED8006C69622D63796777696E2F6E65776C6907
:10CEE800622F6C6962632F7374646C69622F6D7052
:10CEF8007265632E63000000EB3C904D53444F5322
:10CF0800352E3000020101000110001000F8010068
:10CF1800010001000000000000000000800029342A
:10CF280012000054696E79555342204D53434641CF
:10CF380054313220202000000000000000000000D2
:10CF480000000000000000000000000000000000D9
:10CF580000000000000000000000000000000000C9
:10CF680000000000000000000000000000000000B9
:10CF780000000000000000000000000000000000A9
:10CF88000000000000000000000000000000000099
:10CF98000000000000000000000000000000000089
:10CFA8000000000000000000000000000000000079
:10CFB8000000000000000000000000000000000069
:10CFC8000000000000000000000000000000000059
:10CFD8000000000000000000000000000000000049
:10CFE8000000000000000000000000000000000039
:10CFF8000000000000000000000000000000000029
:10D008000000000000000000000000000000000018
:10D018000000000000000000000000000000000008
:10D0280000000000000000000000000000000000F8
:10D0380000000000000000000000000000000000E8
:10D0480000000000000000000000000000000000D8
:10D0580000000000000000000000000000000000C8
:10D0680000000000000000000000000000000000B8
:10D0780000000000000000000000000000000000A8
:10D088000000000000000000000000000000000098
:10D098000000000000000000000000000000000088
:10D0A8000000000000000000000000000000000078
:10D0B8000000000000000000000000000000000068
:10D0C8000000000000000000000000000000000058
:10D0D8000000000000000000000000000000000048
:10D0E8000000000000000000000000000000000038
:10D0F80000000000000055AAF8FFFFFF0F00000025
:10D108000000000000000000000000000000000017
:10D118000000000000000000000000000000000007
:10D1280000000000000000000000000000000000F7
:10D1380000000000000000000000000000000000E7
:10D1480000000000000000000000000000000000D7
:10D1580000000000000000000000000000000000C7
:10D1680000000000000000000000000000000000B7
:10D1780000000000000000000000000000000000A7
:10D188000000000000000000000000000000000097
:10D198000000000000000000000000000000000087
:10D1A8000000000000000000000000000000000077
:10D1B8000000000000000000000000000000000067
:10D1C8000000000000000000000000000000000057
:10D1D8000000000000000000000000000000000047
:10D1E8000000000000000000000000000000000037
:10D1F8000000000000000000000000000000000027
:10D208000000000000000000000000000000000016
:10D218000000000000000000000000000000000006
:10D2280000000000000000000000000000000000F6
:10D2380000000000000000000000000000000000E6
:10D2480000000000000000000000000000000000D6
:10D2580000000000000000000000000000000000C6
:10D2680000000000000000000000000000000000B6
:10D2780000000000000000000000000000000000A6
:10D288000000000000000000000000000000000096
:10D298000000000000000000000000000000000086
:10D2A8000000000000000000000000000000000076
:10D2B8000000000000000000000000000000000066
:10D2C8000000000000000000000000000000000056
:10D2D8000000000000000000000000000000000046
:10D2E8000000000000000000000000000000000036
:10D2F8000000000000000000434F4E464947202030
:10D3080020202008000000000000000000004F6DF1
:10D318006543000000000000434F4E464947202067
:10D328005458542000004F6D6543000000004F6DB5
:10D3380065430200770000000000000000000000C4
:10D3480000000000000000000000000000000000D5
:10D3580000000000000000000000000000000000C5
:10D3680000000000000000000000000000000000B5
:10D3780000000000000000000000000000000000A5
:10D388000000000000000000000000000000000095
:10D398000000000000000000000000000000000085
:10D3A8000000000000000000000000000000000075
:10D3B8000000000000000000000000000000000065
:10D3C8000000000000000000000000000000000055
:10D3D8000000000000000000000000000000000045
:10D3E8000000000000000000000000000000000035
:10D3F8000000000000000000000000000000000025
:10D408000000000000000000000000000000000014
:10D418000000000000000000000000000000000004
:10D4280000000000000000000000000000000000F4
:10D4380000000000000000000000000000000000E4
:10D4480000000000000000000000000000000000D4
:10D4580000000000000000000000000000000000C4
:10D4680000000000000000000000000000000000B4
:10D4780000000000000000000000000000000000A4
:10D488000000000000000000000000000000000094
:10D498000000000000000000000000000000000084
:10D4A8000000000000000000000000000000000074
:10D4B8000000000000000000000000000000000064
:10D4C8000000000000000000000000000000000054
:10D4D8000000000000000000000000000000000044
:10D4E8000000000000000000000000000000000034
:10D4F800000000000000000070616E5F63656E74DC
:10D5080065723D313530300D0A74696C745F63653E
:10D518006E7465723D313530300D0A70616E5F7220
:10D52800616E67653D313030300D0A74696C745F27
:10D5380072616E67653D313030300D0A7377617006
:10D548005F70616E5F74696C743D300D0A646D784C
:10D558005F73746172745F616464726573733D3183
:10D568000D0A746573745F6D6F64653D300D0A0054
:10D5780000000000000000000000000000000000A3
:10D588000000000000000000000000000000000093
:10D598000000000000000000000000000000000083
:10D5A8000000000000000000000000000000000073
:10D5B8000000000000000000000000000000000063
:10D5C8000000000000000000000000000000000053
:10D5D8000000000000000000000000000000000043
:10D5E8000000000000000000000000000000000033
:10D5F8000000000000000000000000000000000023
:10D608000000000000000000000000000000000012
:10D618000000000000000000000000000000000002
:10D6280000000000000000000000000000000000F2
:10D6380000000000000000000000000000000000E2
:10D6480000000000000000000000000000000000D2
:10D6580000000000000000000000000000000000C2
:10D6680000000000000000000000000000000000B2
:10D6780000000000000000000000000000000000A2
:10D688000000000000000000000000000000000092
:10D698000000000000000000000000000000000082
:10D6A8000000000000000000000000000000000072
:10D6B8000000000000000000000000000000000062
:10D6C8000000000000000000000000000000000052
:10D6D8000000000000000000000000000000000042
:10D6E8000000000000000000000000000000000032
:10D6F8000000000000000000000000000000000022
:10D708000000000000000000000000000000000011
:10D718000000000000000000000000000000000001
:10D7280000000000000000000000000000000000F1
:10D7380000000000000000000000000000000000E1
:10D7480000000000000000000000000000000000D1
:10D7580000000000000000000000000000000000C1
:10D7680000000000000000000000000000000000B1
:10D7780000000000000000000000000000000000A1
:10D788000000000000000000000000000000000091
:10D798000000000000000000000000000000000081
:10D7A8000000000000000000000000000000000071
:10D7B8000000000000000000000000000000000061
:10D7C8000000000000000000000000000000000051
:10D7D8000000000000000000000000000000000041
:10D7E8000000000000000000000000000000000031
:10D7F8000000000000000000000000000000000021
:10D808000000000000000000000000000000000010
:10D818000000000000000000000000000000000000
:10D8280000000000000000000000000000000000F0
:10D8380000000000000000000000000000000000E0
:10D8480000000000000000000000000000000000D0
:10D8580000000000000000000000000000000000C0
:10D8680000000000000000000000000000000000B0
:10D8780000000000000000000000000000000000A0
:10D888000000000000000000000000000000000090
:10D898000000000000000000000000000000000080
:10D8A8000000000000000000000000000000000070
:10D8B8000000000000000000000000000000000060
:10D8C8000000000000000000000000000000000050
:10D8D8000000000000000000000000000000000040
:10D8E8000000000000000000000000000000000030
:10D8F8000000000000000000000000000000000020
:10D90800000000000000000000000000000000000F
:10D9180000000000000000000000000000000000FF
:10D9280000000000000000000000000000000000EF
:10D9380000000000000000000000000000000000DF
:10D9480000000000000000000000000000000000CF
:10D9580000000000000000000000000000000000BF
:10D9680000000000000000000000000000000000AF
:10D97800000000000000000000000000000000009F
:10D98800000000000000000000000000000000008F
:10D99800000000000000000000000000000000007F
:10D9A800000000000000000000000000000000006F
:10D9B800000000000000000000000000000000005F
:10D9C800000000000000000000000000000000004F
:10D9D800000000000000000000000000000000003F
:10D9E800000000000000000000000000000000002F
:10D9F800000000000000000000000000000000001F
:10DA0800000000000000000000000000000000000E
:10DA180000000000000000000000000000000000FE
:10DA280000000000000000000000000000000000EE
:10DA380000000000000000000000000000000000DE
:10DA480000000000000000000000000000000000CE
:10DA580000000000000000000000000000000000BE
:10DA680000000000000000000000000000000000AE
:10DA7800000000000000000000000000000000009E
:10DA8800000000000000000000000000000000008E
:10DA9800000000000000000000000000000000007E
:10DAA800000000000000000000000000000000006E
:10DAB800000000000000000000000000000000005E
:10DAC800000000000000000000000000000000004E
:10DAD800000000000000000000000000000000003E
:10DAE800000000000000000000000000000000002E
:10DAF800000000000000000000000000000000001E
:10DB0800000000000000000000000000000000000D
:10DB180000000000000000000000000000000000FD
:10DB280000000000000000000000000000000000ED
:10DB380000000000000000000000000000000000DD
:10DB480000000000000000000000000000000000CD
:10DB580000000000000000000000000000000000BD
:10DB680000000000000000000000000000000000AD
:10DB7800000000000000000000000000000000009D
:10DB8800000000000000000000000000000000008D
:10DB9800000000000000000000000000000000007D
:10DBA800000000000000000000000000000000006D
:10DBB800000000000000000000000000000000005D
:10DBC800000000000000000000000000000000004D
:10DBD800000000000000000000000000000000003D
:10DBE800000000000000000000000000000000002D
:10DBF800000000000000000000000000000000001D
:10DC0800000000000000000000000000000000000C
:10DC180000000000000000000000000000000000FC
:10DC280000000000000000000000000000000000EC
:10DC380000000000000000000000000000000000DC
:10DC480000000000000000000000000000000000CC
:10DC580000000000000000000000000000000000BC
:10DC680000000000000000000000000000000000AC
:10DC7800000000000000000000000000000000009C
:10DC8800000000000000000000000000000000008C
:10DC9800000000000000000000000000000000007C
:10DCA800000000000000000000000000000000006C
:10DCB800000000000000000000000000000000005C
:10DCC800000000000000000000000000000000004C
:10DCD800000000000000000000000000000000003C
:10DCE800000000000000000000000000000000002C
:10DCF800000000000000000000000000000000001C
:10DD0800000000000000000000000000000000000B
:10DD180000000000000000000000000000000000FB
:10DD280000000000000000000000000000000000EB
:10DD380000000000000000000000000000000000DB
:10DD480000000000000000000000000000000000CB
:10DD580000000000000000000000000000000000BB
:10DD680000000000000000000000000000000000AB
:10DD7800000000000000000000000000000000009B
:10DD8800000000000000000000000000000000008B
:10DD9800000000000000000000000000000000007B
:10DDA800000000000000000000000000000000006B
:10DDB800000000000000000000000000000000005B
:10DDC800000000000000000000000000000000004B
:10DDD800000000000000000000000000000000003B
:10DDE800000000000000000000000000000000002B
:10DDF800000000000000000000000000000000001B
:10DE0800000000000000000000000000000000000A
:10DE180000000000000000000000000000000000FA
:10DE280000000000000000000000000000000000EA
:10DE380000000000000000000000000000000000DA
:10DE480000000000000000000000000000000000CA
:10DE580000000000000000000000000000000000BA
:10DE680000000000000000000000000000000000AA
:10DE7800000000000000000000000000000000009A
:10DE8800000000000000000000000000000000008A
:10DE9800000000000000000000000000000000007A
:10DEA800000000000000000000000000000000006A
:10DEB800000000000000000000000000000000005A
:10DEC800000000000000000000000000000000004A
:10DED800000000000000000000000000000000003A
:10DEE800000000000000000000000000000000002A
:10DEF800000000000000000000000000000000001A
:10DF08000000000000000000000000000000000009
:10DF180000000000000000000000000000000000F9
:10DF280000000000000000000000000000000000E9
:10DF380000000000000000000000000000000000D9
:10DF480000000000000000000000000000000000C9
:10DF580000000000000000000000000000000000B9
:10DF680000000000000000000000000000000000A9
:10DF78000000000000000000000000000000000099
:10DF88000000000000000000000000000000000089
:10DF98000000000000000000000000000000000079
:10DFA8000000000000000000000000000000000069
:10DFB8000000000000000000000000000000000059
:10DFC8000000000000000000000000000000000049
:10DFD8000000000000000000000000000000000039
:10DFE8000000000000000000000000000000000029
:10DFF8000000000000000000000000000000000019
:10E008000000000000000000000000000000000008
:10E0180000000000000000000000000000000000F8
:10E0280000000000000000000000000000000000E8
:10E0380000000000000000000000000000000000D8
:10E0480000000000000000000000000000000000C8
:10E0580000000000000000000000000000000000B8
:10E0680000000000000000000000000000000000A8
:10E078000000000000000000000000000000000098
:10E088000000000000000000000000000000000088
:10E098000000000000000000000000000000000078
:10E0A8000000000000000000000000000000000068
:10E0B8000000000000000000000000000000000058
:10E0C8000000000000000000000000000000000048
:10E0D8000000000000000000000000000000000038
:10E0E8000000000000000000000000000000000028
:10E0F8000000000000000000000000000000000018
:10E108000000000000000000000000000000000007
:10E1180000000000000000000000000000000000F7
:10E1280000000000000000000000000000000000E7
:10E1380000000000000000000000000000000000D7
:10E1480000000000000000000000000000000000C7
:10E1580000000000000000000000000000000000B7
:10E1680000000000000000000000000000000000A7
:10E178000000000000000000000000000000000097
:10E188000000000000000000000000000000000087
:10E198000000000000000000000000000000000077
:10E1A8000000000000000000000000000000000067
:10E1B8000000000000000000000000000000000057
:10E1C8000000000000000000000000000000000047
:10E1D8000000000000000000000000000000000037
:10E1E8000000000000000000000000000000000027
:10E1F8000000000000000000000000000000000017
:10E208000000000000000000000000000000000006
:10E2180000000000000000000000000000000000F6
:10E2280000000000000000000000000000000000E6
:10E2380000000000000000000000000000000000D6
:10E2480000000000000000000000000000000000C6
:10E2580000000000000000000000000000000000B6
:10E2680000000000000000000000000000000000A6
:10E278000000000000000000000000000000000096
:10E288000000000000000000000000000000000086
:10E298000000000000000000000000000000000076
:10E2A8000000000000000000000000000000000066
:10E2B8000000000000000000000000000000000056
:10E2C8000000000000000000000000000000000046
:10E2D8000000000000000000000000000000000036
:10E2E8000000000000000000000000000000000026
:10E2F8000000000000000000000000000000000016
:10E308000000000000000000000000000000000005
:10E3180000000000000000000000000000000000F5
:10E3280000000000000000000000000000000000E5
:10E3380000000000000000000000000000000000D5
:10E3480000000000000000000000000000000000C5
:10E3580000000000000000000000000000000000B5
:10E3680000000000000000000000000000000000A5
:10E378000000000000000000000000000000000095
:10E388000000000000000000000000000000000085
:10E398000000000000000000000000000000000075
:10E3A8000000000000000000000000000000000065
:10E3B8000000000000000000000000000000000055
:10E3C8000000000000000000000000000000000045
:10E3D8000000000000000000000000000000000035
:10E3E8000000000000000000000000000000000025
:10E3F8000000000000000000000000000000000015
:10E408000000000000000000000000000000000004
:10E4180000000000000000000000000000000000F4
:10E4280000000000000000000000000000000000E4
:10E4380000000000000000000000000000000000D4
:10E4480000000000000000000000000000000000C4
:10E4580000000000000000000000000000000000B4
:10E4680000000000000000000000000000000000A4
:10E478000000000000000000000000000000000094
:10E488000000000000000000000000000000000084
:10E498000000000000000000000000000000000074
:10E4A8000000000000000000000000000000000064
:10E4B8000000000000000000000000000000000054
:10E4C8000000000000000000000000000000000044
:10E4D8000000000000000000000000000000000034
:10E4E8000000000000000000000000000000000024
:10E4F8000000000000000000000000000000000014
:10E508000000000000000000000000000000000003
:10E5180000000000000000000000000000000000F3
:10E5280000000000000000000000000000000000E3
:10E5380000000000000000000000000000000000D3
:10E5480000000000000000000000000000000000C3
:10E5580000000000000000000000000000000000B3
:10E5680000000000000000000000000000000000A3
:10E578000000000000000000000000000000000093
:10E588000000000000000000000000000000000083
:10E598000000000000000000000000000000000073
:10E5A8000000000000000000000000000000000063
:10E5B8000000000000000000000000000000000053
:10E5C8000000000000000000000000000000000043
:10E5D8000000000000000000000000000000000033
:10E5E8000000000000000000000000000000000023
:10E5F8000000000000000000000000000000000013
:10E608000000000000000000000000000000000002
:10E6180000000000000000000000000000000000F2
:10E6280000000000000000000000000000000000E2
:10E6380000000000000000000000000000000000D2
:10E6480000000000000000000000000000000000C2
:10E6580000000000000000000000000000000000B2
:10E6680000000000000000000000000000000000A2
:10E678000000000000000000000000000000000092
:10E688000000000000000000000000000000000082
:10E698000000000000000000000000000000000072
:10E6A8000000000000000000000000000000000062
:10E6B8000000000000000000000000000000000052
:10E6C8000000000000000000000000000000000042
:10E6D8000000000000000000000000000000000032
:10E6E8000000000000000000000000000000000022
:10E6F8000000000000000000000000000000000012
:10E708000000000000000000000000000000000001
:10E7180000000000000000000000000000000000F1
:10E7280000000000000000000000000000000000E1
:10E7380000000000000000000000000000000000D1
:10E7480000000000000000000000000000000000C1
:10E7580000000000000000000000000000000000B1
:10E7680000000000000000000000000000000000A1
:10E778000000000000000000000000000000000091
:10E788000000000000000000000000000000000081
:10E798000000000000000000000000000000000071
:10E7A8000000000000000000000000000000000061
:10E7B8000000000000000000000000000000000051
:10E7C8000000000000000000000000000000000041
:10E7D8000000000000000000000000000000000031
:10E7E8000000000000000000000000000000000021
:10E7F8000000000000000000000000000000000011
:10E808000000000000000000000000000000000000
:10E8180000000000000000000000000000000000F0
:10E8280000000000000000000000000000000000E0
:10E8380000000000000000000000000000000000D0
:10E8480000000000000000000000000000000000C0
:10E8580000000000000000000000000000000000B0
:10E8680000000000000000000000000000000000A0
:10E878000000000000000000000000000000000090
:10E888000000000000000000000000000000000080
:10E898000000000000000000000000000000000070
:10E8A8000000000000000000000000000000000060
:10E8B8000000000000000000000000000000000050
:10E8C8000000000000000000000000000000000040
:10E8D8000000000000000000000000000000000030
:10E8E8000000000000000000000000000000000020
:10E8F8000000000000000000000000000000000010
:10E9080000000000000000000000000000000000FF
:10E9180000000000000000000000000000000000EF
:10E9280000000000000000000000000000000000DF
:10E9380000000000000000000000000000000000CF
:10E9480000000000000000000000000000000000BF
:10E9580000000000000000000000000000000000AF
:10E96800000000000000000000000000000000009F
:10E97800000000000000000000000000000000008F
:10E98800000000000000000000000000000000007F
:10E99800000000000000000000000000000000006F
:10E9A800000000000000000000000000000000005F
:10E9B800000000000000000000000000000000004F
:10E9C800000000000000000000000000000000003F
:10E9D800000000000000000000000000000000002F
:10E9E800000000000000000000000000000000001F
:10E9F800000000000000000000000000000000000F
:10EA080000000000000000000000000000000000FE
:10EA180000000000000000000000000000000000EE
:10EA280000000000000000000000000000000000DE
:10EA380000000000000000000000000000000000CE
:10EA480000000000000000000000000000000000BE
:10EA580000000000000000000000000000000000AE
:10EA6800000000000000000000000000000000009E
:10EA7800000000000000000000000000000000008E
:10EA8800000000000000000000000000000000007E
:10EA9800000000000000000000000000000000006E
:10EAA800000000000000000000000000000000005E
:10EAB800000000000000000000000000000000004E
:10EAC800000000000000000000000000000000003E
:10EAD800000000000000000000000000000000002E
:10EAE800000000000000000000000000000000001E
:10EAF800000000000000000000000000000000000E
:10EB080000000000000000000000000000000000FD
:10EB180000000000000000000000000000000000ED
:10EB280000000000000000000000000000000000DD
:10EB380000000000000000000000000000000000CD
:10EB480000000000000000000000000000000000BD
:10EB580000000000000000000000000000000000AD
:10EB6800000000000000000000000000000000009D
:10EB7800000000000000000000000000000000008D
:10EB8800000000000000000000000000000000007D
:10EB9800000000000000000000000000000000006D
:10EBA800000000000000000000000000000000005D
:10EBB800000000000000000000000000000000004D
:10EBC800000000000000000000000000000000003D
:10EBD800000000000000000000000000000000002D
:10EBE800000000000000000000000000000000001D
:10EBF800000000000000000000000000000000000D
:10EC080000000000000000000000000000000000FC
:10EC180000000000000000000000000000000000EC
:10EC280000000000000000000000000000000000DC
:10EC380000000000000000000000000000000000CC
:10EC480000000000000000000000000000000000BC
:10EC580000000000000000000000000000000000AC
:10EC6800000000000000000000000000000000009C
:10EC7800000000000000000000000000000000008C
:10EC8800000000000000000000000000000000007C
:10EC9800000000000000000000000000000000006C
:10ECA800000000000000000000000000000000005C
:10ECB800000000000000000000000000000000004C
:10ECC800000000000000000000000000000000003C
:10ECD800000000000000000000000000000000002C
:10ECE800000000000000000000000000000000001C
:10ECF800000000000000000000000000000000000C
:10ED080000000000000000000000000000000000FB
:10ED180000000000000000000000000000000000EB
:10ED280000000000000000000000000000000000DB
:10ED380000000000000000000000000000000000CB
:10ED480000000000000000000000000000000000BB
:10ED580000000000000000000000000000000000AB
:10ED6800000000000000000000000000000000009B
:10ED7800000000000000000000000000000000008B
:10ED8800000000000000000000000000000000007B
:10ED9800000000000000000000000000000000006B
:10EDA800000000000000000000000000000000005B
:10EDB800000000000000000000000000000000004B
:10EDC800000000000000000000000000000000003B
:10EDD800000000000000000000000000000000002B
:10EDE800000000000000000000000000000000001B
:10EDF800000000000000000000000000000000000B
:10EE080000000000000000000000000000000000FA
:10EE180000000000000000000000000000000000EA
:10EE280000000000000000000000000000000000DA
:10EE380000000000000000000000000000000000CA
:10EE480000000000000000000000000000000000BA
:10EE580000000000000000000000000000000000AA
:10EE6800000000000000000000000000000000009A
:10EE7800000000000000000000000000000000008A
:10EE8800000000000000000000000000000000007A
:10EE9800000000000000000000000000000000006A
:10EEA800000000000000000000000000000000005A
:10EEB800000000000000000000000000000000004A
:10EEC800000000000000000000000000000000003A
:10EED800000000000000000000000000000000002A
:10EEE800000000000000000000000000000000001A
:10EEF80000000000000000000904000009022000D2
:10EF0800010100A0320904000002080650040705A8
:10EF180001024000000705810240000012010002C2
:10EF280000000040FECA0240000101020301000087
:10EF380006005250D3F07542F4CC0010060052502F
:10EF4800E182887FFCCC001006005250ABB36053BE
:10EF58000CCD001006005250BBFF3CB614CD00107B
:10EF680006005250861C03021CCD001006005250A9
:10EF78005422A29D2CCD001005005250DE65F46885
:10EF8800047D011028400010D83F0010D83F001021
:10EF980020400010D83F0010D83F0010D83F001084
:10EFA800D83F0010D83F0010D83F0010D83F0010BD
:10EFB80018400010D83F001010400010D83F001033
:10EFC800D83F001008400010484200103E40001092
:10EFD800384200103E400010224200103E4000100F
:10EFE8003E4000103E4000103E4000103E400010E1
:10EFF8003E4000103E400010304000103E400010DF
:10F008003E4000103E4000103E4000103E400010C0
:10F0180030400010E6420010923F0010923F00106E
:10F02800923F0010923F0010923F0010923F001054
:10F03800923F0010923F0010923F0010923F001044
:10F04800923F0010923F0010923F0010923F001034
:10F05800923F0010923F0010923F0010923F001024
:10F06800923F0010923F0010923F0010923F001014
:10F07800923F0010923F0010923F0010923F001004
:10F08800923F0010923F0010923F0010923F0010F4
:10F09800923F00105C420010B44200105C42001025
:10F0A800923F0010923F0010923F0010923F0010D4
:10F0B800923F0010923F0010923F0010923F0010C4
:10F0C800923F0010923F0010923F0010923F0010B4
:10F0D800923F0010923F0010923F0010923F0010A4
:10F0E800F6440010923F0010923F0010923F00102B
:10F0F800923F0010923F0010923F0010923F001084
:10F10800923F0010923F0010F6440010F8420010A1
:10F11800F64400105C420010B44200105C4200103B
:10F12800000000000000F03F000000000000244044
:10F1380000000000000059400000000000408F401F
:10F14800000000000088C34000000000006AF8408A
:10F158000000000080842E4100000000D0126341AE
:10F168000000000084D797410000000065CDCD4124
:10F178000D0A0000760D0020760D00206A0D002093
:10F188001E0E0020240F0020340F0020440F002002
:10F19800C20D00202E5A0010645B0010185B00108E
:10F1A800CE5B0010B85B0010085B0010885A001096
:10F1B800425A0010245A0010665E00104E5E00107D
:10F1C800BE5D0010365E0010BE5D0010285E0010A7
:10F1D800125E0010BE5D0010FA5D0010D05D0010D8
:10F1E800446200103462001028620010BE5D0010F6
:10F1F800BE5D00101262001034620010BE5D001087
:10F20800BE5D0010BE5D0010BE5D0010BE5D00104A
:10F21800BE5D0010BE5D001082600010000000009E
:10F228002D640010000000004164001055640010B7
:10F23800BD640010F165001000000000000000002F
:10F24800AE6A0010A6680010A6680010526A001086
:10F25800A6680010A6680010A6680010A66800102E
:10F26800A6680010A6680010A6680010A66800101E
:10F27800A6680010A6680010A6680010A66800100E
:10F28800A6680010A66800107E680010A668001026
:10F29800A6680010A6680010A6680010A6680010EE
:10F2A800A6680010A668001080690010EC690010BC
:10F2B800A6680010A66800109C690010A6680010D7
:10F2C800A6680010A6680010A6680010066A00105C
:10F2D800A6680010286900100900525000000002BA
:10F2E800B4CD001008005250121002000020202057
:10F2F80020202020202028282828282020202020DE
:10F3080020202020202020202020202020881010AD
:10F318001010101010101010101010101004040409
:10F3280004040404040404101010101010104141C7
:10F3380041414141010101010101010101010101B5
:10F3480001010101010101011010101010104242C9
:10F358004242424202020202020202020202020285
:10F368000202020202020202101010102000000025
:10F378000000000000000000000000000000000085
:10F388000000000000000000000000000000000075
:10F398000000000000000000000000000000000065
:10F3A8000000000000000000000000000000000055
:10F3B8000000000000000000000000000000000045
:10F3C8000000000000000000000000000000000035
:10F3D8000000000000000000000000000000000025
:10F3E8000000000000000000000000000000000015
:10F3F800D08B001028840010288400102884001066
:10F4080028840010BA8B001028840010288400106B
:10F4180028840010288400102884001028850010F3
:10F4280028850010288500102885001028850010E0
:10F4380028850010288500102885001028850010D0
:10F4480028850010288400102884001028840010C3
:10F4580028840010288400102884001028840010B4
:10F468004A85001028840010008A0010AC8700101C
:10F478004A8500104A8500104A850010288400102B
:10F48800288400102884001028840010A884001004
:10F498002884001028840010C289001028840010D5
:10F4A8002884001028840010E089001028840010A7
:10F4B8002884001028840010288400102E8600104C
:10F4C8002884001028840010F48700102884001075
:10F4D8002884001028840010288400102884001034
:10F4E8004A850010288400106C860010948B001048
:10F4F8004A8500104A8500104A850010C087001010
:10F50800DA870010A8840010288400109087001063
:10F518004E8700106A87001008870010748B00104F
:10F528002884001028840010228700109C84001072
:10F538003487001028840010288400102E860010BC
:10F54800288400109C8400108A8E00102A8C0010D9
:10F558008A8E00102A8C00102A8C0010AE8F0010A2
:10F56800B88C0010B88C0010B88C0010B88C001043
:10F57800B88C0010B88C0010B88C0010B88C001033
:10F58800B88C00102A8C00102A8C00102A8C0010CD
:10F598002A8C00102A8C00102A8C00102A8C00104B
:10F5A8006C8E0010888D0010888D0010888D0010DA
:10F5B800A48F0010868F00102A8C00102A8C00104F
:10F5C800B88E00102A8C00102A8C00102A8C00108B
:10F5D8002A8C0010388E00102A8C0010EC8D001038
:10F5E8002A8C00102A8C00102A8C0010E08D001044
:10F5F8002A8C00102A8C00102A8C0010A68D00106E
:10F608009A8D00102A8C00102A8C00102A8C001069
:10F618002A8C00102A8C00102A8C00102A8C0010CA
:10F628006C8E0010888D0010888D0010888D001059
:10F63800A48F0010868F00102A8C00102A8C0010CE
:10F64800B88E00102A8C00102A8C00102A8C00100A
:10F658002A8C0010388E00102A8C0010EC8D0010B7
:10F668002A8C00102A8C00102A8C0010E08D0010C3
:10F678002A8C00102A8C00102A8C0010A68D0010ED
:10F688009A8D0010B892001024920010B8920010C1
:10F698002492001024920010D29200108A92001036
:10F6A8008A9200108A9200108A9200108A920010A2
:10F6B8008A9200108A920010C2920010C292001022
:10F6C800249200102492001024920010249200101A
:10F6D800249200102492001024920010FC91001033
:10F6E800FC910010FC910010FC910010FC9100109E
:10F6F800FC91001024920010249200102492001013
:10F7080024920010249200102492001024920010D9
:10F7180024920010249200102492001024920010C9
:10F7280024920010249200102492001024920010B9
:10F7380024920010249200109A9200102492001033
:10F748002492001024920010249200102492001099
:10F75800249200102492001024920010FC910010B2
:10F76800FC910010FC910010FC910010FC9100101D
:10F77800FC91001024920010249200102492001092
:10F788002492001024920010249200102492001059
:10F798002492001024920010249200102492001049
:10F7A8002492001024920010249200102492001039
:10F7B80024920010249200109A9200100A0001006E
:10F7C8000200030004000500060007000800090005
:10F7D8000A000B000C000D000E000F0010000000C6
:10F7E800E2A00010689F0010689F0010689F00103A
:10F7F800689F0010689F0010689F0010689F0010A5
:10F80800689F001084A0001084A0001084A000103D
:10F8180084A0001084A00010689F0010689F00104A
:10F82800689F0010689F0010689F0010689F001074
:10F83800689F0010689F0010689F0010689F001064
:10F84800689F0010689F0010689F0010689F001054
:10F85800689F0010689F0010689F0010689F001044
:10F8680084A00010689F0010689F0010689F001017
:10F87800689F0010689F0010689F0010689F001024
:10F88800689F0010689F0010689F0010F4A6001081
:10F89800689F001006A70010C8AE001052AB0010F9
:10F8A800A6AB0010A0AB00108CAB001052AB001040
:10F8B80034000000CEFBFFFFCB0300000100000076
:10F8C8000000000035000000CEFBFFFFCB03000066
:10F8D8000100000000000000BC89D897B2D29C3C0F
:10F8E80033A7A8D523F649393DA7F444FD0FA5321F
:10F8F8009D978CCF08BA5B25436FAC6428066811C6
:10F908009AB500108AB500107CB5001072B50010C9
:10F9180066B5001052B500103EB50010A4B5001031
:10F928000C5F104E154E2A4E314E364E3C4E3F4E11
:10F93800424E564E584E824E854E6B8C8A4E1282DF
:10F948000D5F8E4E9E4E9F4EA04EA24EB04EB34EB1
:10F95800B64ECE4ECD4EC44EC64EC24ED74EDE4EDD
:10F96800ED4EDF4EF74E094F5A4F304F5B4F5D4F0C
:10F97800574F474F764F884F8F4F984F7B4F694F60
:10F98800704F914F6F4F864F964F1851D44FDF4F9E
:10F99800CE4FD84FDB4FD14FDA4FD04FE44FE54F22
:10F9A8001A50285014502A50255005501C4FF64F15
:10F9B800215029502C50FE4FEF4F11500650435004
:10F9C800475003675550505048505A5056506C5045
:10F9D800785080509A508550B450B250C950CA508F
:10F9E800B350C250D650DE50E550ED50E350EE50C3
:10F9F800F950F55009510151025116511551145140
:10FA08001A5121513A5137513C513B513F514051C4
:10FA180052514C5154516251F87A69516A516E51A0
:10FA280080518251D8568C5189518F51915193519F
:10FA380095519651A451A651A251A951AA51AB5121
:10FA4800B351B151B251B051B551BD51C551C95160
:10FA5800DB51E0515586E951ED51F051F551FE5118
:10FA680004520B5214520E5227522A522E5233521B
:10FA780039524F5244524B524C525E5254526A526F
:10FA88007452695273527F527D528D5294529252DF
:10FA9800715288529152A88FA78FAC52AD52BC5266
:10FAA800B552C152CD52D752DE52E352E652ED98CA
:10FAB800E052F352F552F852F9520653085338758A
:10FAC8000D5310530F5315531A5323532F533153B8
:10FAD80033533853405346534553174E49534D53A8
:10FAE800D6515E5369536E5318597B5377538253DB
:10FAF8009653A053A653A553AE53B053B653C3530E
:10FB0800127CD996DF53FC66EE71EE53E853ED5341
:10FB1800FA5301543D5440542C542D543C542E5403
:10FB2800365429541D544E548F5475548E545F5472
:10FB380071547754705492547B548054765484543E
:10FB480090548654C754A254B854A554AC54C454C1
:10FB5800C854A854AB54C254A454BE54BC54D8542A
:10FB6800E554E6540F551455FD54EE54ED54FA542B
:10FB7800E2543955405563554C552E555C554555FD
:10FB880056555755385533555D5599558055AF5489
:10FB98008A559F557B557E5598559E55AE557C5533
:10FBA8008355A9558755A855DA55C555DF55C45508
:10FBB800DC55E455D4551456F7551656FE55FD55E3
:10FBC8001B56F9554E565056DF7134563656325636
:10FBD80038566B5664562F566C566A56865680565B
:10FBE8008A56A05694568F56A556AE56B656B45653
:10FBF800C256BC56C156C356C056C856CE56D15624
:10FC0800D356D756EE56F9560057FF56045709579C
:10FC180008570B570D57135718571657C7551C57E2
:10FC28002657375738574E573B5740574F576957FE
:10FC3800C057885761577F5789579357A057B3576D
:10FC4800A457AA57B057C357C657D457D257D357F4
:10FC58000A58D657E3570B5819581D587258215847
:10FC680062584B587058C06B52583D58795885584F
:10FC7800B9589F58AB58BA58DE58BB58B858AE5800
:10FC8800C558D358D158D758D958D858E558DC58FA
:10FC9800E458DF58EF58FA58F958FB58FC58FD5803
:10FCA80002590A5910591B59A66825592C592D591A
:10FCB800325938593E59D27A555950594E595A598C
:10FCC80058596259605967596C5969597859815915
:10FCD8009D595E4FAB4FA359B259C659E859DC59E3
:10FCE8008D59D959DA59255A1F5A115A1C5A095A85
:10FCF8001A5A405A6C5A495A355A365A625A6A5AE6
:10FD08009A5ABC5ABE5ACB5AC25ABD5AE35AD75A03
:10FD1800E65AE95AD65AFA5AFB5A0C5B0B5B165B41
:10FD2800325BD05A2A5B365B3E5B435B455B405B8C
:10FD3800515B555B5A5B5B5B655B695B705B735BD7
:10FD4800755B785B88657A5B805B835BA65BB85B79
:10FD5800C35BC75BC95BD45BD05BE45BE65BE25B20
:10FD6800DE5BE55BEB5BF05BF65BF35B055C075C1E
:10FD7800085C0D5C135C205C225C285C385C395C98
:10FD8800415C465C4E5C535C505C4F5C715B6C5CE8
:10FD98006E5C624E765C795C8C5C915C945C9B5981
:10FDA800AB5CBB5CB65CBC5CB75CC55CBE5CC75C92
:10FDB800D95CE95CFD5CFA5CED5C8C5DEA5C0B5D32
:10FDC800155D175D5C5D1F5D1B5D115D145D225D3A
:10FDD8001A5D195D185D4C5D525D4E5D4B5D6C5D45
:10FDE800735D765D875D845D825DA25D9D5DAC5DC2
:10FDF800AE5DBD5D905DB75DBC5DC95DCD5DD35D3C
:10FE0800D25DD65DDB5DEB5DF25DF55D0B5E1A5E86
:10FE1800195E115E1B5E365E375E445E435E405E71
:10FE28004E5E575E545E5F5E625E645E475E755E00
:10FE3800765E7A5EBC9E7F5EA05EC15EC25EC85E74
:10FE4800D05ECF5ED65EE35EDD5EDA5EDB5EE25EEE
:10FE5800E15EE85EE95EEC5EF15EF35EF05EF45E44
:10FE6800F85EFE5E035F095F5D5F5C5F0B5F115FBD
:10FE7800165F295F2D5F385F415F485F4C5F4E5FBB
:10FE88002F5F515F565F575F595F615F6D5F735FAB
:10FE9800775F835F825F7F5F8A5F885F915F875F3D
:10FEA8009E5F995F985FA05FA85FAD5FBC5FD65FFC
:10FEB800FB5FE45FF85FF15FDD5FB360FF5F2160C8
:10FEC80060601960106029600E6031601B60156009
:10FED8002B6026600F603A605A6041606A60776004
:10FEE8005F604A6046604D60636043606460426082
:10FEF8006C606B60596081608D60E76083609A60B8
:10FF080084609B60966097609260A7608B60E160F8
:10FF1800B860E060D360B460F05FBD60C660B56093
:10FF2800D8604D6115610661F660F7600061F460A4
:10FF3800FA6003612161FB60F1600D610E61476148
:10FF48003E61286127614A613F613C612C613461EF
:10FF58003D614261446173617761586159615A61D9
:10FF68006B6174616F61656171615F615D6153614E
:10FF78007561996196618761AC6194619A618A61E2
:10FF88009161AB61AE61CC61CA61C961F761C86159
:10FF9800C361C661BA61CB61797FCD61E661E36116
:10FFA800F661FA61F461FF61FD61FC61FE61006266
:10FFB800086209620D620C6214621B621E62216291
:10FFC8002A622E6230623262336241624E625E623F
:10FFD80063625B62606268627C62826289627E627E
:10FFE800926293629662D46283629462D762D162AB
:08FFF800BB62CF62FF62C6622A
:020000041001E9
:10000000D464C862DC62CC62CA62C262C7629B62AC
:10001000C9620C63EE62F162276302630863EF62F8
:10002000F56250633E634D631C644F6396638E6359
:100030008063AB637663A3638F6389639F63B563F8
:100040006B636963BE63E963C063C663E363C963EB
:10005000D263F663C463166434640664136426646E
:1000600036641D65176428640F6467646F64766482
:100070004E642A6595649364A564A9648864BC642D
:10008000DA64D264C564C764BB64D864C264F164D2
:10009000E7640982E064E164AC62E364EF642C65C8
:1000A000F664F464F264FA640065FD6418651C6526
:1000B0000565246523652B653465356537653665CB
:1000C00038654B754865566555654D6558655E657F
:1000D0005D6572657865826583658A8B9B659F65C2
:1000E000AB65B765C365C665C165C465CC65D265DA
:1000F000DB65D965E065E165F16572670A660366EF
:10010000FB6573673566366634661C664F66446603
:10011000496641665E665D666466676668665F66D8
:1001200062667066836688668E668966846698668F
:100130009D66C166B966C966BE66BC66C466B866B9
:10014000D666DA66E0663F66E666E966F066F566FC
:10015000F7660F6716671E672667276738972E674B
:100160003F67366741673867376746675E6760672E
:1001700059676367646789677067A9677C676A679F
:100180008C678B67A667A1678567B767EF67B467FA
:10019000EC67B367E967B867E467DE67DD67E26766
:1001A000EE67B967CE67C667E7679C6A1E684668F0
:1001B000296840684D6832684E68B3682B68596892
:1001C000636877687F689F688F68AD6894689D688A
:1001D0009B688368AE6AB9687468B568A068BA68D5
:1001E0000F698D687E680169CA680869D8682269E4
:1001F0002669E1680C69CD68D468E768D568366916
:1002000012690469D768E3682569F968E068EF68EE
:1002100028692A691A6923692169C6687969776931
:100220005C6978696B6954697E696E69396974695A
:100230003D695969306961695E695D6981696A69A9
:10024000B269AE69D069BF69C169D369BE69CE6957
:10025000E85BCA69DD69BB69C369A7692E6A9169F0
:10026000A0699C699569B469DE69E869026A1B6ADC
:10027000FF690A6BF969F269E769056AB1691E6A83
:10028000ED69146AEB690A6A126AC16A236A136A21
:10029000446A0C6A726A366A786A476A626A596A9C
:1002A000666A486A386A226A906A8D6AA06A846AB5
:1002B000A26AA36A976A1786BB6AC36AC26AB86AE7
:1002C000B36AAC6ADE6AD16ADF6AAA6ADA6AEA6A83
:1002D000FB6A056B1686FA6A126B166B319B1F6BF5
:1002E000386B376BDC76396BEE98476B436B496B39
:1002F000506B596B546B5B6B5F6B616B786B796B9D
:100300007F6B806B846B836B8D6B986B956B9E6B37
:10031000A46BAA6BAB6BAF6BB26BB16BB36BB76B10
:10032000BC6BC66BCB6BD36BDF6BEC6BEB6BF36BAC
:10033000EF6BBE9E086C136C146C1B6C246C236CEE
:100340005E6C556C626C6A6C826C8D6C9A6C816CA4
:100350009B6C7E6C686C736C926C906CC46CF16C72
:10036000D36CBD6CD76CC56CDD6CAE6CB16CBE6C07
:10037000BA6CDB6CEF6CD96CEA6C1F6D4D88366D16
:100380002B6D3D6D386D196D356D336D126D0C6DC6
:10039000636D936D646D5A6D796D596D8E6D956D4C
:1003A000E46F856DF96D156E0A6EB56DC76DE66DFE
:1003B000B86DC66DEC6DDE6DCC6DE86DD26DC56D42
:1003C000FA6DD96DE46DD56DEA6DEE6D2D6E6E6EC4
:1003D0002E6E196E726E5F6E3E6E236E6B6E2B6E9E
:1003E000766E4D6E1F6E436E3A6E4E6E246EFF6ECD
:1003F0001D6E386E826EAA6E986EC96EB76ED36E21
:10040000BD6EAF6EC46EB26ED46ED56E8F6EA56EBD
:10041000C26E9F6E416F116F4C70EC6EF86EFE6E87
:100420003F6FF26E316FEF6E326FCC6E3E6F136FB7
:10043000F76E866F7A6F786F816F806F6F6F5B6F0B
:10044000F36F6D6F826F7C6F586F8E6F916FC26F9D
:10045000666FB36FA36FA16FA46FB96FC66FAA6FFA
:10046000DF6FD56FEC6FD46FD86FF16FEE6FDB6F0E
:1004700009700B70FA6F117001700F70FE6F1B70B6
:100480001A70746F1D7018701F7030703E7032706B
:100490005170637099709270AF70F170AC70B870F9
:1004A000B370AE70DF70CB70DD70D9700971FD7004
:1004B0001C711971657155718871667162714C7129
:1004C00056716C718F71FB7184719571A871AC71EB
:1004D000D771B971BE71D271C971D471CE71E07129
:1004E000EC71E771F571FC71F971FF710D721072A9
:1004F0001B7228722D722C72307232723B723C72F7
:100500003F72407246724B72587274727E7282727F
:100510008172877292729672A272A772B972B27267
:10052000C372C672C472CE72D272E272E072E172AB
:10053000F972F7720F5017730A731C7316731D73D9
:1005400034732F73297325733E734E734F73D89E84
:1005500057736A7368737073787375737B737A7388
:10056000C873B373CE73BB73C073E573EE73DE737E
:10057000A27405746F742574F87332743A745574E8
:100580003F745F74597441745C74697470746374FB
:100590006A7476747E748B749E74A774CA74CF74F4
:1005A000D474F173E074E374E774E974EE74F27474
:1005B000F074F174F874F7740475037505750C75AF
:1005C0000E750D75157513751E7526752C753C7594
:1005D00044754D754A7549755B7546755A756975EB
:1005E000647567756B756D757875767586758775C5
:1005F00074758A758975827594759A759D75A575DA
:10060000A375C275B375C375B575BD75B875BC7581
:10061000B175CD75CA75D275D975E375DE75FE7580
:10062000FF75FC750176F075FA75F275F3750B764A
:100630000D7609761F762776207621762276247627
:10064000347630763B764776487646765C765876D2
:1006500061766276687669766A7667766C767076A9
:100660007276767678767C768076837688768B76E8
:100670008E769676937699769A76B076B476B876C4
:10068000B976BA76C276CD76D676D276DE76E17651
:10069000E576E776EA762F86FB76087707770477A4
:1006A000297724771E77257726771B773777387752
:1006B00047775A7768776B775B7765777F777E7751
:1006C00079778E778B779177A0779E77B077B677AB
:1006D000B977BF77BC77BD77BB77C777CD77D7774B
:1006E000DA77DC77E377EE77FC770C781278267987
:1006F00020782A7945788E78747886787C789A780C
:100700008C78A378B578AA78AF78D178C678CB788A
:10071000D478BE78BC78C578CA78EC78E778DA788F
:10072000FD78F47807791279117919792C792B7978
:100730004079607957795F795A79557953797A791F
:100740007F798A799D79A7794B9FAA79AE79B37918
:10075000B979BA79C979D579E779EC79E179E37929
:10076000087A0D7A187A197A207A1F7A8079317A84
:100770003B7A3E7A377A437A577A497A617A627A53
:10078000697A9D9F707A797A7D7A887A977A957A54
:10079000987A967AA97AC87AB07AB67AC57AC47AFB
:1007A000BF7A8390C77ACA7ACD7ACF7AD57AD37A4C
:1007B000D97ADA7ADD7AE17AE27AE67AED7AF07A53
:1007C000027B0F7B0A7B067B337B187B197B1E7BAE
:1007D000357B287B367B507B7A7B047B4D7B0B7B88
:1007E0004C7B457B757B657B747B677B707B717B0A
:1007F0006C7B6E7B9D7B987B9F7B8D7B9C7B9A7BB0
:100800008B7B927B8F7B5D7B997BCB7BC17BCC7B16
:10081000CF7BB47BC67BDD7BE97B117C147CE67BE4
:10082000E57B607C007C077C137CF37BF77B177C8B
:100830000D7CF67B237C277C2A7C1F7C377C2B7CE1
:100840003D7C4C7C437C547C4F7C407C507C587C71
:100850005F7C647C567C657C6C7C757C837C907C46
:10086000A47CAD7CA27CAB7CA17CA87CB37CB27C5C
:10087000B17CAE7CB97CBD7CC07CC57CC27CD87CA4
:10088000D27CDC7CE27C3B9BEF7CF27CF47CF67CD3
:10089000FA7C067D027D1C7D157D0A7D457D4B7DA4
:1008A0002E7D327D3F7D357D467D737D567D4E7D2F
:1008B000727D687D6E7D4F7D637D937D897D5B7DDF
:1008C0008F7D7D7D9B7DBA7DAE7DA37DB57DC77D12
:1008D000BD7DAB7D3D7EA27DAF7DDC7DB87D9F7D06
:1008E000B07DD87DDD7DE47DDE7DFB7DF27DE17D2B
:1008F000057E0A7E237E217E127E317E1F7E097E4A
:100900000B7E227E467E667E3B7E357E397E437E32
:10091000377E327E3A7E677E5D7E567E5E7E597E73
:100920005A7E797E6A7E697E7C7E7B7E837ED57DE3
:100930007D7EAE8F7F7E887E897E8C7E927E907E4D
:10094000937E947E967E8E7E9B7E9C7E387F3A7FC1
:10095000457F4C7F4D7F4E7F507F517F557F547F29
:10096000587F5F7F607F687F697F677F787F827F46
:10097000867F837F887F877F8C7F947F9E7F9D7F0C
:100980009A7FA37FAF7FB27FB97FAE7FB67FB87FFC
:10099000718BC57FC67FCA7FD57FD47FE17FE67F1D
:1009A000E97FF37FF97FDC98068004800B8012805A
:1009B000188019801C80218028803F803B804A80DD
:1009C0004680528058805A805F8062806880738041
:1009D00072807080768079807D807F808480868040
:1009E00085809B8093809A80AD809051AC80DB8025
:1009F000E580D980DD80C480DA80D6800981EF80EF
:100A0000F1801B81298123812F814B818B96468127
:100A10003E8153815181FC8071816E816581668147
:100A20007481838188818A8180818281A08195817E
:100A3000A481A3815F819381A981B081B581BE81A9
:100A4000B881BD81C081C281BA81C981CD81D18186
:100A5000D981D881C881DA81DF81E081E781FA819B
:100A6000FB81FE8101820282058207820A820D8259
:100A70001082168229822B823882338240825982E8
:100A800058825D825A825F826482628268826A8250
:100A90006B822E827182778278827E828D829282B0
:100AA000AB829F82BB82AC82E182E382DF82D28210
:100AB000F482F382FA8293830383FB82F982DE82DB
:100AC0000683DC820983D98235833483168332839B
:100AD000318340833983508345832F832B8317834E
:100AE000188385839A83AA839F83A2839683238313
:100AF0008E8387838A837C83B58373837583A08386
:100B00008983A883F4831384EB83CE83FD830384DA
:100B1000D8830B84C183F7830784E083F2830D8439
:100B200022842084BD8338840685FB836D842A84D7
:100B30003C845A85848477846B84AD846E848284FB
:100B4000698446842C846F8479843584CA84628461
:100B5000B984BF849F84D984CD84BB84DA84D08453
:100B6000C184C684D684A1842185FF84F48417853A
:100B700018852C851F8515851485FC844085638523
:100B800058854885418502864B8555858085A48595
:100B9000888591858A85A8856D8594859B85EA855C
:100BA00087859C8577857E859085C985BA85CF8523
:100BB000B985D085D585DD85E585DC85F9850A860D
:100BC00013860B86FE85FA85068622861A8630866F
:100BD0003F864D86554E54865F866786718693861E
:100BE000A386A986AA868B868C86B686AF86C4869F
:100BF000C686B086C9862388AB86D486DE86E9861B
:100C0000EC86DF86DB86EF861287068708870087FB
:100C10000387FB86118709870D87F9860A87348742
:100C20003F8737873B87258729871A8760875F87B4
:100C300078874C874E877487578768876E87598770
:100C4000538763876A870588A2879F878287AF87D4
:100C5000CB87BD87C087D087D696AB87C487B3873D
:100C6000C787C687BB87EF87F287E0870F880D8825
:100C7000FE87F687F7870E88D28711881688158831
:100C80002288218831883688398827883B8844889B
:100C90004288528859885E8862886B8881887E88FD
:100CA0009E8875887D88B5887288828897889288A2
:100CB000AE889988A2888D88A488B088BF88B188BA
:100CC000C388C488D488D888D988DD88F9880289FF
:100CD000FC88F488E888F28804890C890A891389D9
:100CE00043891E8925892A892B89418944893B8921
:100CF000368938894C891D8960895E89668964894D
:100D00006D896A896F89748977897E8983898889E1
:100D10008A8993899889A189A989A689AC89AF898B
:100D2000B289BA89BD89BF89C089DA89DC89DD8940
:100D3000E789F489F889038A168A108A0C8A1B8A43
:100D40001D8A258A368A418A5B8A528A468A488A5F
:100D50007C8A6D8A6C8A628A858A828A848AA88A59
:100D6000A18A918AA58AA68A9A8AA38AC48ACD8AE8
:100D7000C28ADA8AEB8AF38AE78AE48AF18A148BD8
:100D8000E08AE28AF78ADE8ADB8A0C8B078B1A8B71
:100D9000E18A168B108B178B208B338BAB97268BAE
:100DA0002B8B3E8B288B418B4C8B4F8B4E8B498BE7
:100DB000568B5B8B5A8B6B8B5F8B6C8B6F8B748BB7
:100DC0007D8B808B8C8B8E8B928B938B968B998B60
:100DD0009A8B3A8C418C3F8C488C4C8C4E8C508C2E
:100DE000558C628C6C8C788C7A8C828C898C858CFE
:100DF0008A8C8D8C8E8C948C7C8C988C1D62AD8CA6
:100E0000AA8CBD8CB28CB38CAE8CB68CC88CC18CC9
:100E1000E48CE38CDA8CFD8CFA8CFB8C048D058DD4
:100E20000A8D078D0F8D0D8D108D4E9F138DCD8CDE
:100E3000148D168D678D6D8D718D738D818D998D4E
:100E4000C28DBE8DBA8DCF8DDA8DD68DCC8DDB8DDA
:100E5000CB8DEA8DEB8DDF8DE38DFC8D088E098EB9
:100E6000FF8D1D8E1E8E108E1F8E428E358E308E03
:100E7000348E4A8E478E498E4C8E508E488E598EB7
:100E8000648E608E2A8E638E558E768E728E7C8EE8
:100E9000818E878E858E848E8B8E8A8E938E918E98
:100EA000948E998EAA8EA18EAC8EB08EC68EB18E87
:100EB000BE8EC58EC88ECB8EDB8EE38EFC8EFB8EF7
:100EC000EB8EFE8E0A8F058F158F128F198F138F61
:100ED0001C8F1F8F1B8F0C8F268F338F3B8F398F6B
:100EE000458F428F3E8F4C8F498F468F4E8F578F45
:100EF0005C8F628F638F648F9C8F9F8FA38FAD8F6A
:100F0000AF8FB78FDA8FE58FE28FEA8FEF8F879001
:100F1000F48F0590F98FFA8F1190159021900D9014
:100F20001E9016900B902790369035903990F88F40
:100F30004F905090519052900E9049903E90569004
:100F400058905E9068906F907690A896729082907C
:100F50007D90819080908A9089908F90A890AF909A
:100F6000B190B590E290E4904862DB9002911291CA
:100F70001991329130914A915691589163916591AE
:100F80006991739172918B9189918291A291AB91A8
:100F9000AF91AA91B591B491BA91C091C191C99103
:100FA000CB91D091D691DF91E191DB91FC91F591BC
:100FB000F6911E92FF9114922C92159211925E92CC
:100FC0005792459249926492489295923F924B92E1
:100FD00050929C92969293929B925A92CF92B992EF
:100FE000B792E9920F93FA9244932E931993229316
:100FF0001A9323933A9335933B935C9360937C933A
:101000006E935693B093AC93AD939493B993D69358
:10101000D793E893E593D893C393DD93D093C89384
:10102000E4931A94149413940394079410943694AC
:101030002B94359421943A944194529444945B9423
:10104000609462945E946A942992709475947794F3
:101050007D945A947C947E9481947F948295879514
:101060008A959495969598959995A095A895A79504
:10107000AD95BC95BB95B995BE95CA95F66FC395D0
:10108000CD95CC95D595D495D695DC95E195E595FE
:10109000E295219628962E962F9642964C964F963C
:1010A0004B9677965C965E965D965F966696729680
:1010B0006C968D96989695969796AA96A796B196C1
:1010C000B296B096B496B696B896B996CE96CB969A
:1010D000C996CD964D89DC960D97D596F9960497CD
:1010E0000697089713970E9711970F9716971997CA
:1010F00024972A97309739973D973E97449746977C
:101100004897429749975C97609764976697689766
:10111000D2526B977197799785977C9781977A9739
:1011200086978B978F9790979C97A897A697A3974A
:10113000B397B497C397C697C897CB97DC97ED97AB
:101140004F9FF297DF7AF697F5970F980C9838989B
:101150002498219837983D9846984F984B986B98CB
:101160006F987098719874987398AA98AF98B1987E
:10117000B698C498C398C698E998EB9803990999CA
:1011800012991499189921991D991E9924992099B9
:101190002C992E993D993E99429949994599509992
:1011A0004B99519952994C99559997999899A59914
:1011B000AD99AE99BC99DF99DB99DD99D899D19910
:1011C000ED99EE99F199F299FB99F899019A0F9A94
:1011D000059AE299199A2B9A379A459A429A409A17
:1011E000439A3E9A559A4D9A5B9A579A5F9A629A99
:1011F000659A649A699A6B9A6A9AAD9AB09ABC9AFF
:10120000C09ACF9AD19AD39AD49ADE9ADF9AE29A68
:10121000E39AE69AEF9AEB9AEE9AF49AF19AF79A91
:10122000FB9A069B189B1A9B1F9B229B239B259B2B
:10123000279B289B299B2A9B2E9B2F9B329B449B61
:10124000439B4F9B4D9B4E9B519B589B749B939BE9
:10125000839B919B969B979B9F9BA09BA89BB49BDA
:10126000C09BCA9BB99BC69BCF9BD19BD29BE39B48
:10127000E29BE49BD49BE19B3A9CF29BF19BF09B0D
:10128000159C149C099C139C0C9C069C089C129C0D
:101290000A9C049C2E9C1B9C259C249C219C309C7D
:1012A000479C329C469C3E9C5A9C609C679C769CCA
:1012B000789CE79CEC9CF09C099D089DEB9C039D11
:1012C000069D2A9D269DAF9D239D1F9D449D159D96
:1012D000129D419D3F9D3E9D469D489D5D9D5E9D0D
:1012E000649D519D509D599D729D899D879DAB9D8B
:1012F0006F9D7A9D9A9DA49DA99DB29DC49DC19DFF
:10130000BB9DB89DBA9DC69DCF9DC29DD99DD39DC5
:10131000F89DE69DED9DEF9DFD9D1A9E1B9E1E9ED8
:10132000759E799E7D9E819E889E8B9E8C9E929EB0
:10133000959E919E9D9EA59EA99EB89EAA9EAD9E9D
:101340006197CC9ECE9ECF9ED09ED49EDC9EDE9E8C
:10135000DD9EE09EE59EE89EEF9EF49EF69EF79E43
:10136000F99EFB9EFC9EFD9E079F089FB776159FEA
:10137000219F2C9F3E9F4A9F529F549F639F5F9F38
:10138000609F619F669F679F6C9F6A9F779F729F18
:10139000769F959F9C9FA09F2F58C7695990647412
:1013A000DC5199719C4E1655035A3F96C0541B61EF
:1013B0002863F659229075841C83507AAA60E163F1
:1013C000256EED656684A682F59B93682757A16517
:1013D00071629B5BD0597B86F498627DBE7D8E9B4B
:1013E00016629F7CB788895BB55E0963976648681B
:1013F000C7958D974F67E54E0A4F4D4F9D4F49500A
:10140000F2563759D459015A095CDF600F61706197
:1014100013660569BA704F757075FB79AD7DEF7D08
:10142000C3800E846388028B55907A903B53954E0F
:10143000A54EDF57B280C190EF78004EF158A26EF2
:101440003890327A28838B822F9C41517053BD543F
:10145000E154E056FB59155FF298EB6DE4802D8561
:1014600062967096A096FB970B54F353875BCF70F0
:10147000BD7FC28FE8966F535C9DBA7A114E937808
:10148000FC81266E185604551D6B1A853B9CE55948
:10149000A953666DDC748F954256914E4B90F2962F
:1014A0004F830C99E153B655305B715F2066F3664C
:1014B0000468386CF36C296D5B74C8764E7A349886
:1014C000F1825B88608AED92B26DAB75CA76C59980
:1014D000A660018B8A8DB2958E69AD5386511257E5
:1014E00030584459B45BF65E2860A963F463BF6C5E
:1014F000146F8E7014715971D5713F73017E7682AD
:10150000D182978560905B921B9D6958BC655A6C2F
:101510002575F9512E596559805FDC5FBC62FA650B
:101520002A6A276BB46B8B73C17F56892C9D0E9DE5
:10153000C49EA15C966C7B8304514B5CB661C681F2
:1015400076686172594EFA4F78536960296E4F7A06
:10155000F3970B4E1653EE4E554F3D4FA14F734F21
:10156000A052EF5309560F59C15AB65BE15BD179CE
:1015700087669C67B6674C6BB36C6B70C2738D7972
:10158000BE793C7A877BB182DB8204837783EF83E9
:10159000D3836687B28A2956A88CE68F4E901E9711
:1015A0008A86C44FE85C116259723B75E581BD8241
:1015B000FE86C08CC5961399D599CB4E1A4FE389F8
:1015C000DE564A58CA58FB5EEB5F2A609460626040
:1015D000D0611262D0623965419B6666B068776DF2
:1015E00070704C758676757DA582F9878B958E9681
:1015F0009D8CF151BE521659B354B35B165D6861B0
:101600008269AF6D8D78CB845788728AA793B89A18
:101610006C6DA899D986A357FF67CE860E92835228
:1016200087560454D35EE162B9643C683868BB6B8A
:101630007273BA786B7A9A89D2896B8D038FED9029
:10164000A39594966997665BB35C7D694D984E98B7
:101650009B63207B2B6A7F6AB6680D9C5F6F72521A
:101660009D557060EC623B6D076ED16E5B84108996
:10167000448F144E399CF6531B693A6A84972A6842
:101680005C51C37AB284DC918C935B56289D2268AE
:1016900005833184A57C0852C582E6747E4E834F53
:1016A000A051D25B0A52D852E752FB5D9A552A5894
:1016B000E6598C5B985BDB5B725E795EA3601F61B1
:1016C0006361BE61DB636265D1675368FA683E6B34
:1016D000536B576C226F976F456FB0741875E37634
:1016E0000B77FF7AA17B217CE97D367FF07F9D809F
:1016F00066829E83B389CC8AAB8C849051949395F7
:101700009195A2956596D39728991882384E2B54B7
:10171000B85CCC5DA9734C763C77A95CEB7F0B8DF4
:10172000C196119854985898014F0E4F71539C557B
:101730006856FA574759095BC45B905C0C5E7E5E45
:10174000CC5FEE633A67D765E2651F67CB68C46814
:101750005F6A305EC56B176C7D6C7F754879635B23
:10176000007A007DBD5F8F89188AB48C778DCC8E0E
:101770001D8FE2980E9A3C9B804E7D5000519359EC
:101780009C5B2F628062EC643A6BA0729175477922
:10179000A97FFB87BC8A708BAC63CA83A09709546E
:1017A0000354AB555468586A708A27787567CD9E84
:1017B0007453A25B1A8150860690184E454EC74E50
:1017C000114FCA533854AE5B135F256051653D67B6
:1017D000426C726CE36C78700374767AAE7A087B34
:1017E0001A7DFE7C667DE7655B72BB53455CE85DF8
:1017F000D262E0621963206E5A86318ADD8DF892DA
:10180000016FA6795A9BA84EAB4EAC4E9B4FA04F92
:10181000D1504751F67A7151F651545321537F53A9
:10182000EB53AC558358E15C375F4A5F2F605060E3
:101830006D601F6359654B6AC16CC272ED72EF77C0
:10184000F880058108824E85F790E193FF975799BC
:101850005A9AF04EDD512D5C81666D69405CF266EE
:10186000756989735068817CC550E4524757FE5DA5
:101870002693A465236B3D6B34748179BD794B7BD2
:10188000CA7DB982CC837F885F89398BD18FD19112
:101890001F5480925D4E3650E5533A53D77296737B
:1018A000E977E682AF8EC699C899D29977511A61C5
:1018B0005E86B0557A7A7650D35B47908596324EE5
:1018C000DB6AE791515C485C98639F7A936C7497EC
:1018D000618FAA7A8A718896827C1768707E5168B7
:1018E0006C93F2521B54AB85138AA47FCD8EE1908A
:1018F000665388884179C24FBE50115244515355A6
:101900002D57EA738B575159625F845F756076611A
:101910006761A961B2633A646C656F664268136E71
:1019200066753D7AFB7C4C7D997D4B7E6B7F0E838B
:101930004A83CD86088A638A668BFD8E1A988F9DAE
:10194000B882CE8FE89B87521F628364C06F9996DE
:1019500041689150206B7A6C546F747A507D408846
:10196000238A0867F64E3950265065507C5138520C
:101970006352A7550F570558CC5AFA5EB261F86109
:10198000F36272631C69296A7D72AC722E731478DB
:101990006F78797D0C77A9808B89198BE28CD28E38
:1019A000639075937A965598139A789E43519F53F6
:1019B000B3537B5E265F1B6E906E8473FE73437D14
:1019C0003782008AFA8A50964E4E0B50E4537C546C
:1019D000FA56D159645BF15DAB5E275F38624565AD
:1019E000AF67566ED072CA7CB488A180E180F08364
:1019F0004E86878AE88D3792C7966798139F944ED4
:101A0000924E0D4F485349543E542F5A8C5FA15F5C
:101A10009F60A7688E6A5A7481789E8AA48A778BA1
:101A200090915E4EC99BA44E7C4FAF4F19501650FB
:101A300049516C519F52B952FE529A53E35311547B
:101A40000E5489555157A2577D59545B5D5B8F5B8E
:101A5000E55DE75DF75D785E835E9A5EB75E185F71
:101A600052604C619762D862A7633B650266436629
:101A7000F4666D6721689768CB695F6C2A6D696D44
:101A80002F6E9D6E327587766C783F7AE07C057D8F
:101A9000187D5E7DB17D15800380AF80B18054815B
:101AA0008F812A8252834C8861881B8BA28CFC8C8C
:101AB000CA90759171923F78FC92A4954D960598C5
:101AC0009999D89A3B9D5B52AB52F7530854D5581D
:101AD000F762E06F6A8C5F8FB99E4B513B524A545C
:101AE000FD56407A7791609DD29E4473096F708154
:101AF0001175FD5FDA60A89ADB72BC8F646B039886
:101B0000CA4EF0566457BE585A5A6860C7610F668D
:101B100006663968B168F76DD5753A7D6E82429B6D
:101B20009B4E504FC95306556F5DE65DEE5DFB67FA
:101B3000996C73740278508A9693DF885057A75E29
:101B40002B63B550AC508D510067C9545E58BB59DA
:101B5000B05B695F4D62A1633D68736B086E7D7019
:101B6000C7918072157826786D798E65307DDC831B
:101B7000C188098F9B966452285750676A7FA18C51
:101B8000B45142572A963A588A69B480B2540E5DCD
:101B9000FC579578FA9D5C4F4A528B543E642866F8
:101BA0001467F567847A567B227D2F935C68AD9B22
:101BB000397B19538A513752DF5BF662AE64E664B3
:101BC0002D67BA6BA985D1969076D69B4C63069308
:101BD000AB9BBF765266094E9850C253715CE86069
:101BE000926463655F68E671CA732375977B827E32
:101BF0009586838BDB8C78911099AC65AB668B6B8B
:101C0000D54ED44E3A4F7F4F3A52F853F253E355E4
:101C1000DB56EB58CB59C959FF59505B4D5C025EFE
:101C20002B5ED75F1D6007632F655C5BAF65BD658D
:101C3000E8659D67626B7B6B0F6C45734979C17971
:101C4000F87C197D2B7DA2800281F38196895E8AC2
:101C5000698A668A8C8AEE8AC78CDC8CCC96FC9862
:101C60006F6B8B4E3C4F8D4F5051575BFA5B486109
:101C700001634266216BCB6EBB6C3E72BD74D47542
:101C8000C1783A790C803380EA8194849E8F506CBD
:101C90007F9E0F5F588B2B9DFA7AF88E8D5BEB96AB
:101CA000034EF153F7573159C95AA45B89607F6ECF
:101CB000066FBE75EA8C9F5B0085E07B7250F4670F
:101CC0009D82615C4A851E7E0E829951045C686328
:101CD000668D9C656E713E79177D05801D8BCA8E61
:101CE0006E90C786AA901F50FA523A5C53677C7078
:101CF00035724C91C8912B93E582C25B315FF960DC
:101D00003B4ED653885B4B6231678A6BE972E07356
:101D10002E7A6B81A38D529196991251D7536A54A2
:101D2000FF5B8863396AAC7D0097DA56CE536854FE
:101D3000975B315CDE5DEE4F0161FE62326DC07912
:101D4000CB79427D4D7ED27FED811F829084468883
:101D50007289908B748E2F8F31904B916C91C696B7
:101D60009C91C04E4F4F45514153935F0E62D467D3
:101D7000416C0B6E6373267ECD918392D4531959B7
:101D8000BF5BD16D5D792E7E9B7C7E589F71FA5131
:101D90005388F08FCA4FFB5C2566AC77E37A1C82D0
:101DA000FF99C651AA5FEC656F69896BF36D966EFA
:101DB000646FFE76147DE15D759087910698E6511B
:101DC0001D5240629166D9661A6EB65ED27D727FF0
:101DD000F866AF85F785F88AA952D95373598F5E93
:101DE000905F5560E4926496B7501F51DD522053C6
:101DF0004753EC53E8544655315517566859BE5968
:101E00003C5AB55B065C0F5C115C1A5C845E8A5EB2
:101E1000E05E705F7F628462DB628C63776307667B
:101E20000C662D6676667E67A2681F6A356ABC6C92
:101E3000886D096E586E3C7126716771C7750177A0
:101E40005D7801796579F079E07A117BA77C397D3D
:101E50009680D6838B8449855D88F3881F8A3C8A67
:101E6000548A738A618CDE8CA49166927E93189456
:101E70009C9698970A4E084E1E4E574E9751705298
:101E8000CE573458CC58225B385EC560FE6461671B
:101E90005667446DB6727375637AB884728BB89165
:101EA00020933156F457FE98ED620D69966BED71F3
:101EB000547E77807282E689DF985587B18F3B5CCC
:101EC000384FE14FB54F0755205ADD5BE95BC35FE3
:101ED0004E612F63B0654B66EE689B69786DF16D5E
:101EE0003375B9751F775E79E679337DE381AF820B
:101EF000AA85AA893A8AAB8E9B8F3290DD9107978B
:101F0000BA4EC14E03527558EC580B5C1A753D5CC5
:101F10004E810A8AC58F63966D97257BCF8A089874
:101F20006291F356A853179039548257255EA863DF
:101F3000346C8A7061778B7CE07F7088429054911A
:101F4000109318938F965E74C49A075D695D7065EF
:101F5000A267A88DDB966E6349671969C5831798D8
:101F6000C096FE88846F7A64F85B164E2C705D759F
:101F70002F66C4513652E252D359815F27601062F6
:101F80003F6574651F667466F2681668636B056E5C
:101F900072721F75DB76BE7C5680F058FD887F8993
:101FA000A08A938ACB8A1D909291529759978965FE
:101FB0000E7A0681BB962D5EDC601A62A5651466FA
:101FC0009067F3774D7A4D7C3E7E0A81AC8C648DB0
:101FD000E18D5F8EA9780752D962A5634264986249
:101FE0002D8A837AC07BAC8AEA96767D0C824987FB
:101FF000D94E485143536053A35B025C165CDD5DD0
:1020000026624762B06413683468C96C456D176D09
:10201000D3675C6F4E717D71CB657F7AAD7BDA7D66
:102020004A7EA87F7A811B823982A6856E8ACE8CF1
:10203000F58D78907790AD9291928395AE9B4D52AD
:102040008455386F367168518579557EB381CE7C61
:102050004C565158A85CAA63FE66FD665A69D9724F
:102060008F758E750E795679DF79977C207D447D4A
:102070000786348A3B966190209FE7507552CC5377
:10208000E2530950AA55EE584F593D728B5B645C80
:102090001D53E360F3605C6383633F63BB63CD64A4
:1020A000E965F966E35DCD69FD69156FE571894EF6
:1020B000E975F876937ADF7CCF7D9C7D61804983DA
:1020C00058836C84BC84FB85C588708D01906D90AD
:1020D00097931C97129ACF5097588E61D38135856C
:1020E000088D2090C34F7450475273536F604963FB
:1020F0005F672C6EB38D1F90D74F5E5CCA8CCF6527
:102100009A7D525396887651C363585B6B5B0A5C29
:102110000D6451675C90D64E1A592A59706C518AD9
:102120003E551558A559F0605362C167358255690F
:102130004096C499289A534F0658FE5B1080B15CB4
:102140002F5E855F20604B613462FF66F06CDE6E4F
:10215000CE807F81D4828B88B88C00902E908A9616
:10216000DB9EDB9BE34EF05327592C7B8D914C98E3
:10217000F99DDD6E277053534455855B58629E620E
:10218000D362A26CEF6F2274178A3894C16FFE8AF3
:102190003883E751F886EA53E953464F5490B08F9D
:1021A0006A593181FD5DEA7ABF8FDA68378CF8723F
:1021B000489C3D6AB08A394E585306566657C562E8
:1021C000A263E6654E6BE16D5B6EAD70ED77EF7A05
:1021D000AA7BBB7D3D80C680CB86958A5B93E35608
:1021E000C7583E5FAD659666806AB56B3775C78A1E
:1021F0002450E57730571B5F65607A66606CF47534
:102200001A7A6E7FF48118874590B399C97B5C7503
:10221000F97A517BC4841090E979927A3683E15A35
:1022200040772D4EF24E995BE05FBD623C66F167F0
:10223000E86C6B8677883B8A4E91F392D099176A47
:1022400026702A73E7825784AF8C014E4651CB51DA
:102250008B55F55B165E335E815E145F355F6B5F99
:10226000B45FF2611163A2661D676E6F52723A75B8
:102270003A777480398178817687BF8ADC8A858D48
:10228000F38D9A9277950298E59CC5525763F47640
:102290001567886CCD73C38CAE937396256D9C586F
:1022A0000E69CC69FD8F9A93DB751A905A580268B3
:1022B000B463FB69434F2C6FD867BB8F2685B47D11
:1022C00054933F69706F6A57F7582C5B2C7D2A72C4
:1022D0000A54E391B49DAD4E4E4F5C50755043523D
:1022E0009E8C485424589A5B1D5E955EAD5EF75EE9
:1022F0001F5F8C60B5623A63D063AF68406C8778CB
:102300008E790B7AE07D4782028AE68A448E1390AA
:10231000B8902D91D8910E9FE56C5864E264756574
:10232000F46E84761B7B6990D193BA6EF254B95FD8
:10233000A4644D8FED8F449278516B582959555CA8
:10234000975EFB6D8F7E1C75BC8CE28E5B98B970BE
:102350001D4FBF6BB16F3075FB964E511054355801
:102360005758AC59605C925F97655C67216E7B76CD
:10237000DF83ED8C1490FD904D9325783A78AA5226
:10238000A65E1F577459126012505A51AC51CD516C
:1023900000521055545858585759955BF65C8B5D50
:1023A000BC6095622D6471674368BC68DF68D7764E
:1023B000D86D6F6E9B6D6F70C871535FD8757779EC
:1023C000497B547B527BD67C717D30526384698516
:1023D000E4850E8A048B468C0F8E03900F9019941F
:1023E00076962D98309AD895CD50D5520C540258E7
:1023F0000E5CA7619E641E6DB377E57AF480048459
:1024000053908592E05C079D3F53975FB35F9C6D4F
:1024100079726377BF79E47BD26BEC72AD8A036823
:10242000616AF851817A34694A5CF69CEB82C55B3B
:1024300049911E7078566F5CC76066658C6C5A8CCB
:10244000419013985154C7660D924859A3908551F5
:102450004D4EEA5199850E8B58707A634B936269A1
:10246000B499047E777557536069DF8EE3965D6C8F
:102470008C4E3C5C105FE98F0253D18C8980798649
:10248000FF5EE565734E655182593F5CEE97FB4EEA
:102490008A59CD5F8D8AE16FB0796279E75B71848B
:1024A0002B73B171745EF55F7B639A64C371987C22
:1024B000434EFC5E4B4EDC57A256A960C36F0D7DA8
:1024C000FD803381BF81B28F9789A486F45D8A62D3
:1024D000AD6487897767E26C3E6D36743478465A0E
:1024E000757FAD82AC99F34FC35EDD629263576531
:1024F0006F67C3764C72CC80BA80298F4D910D5096
:10250000F957925A856873696471FD72B78CF258F5
:10251000E08C6A9619907F87E479E77729842F4FBA
:1025200065525A53CD62CF67CA6C7D76947B957C99
:1025300036828485EB8FDD66206F06721B7EAB834F
:10254000C199A69EFD51B17B7278B87B8780487B8C
:10255000E86A615E8C80517560756B5162928C6E19
:102560007A769791EA9A104F707F9C624F7BA5957F
:10257000E99C7A565958E486BC96344F24524A5303
:10258000CD53DB53065E2C6491657F673E6C4E6CC9
:102590004872AF72ED735475417E2C82E985A98C27
:1025A000C47BC69169711298EF983D6369666A753C
:1025B000E476D0784385EE862A53515326548359C6
:1025C000875E7C5FB26049627962AB629065D46B72
:1025D000CC6CB275AE769178D879CB7D777FA580BB
:1025E000AB88B98ABB8C7F905E97DB980B6A387C8E
:1025F00099503E5CAE5F8767D86B357409778E7FE4
:102600003B9FCA67177A39538B75ED9A665F9D8138
:10261000F18398803C5FC55F6275467B3C9067683C
:10262000EB599B5A107D7E762C8BF54F6A5F196AA9
:10263000376C026FE27468796888558A798CDF5E3E
:10264000CF63C575D279D7822893F2929C84ED86A8
:102650002D9CC1546C5F8C655C6D1570A78CD38C00
:102660003B984F65F6740D4ED84EE0572B59665A7D
:10267000CC5BA851035E9C5E166076627765A765A9
:102680006E666E6D3672267B50819A8199825C8B64
:10269000A08CE68C748D1C964496AE4FAB64666B32
:1026A0001E8261846A85E890015C5369A8987A84E7
:1026B00057850F4F6F52A95F455E0D678F797981FE
:1026C00007898689F56D175F5562B86CCF4E6972C0
:1026D000929B06523B547456B358A4616E621A71B1
:1026E0006E59897CDE7C1B7DF09687655E80194E75
:1026F000754F75514058635E735E0A5FC467264E1E
:102700003D8589955B96737C0198FB50C158567640
:10271000A7782552A5771185867B4F5009594772B6
:10272000C77BE87DBA8FD48F4D90BF4FC952295ACD
:10273000015FAD97DD4F1782EA9203575563696BCE
:102740002B75DC88148F427ADF52935855610A62E8
:10275000AE66CD6B3F7CE9832350F84F055346545A
:10276000315849599D5BF05CEF5C295D965EB16222
:1027700067633E65B9650B67D56CE16CF9703278BB
:102780002B7EDE80B3820C84EC84028712892A8A35
:102790004A8CA690D292FD98F39C6C9D4F4EA14E10
:1027A0008D5056524A57A8593D5ED85FD95F3F6257
:1027B000B4661B67D067D2689251217DAA80A88138
:1027C000008B8C8CBF8C7E92329620542C981753A1
:1027D000D5505C53A858B264346767726677467AFE
:1027E000E691C352A16C866B00584C5E54592C671D
:1027F000FB7FE151C6766964E878549BBB9ECB575A
:10280000B95927669A67CE6BE954D969555E9C81A0
:102810009567AA9BFE67529C5D68A64EE34FC8531E
:10282000B9622B67AB6CC48FAD4F6D7EBF9E074EF8
:102830006261806E2B6F138573542A67459BF35D2D
:10284000957BAC5CC65B1C874A6ED184147A088188
:1028500099598D7C116C2077D952225921715F7260
:10286000DB772797619D0B697F5A185AA5510D5444
:102870007D540E66DF76F78F9892F49CEA595D726C
:10288000C56E4D51C968BF7DEC7D6297BA9E786474
:10289000216A028384595F5BDB6B1B73F276B27D26
:1028A0001780998432512867D99EEE766267FF526D
:1028B0000599245C3B627E7CB08C4F55B6600B7DE5
:1028C000809501535F4EB6511C593A723680CE91B5
:1028D000255FE2778453795F047DAC85338A8D8EE2
:1028E0005697F367AE85539409610861B96C5276C7
:1028F000ED8A388F2F55514F2A51C752CB53A55BC4
:102900007D5EA0608261D6630967DA67676E8C6D51
:102910003673377331755079D588988A4A9091907B
:10292000F590C4968D871559884E594F0E4E898A59
:102930003F8F1098AD507C5E9659B95BB85EDA63F4
:10294000FA63C164DC664A69D8690B6DB66E94712E
:102950002875AF7A8A7F00804984C9848189218B58
:102960000A8E65907D960A997E619162326B836CC6
:10297000746DCC7FFC7FC06D857FBA87F8886567F2
:10298000B1833C98F7961B6D617D3D846A91714ED1
:102990007553505D046BEB6FCD852D86A789295249
:1029A0000F54655C4E67A86806748374E275CF881F
:1029B000E188CC91E29678968B5F8773CB7A4E84D0
:1029C000A06365758952416D9C6E097459756B7869
:1029D000927C8696DC7A8D9FB64F6E61C5655C866B
:1029E000864EAE4EDA50214ECC51EE5B9965816831
:1029F000BC6D1F734276AD771C7AE77C6F82D28AFA
:102A00007C90CF91759618989B52D17D2B509853FE
:102A10009767CB6DD0713374E8812A8FA396579C4A
:102A20009F9E60744158996D2F7D5E98E44E364F9D
:102A30008B4FB751B152BA5D1C60B2733C79D382EF
:102A40003492B796F6960A97979E629FA666746B25
:102A50001752A352C870C288C95E4B609061236F41
:102A600049713E7CF47D6F80EE8423902C93425418
:102A70006F9BD36A8970C28CEF8D3297B452415AE2
:102A8000CA5E045F17677C6994696A6D0F6F627232
:102A9000FC72ED7B01807E804B87CE906D51939EC2
:102AA00084798B803293D68A2D508C54718A6A6BCC
:102AB000C48C0781D160A067F29D994E984E109CFE
:102AC0006B8AC185688500697E6E977855810000A4
:102AD000002502250C251025182514251C252C253C
:102AE000242534253C25012503250F2513251B25E9
:102AF0001725232533252B253B254B2520252F2541
:102B0000282537253F251D25302525253825422513
:102B1000100411041204130414041504010416040F
:102B20001704180419041A041B041C041D041E04B1
:102B30001F04200421042204230424042504260461
:102B40002704280429042A042B042C042D042E0411
:102B50002F04000000000000000000000000000042
:102B60000000000000000000000000000000000065
:102B7000300431043204330434043504510436047F
:102B80003704380439043A043B043C043D043E0451
:102B90003F04400441044204430444044504460401
:102BA0004704480449044A044B044C044D044E04B1
:102BB0004F0400009103920393039403950396033B
:102BC0009703980399039A039B039C039D039E0319
:102BD0009F03A003A103A303A403A503A603A703C4
:102BE000A803A9030000000000000000000000008E
:102BF00000000000B103B203B303B403B503B6038E
:102C0000B703B803B903BA03BB03BC03BD03BE03D8
:102C1000BF03C003C103C303C403C503C603C70383
:102C2000C803C9030000000000000000000000000D
:102C3000000000010101010101010101010000008A
:102C40000000000001010101010101010101010178
:102C50000101010101010101010101010101000066
:102C60000000000000010101010101010101010159
:102C70000101010101010101010101010101010045
:102C8000C625A125A025B325B225BD25BC253B2001
:102C900012309221902191219321133000000000E5
:102CA0000000000000000000000000000000000024
:102CB000000008220B2286228722822283222A22D7
:102CC00029220000000000000000000000000000B9
:102CD000000027222822AC00D221D4210022032286
:102CE0002922000000000000000000000000000099
:102CF0000000000000002022A52212230222072249
:102D0000612252226A226B221A223D221D22352282
:102D10002B222C2200000000000000000000000018
:102D200000002B2130206F266D266A2620202120CE
:102D3000B6002C22000000000000EF25003001301A
:102D400002300CFF0EFFFB301AFF1BFF1FFF01FFBD
:102D50009B309C30B40040FFA8003EFF3E203FFF68
:102D6000FD30FE309D309E300330DD4E05300630A4
:102D70000730FC30142010200FFF3CFF1C301620C1
:102D80005CFF26202520182019201C201D2008FF6C
:102D900009FF143015303BFF3DFF5BFF5DFF08303E
:102DA00009300A300B300C300D300E300F3010303F
:102DB00011300BFF1222B100D700F7001DFF602277
:102DC0001CFF1EFF662267221E2234224226402656
:102DD000B000322033200321A50004FFA200A3008D
:102DE00005FF03FF06FF0AFF20FFA70006260526B2
:102DF000CB25CF25CE25C725000000000000000010
:102E000000000000000000000000000000000000C2
:102E100000000000000000000000000000000000B2
:102E20000000000000000000101112131415161706
:102E30001819000000000000001A1B1C1D1E1F00B6
:102E40000000000000000000000000000000000082
:102E50000000000000000000001A1B1C1D1E1F00C7
:102E60000000000000000000000000000000000062
:102E70000000000000000000000000000000000052
:102E80000000000000000000000000000000000042
:102E90000000000000000000000000000000000032
:102EA0000000000000000000000000000000000022
:102EB0000000000000000000000000000000000012
:102EC0000000000000000000000000000000000002
:102ED00000000000000000000000000000000000F2
:102EE00000000000000000000000000000000000E2
:102EF00000000000000000000500000019000000B4
:102F00007D000000000000000080E03779C34143ED
:102F1000176E05B5B5B89346F5F93FE9034F384D3F
:102F2000321D30F94877825A3CBF737FDD4F1575EB
:102F3000000000000000F03F0000000000002440FE
:102F400000000000000059400000000000408F40D9
:102F5000000000000088C34000000000006AF84044
:102F60000000000080842E4100000000D012634168
:102F70000000000084D797410000000065CDCD41DE
:102F8000000000205FA00242000000E876483742BF
:102F9000000000A2941A6D42000040E59C30A2425D
:102FA0000000901EC4BCD64200003426F56B0C43D2
:102FB0000080E03779C3414300A0D8855734764379
:102FC00000C84E676DC1AB43003D9160E458E143DA
:102FD000408CB5781DAF154450EFE2D6E41A4B444F
:102FE00092D54D06CFF08044F64AE1C7022DB54494
:102FF000B49DD9794378EA44000000001F001C20EA
:10300000000000001421000002001624000000004F
:1030100014250000020015280000000011290000FE
:103020000000142A00000000182B00000000142CDF
:1030300000000000102D00000000142E0000010010
:103040000C3000000900143A00000100183C000098
:103050000200143F00000100034100001900155B4D
:1030600000000000145C00000000115D0000000082
:10307000175E000000000F5F0000000017600000F6
:103080000000036100001900157B00000000187C9F
:1030900000000000117D00000000187E000000000C
:1030A000007F000020001CA00000000014A1000010
:1030B000000016A20000030019A60000000014A7DB
:1030C0000000000017A80000000019A9000000007F
:1030D00006AA0000000013AB0000000018AC0000BE
:1030E000000001AD0000000019AE0000000017AFA5
:1030F0000000000019B00000000018B1000000003E
:103100000EB20000010017B40000000003B500007B
:10311000000014B60000010017B8000000000EB94E
:103120000000000006BA0000000012BB0000000012
:103130000EBC0000020014BF0000000003C000002D
:10314000160018D70000000003D80000060004DFB6
:103150000000000003E00000160018F70000000067
:1031600003F800003F0004380100000003390100AB
:103170000F00044901000000034A01004200048DD1
:1031800001000000038E01000C00049B0100000000
:10319000039C01000D0004AA0100010003AC010022
:1031A0000D0004BA0100000006BB0100000003BCD2
:1031B0000100010004BE0100000003BF0100000087
:1031C00006C00100030003C40100000007C50100A0
:1031D000000003C60100010007C80100000003C988
:1031E0000100010007CB0100000003CC0100230017
:1031F00004F00100000003F10100000007F20100EB
:10320000000003F301002D0004210200000003224E
:1032100002001100043402000500033A02001A0003
:103220000455020000000356020001000458020089
:103230000000035902000000045A02000000035B72
:1032400002000100045D02000200036002000100B0
:103250000462020000000363020000000464020034
:10326000000003650200010004670200000003681B
:1032700002000400046D02000100036F0200000060
:1032800004700200000003710200010004730200D8
:103290000100037502000000047602000600037DB1
:1032A00002000000047E0200010003800200000012
:1032B0000481020000000382020001000484020075
:1032C0000200038702000500048D0200040003923F
:1032D00002000000049302000000069402000000B7
:1032E000049502000700039D02000100049F0200F4
:1032F000100005B00200110017C20200030005C64D
:1033000002000B0017D202000D0005E002000400CD
:1033100017E50200060005EC0200000017ED0200B0
:10332000000005EE0200000017EF020010000B0085
:1033300003006F0003700300030005740300000026
:10334000177503000000037603000100057A0300EF
:103350000000037B03000200147E03000000037FD3
:10336000030000001784030001000386030000002F
:10337000148703000000038803000200038C03008D
:103380000000038E0300010004900300000003917D
:103390000300100003A303000C0004B003000000AE
:1033A00003B10300200008D20300020003D503008C
:1033B000200018F60300000003F70300040004FCDB
:1033C0000300000003FD03008400198204000000D4
:1033D0000B83040004000A8804000100038A04002F
:1033E000A500033105002500055905000000145A09
:1033F00005000500046005000000036105002500CC
:10340000048705000100148905000000108A0500EA
:103410000000198D05000100168F050000000B91BA
:1034200005002C0010BE050000000BBF05000000C9
:1034300014C0050000000BC10500010014C3050005
:1034400000000BC40500010014C6050000000BC7F6
:103450000500000006D005001A0006EF0500030075
:1034600014F305000100010006000500180606001F
:103470000200140906000100160B06000000140CDF
:1034800006000100190E060001000B1006000A00DC
:10349000141B06000000011C06000000141D06009D
:1034A0000200062006001F0005400600000006413D
:1034B000060009000B4B060014000C600600090012
:1034C000146A06000300066E060001000B70060079
:1034D000000006710600620014D40600000006D544
:1034E000060000000BD60600060001DD0600000005
:1034F00019DE060000000BDF0600050005E50600EA
:1035000001000BE70600010019E9060000000BEAC4
:103510000600030006EE060001000CF0060009009C
:1035200006FA0600020019FD0600010006FF06006B
:103530000000140007000D00010F07000000061036
:10354000070000000B1107000000061207001D0015
:103550000B3007001A00064D070058000BA60700A5
:103560000A0006B1070000000CC00700090006CAE7
:10357000070020000BEB0700080005F4070001001E
:1035800019F60700000014F70700020005FA07000B
:1035900000000BFD0700000016FE070001000600FA
:1035A000080015000B1608000300051A08000000AB
:1035B0000B1B080008000524080000000B2508006C
:1035C00002000528080000000B2908000400143040
:1035D00008000E000640080018000B590800020001
:1035E000145E08000000066008000A00067008006B
:1035F00017001788080000000689080005000190E0
:10360000080001000B980800070006A00800280029
:1036100005C9080000000BCA0800170001E20800F5
:1036200000000BE308001F00090309000000060466
:10363000090035000B3A09000000093B09000000B1
:103640000B3C09000000063D09000000093E09008E
:1036500002000B41090007000949090003000B4D56
:1036600009000000094E0900010006500900000091
:103670000B51090006000658090009000B620900F9
:1036800001001464090001000C66090009001470AF
:1036900009000000057109000000067209000E0013
:1036A0000B8109000000098209000100068509005C
:1036B0000700068F0900010006930900150006AAFD
:1036C0000900060006B20900000006B60900030062
:1036D0000BBC0900000006BD0900000009BE09007E
:1036E00002000BC10900030009C70900010009CB52
:1036F000090001000BCD0900000006CE0900000002
:1037000009D70900000006DC0900010006DF0900F6
:1037100002000BE2090001000CE60900090006F0B6
:103720000900010016F2090001000EF4090005006D
:1037300019FA0900000016FB0900000006FC090048
:10374000000014FD090000000BFE090000000B0141
:103750000A00010009030A00000006050A0005002E
:10376000060F0A00010006130A001500062A0A00C7
:10377000060006320A00010006350A00010006387C
:103780000A0001000B3C0A000000093E0A0002008A
:103790000B410A0001000B470A0001000B4B0A0015
:1037A00002000B510A00000006590A000300065EE1
:1037B0000A0000000C660A0009000B700A000100F4
:1037C00006720A0002000B750A00000014760A0057
:1037D00000000B810A00010009830A000000068531
:1037E0000A000800068F0A00020006930A0015006E
:1037F00006AA0A00060006B20A00010006B50A0081
:1038000004000BBC0A00000006BD0A00000009BE4F
:103810000A0002000BC10A0004000BC70A000100E5
:1038200009C90A00000009CB0A0001000BCD0A00FB
:10383000000006D00A00000006E00A0001000BE2CA
:103840000A0001000CE60A00090014F00A0000005A
:1038500016F10A00000006F90A0000000BFA0A003F
:1038600005000B010B00000009020B00010006051A
:103870000B000700060F0B00010006130B001500DC
:10388000062A0B00060006320B00010006350B006D
:1038900004000B3C0B000000063D0B000000093E3D
:1038A0000B0000000B3F0B00000009400B00000064
:1038B0000B410B00030009470B000100094B0B00F3
:1038C00001000B4D0B0000000B550B0001000957C8
:1038D0000B000000065C0B000100065F0B000200FD
:1038E0000B620B0001000C660B00090019700B0045
:1038F000000006710B0000000E720B0005000B8229
:103900000B00000006830B00000006850B0005007D
:10391000068E0B00020006920B00030006990B00B6
:103920000100069C0B000000069E0B00010006A390
:103930000B00010006A80B00020006AE0B000B00F6
:1039400009BE0B0001000BC00B00000009C10B00F9
:10395000010009C60B00020009CA0B0002000BCDD2
:103960000B00000006D00B00000009D70B00000080
:103970000CE60B0009000EF00B00020019F30B001F
:10398000050016F90B00000019FA0B0000000B00EF
:103990000C00000009010C0002000B040C000000E8
:1039A00006050C000700060E0C00020006120C00B3
:1039B0001600062A0C000F000B3C0C000000063D10
:1039C0000C0000000B3E0C00020009410C0003003B
:1039D0000B460C0002000B4A0C0003000B550C00B8
:1039E000010006580C000200065D0C000000066095
:1039F0000C0001000B620C0001000C660C000900B9
:103A000014770C0000000E780C000600197F0C00E3
:103A1000000006800C0000000B810C0000000982F1
:103A20000C00010014840C00000006850C00070047
:103A3000068E0C00020006920C00160006AA0C006E
:103A4000090006B50C0004000BBC0C00000006BD0C
:103A50000C00000009BE0C0000000BBF0C000000B1
:103A600009C00C0004000BC60C00000009C70C00C4
:103A7000010009CA0C0001000BCC0C00010009D5A3
:103A80000C00010006DD0C00010006E00C00010046
:103A90000BE20C0001000CE60C00090006F10C0022
:103AA000010009F30C0000000B000D0001000902E9
:103AB0000D00010006040D000800060E0D000200B6
:103AC00006120D0028000B3B0D000100063D0D0005
:103AD0000000093E0D0002000B410D0003000946E5
:103AE0000D000200094A0D0002000B4D0D00000000
:103AF000064E0D000000194F0D00000006540D0089
:103B0000020009570D0000000E580D000600065F68
:103B10000D0002000B620D0001000C660D00090093
:103B20000E700D00080019790D000000067A0D00D6
:103B300005000B810D00000009820D0001000685C3
:103B40000D001100069A0D00170006B30D000800C5
:103B500006BD0D00000006C00D0006000BCA0D00DA
:103B6000000009CF0D0002000BD20D0002000BD6A1
:103B70000D00000009D80D0007000CE60D0009003B
:103B800009F20D00010014F40D00000006010E0002
:103B90002F000B310E00000006320E0001000B3426
:103BA0000E000600163F0E00000006400E00050045
:103BB00005460E0000000B470E000700144F0E00D4
:103BC00000000C500E000900145A0E00010006817E
:103BD0000E00010006840E00000006860E000400A0
:103BE000068C0E00170006A50E00000006A70E00AA
:103BF00009000BB10E00000006B20E0001000BB46C
:103C00000E00080006BD0E00000006C00E000400F5
:103C100005C60E0000000BC80E0006000CD00E00FA
:103C2000090006DC0E00030006000F000000190169
:103C30000F00020014040F000E0019130F00000003
:103C400014140F00000019150F0002000B180F00CC
:103C50000100191A0F0005000C200F0009000E2AA0
:103C60000F00090019340F0000000B350F00000091
:103C700019360F0000000B370F00000019380F0035
:103C800000000B390F000000153A0F000000113B37
:103C90000F000000153C0F000000113D0F00000058
:103CA000093E0F00010006400F00070006490F0003
:103CB00023000B710F000D00097F0F0000000B8027
:103CC0000F00040014850F0000000B860F00010098
:103CD00006880F0004000B8D0F000A000B990F00DF
:103CE000230019BE0F0007000BC60F00000019C704
:103CF0000F00050019CE0F00010014D00F000400C2
:103D000019D50F00030014D90F00010006001000A0
:103D10002A00092B100001000B2D100003000931AF
:103D2000100000000B3210000500093810000000E0
:103D30000B3910000100093B100001000B3D100081
:103D40000100063F100000000C4010000900144A5A
:103D50001000050006501000050009561000010073
:103D60000B5810000100065A100003000B5E1000F3
:103D700002000661100000000962100002000665E2
:103D800010000100096710000600066E1000020016
:103D90000B7110000300067510000C000B82100060
:103DA00000000983100001000B8510000100098745
:103DB000100005000B8D10000000068E10000000A2
:103DC000098F100000000C9010000900099A1000E3
:103DD00002000B9D10000000199E1000010003A0BE
:103DE0001000250003C71000000003CD10000000E4
:103DF00003D010002A0014FB1000000005FC100086
:103E0000000003FD10000200060011004801064AF0
:103E100012000300065012000600065812000000AF
:103E2000065A12000300066012002800068A1200DB
:103E3000030006901200200006B21200030006B82C
:103E40001200060006C01200000006C212000300A5
:103E500006C812000E0006D8120038000612130021
:103E600003000618130042000B5D130002001460EB
:103E7000130008000E6913001300068013000F00E2
:103E800019901300090003A01300550003F8130054
:103E90000500100014000000060114006B02196DEB
:103EA00016000000146E16000000066F16001000C9
:103EB0001C8016000000068116001900159B1600D4
:103EC0000000119C1600000006A016004A0014EB2A
:103ED000160002000DEE1600020006F116000700A3
:103EE0000600170011000B12170002000915170039
:103EF0000000061F170012000B32170001000934E2
:103F000017000000143517000100064017001100CB
:103F10000B5217000100066017000C00066E170018
:103F200002000B72170001000680170033000BB46B
:103F30001700010009B6170000000BB717000600B4
:103F400009BE170007000BC61700000009C71700BD
:103F500001000BC917000A0014D41700020005D78E
:103F60001700000014D81700020016DB170000002D
:103F700006DC170000000BDD170000000CE0170046
:103F800009000EF0170009001400180005001006C3
:103F9000180000001407180003000B0B18000200A3
:103FA000010E180000000B0F180000000C10180084
:103FB00009000620180022000543180000000644EE
:103FC000180034000680180004000B85180001005A
:103FD0000687180021000BA91800000006AA180087
:103FE000000006B018004500060019001E000B2056
:103FF000190002000923190003000B271900010012
:104000000929190002000930190001000B321900BA
:1040100000000933190005000B391900020019408E
:10402000190000001444190001000C461900090091
:10403000065019001D0006701900040006801900C2
:104040002B0006B0190019000CD0190009000EDA77
:104050001900000019DE1900210006001A001600E0
:104060000B171A00010009191A0001000B1B1A0096
:104070000000141E1A00010006201A003400095521
:104080001A0000000B561A00000009571A00000021
:104090000B581A0006000B601A00000009611A0094
:1040A00000000B621A00000009631A0001000B6592
:1040B0001A000700096D1A0005000B731A000900A9
:1040C0000B7F1A0000000C801A0009000C901A00E7
:1040D000090014A01A00060005A71A00000014A881
:1040E0001A0005000BB01A000D000ABE1A000000ED
:1040F0000BBF1A000F000B001B00030009041B007C
:10410000000006051B002E000B341B0000000935C3
:104110001B0000000B361B000400093B1B000000C5
:104120000B3C1B000000093D1B0004000B421B0060
:10413000000009431B00010006451B0007000C504E
:104140001B000900145A1B00060019611B0009001E
:104150000B6B1B00080019741B000800147D1B006A
:1041600001000B801B00010009821B000000068378
:104170001B001D0009A11B0000000BA21B00030077
:1041800009A61B0001000BA81B00010009AA1B00C7
:1041900000000BAB1B00020006AE1B0001000CB0C0
:1041A0001B00090006BA1B002B000BE61B000000D9
:1041B00009E71B0000000BE81B00010009EA1B00D7
:1041C00002000BED1B00000009EE1B0000000BEFCE
:1041D0001B00020009F21B00010014FC1B0003007D
:1041E00006001C00230009241C0007000B2C1C00E7
:1041F000070009341C0001000B361C000100143BB1
:104200001C0004000C401C000900064D1C000200AC
:104210000C501C000900065A1C001D0005781C00EB
:104220000500147E1C00010003801C0008000390A0
:104230001C002A0003BD1C00020014C01C00070063
:104240000BD01C00020014D31C0000000BD41C0077
:104250000C0009E11C0000000BE21C00060006E94E
:104260001C0003000BED1C00000006EE1C00050006
:104270000BF41C00000006F51C00010009F71C00EF
:1042800000000BF81C00010006FA1C0000000400EE
:104290001D002B00052C1D003E00046B1D000C00B2
:1042A00005781D00000003791D000000047A1D0040
:1042B0000200037D1D000000047E1D000F00038E20
:1042C0001D000000048F1D000B00059B1D00240035
:1042D0000BC01D003F0003001E00950004961E0049
:1042E0000400039B1E000000049C1E000100039EAE
:1042F0001E000000049F1E00000003A01E007500A9
:1043000003181F00050003201F00250003481F009D
:10431000050004501F00000003511F00000004525C
:104320001F00000003531F00000004541F00000082
:1043300003551F00000004561F00000003571F0014
:10434000000003591F000000035B1F000000035D15
:104350001F000000035F1F001E0003801F000700F6
:1043600007881F00070003901F00070007981F0021
:10437000070003A01F00070007A81F00070003B0E5
:104380001F00010004B21F00000003B31F00000063
:1043900004B41F00000004B61F00010003B81F0092
:1043A000030007BC1F00000017BD1F00000003BE74
:1043B0001F00000017BF1F00020004C21F00000002
:1043C00003C31F00000004C41F00000004C61F0038
:1043D000010003C81F00030007CC1F00000017CD19
:1043E0001F00020003D01F00010004D21F000100C3
:1043F00004D61F00010003D81F00030017DD1F00B3
:10440000020003E01F00010004E21F00020003E5B8
:104410001F00000004E61F00010003E81F00040065
:1044200017ED1F00020004F21F00000003F31F003D
:10443000000004F41F00000004F61F00010003F850
:104440001F00030007FC1F00000017FD1F000100F4
:104450001C0020000A00010B2000040010102000A6
:104460000500141620000100131820000000121986
:1044700020000000151A20000000131B200001007E
:10448000121D20000000151E20000000131F200038
:1044900000001420200007001A28200000001B291B
:1044A00020000000012A200004001C2F2000000032
:1044B000143020000800133920000000123A2000B8
:1044C0000000143B200003000F3F200001001441B6
:1044D00020000200184420000000154520000000C4
:1044E000114620000000144720000A001852200046
:1044F00000001453200000000F5420000000145549
:10450000200009001C5F2000000001602000040062
:104510000166200009000E702000000005712000D7
:1045200000000E7420000500187A20000200157D9E
:1045300020000000117E20000000057F2000000008
:104540000E8020000900188A20000200158D20002E
:104550000000118E20000000059020000C0016A025
:10456000200020000BD020000C000ADD20000300FA
:104570000BE1200000000AE2200002000BE5200011
:104580000B0019002100010008022100000019039E
:104590002100030008072100000019082100010084
:1045A000040A21000000080B21000200040E210073
:1045B000010008102100020004132100000019145A
:1045C000210000000815210000001916210001003B
:1045D000181821000000081921000400191E2100EC
:1045E00005000824210000001925210000000326F1
:1045F00021000000192721000000082821000000E8
:10460000192921000000032A21000100082C2100A3
:104610000100192E21000000042F210000000830A5
:1046200021000100033221000000083321000000B6
:104630000434210000000635210003000439210064
:104640000000193A21000100043C21000100083E4D
:10465000210001001840210004000845210000004D
:10466000044621000300194A21000000184B2100D4
:104670000000194C21000100034E21000000194FD9
:10468000210000000E5021000F000D6021002200CB
:104690000383210001000D85210003000E89210004
:1046A0000000198A210001001890210004001995CA
:1046B00021000400189A21000100199C2100030028
:1046C00018A02100000019A12100010018A3210059
:1046D000000019A42100010018A62100000019A75C
:1046E0002100060018AE2100000019AF21001E00B5
:1046F00018CE2100010019D02100010018D221009C
:10470000000019D32100000018D42100000019D5A1
:1047100021001E0018F421000B01190023000700DE
:10472000150823000000110923000000150A2300CA
:104730000000110B23000000190C230013001820A7
:104740002300010019222300060015292300000080
:10475000112A23000000192B23005000187C23008D
:104760000000197D23001D00189B2300180019B4B8
:104770002300270018DC2300050019E22300440071
:10478000194024000A000E6024003B00199C2400FC
:104790004D000EEA2400150019002500B60018B7D8
:1047A0002500000019B82500080018C125000000E8
:1047B00019C22500350018F8250007001900260049
:1047C0006E00186F2600000019702600F7001568AB
:1047D00027000000116927000000156A270000006B
:1047E000116B27000000156C27000000116D2700D9
:1047F0000000156E27000000116F270000001570E3
:10480000270000001171270000001572270000002A
:104810001173270000001574270000001175270090
:1048200000000E7627001D00199427002B0018C0E9
:104830002700040015C52700000011C6270000004E
:1048400018C727001E0015E62700000011E7270003
:10485000000015E82700000011E92700000015EA14
:104860002700000011EB2700000015EC27000000D6
:1048700011ED2700000015EE2700000011EF2700C2
:10488000000018F027000F0019002800FF00180092
:1048900029008200158329000000118429000000EE
:1048A00015852900000011862900000015872900C0
:1048B0000000118829000000158929000000118AD4
:1048C00029000000158B29000000118C2900000030
:1048D000158D29000000118E29000000158F290078
:1048E000000011902900000015912900000011928C
:1048F00029000000159329000000119429000000F0
:10490000159529000000119629000000159729002F
:104910000000119829000000189929003E0015D8C0
:104920002900000011D92900000015DA2900000033
:1049300011DB2900000018DC29001F0015FC2900EC
:10494000000011FD2900000018FE290001011900D6
:104950002B002F0018302B00140019452B000100EC
:1049600018472B000500194D2B00260019762B0047
:104970001F0019972B00680003002C0070000471C1
:104980002C00000003722C00010004742C000000B5
:1049900003752C00010004772C000400057C2C001A
:1049A0000100037E2C00650004E42C00000019E5E2
:1049B0002C00050003EB2C0003000BEF2C00020081
:1049C00003F22C00010014F92C0003000EFD2C0052
:1049D000000014FE2C00010003002D002500032719
:1049E0002D000000032D2D00000006302D003700A3
:1049F000056F2D00000014702D0000000B7F2D00AE
:104A0000000006802D00160006A02D00060006A856
:104A10002D00060006B02D00060006B82D00060089
:104A200006C02D00060006C82D00060006D02D0089
:104A3000060006D82D0006000BE02D001F00140014
:104A40002E00010013022E00000012032E000000B1
:104A500013042E00000012052E00000014062E0084
:104A6000020013092E000000120A2E000000140B91
:104A70002E000000130C2E000000120D2E0000006E
:104A8000140E2E00080010172E00000014182E001F
:104A90000100101A2E000000141B2E000000131C31
:104AA0002E000000121D2E000000141E2E0001001A
:104AB00013202E00000012212E00000015222E00CF
:104AC000000011232E00000015242E0000001125E7
:104AD0002E00000015262E00000011272E000000D9
:104AE00015282E00000011292E000000142A2E0087
:104AF0000400052F2E00000014302E000900103A8B
:104B00002E000100143C2E00030010402E00000077
:104B100014412E00000015422E00000014432E0008
:104B20000C0019502E00010014522E0002001555E1
:104B30002E00000011562E00000015572E00000018
:104B400011582E00000015592E000000115A2E0099
:104B50000000155B2E000000115C2E000000105DAF
:104B60002E00000019802E001900199B2E005800FD
:104B700019002F00D50019F02F000B001C00300089
:104B80000000140130000200190430000000050587
:104B9000300000000606300000000D073000000065
:104BA000150830000000110930000000150A30001F
:104BB0000000110B30000000150C30000000110D3A
:104BC00030000000150E30000000110F3000000012
:104BD00015103000000011113000000019123000D3
:104BE00001001514300000001115300000001516EA
:104BF00030000000111730000000151830000000D0
:104C0000111930000000151A30000000111B30008F
:104C10000000101C30000000151D30000000111EA7
:104C2000300001001920300000000D213000080084
:104C30000B2A30000300092E300001001030300034
:104C400000000531300004001936300001000D3835
:104C500030000200053B30000000063C3000000040
:104C6000143D30000000193E3000010006413000C4
:104C700055000B9930000100179B30000100059D85
:104C800030000100069F3000000010A0300000003E
:104C900006A13000590014FB3000000005FC300074
:104CA000020006FF30000000060531002A00063130
:104CB00031005D001990310001000E9231000300B7
:104CC00019963100090006A031001F0019C03100FB
:104CD000230006F031000F00190032001E000E20E4
:104CE00032000900192A32001D000E483200070068
:104CF0001950320000000E5132000E0019603200CF
:104D00001F000E8032000900198A320026000EB101
:104D100032000E0019C032003F0106003400BF19F6
:104D200019C04D003F0006004E0014520515A000AA
:104D300000000616A00076041990A400360006D0E4
:104D4000A400270005F8A400050014FEA40001003B
:104D50000600A5000B01050CA6000000140DA6001E
:104D600002000610A6000F000C20A6000900062A6B
:104D7000A60001000340A6002D00066EA60000005C
:104D80000B6FA60000000A70A60002001473A600B4
:104D900000000B74A6000900147EA6000000057F29
:104DA000A60000000380A6001B00059CA6000100D1
:104DB0000B9EA600010006A0A60045000DE6A60079
:104DC00009000BF0A600010014F2A6000500170070
:104DD000A70016000517A70008001720A70001006C
:104DE0000322A7000D000430A70001000332A70032
:104DF0003D000570A70000000471A70007000379BB
:104E0000A7000E000588A70000001789A700010071
:104E1000038BA7000200048EA7000000068FA700E6
:104E200000000390A70004000495A700000003966B
:104E3000A700180004AFA700000003B0A7001A00E5
:104E400003D0A700010004D3A700000004D5A700E9
:104E5000000003D6A700030005F2A700020003F537
:104E6000A700010006F7A700000005F8A700010051
:104E700004FAA700000006FBA70006000B02A8002A
:104E800000000603A80002000B06A80000000607A9
:104E9000A80003000B0BA8000000060CA8001600D9
:104EA0000923A80001000B25A80001000927A8007C
:104EB00000001928A80003000B2CA80000000E30E9
:104EC000A80005001936A80001001638A800000047
:104ED0001939A80000000640A80033001474A80087
:104EE00003000980A80001000682A800310009B46F
:104EF000A8000F000BC4A800010014CEA8000100F8
:104F00000CD0A80009000BE0A800110006F2A800D0
:104F1000050014F8A800020006FBA800000014FC1D
:104F2000A800000006FDA80001000BFFA80000007B
:104F30000C00A9000900060AA9001B000B26A90005
:104F40000700142EA90001000630A90016000B4727
:104F5000A9000A000952A9000100145FA90000007D
:104F60000660A9001C000B80A90002000983A900AB
:104F700000000684A9002E000BB3A900000009B4AC
:104F8000A90001000BB6A900030009BAA90001009D
:104F90000BBCA900010009BEA900020014C1A900B0
:104FA0000C0005CFA90000000CD0A900090014DEF8
:104FB000A900010006E0A90004000BE5A90000001B
:104FC00005E6A900000006E7A90008000CF0A9000A
:104FD000090006FAA90004000600AA0028000B290F
:104FE000AA000500092FAA0001000B31AA00010048
:104FF0000933AA0001000B35AA0001000640AA00EF
:1050000002000B43AA0000000644AA0007000B4C54
:10501000AA000000094DAA0000000C50AA000900D7
:10502000145CAA0003000660AA000F000570AA0025
:1050300000000671AA0005001977AA000200067A8E
:10504000AA000000097BAA0000000B7CAA00000057
:10505000097DAA000000067EAA0031000BB0AA005C
:10506000000006B1AA0000000BB2AA00020006B5BB
:10507000AA0001000BB7AA00010006B9AA000400AB
:105080000BBEAA00010006C0AA0000000BC1AA00C6
:10509000000006C2AA00000006DBAA00010005DD30
:1050A000AA00000014DEAA00010006E0AA000A001F
:1050B00009EBAA0000000BECAA00010009EEAA000F
:1050C000010014F0AA00010006F2AA00000005F396
:1050D000AA00010009F5AA0000000BF6AA000000D2
:1050E0000601AB0005000609AB0005000611AB0088
:1050F00005000620AB0006000628AB0006000430C1
:10510000AB0022000353AB0000000454AB000600C8
:10511000175BAB000000055CAB0003000460AB0054
:1051200008000569AB000000176AAB0001000370BE
:10513000AB004F0006C0AB00220009E3AB0001004A
:105140000BE5AB00000009E6AB0001000BE8AB008B
:10515000000009E9AB00010014EBAB00000009EC12
:10516000AB0000000BEDAB0000000CF0AB00090041
:105170000600AC00A32B06B0D700160006CBD70064
:1051800030000200D800FF070600F9006D0106702C
:10519000FA0069000400FB0006000413FB00040091
:1051A000061DFB0000000B1EFB000000061FFB009D
:1051B00009001829FB000000062AFB000C00063835
:1051C000FB000400063EFB0000000640FB0001005F
:1051D0000643FB0001000646FB006B0017B2FB0014
:1051E000100006D3FB006A01113EFD000000153FD0
:1051F000FD0000001940FD000F000650FD003F00BB
:105200000692FD00350019CFFD00000006F0FD00FC
:105210000B0016FCFD00000019FDFD0002000B0054
:10522000FE000F001410FE0006001517FE0000001F
:105230001118FE0000001419FE0000000B20FE00F3
:105240000F001430FE0000001031FE0001000F338B
:10525000FE0001001535FE0000001136FE000000C2
:105260001537FE0000001138FE0000001539FE0061
:105270000000113AFE000000153BFE000000113C4A
:10528000FE000000153DFE000000113EFE00000083
:10529000153FFE0000001140FE0000001541FE0019
:1052A00000001142FE0000001543FE000000114402
:1052B000FE0000001445FE0001001547FE0000003E
:1052C0001148FE0000001449FE0003000F4DFE00CF
:1052D00002001450FE0002001454FE000300105897
:1052E000FE0000001559FE000000115AFE000000EB
:1052F000155BFE000000115CFE000000155DFE0065
:105300000000115EFE000000145FFE000200186243
:10531000FE0000001063FE0000001864FE000200A2
:105320001468FE0000001669FE000000146AFE000A
:1053300001000670FE0004000676FE00860001FFF4
:10534000FE0000001401FF0002001604FF00000030
:105350001405FF0002001508FF0000001109FF00FE
:105360000000140AFF000000180BFF000000140CDE
:10537000FF000000100DFF000000140EFF000100F0
:105380000C10FF000900141AFF000100181CFF0098
:105390000200141FFF0001000321FF001900153B4C
:1053A000FF000000143CFF000000113DFF00000062
:1053B000173EFF0000000F3FFF0000001740FF00F6
:1053C00000000341FF001900155BFF000000185C9E
:1053D000FF000000115DFF000000185EFF000000EC
:1053E000155FFF0000001160FF0000001461FF0066
:1053F00000001562FF0000001163FF00000014644C
:10540000FF0001000666FF0009000570FF000000B4
:105410000671FF002C00059EFF00010006A0FF00A2
:105420001E0006C2FF00050006CAFF00050006D2E6
:10543000FF00050006DAFF00020016E0FF00010091
:1054400018E2FF00000017E3FF00000019E4FF006E
:10545000000016E5FF00010019E8FF00000018E950
:10546000FF00030019EDFF00010001F9FF00020039
:1054700019FCFF000100060000010B00060D0001F1
:105480001900062800011200063C00010100063F39
:1054900000010E00065000010D00068000017A0098
:1054A0001400010102000E0701012C00193701014F
:1054B00008000D40010134000E7501010300197947
:1054C000010110000E8A01010100198C0101020086
:1054D000199001010C0019A00101000019D001016F
:1054E0002C000BFD01010000068002011C0006A03B
:1054F000020130000BE0020100000EE102011A007F
:10550000060003011F000E2003010300062D030106
:1055100013000D41030100000642030107000D4A7C
:10552000030100000650030125000B76030104006F
:10553000068003011D00149F0301000006A0030163
:10554000230006C80301070014D0030100000DD199
:1055500003010400030004014F00065004014D0044
:105560000CA00401090003B00401230003D80401C6
:105570002300060005012700063005013300146FE3
:1055800005010000037005010A00037C05010E00FF
:10559000038C050106000394050101000397050132
:1055A0000A0003A305010E0003B30501060003BBB7
:1055B000050101000600060136010640070115003D
:1055C0000660070107000580070105000587070140
:1055D000290005B2070108000600080105000608B9
:1055E00008010000060A08012B0006370801010027
:1055F000063C08010000063F080116001457080188
:1056000000000E580801070006600801160019770F
:10561000080101000E7908010600068008011E003D
:105620000EA70801080006E00801120006F40801B0
:1056300001000EFB080104000600090115000E160A
:1056400009010500141F09010000062009011900C5
:10565000143F090100000680090137000EBC090152
:10566000010006BE090101000EC009010F000ED2A3
:1056700009012D0006000A0100000B010A010200C9
:105680000B050A0101000B0C0A01030006100A01B8
:10569000030006150A01020006190A011C000B3856
:1056A0000A0102000B3F0A0100000E400A01080037
:1056B00014500A01080006600A011C000E7D0A0150
:1056C0000100147F0A01000006800A011C000E9DE3
:1056D0000A01020006C00A01070019C80A010000F9
:1056E00006C90A011B000BE50A0101000EEB0A01C5
:1056F000040014F00A01060006000B0135001439FD
:105700000B01060006400B0115000E580B010700A7
:1057100006600B0112000E780B01070006800B01DA
:10572000110014990B0103000EA90B0106000600DD
:105730000C01480003800C01320003C00C01320050
:105740000EFA0C01050006000D0123000B240D01CB
:1057500003000C300D0109000E600E011E000680D2
:105760000E0129000BAB0E01010010AD0E0100006F
:1057700006B00E0101000BFD0E01020006000F0134
:105780001C000E1D0F01090006270F010000063046
:105790000F0115000B460F010A000E510F01030007
:1057A00014550F01040006700F0111000B820F0148
:1057B000030014860F01030006B00F0114000EC58C
:1057C0000F01060006E00F0116000900100100009D
:1057D0000B01100100000902100100000603100176
:1057E00034000B3810010E001447100106000E5251
:1057F000100113000C66100109000B70100100006D
:105800000671100101000B731001010006751001F3
:1058100000000B7F100102000982100100000683C6
:1058200010012C0009B0100102000BB3100103009D
:1058300009B7100101000BB91001010014BB1001E0
:10584000010001BD1001000014BE100103000BC2D5
:105850001001000001CD1001000006D01001180059
:105860000CF0100109000B001101020006031101E8
:1058700023000B2711010400092C110100000B2D3E
:10588000110107000C361101090014401101030039
:1058900006441101000009451101010006471101EC
:1058A00000000650110122000B7311010000147456
:1058B000110101000676110100000B8011010100A9
:1058C000098211010000068311012F0009B31101A3
:1058D00002000BB61101080009BF1101010006C149
:1058E0001101030014C5110103000BC911010300CC
:1058F00014CD1101000009CE110100000BCF1101E0
:1059000000000CD01101090006DA1101000014DBBF
:105910001101000006DC1101000014DD110102007C
:105920000EE111011300060012011100061312010D
:105930001800092C120102000B2F1201020009327B
:10594000120101000B3412010000093512010000A0
:105950000B36120101001438120105000B3E120132
:105960000000063F120101000B41120100000680F9
:1059700012010600068812010000068A12010300C7
:10598000068F12010E00069F1201090014A91201D0
:10599000000006B012012E000BDF1201000009E02A
:1059A000120102000BE3120107000CF012010900C2
:1059B0000B00130101000902130101000605130188
:1059C0000700060F13010100061313011500062A34
:1059D000130106000632130101000635130104000D
:1059E0000B3B13010100063D13010000093E1301AA
:1059F00001000B4013010000094113010300094796
:105A000013010100094B13010200065013010000AD
:105A1000095713010000065D130104000962130118
:105A200001000B66130106000B7013010400060051
:105A3000140134000935140102000B381401070069
:105A40000940140101000B42140102000945140130
:105A500000000B4614010000064714010300144B1C
:105A6000140104000C5014010900145A140101001F
:105A7000145D140100000B5E14010000065F1401A8
:105A80000200068014012F0009B0140102000BB3BC
:105A90001401050009B9140100000BBA140100003B
:105AA00009BB140103000BBF1401010009C114015B
:105AB00000000BC21401010006C41401010014C649
:105AC0001401000006C7140100000CD014010900E5
:105AD000068015012E0009AF150102000BB2150159
:105AE000030009B8150103000BBC1501010009BE34
:105AF000150100000BBF1501010014C115011600AE
:105B000006D8150103000BDC150101000600160183
:105B10002F000930160102000B3316010700093B64
:105B2000160101000B3D16010000093E16010000A0
:105B30000B3F160101001441160102000644160134
:105B400000000C5016010900146016010C000680BC
:105B500016012A000BAB1601000009AC160100006B
:105B60000BAD1601000009AE160101000BB01601C5
:105B7000050009B6160100000BB71601000006B8B3
:105B80001601000014B9160100000CC0160109002E
:105B9000060017011A000B1D17010200092017014A
:105BA00001000B22170103000926170100000B2733
:105BB000170104000C30170109000E3A170101000B
:105BC000143C17010200193F17010000064017019D
:105BD0000600060018012B00092C180102000B2FEB
:105BE000180108000938180100000B3918010100DC
:105BF000143B1801000003A018013F000CE018013D
:105C000009000EEA1801080006FF1801070006093E
:105C100019010000060C1901070006151901010001
:105C20000618190117000930190105000937190173
:105C300001000B3B19010100093D190100000B3E59
:105C400019010000063F1901000009401901000078
:105C50000641190100000942190100000B43190116
:105C600000001444190102000C501901090006A09B
:105C70001901070006AA1901260009D1190102001D
:105C80000BD4190103000BDA1901010009DC190119
:105C900003000BE01901000006E11901000014E205
:105CA0001901000006E31901000009E419010000D0
:105CB00006001A0100000B011A010900060B1A0167
:105CC00027000B331A01050009391A010000063AB2
:105CD0001A0100000B3B1A010300143F1A010700D0
:105CE0000B471A01000006501A0100000B511A015F
:105CF000050009571A0101000B591A010200065C40
:105D00001A012D000B8A1A010C0009971A010000D4
:105D10000B981A010100149A1A010200069D1A013B
:105D20000000149E1A01040006B01A014800140075
:105D30001B01090006001C010800060A1C012400C2
:105D4000092F1C0100000B301C0106000B381C0140
:105D50000500093E1C0100000B3F1C01000006402D
:105D60001C01000014411C0104000C501C0109001E
:105D70000E5A1C01120014701C01010006721C0155
:105D80001D000B921C01150009A91C0100000BAAA3
:105D90001C01060009B11C0100000BB21C0101002E
:105DA00009B41C0100000BB51C01010006001D0117
:105DB000060006081D010100060B1D0125000B3120
:105DC0001D0105000B3A1D0100000B3C1D010100E7
:105DD0000B3F1D01060006461D0100000B471D017B
:105DE00000000C501D01090006601D01050006673A
:105DF0001D010100066A1D011F00098A1D01040022
:105E00000B901D01010009931D0101000B951D015F
:105E1000000009961D0100000B971D010000069867
:105E20001D0100000CA01D01090006E01E0112006A
:105E30000BF31E01010009F51E01010014F71E01FC
:105E400001000B001F01010006021F0100000903F1
:105E50001F01000006041F010C0006121F01210093
:105E600009341F0101000B361F010400093E1F0108
:105E700001000B401F01000009411F0100000B42FF
:105E80001F01000014431F010C000C501F010900EA
:105E900006B01F0100000EC01F01140019D51F011C
:105EA000070016DD1F01030019E11F01100014FF98
:105EB0001F0100000600200199030D0024016E005F
:105EC00014702401040006802401C30006902F01F1
:105ED000600014F12F010100060030012F04013091
:105EE00034010F000B40340100000641340105006D
:105EF0000B4734010E00060044014602060068010B
:105F0000380206406A011E000C606A010900146E26
:105F10006A01010006706A014E000CC06A010900A6
:105F200006D06A011D000BF06A01040014F56A0135
:105F3000000006006B012F000B306B0106001437C8
:105F40006B010400193C6B01030005406B01030069
:105F500014446B01000019456B0100000C506B01EB
:105F600009000E5B6B01060006636B011400067DE1
:105F70006B01120003406E013F000E806E0116009F
:105F800014976E01030006006F014A000B4F6F016A
:105F9000000006506F01000009516F0136000B8FA1
:105FA0006F01030005936F010C0005E06F01010014
:105FB00014E26F01000005E36F0100000BE46F01C4
:105FC000000009F06F01010006007001F7170600DC
:105FD0008801D50406008D01080005F0AF0103001B
:105FE00005F5AF01060005FDAF0101000600B00197
:105FF00022010632B10100000650B101020006552F
:10600000B10100000664B10103000670B1018B010B
:106010000600BC016A000670BC010C000680BC01D1
:1060200008000690BC010900199CBC0100000B9DF2
:10603000BC010100149FBC01000001A0BC010300D1
:106040000B00CF012D000B30CF0116001950CF01EE
:1060500073001900D001F5001900D101260019299B
:10606000D1013B000965D10101000B67D10102009C
:10607000196AD1010200096DD10105000173D10136
:1060800007000B7BD10107001983D10101000B85AB
:10609000D1010600198CD1011D000BAAD10103000A
:1060A00019AED1013C001900D20141000B42D201CE
:1060B00002001945D20100000EC0D20113000EE00B
:1060C000D20113001900D30156000E60D30118004D
:1060D0000800D4011900041AD40119000834D401AD
:1060E0001900044ED40106000456D40111000868BA
:1060F000D40119000482D4011900089CD4010000C5
:10610000089ED401010008A2D401000008A5D40112
:10611000010008A9D401030008AED401070004B6A9
:10612000D401030004BBD401000004BDD401060067
:1061300004C5D4010A0008D0D401190004EAD4012E
:1061400019000804D50101000807D5010300080D56
:10615000D50107000816D5010600041ED501190057
:106160000838D5010100083BD50103000840D501DE
:1061700004000846D5010000084AD5010600045273
:10618000D5011900086CD50119000486D501190044
:1061900008A0D501190004BAD501190008D4D50109
:1061A000190004EED50119000808D60119000422CF
:1061B000D6011900083CD60119000456D601190071
:1061C0000870D6011900048AD6011B0008A8D60160
:1061D000180018C1D601000004C2D601180018DB4F
:1061E000D601000004DCD601050008E2D601180043
:1061F00018FBD601000004FCD60118001815D701C1
:1062000000000416D7010500081CD7011800183536
:10621000D70100000436D7011800184FD70100003D
:106220000450D70105000856D7011800186FD70190
:1062300000000470D70118001889D7010000048AF3
:10624000D70105000890D701180018A9D701000050
:1062500004AAD701180018C3D701000004C4D7014D
:10626000050008CAD701000004CBD70100000CCEFE
:10627000D70131001900D801FF010B00DA01360007
:106280001937DA0103000B3BDA013100196DDA012D
:1062900007000B75DA0100001976DA010D000B8496
:1062A000DA0100001985DA0101001487DA0104001F
:1062B0000B9BDA0104000BA1DA010E000400DF01E0
:1062C0000900060ADF010000040BDF0113000425AA
:1062D000DF0105000B00E00106000B08E0011000E3
:1062E0000B1BE00106000B23E00101000B26E0017F
:1062F00004000530E0013D000B8FE00100000600C6
:10630000E1012C000B30E10106000537E101060038
:106310000C40E1010900064EE1010000194FE101C6
:1063200000000690E2011D000BAEE201000006C075
:10633000E2012B000BECE20103000CF0E20109008A
:1063400016FFE201000006D0E4011A0005EBE401AB
:1063500000000BECE40103000CF0E401090006E08E
:10636000E701060006E8E701030006EDE70101008A
:1063700006F0E7010E000600E801C4000EC7E801C0
:1063800008000BD0E80106000300E90143000B44BC
:10639000E9010600054BE90100000C50E901090084
:1063A000145EE90101000E71EC013A0019ACEC0138
:1063B00000000EADEC01020016B0EC0100000EB1C1
:1063C000EC0103000E01ED012C00192EED0100007F
:1063D0000E2FED010E000600EE0103000605EE0192
:1063E0001A000621EE0101000624EE010000062736
:1063F000EE0100000629EE0109000634EE0103005B
:106400000639EE010000063BEE0100000642EE01F7
:1064100000000647EE0100000649EE010000064BB1
:10642000EE010000064DEE0102000651EE010100F2
:106430000654EE0100000657EE0100000659EE0179
:106440000000065BEE010000065DEE010000065F45
:10645000EE0100000661EE0101000664EE0100009D
:106460000667EE010300066CEE0106000674EE01FD
:1064700003000679EE010300067EEE0100000680AF
:10648000EE010900068BEE01100006A1EE010200EC
:1064900006A5EE01040006ABEE01100018F0EE01B7
:1064A00001001900F0012B001930F001630019A060
:1064B000F0010E0019B1F0010E0019C1F0010E003B
:1064C00019D1F00124000E00F1010C00190DF101A9
:1064D000A00019E6F1011C001910F2012B0019406F
:1064E000F20108001950F20101001960F2010500E3
:1064F0001900F301FA0017FBF30104001900F4017D
:10650000D70219DCF601100019F0F6010C00190091
:10651000F7017600197BF7015E0019E0F7010B0027
:1065200019F0F70100001900F8010B001910F8012B
:1065300037001950F80109001960F8012700199077
:10654000F8011D0019B0F80101001900F90153010B
:106550001960FA010D001970FA010C001980FA0196
:1065600008001990FA012D0019BFFA01060019CE92
:10657000FA010D0019E0FA01080019F0FA0108000B
:106580001900FB0192001994FB0136000CF0FB018D
:10659000090006000002DFA60600A7023910064027
:1065A000B702DD000620B802811606B0CE02301D0B
:1065B0000600F8021D02060000034A1306501303EA
:1065C0005F100101000E00000120000E5F000B00B3
:0465D000010EEF00C9
:1065D40038EF001044EF001050EF00105CEF001093
:1065E40068EF001074EF001080EF0010ECF2001060
:0465F400E0F20010C1
:1065F800F0B5C646150000B504001E000268EFF3AA
:10660800108172B61368002BFCD0BFF35F8F042390
:10661800E3562268002B2BDBBFF35F8F002010604E
:1066280081F31088D02212061278002752B29046C1
:106638009A420ED1002080BCB846F0BDBFF35F8FF0
:10664800176081F310882800310000F06DFF0028E2
:10665800F0D12268EFF3108172B61368002BFCD0DA
:10666800BFF35F8F237922687F2BE7D9434602E087
:10667800D0231B061B682371BFF35F8F00231360B1
:1066880081F310880120D6E7F0B5C64600B50D00A5
:10669800040000F051FFFA2206000F000023280032
:1066A8000021920000F000FF36184F41002F02DA57
:1066B8000126174F7642D0231B061B6800259846F3
:1066C8000AE0BFF35F8F156081F31088300039004E
:1066D80000F02AFF002818D12268EFF3108172B663
:1066E8001368002BFCD0BFF35F8F237922687F2BC0
:1066F800E7D943462371BFF35F8F0023136081F30B
:106708001088012080BCB846F0BD0020FAE7C046DA
:10671800FFFFFF7F0268EFF3108172B61368002B4A
:10672800FCD0BFF35F8FFF2303710368BFF35F8F54
:1067380000221A6081F3108840BF704710B5084CDA
:106748002378002B0AD18023064807495B051A687D
:10675800C25004338B42FAD10123237010BDC046C6
:10676800F7460020CC2000100001001010B5014BA6
:10677800984710BDCD200020064B5A6802609A68E1
:106788004260DA6882601A69C2605A6902619B696C
:1067980043617047000002400268064B5A60426835
:1067A8009A608268DA60C2681A6102695A6142694D
:1067B8009A61704700000240034B1A68C0239B008F
:1067C8009343024A136070470C8001400C900140CB
:1067D800054B1A6880239B005340C0229200134047
:1067E800024A13607047C0460C8001400C9001407B
:1067F800F0B5D6464F4646468023C0B54218040039
:106808000D0086B09B039A422ED800270026B88A2E
:10681800338B17499847338B82461649B88A98476D
:10682800338B81461449B88A9847338B134980467D
:10683800B88A98470600FFF781FF6846FFF79CFF74
:10684800D047C8478022D823290020005202C047D9
:10685800B047FFF78BFF6846FFF79EFF06B0E0BC26
:10686800BA46B146A846F0BD00F026FECDE7C046C0
:1068780049460000455800005245000046430000C4
:10688800F0B54E464546DE4657468023E0B515002E
:1068980082180400894687B09B039A422DD80027A6
:1068A8000026B88A338B16499847338B8346154997
:1068B800B88A9847338B82461349B88A9847338BEE
:1068C80012498046B88A98470600FFF737FF68469E
:1068D800FFF752FFD847D0472A0049462000C04753
:1068E800B047FFF743FF6846FFF756FF07B0F0BC15
:1068F800BB46B246A946A046F0BD00F0DDFDCEE796
:106908004946000045580000525000004643000028
:106918000023F0B5DE4657464E4645469A46E0B552
:1069280089B001900E00988A45491B8B140098473E
:10693800534681464349988A1B8B98475346424998
:106948000500988A1B8B98478046FFF7F7FE02A838
:10695800FFF712FFC847A847FFF73AFF251E22D0C6
:106968000823C0219C460220490562468B6A1A40CA
:1069780018423FD0631B002D2FD1002A11D1002CC3
:1069880011D0C0235B059B4602239A4606339946DD
:106998005B464A4657469B6A1A401F4242D0002A25
:1069A800F6D0002C30D1FFF707FFC047FFF7DEFE17
:1069B80002A8FFF7F1FE09B0F0BCBB46B246A946F3
:1069C800A046F0BD002C2FD1C0225205926A9146F4
:1069D80008224F463A40BF072DD50D2B1BD9002A58
:1069E800F0D1C0225205926A914608224F463A4099
:1069F800BF07F2D4002A04D12B002343002BB4D1C3
:106A0800D1E72B00002CF9D00B6E013C337023002A
:106A180001362B43F2E7019F013D3B7801370B66B6
:106A28000197E7E70025E5E7C0235B051B6E013CFE
:106A38003370013699E72B00002ADFD1DCE7C04626
:106A48004946000045580000464300000022154B07
:106A580010B59A60DA601A615A619A61DA611A624D
:106A68005A629A62DA621A635A639A63DA631A6438
:106A78005A649A64DA641A655A659A65DA651A6618
:106A88005A669A66DA661A675A679A67DA679632B2
:106A980092000021044800F02FFD044B044A1A60BC
:106AA80010BDC04600001050482400201C240020BF
:106AB80080011050F0B55746DE464E464546E0B5D3
:106AC800494B8DB09B6D9A46002B53D05746474B88
:106AD8000393380000F008FD0121012201408A4695
:106AE8001421C3B25E088243B44655420D4003994F
:106AF80001248846B30006936344DB005B19844095
:106B0800350005969844002E62D03949731EDB0083
:106B18005E183849ED008C463749654489469944E2
:106B28005346002B51D02B1D9A462F4B9B6D234269
:106B3800CFD0E3430293012303409B4693009B1865
:106B48009B000793284D2D4AEB6D9465029A2340CC
:106B580017405A1E93415A464946009240465246AB
:106B6800DBB200F0A1FA00280BD1AB6D1C42E9D1D1
:106B7800002FAED10DB0F0BCBB46B246A946A04628
:106B8800F0BD059B069E9C46079B66449C46F60006
:106B9800039B66449B195A8A4046049200F0D2F936
:106BA800039BE0229B5D09A803710023D2000280A9
:106BB800049A01214371826000F062FBAB6D2342AD
:106BC800C0D1002F00D084E7D4E7B146AA46ACE78D
:106BD8005346002B03D00023064D9946A3E7054DE5
:106BE800D146AA46A1E7C046000011502024002043
:106BF80008001050800010500C0010500030115048
:106C08009823F0B54E464546DE465746A549E0B5B9
:106C1800CC5880232200802510269B021A406D0242
:106C2800914687B0264025401C4200D087E0002EC0
:106C380000D070E0002D47D003AB984628239A4F28
:106C48009B46273B3D009A46BB445346AE786B7043
:106C5800012E00D1B9E01435AB45F6D1C023424628
:106C6800DB001380914A04AB03CA03C301214046E9
:106C780000F006FB80228E4B92021A654B46002BD1
:106C880022D07B7E9946002B05D0BB7D002B53D0AC
:106C9800022B00D1D4E0874B874D9846874E6F79F9
:106CA800002F05D0AB78002B02D0022B19D0B946A3
:106CB800083628354645F2D14B46002B04D1804B87
:106CC8001B78002B00D1AEE0E3046BD463045DD4E1
:106CD80024044ED407B0F0BCBB46B246A946A04631
:106CE800F0BD013BAB703388764A298A13400029EE
:106CF80016D07188114213D1002B00D199E0A968F0
:106D080000222800403100F065F9B31C010018008A
:106D180000F040F9CBE7FFF7CDFE002DD4D08BE78C
:106D2800002BC4D1A9680022280000F053F9010003
:106D3800300000F02FF9BAE700239946ABE7624A22
:106D48008B6C916A614A5B05116003AA9046C02268
:106D5800414692005B0D0A804B604046012100F0DD
:106D68008FFA002E00D093E0002D00D066E74E4F3A
:106D780087E7A0236A46DB009381012103A800F07E
:106D88007FFA80224A4B12011A65A3E780236A46DC
:106D9800DB009381012103A800F072FA1022444B12
:106DA8001A6595E700253F4B1D60FFF74FFE8023CE
:106DB8006A465B0093811574012103A800F060FA0C
:106DC80080223B4B12031A6580E70F222B781A406A
:106DD800D9090192530001224A40D2B213439E407E
:106DE800009100F071FB012806D9394B2D4A1E6627
:106DF800536E33409E42FBD1019B364A0099DB001B
:106E08009A18012901D0344A9A18002328001360DF
:106E180000F098F800F058FB012800D81BE7244B35
:106E28005E661E6617E78021214A90338902D15099
:106E38004AE7310032002800803900F001F936E7CE
:106E4800013B244ABB7513881E49B88C0B400028A7
:106E580010D0508808420DD1002B1CD03800F96999
:106E680000224031143000F0B5F801001B4800F052
:106E780091F810E7002B00D00DE73800F9690022DF
:106E8800143000F0A7F80100124800F083F802E778
:106E9800FFF710FE68E738000021143000F0D0F842
:106EA800F9E6C046000011502024002000001050D0
:106EB80000301150000110505C2400208800105050
:106EC800F54600200084FFFF004005400C24002008
:106ED8000020115080001050840010508200105083
:106EE800920570B50500900D00290ED0EC680028B9
:106EF80009D01E18190009780133C9B2217001346C
:106F0800B342F7D1EC682418EC606B8AC3186B8223
:106F1800EB88834201D900232B8270BD0649074BB9
:106F28008C46074A9B6A126863449B1A0020C62253
:106F38009A424041C0B27047E0FCFFFF0040054064
:106F48000C240020002383700361C3607047C0468F
:106F580003680C4A0B4010B513420DD10A4B0B4085
:106F68000360114207D0094B1B6C9B0702D40C230A
:106F7800033BFDD2016010BD054B0100180000F075
:106F8800CBFAC04600040004FFFBFFFB00001150D1
:106F980090CD001080220388D2000B4010B5134218
:106FA8000DD1094B0B400380114207D0074B1B6CD6
:106FB8009B0702D40C23033BFDD2018010BD044B78
:106FC8000100180000F0A8FAFFFBFFFF00001150B5
:106FD80090CD00100300F0B5DC88008A261C84429E
:106FE80000D9061CB6B2801B5D7884B21C82002DC5
:106FF80012D18020C000304301277D405D70002AF7
:1070080004D1002E0CD180231B021843002C02D17E
:107018008023DB011843F0BD902080013043EBE76B
:10702800DA68971915002D780132EDB20D7001312B
:10703800BA42F7D1DA681C8A9219DA60E3E7C046E7
:10704800F8B54746CE460E0080B5904680241A0013
:10705800816805001F00FFF7BDFF64010443A4B267
:10706800002E09D0336899462B8A002B0CD14A464A
:107078000C4B1A401300336040462100FFF768FFAD
:10708800C0BCB946B046F8BDA9683A0028004031EE
:10709800FFF7A0FF80234A46DB050004134304439F
:1070A8003360E9E7FFFFFFBFF0B557464E46DE46BF
:1070B8004546E0B583B01E000CAB1B7804009A4629
:1070C80083781700002B52D00222684B1B6C1A40A1
:1070D800836891469B4673009846B84400291FD0A0
:1070E8000B685B001CD5002E53D143461D885146C2
:1070F800ADB25B462A00FFF7F3FE8023DB011D409B
:10710800E388834224D95346002B01D0002D54D064
:10711800012003B0F0BCBB46B246A946A046F0BD6C
:10712800002E26D04B46002B23D1019340239C46AA
:1071380043461D88E344ADB25B462A005146200011
:10714800FFF7CEFE8023DB011D40E388834222D86F
:107158006D04ED0FDCD1238A002B08D06379002B56
:1071680020D0FFF7DBFE002819D00223A3700020EF
:10717800CFE743461D885146ADB25B462A00200042
:10718800FFF7AEFEE3888342C2D88023DB011D40AF
:10719800DEE70123C9E7019B002BB4D1B8E7A37848
:1071A800022BE4D0524659462000FFF713FF010096
:1071B8004046FFF7EFFE0020ABE701234A465E405A
:1071C800F6B275007D19002A15D02849284ACB6CDB
:1071D800134010221343CB641000CB6C18401A42A2
:1071E800FAD12B881BB2002B03DB012263785340B2
:1071F800637038608CE71F480278012A1DD90F2375
:1072080022781A49134001225B009A401A4B1A66E9
:107218004B6E13409342FBD12B8899B21BB2002BC3
:107228001BDA217100210378E6703960012B00D840
:107238006EE7124B5A661A666AE72A8891B212B24A
:10724800002A05DB6278534063704B463B605FE77A
:107258004B462171E6703B605AE7012163784B4049
:10726800637000233B600378E0E7C04600001150DC
:1072780000860020D8100020002011500030115046
:10728800F0B5C64600B5437804000E0084B0072B5D
:1072980009D87E4A9B00D3589F4600227C4B1A751A
:1072A8001A765A759A757B4B1D68AA69EFF3108197
:1072B80072B61368002BFCD0BFF35F8F00232A88B7
:1072C800E961281D210000F01FF9AA69EB69BFF3E5
:1072D8005F8F0021116083F31088002803D104B068
:1072E80080BCB846F0BD32006178207800F0F4F830
:1072F800F5E70F231A0001790A400B42D3D0644BFB
:107308005200C8099B181B181A0063482B321278C0
:1073180000789042C7D96148D5000068AA18920041
:107328008218002ABFD0D769002FBCD005224B3362
:107338001D001B7893432B70A36862792078B847A7
:107348000028CCD105222B7813432B70ABE7524F82
:10735800002539780022FF2918D0504B98469142D1
:107368000ED94246EB0012685B199B00D318002B1C
:1073780006D01B6A002B03D06168207898473978BB
:1073880001354B1CDBB2EAB29342E8D8404FBB7DD3
:10739800002B2BD00023BB756B460A220021981DB9
:1073A80000F0AAF8237801AD2B7005236B70394BD8
:1073B8001B6898469A69EFF3108172B61368002B20
:1073C800FCD0BFF35F8F43461A88D961181D290086
:1073D800002300F099F843469A69DB69BFF35F8F91
:1073E8000021116083F31088002849D1BB7EDB0798
:1073F80000D474E76B460A220021981D00F07CF83F
:10740800237801AD2B7003236B7063686B60214B8D
:107418001C68A269EFF3108172B61368002BFCD0C8
:10742800BFF35F8F00232288E161201D290000F04F
:107438006BF8A269E369BFF35F8F0021116083F3E2
:107448001088002800D14AE732006978287800F0CF
:1074580043F844E70E4B1A7D002A00D13FE701228A
:107468009A7520E70A4B1A7D002A00D137E70022D7
:107478009A7518E70A4A13780133DBB2137012E7DA
:1074880032006978287800F027F8AFE77CF100101F
:10749800901F002000200020F4460020C01C00207F
:1074A800F64600207047C04601B40248844601BC35
:1074B800604700BF952E001001B40248844601BC05
:1074C800604700BF011E001001B40248844601BC99
:1074D800604700BFF50A001001B40248844601BCA9
:1074E800604700BF0156001001B40248844601BC41
:1074F800604700BF5520001001B40248844601BC13
:10750800604700BF8132001001B40248844601BCC4
:10751800604700BFC96E001001B40248844601BC30
:10752800604700BF010B001001B40248844601BC4B
:10753800604700BF3517001001B40248844601BCFB
:10754800604700BF65180010FFFFFFFF0100E80358
:10755800E803DC05DC05000000EF001048CC001053
:1075680060CC001070CC001078CC00101000000027
:107578000000000000000100000000000000000002
:1075880000000200000000000000000000000300EE
:1075980000000000000000000000FF0000000000E4
:1075A80001B5486801318E460047704609380149DF
:1075B800884701BDB910001000000000000000005D
:1075C800000000000000000000000000D0170020AC
:1075D800503300004C330000543300005233000095
:1075E8004D5300004D430000533400004334000065
:1075F8002D4F001031500010794F001045500010E9
:107608000000000000010000020000000C00000063
:1076180004200020C000000000000000000000005E
:10762800000000000000000000000000FF00000053
:10763800FFFFFFFF00000200000000000000000044
:10764800081100200811002010110020101100203E
:1076580018110020181100202011002020110020EE
:10766800281100202811002030110020301100209E
:10767800381100203811002040110020401100204E
:1076880048110020481100205011002050110020FE
:1076980058110020581100206011002060110020AE
:1076A800681100206811002070110020701100205E
:1076B800781100207811002080110020801100200E
:1076C80088110020881100209011002090110020BE
:1076D8009811002098110020A0110020A01100206E
:1076E800A8110020A8110020B0110020B01100201E
:1076F800B8110020B8110020C0110020C0110020CE
:10770800C8110020C8110020D0110020D01100207D
:10771800D8110020D8110020E0110020E01100202D
:10772800E8110020E8110020F0110020F0110020DD
:10773800F8110020F811002000120020001200208B
:107748000812002008120020101200201012002039
:1077580018120020181200202012002020120020E9
:107768002812002028120020301200203012002099
:107778003812002038120020401200204012002049
:1077880048120020481200205012002050120020F9
:1077980058120020581200206012002060120020A9
:1077A8006812002068120020701200207012002059
:1077B8007812002078120020801200208012002009
:1077C80088120020881200209012002090120020B9
:1077D8009812002098120020A0120020A012002069
:1077E800A8120020A8120020B0120020B012002019
:1077F800B8120020B8120020C0120020C0120020C9
:10780800C8120020C8120020D0120020D012002078
:10781800D8120020D8120020E0120020E012002028
:10782800E8120020E8120020F0120020F0120020D8
:10783800F8120020F8120020001300200013002086
:107848000813002008130020101300201013002034
:1078580018130020181300202013002020130020E4
:107868002813002028130020301300203013002094
:107878003813002038130020401300204013002044
:1078880048130020481300205013002050130020F4
:1078980058130020581300206013002060130020A4
:1078A8006813002068130020701300207013002054
:1078B8007813002078130020801300208013002004
:1078C80088130020881300209013002090130020B4
:1078D8009813002098130020A0130020A013002064
:1078E800A8130020A8130020B0130020B013002014
:1078F800B8130020B8130020C0130020C0130020C4
:10790800C8130020C8130020D0130020D013002073
:10791800D8130020D8130020E0130020E013002023
:10792800E8130020E8130020F0130020F0130020D3
:10793800F8130020F8130020001400200014002081
:10794800081400200814002010140020101400202F
:1079580018140020181400202014002020140020DF
:10796800281400202814002030140020301400208F
:10797800381400203814002040140020401400203F
:1079880048140020481400205014002050140020EF
:10799800581400205814002060140020601400209F
:1079A800681400206814002070140020701400204F
:1079B80078140020781400208014002080140020FF
:1079C80088140020881400209014002090140020AF
:1079D8009814002098140020A0140020A01400205F
:1079E800A8140020A8140020B0140020B01400200F
:1079F800B8140020B8140020C0140020C0140020BF
:107A0800C8140020C8140020D0140020D01400206E
:107A1800D8140020D8140020E0140020E01400201E
:107A2800E8140020E8140020F0140020F0140020CE
:107A3800F8140020F814002000150020001500207C
:107A4800181500200000000000000000881B00201E
:107A5800F01B0020581C002000000000000000005F
:107A6800000000000000000000000000000000000E
:107A780000000000000000000000000000000000FE
:107A880000000000000000000000000000000000EE
:107A980000000000000000000000000000000000DE
:107AA80000000000000000000000000000000000CE
:107AB80000000000000000000000000000000000BE
:107AC80000000000000000000000000000000000AE
:107AD800000000000000000000000000000000009E
:107AE80001000000000000000E33CDAB34126DE63B
:107AF800ECDE05000B0000000000000000000000A4
:107B0800000000000000000000000000000000006D
:107B1800000000000000000000000000000000005D
:107B2800000000000000000000000000000000004D
:107B3800000000000000000000000000000000003D
:107B4800000000000000000000000000000000002D
:107B5800000000000000000000000000000000001D
:107B6800000000000000000000000000000000000D
:107B780000000000000000000000000000000000FD
:107B880000000000000000004300000000000000AA
:107B980000000000000000000000000000000000DD
:107BA800000000000000000043000000000000008A
:107BB80000000000000000000000000000000000BD
:107BC800000000000000000043000000000000006A
:107BD800000000000000000000000000000000009D
:107BE800000000000000000043000000000000004A
:107BF800000000000000000000000000000000007D
:107C08000000000000000000430000000000000029
:107C1800000000000000000000000000000000005C
:107C28000000000000000000430000000000000009
:107C3800000000000000000000000000000000003C
:107C480000000000000000004300000000000000E9
:107C5800000000000000000000000000000000001C
:107C6800000000000000000081B00010D99E001044
:107C780000000000F4F20010C0CD00105CCD001030
:107C88005CCD00105CCD00105CCD00105CCD001008
:107C98005CCD00105CCD00105CCD00105CCD0010F8
:107CA800FFFFFFFFFFFFFFFFFFFFFFFFFFFF0000DA
:107CB8000100415343494900000000000000000052
:107CC80000000000000000000000000000000000AC
:107CD8000000415343494900000000000000000033
:107CE800000000000000000000000000000000008C
:0C7CF80000000000000000000000000080
:04000005100001E9FD
:00000001FF
