
C:/Users/peter/Documents/GitHub/mini-moving-head/firmware/build/rp2040_pwm_led.elf:     file format elf32-littlearm

Sections:
Idx Name          Size      VMA       LMA       File off  Algn
  0 .boot2        00000100  10000000  10000000  00001000  2**0
                  CONTENTS, ALLOC, LOAD, READONLY, CODE
  1 .text         000027c0  10000100  10000100  00001100  2**3
                  CONTENTS, ALLOC, LOAD, READONLY, CODE
  2 .rodata       000000e0  100028c0  100028c0  000038c0  2**2
                  CONTENTS, ALLOC, LOAD, READONLY, DATA
  3 .binary_info  0000001c  100029a0  100029a0  000039a0  2**2
                  CONTENTS, ALLOC, LOAD, READONLY, DATA
  4 .ram_vector_table 000000c0  20000000  20000000  00005000  2**2
                  ALLOC
  5 .uninitialized_data 00000000  200000c0  200000c0  000041e8  2**0
                  CONTENTS
  6 .data         00000128  200000c0  100029bc  000040c0  2**4
                  CONTENTS, ALLOC, LOAD, READONLY, CODE
  7 .tdata        00000000  200001e8  200001e8  000041e8  2**0
                  CONTENTS, ALLOC, LOAD, DATA, THREAD_LOCAL
  8 .tbss         00000000  200001e8  200001e8  00000000  2**0
                  ALLOC, THREAD_LOCAL
  9 .bss          000003e8  200001e8  10002ae4  000041e8  2**3
                  ALLOC
 10 .heap         00000800  200005d0  10002ae4  000045d0  2**2
                  ALLOC, READONLY
 11 .scratch_x    00000000  20040000  20040000  000041e8  2**0
                  CONTENTS
 12 .scratch_y    00000000  20041000  20041000  000041e8  2**0
                  CONTENTS
 13 .stack_dummy  00000800  20041000  20041000  00005000  2**5
                  ALLOC, READONLY
 14 .ARM.attributes 00000028  00000000  00000000  000041e8  2**0
                  CONTENTS, READONLY
 15 .comment      00000045  00000000  00000000  00004210  2**0
                  CONTENTS, READONLY
 16 .debug_info   0001e78e  00000000  00000000  00004255  2**0
                  CONTENTS, READONLY, DEBUGGING, OCTETS
 17 .debug_abbrev 00004e42  00000000  00000000  000229e3  2**0
                  CONTENTS, READONLY, DEBUGGING, OCTETS
 18 .debug_loclists 000142f4  00000000  00000000  00027825  2**0
                  CONTENTS, READONLY, DEBUGGING, OCTETS
 19 .debug_aranges 00000f90  00000000  00000000  0003bb20  2**3
                  CONTENTS, READONLY, DEBUGGING, OCTETS
 20 .debug_rnglists 000030bb  00000000  00000000  0003cab0  2**0
                  CONTENTS, READONLY, DEBUGGING, OCTETS
 21 .debug_line   0001799e  00000000  00000000  0003fb6b  2**0
                  CONTENTS, READONLY, DEBUGGING, OCTETS
 22 .debug_str    000046e3  00000000  00000000  00057509  2**0
                  CONTENTS, READONLY, DEBUGGING, OCTETS
 23 .debug_frame  00001df0  00000000  00000000  0005bbec  2**2
                  CONTENTS, READONLY, DEBUGGING, OCTETS
 24 .debug_line_str 000002ec  00000000  00000000  0005d9dc  2**0
                  CONTENTS, READONLY, DEBUGGING, OCTETS

C:/Users/peter/Documents/GitHub/mini-moving-head/firmware/build/rp2040_pwm_led.elf:     file format elf32-littlearm


Disassembly of section .boot2:

10000000 <__boot2_start__>:
10000000:	4b32b500 	.word	0x4b32b500
10000004:	60582021 	.word	0x60582021
10000008:	21026898 	.word	0x21026898
1000000c:	60984388 	.word	0x60984388
10000010:	611860d8 	.word	0x611860d8
10000014:	4b2e6158 	.word	0x4b2e6158
10000018:	60992100 	.word	0x60992100
1000001c:	61592102 	.word	0x61592102
10000020:	22f02101 	.word	0x22f02101
10000024:	492b5099 	.word	0x492b5099
10000028:	21016019 	.word	0x21016019
1000002c:	20356099 	.word	0x20356099
10000030:	f844f000 	.word	0xf844f000
10000034:	42902202 	.word	0x42902202
10000038:	2106d014 	.word	0x2106d014
1000003c:	f0006619 	.word	0xf0006619
10000040:	6e19f834 	.word	0x6e19f834
10000044:	66192101 	.word	0x66192101
10000048:	66182000 	.word	0x66182000
1000004c:	f000661a 	.word	0xf000661a
10000050:	6e19f82c 	.word	0x6e19f82c
10000054:	6e196e19 	.word	0x6e196e19
10000058:	f0002005 	.word	0xf0002005
1000005c:	2101f82f 	.word	0x2101f82f
10000060:	d1f94208 	.word	0xd1f94208
10000064:	60992100 	.word	0x60992100
10000068:	6019491b 	.word	0x6019491b
1000006c:	60592100 	.word	0x60592100
10000070:	481b491a 	.word	0x481b491a
10000074:	21016001 	.word	0x21016001
10000078:	21eb6099 	.word	0x21eb6099
1000007c:	21a06619 	.word	0x21a06619
10000080:	f0006619 	.word	0xf0006619
10000084:	2100f812 	.word	0x2100f812
10000088:	49166099 	.word	0x49166099
1000008c:	60014814 	.word	0x60014814
10000090:	60992101 	.word	0x60992101
10000094:	2800bc01 	.word	0x2800bc01
10000098:	4700d000 	.word	0x4700d000
1000009c:	49134812 	.word	0x49134812
100000a0:	c8036008 	.word	0xc8036008
100000a4:	8808f380 	.word	0x8808f380
100000a8:	b5034708 	.word	0xb5034708
100000ac:	20046a99 	.word	0x20046a99
100000b0:	d0fb4201 	.word	0xd0fb4201
100000b4:	42012001 	.word	0x42012001
100000b8:	bd03d1f8 	.word	0xbd03d1f8
100000bc:	6618b502 	.word	0x6618b502
100000c0:	f7ff6618 	.word	0xf7ff6618
100000c4:	6e18fff2 	.word	0x6e18fff2
100000c8:	bd026e18 	.word	0xbd026e18
100000cc:	40020000 	.word	0x40020000
100000d0:	18000000 	.word	0x18000000
100000d4:	00070000 	.word	0x00070000
100000d8:	005f0300 	.word	0x005f0300
100000dc:	00002221 	.word	0x00002221
100000e0:	180000f4 	.word	0x180000f4
100000e4:	a0002022 	.word	0xa0002022
100000e8:	10000100 	.word	0x10000100
100000ec:	e000ed08 	.word	0xe000ed08
	...
100000fc:	7a4eb274 	.word	0x7a4eb274

Disassembly of section .text:

10000100 <__VECTOR_TABLE>:
10000100:	20042000 	.word	0x20042000
10000104:	100001f7 	.word	0x100001f7
10000108:	100001cb 	.word	0x100001cb
1000010c:	100001cd 	.word	0x100001cd
10000110:	100001c9 	.word	0x100001c9
10000114:	100001c9 	.word	0x100001c9
10000118:	100001c9 	.word	0x100001c9
1000011c:	100001c9 	.word	0x100001c9
10000120:	100001c9 	.word	0x100001c9
10000124:	100001c9 	.word	0x100001c9
10000128:	100001c9 	.word	0x100001c9
1000012c:	100001cf 	.word	0x100001cf
10000130:	100001c9 	.word	0x100001c9
10000134:	100001c9 	.word	0x100001c9
10000138:	100001d1 	.word	0x100001d1
1000013c:	100001d3 	.word	0x100001d3
10000140:	100001c1 	.word	0x100001c1
10000144:	100001c1 	.word	0x100001c1
10000148:	100001c1 	.word	0x100001c1
1000014c:	100001c1 	.word	0x100001c1
10000150:	100001c1 	.word	0x100001c1
10000154:	100001c1 	.word	0x100001c1
10000158:	100001c1 	.word	0x100001c1
1000015c:	100001c1 	.word	0x100001c1
10000160:	100001c1 	.word	0x100001c1
10000164:	100001c1 	.word	0x100001c1
10000168:	100001c1 	.word	0x100001c1
1000016c:	100001c1 	.word	0x100001c1
10000170:	100001c1 	.word	0x100001c1
10000174:	100001c1 	.word	0x100001c1
10000178:	100001c1 	.word	0x100001c1
1000017c:	100001c1 	.word	0x100001c1
10000180:	100001c1 	.word	0x100001c1
10000184:	100001c1 	.word	0x100001c1
10000188:	100001c1 	.word	0x100001c1
1000018c:	100001c1 	.word	0x100001c1
10000190:	100001c1 	.word	0x100001c1
10000194:	100001c1 	.word	0x100001c1
10000198:	100001c1 	.word	0x100001c1
1000019c:	100001c1 	.word	0x100001c1
100001a0:	100001c1 	.word	0x100001c1
100001a4:	100001c1 	.word	0x100001c1
100001a8:	100001c1 	.word	0x100001c1
100001ac:	100001c1 	.word	0x100001c1
100001b0:	100001c1 	.word	0x100001c1
100001b4:	100001c1 	.word	0x100001c1
100001b8:	100001c1 	.word	0x100001c1
100001bc:	100001c1 	.word	0x100001c1

100001c0 <__unhandled_user_irq>:
100001c0:	f3ef 8005 	mrs	r0, IPSR
100001c4:	3810      	subs	r0, #16

100001c6 <unhandled_user_irq_num_in_r0>:
100001c6:	be00      	bkpt	0x0000

100001c8 <isr_invalid>:
100001c8:	be00      	bkpt	0x0000

100001ca <isr_nmi>:
100001ca:	be00      	bkpt	0x0000

100001cc <isr_hardfault>:
100001cc:	be00      	bkpt	0x0000

100001ce <isr_svcall>:
100001ce:	be00      	bkpt	0x0000

100001d0 <isr_pendsv>:
100001d0:	be00      	bkpt	0x0000

100001d2 <isr_systick>:
100001d2:	be00      	bkpt	0x0000

100001d4 <__default_isrs_end>:
100001d4:	7188ebf2 	.word	0x7188ebf2
100001d8:	100029a0 	.word	0x100029a0
100001dc:	100029bc 	.word	0x100029bc
100001e0:	10000238 	.word	0x10000238
100001e4:	e71aa390 	.word	0xe71aa390

100001e8 <_entry_point>:
100001e8:	481e      	ldr	r0, [pc, #120]	@ (10000264 <data_cpy_table+0x2c>)

100001ea <_enter_vtable_in_r0>:
100001ea:	491f      	ldr	r1, [pc, #124]	@ (10000268 <data_cpy_table+0x30>)
100001ec:	6008      	str	r0, [r1, #0]
100001ee:	c806      	ldmia	r0!, {r1, r2}
100001f0:	f381 8808 	msr	MSP, r1
100001f4:	4710      	bx	r2

100001f6 <_reset_handler>:
100001f6:	481d      	ldr	r0, [pc, #116]	@ (1000026c <data_cpy_table+0x34>)
100001f8:	6800      	ldr	r0, [r0, #0]
100001fa:	2800      	cmp	r0, #0
100001fc:	d001      	beq.n	10000202 <hold_non_core0_in_bootrom+0x4>

100001fe <hold_non_core0_in_bootrom>:
100001fe:	4819      	ldr	r0, [pc, #100]	@ (10000264 <data_cpy_table+0x2c>)
10000200:	e7f3      	b.n	100001ea <_enter_vtable_in_r0>
10000202:	a40d      	add	r4, pc, #52	@ (adr r4, 10000238 <data_cpy_table>)
10000204:	cc0e      	ldmia	r4!, {r1, r2, r3}
10000206:	2900      	cmp	r1, #0
10000208:	d002      	beq.n	10000210 <hold_non_core0_in_bootrom+0x12>
1000020a:	f000 f812 	bl	10000232 <data_cpy>
1000020e:	e7f9      	b.n	10000204 <hold_non_core0_in_bootrom+0x6>
10000210:	4917      	ldr	r1, [pc, #92]	@ (10000270 <data_cpy_table+0x38>)
10000212:	4a18      	ldr	r2, [pc, #96]	@ (10000274 <data_cpy_table+0x3c>)
10000214:	2000      	movs	r0, #0
10000216:	e000      	b.n	1000021a <bss_fill_test>

10000218 <bss_fill_loop>:
10000218:	c101      	stmia	r1!, {r0}

1000021a <bss_fill_test>:
1000021a:	4291      	cmp	r1, r2
1000021c:	d1fc      	bne.n	10000218 <bss_fill_loop>

1000021e <platform_entry>:
1000021e:	4916      	ldr	r1, [pc, #88]	@ (10000278 <data_cpy_table+0x40>)
10000220:	4788      	blx	r1
10000222:	4916      	ldr	r1, [pc, #88]	@ (1000027c <data_cpy_table+0x44>)
10000224:	4788      	blx	r1
10000226:	4916      	ldr	r1, [pc, #88]	@ (10000280 <data_cpy_table+0x48>)
10000228:	4788      	blx	r1
1000022a:	be00      	bkpt	0x0000
1000022c:	e7fd      	b.n	1000022a <platform_entry+0xc>

1000022e <data_cpy_loop>:
1000022e:	c901      	ldmia	r1!, {r0}
10000230:	c201      	stmia	r2!, {r0}

10000232 <data_cpy>:
10000232:	429a      	cmp	r2, r3
10000234:	d3fb      	bcc.n	1000022e <data_cpy_loop>
10000236:	4770      	bx	lr

10000238 <data_cpy_table>:
10000238:	100029bc 	.word	0x100029bc
1000023c:	200000c0 	.word	0x200000c0
10000240:	200001e8 	.word	0x200001e8
10000244:	10002ae4 	.word	0x10002ae4
10000248:	20040000 	.word	0x20040000
1000024c:	20040000 	.word	0x20040000
10000250:	10002ae4 	.word	0x10002ae4
10000254:	20041000 	.word	0x20041000
10000258:	20041000 	.word	0x20041000
1000025c:	00000000 	.word	0x00000000
10000260:	4770      	bx	lr
10000262:	0000      	.short	0x0000
10000264:	00000000 	.word	0x00000000
10000268:	e000ed08 	.word	0xe000ed08
1000026c:	d0000000 	.word	0xd0000000
10000270:	200001e8 	.word	0x200001e8
10000274:	200005d0 	.word	0x200005d0
10000278:	10002539 	.word	0x10002539
1000027c:	100002d5 	.word	0x100002d5
10000280:	10002531 	.word	0x10002531

10000284 <_init>:
10000284:	b5f8      	push	{r3, r4, r5, r6, r7, lr}
10000286:	46c0      	nop			@ (mov r8, r8)

10000288 <register_tm_clones>:
10000288:	4806      	ldr	r0, [pc, #24]	@ (100002a4 <register_tm_clones+0x1c>)
1000028a:	4907      	ldr	r1, [pc, #28]	@ (100002a8 <register_tm_clones+0x20>)
1000028c:	1a09      	subs	r1, r1, r0
1000028e:	108b      	asrs	r3, r1, #2
10000290:	0fc9      	lsrs	r1, r1, #31
10000292:	18c9      	adds	r1, r1, r3
10000294:	b510      	push	{r4, lr}
10000296:	1049      	asrs	r1, r1, #1
10000298:	d003      	beq.n	100002a2 <register_tm_clones+0x1a>
1000029a:	4b04      	ldr	r3, [pc, #16]	@ (100002ac <register_tm_clones+0x24>)
1000029c:	2b00      	cmp	r3, #0
1000029e:	d000      	beq.n	100002a2 <register_tm_clones+0x1a>
100002a0:	4798      	blx	r3
100002a2:	bd10      	pop	{r4, pc}
100002a4:	200001e8 	.word	0x200001e8
100002a8:	200001e8 	.word	0x200001e8
100002ac:	00000000 	.word	0x00000000

100002b0 <frame_dummy>:
100002b0:	4b05      	ldr	r3, [pc, #20]	@ (100002c8 <frame_dummy+0x18>)
100002b2:	b510      	push	{r4, lr}
100002b4:	2b00      	cmp	r3, #0
100002b6:	d003      	beq.n	100002c0 <frame_dummy+0x10>
100002b8:	4904      	ldr	r1, [pc, #16]	@ (100002cc <frame_dummy+0x1c>)
100002ba:	4805      	ldr	r0, [pc, #20]	@ (100002d0 <frame_dummy+0x20>)
100002bc:	e000      	b.n	100002c0 <frame_dummy+0x10>
100002be:	bf00      	nop
100002c0:	f7ff ffe2 	bl	10000288 <register_tm_clones>
100002c4:	bd10      	pop	{r4, pc}
100002c6:	46c0      	nop			@ (mov r8, r8)
100002c8:	00000000 	.word	0x00000000
100002cc:	200005a0 	.word	0x200005a0
100002d0:	100028c0 	.word	0x100028c0

100002d4 <main>:
100002d4:	b5f0      	push	{r4, r5, r6, r7, lr}
100002d6:	46de      	mov	lr, fp
100002d8:	4657      	mov	r7, sl
100002da:	464e      	mov	r6, r9
100002dc:	4645      	mov	r5, r8
100002de:	b5e0      	push	{r5, r6, r7, lr}
100002e0:	2501      	movs	r5, #1
100002e2:	b085      	sub	sp, #20
100002e4:	2104      	movs	r1, #4
100002e6:	2019      	movs	r0, #25
100002e8:	f000 f8bc 	bl	10000464 <gpio_set_function>
100002ec:	23ff      	movs	r3, #255	@ 0xff
100002ee:	002a      	movs	r2, r5
100002f0:	4c4e      	ldr	r4, [pc, #312]	@ (1000042c <main+0x158>)
100002f2:	2104      	movs	r1, #4
100002f4:	6623      	str	r3, [r4, #96]	@ 0x60
100002f6:	4b4e      	ldr	r3, [pc, #312]	@ (10000430 <main+0x15c>)
100002f8:	2002      	movs	r0, #2
100002fa:	681b      	ldr	r3, [r3, #0]
100002fc:	2600      	movs	r6, #0
100002fe:	439a      	bics	r2, r3
10000300:	4b4c      	ldr	r3, [pc, #304]	@ (10000434 <main+0x160>)
10000302:	2700      	movs	r7, #0
10000304:	601a      	str	r2, [r3, #0]
10000306:	f000 f8ad 	bl	10000464 <gpio_set_function>
1000030a:	2104      	movs	r1, #4
1000030c:	2003      	movs	r0, #3
1000030e:	f000 f8a9 	bl	10000464 <gpio_set_function>
10000312:	2300      	movs	r3, #0
10000314:	6163      	str	r3, [r4, #20]
10000316:	61e3      	str	r3, [r4, #28]
10000318:	6223      	str	r3, [r4, #32]
1000031a:	4b47      	ldr	r3, [pc, #284]	@ (10000438 <main+0x164>)
1000031c:	6263      	str	r3, [r4, #36]	@ 0x24
1000031e:	23fa      	movs	r3, #250	@ 0xfa
10000320:	00db      	lsls	r3, r3, #3
10000322:	61a3      	str	r3, [r4, #24]
10000324:	2300      	movs	r3, #0
10000326:	6165      	str	r5, [r4, #20]
10000328:	4c44      	ldr	r4, [pc, #272]	@ (1000043c <main+0x168>)
1000032a:	9300      	str	r3, [sp, #0]
1000032c:	9401      	str	r4, [sp, #4]
1000032e:	2300      	movs	r3, #0
10000330:	4698      	mov	r8, r3
10000332:	2301      	movs	r3, #1
10000334:	9303      	str	r3, [sp, #12]
10000336:	2300      	movs	r3, #0
10000338:	4699      	mov	r9, r3
1000033a:	4b41      	ldr	r3, [pc, #260]	@ (10000440 <main+0x16c>)
1000033c:	469a      	mov	sl, r3
1000033e:	4b41      	ldr	r3, [pc, #260]	@ (10000444 <main+0x170>)
10000340:	469b      	mov	fp, r3
10000342:	e058      	b.n	100003f6 <main+0x122>
10000344:	2301      	movs	r3, #1
10000346:	469c      	mov	ip, r3
10000348:	44e1      	add	r9, ip
1000034a:	464b      	mov	r3, r9
1000034c:	2bff      	cmp	r3, #255	@ 0xff
1000034e:	dd03      	ble.n	10000358 <main+0x84>
10000350:	2300      	movs	r3, #0
10000352:	9303      	str	r3, [sp, #12]
10000354:	33ff      	adds	r3, #255	@ 0xff
10000356:	4699      	mov	r9, r3
10000358:	2200      	movs	r2, #0
1000035a:	4b3b      	ldr	r3, [pc, #236]	@ (10000448 <main+0x174>)
1000035c:	0030      	movs	r0, r6
1000035e:	0039      	movs	r1, r7
10000360:	f001 f881 	bl	10001466 <__wrap___aeabi_dmul>
10000364:	2200      	movs	r2, #0
10000366:	4b39      	ldr	r3, [pc, #228]	@ (1000044c <main+0x178>)
10000368:	f001 f856 	bl	10001418 <__wrap___aeabi_dadd>
1000036c:	f001 f8c6 	bl	100014fc <__wrap___aeabi_d2uiz>
10000370:	4d37      	ldr	r5, [pc, #220]	@ (10000450 <main+0x17c>)
10000372:	2200      	movs	r2, #0
10000374:	682c      	ldr	r4, [r5, #0]
10000376:	4b34      	ldr	r3, [pc, #208]	@ (10000448 <main+0x174>)
10000378:	4060      	eors	r0, r4
1000037a:	0400      	lsls	r0, r0, #16
1000037c:	4c35      	ldr	r4, [pc, #212]	@ (10000454 <main+0x180>)
1000037e:	0c00      	lsrs	r0, r0, #16
10000380:	6020      	str	r0, [r4, #0]
10000382:	9800      	ldr	r0, [sp, #0]
10000384:	9901      	ldr	r1, [sp, #4]
10000386:	f001 f86e 	bl	10001466 <__wrap___aeabi_dmul>
1000038a:	2200      	movs	r2, #0
1000038c:	4b2f      	ldr	r3, [pc, #188]	@ (1000044c <main+0x178>)
1000038e:	f001 f843 	bl	10001418 <__wrap___aeabi_dadd>
10000392:	f001 f8b3 	bl	100014fc <__wrap___aeabi_d2uiz>
10000396:	682d      	ldr	r5, [r5, #0]
10000398:	0400      	lsls	r0, r0, #16
1000039a:	4068      	eors	r0, r5
1000039c:	0c00      	lsrs	r0, r0, #16
1000039e:	0400      	lsls	r0, r0, #16
100003a0:	6020      	str	r0, [r4, #0]
100003a2:	492d      	ldr	r1, [pc, #180]	@ (10000458 <main+0x184>)
100003a4:	4640      	mov	r0, r8
100003a6:	f002 f80b 	bl	100023c0 <__wrap___aeabi_fadd>
100003aa:	4680      	mov	r8, r0
100003ac:	f002 f826 	bl	100023fc <__wrap___aeabi_f2d>
100003b0:	4a2a      	ldr	r2, [pc, #168]	@ (1000045c <main+0x188>)
100003b2:	4b2b      	ldr	r3, [pc, #172]	@ (10000460 <main+0x18c>)
100003b4:	0004      	movs	r4, r0
100003b6:	000d      	movs	r5, r1
100003b8:	f001 f898 	bl	100014ec <__wrap___aeabi_dcmpge>
100003bc:	2800      	cmp	r0, #0
100003be:	d008      	beq.n	100003d2 <main+0xfe>
100003c0:	4a26      	ldr	r2, [pc, #152]	@ (1000045c <main+0x188>)
100003c2:	4b27      	ldr	r3, [pc, #156]	@ (10000460 <main+0x18c>)
100003c4:	0020      	movs	r0, r4
100003c6:	0029      	movs	r1, r5
100003c8:	f001 f81d 	bl	10001406 <__wrap___aeabi_dsub>
100003cc:	f001 f8ae 	bl	1000152c <__wrap___aeabi_d2f>
100003d0:	4680      	mov	r8, r0
100003d2:	2005      	movs	r0, #5
100003d4:	f000 fbca 	bl	10000b6c <sleep_ms>
100003d8:	4640      	mov	r0, r8
100003da:	f002 f80f 	bl	100023fc <__wrap___aeabi_f2d>
100003de:	0004      	movs	r4, r0
100003e0:	000d      	movs	r5, r1
100003e2:	f001 f8cf 	bl	10001584 <__wrap_sin>
100003e6:	0006      	movs	r6, r0
100003e8:	000f      	movs	r7, r1
100003ea:	0020      	movs	r0, r4
100003ec:	0029      	movs	r1, r5
100003ee:	f001 f8b3 	bl	10001558 <__wrap_cos>
100003f2:	9000      	str	r0, [sp, #0]
100003f4:	9101      	str	r1, [sp, #4]
100003f6:	4648      	mov	r0, r9
100003f8:	4653      	mov	r3, sl
100003fa:	21ff      	movs	r1, #255	@ 0xff
100003fc:	4340      	muls	r0, r0
100003fe:	681c      	ldr	r4, [r3, #0]
10000400:	f000 ffa4 	bl	1000134c <__wrap___aeabi_idiv>
10000404:	465b      	mov	r3, fp
10000406:	0400      	lsls	r0, r0, #16
10000408:	4060      	eors	r0, r4
1000040a:	0c00      	lsrs	r0, r0, #16
1000040c:	0400      	lsls	r0, r0, #16
1000040e:	6018      	str	r0, [r3, #0]
10000410:	9b03      	ldr	r3, [sp, #12]
10000412:	2b00      	cmp	r3, #0
10000414:	d196      	bne.n	10000344 <main+0x70>
10000416:	464b      	mov	r3, r9
10000418:	3b01      	subs	r3, #1
1000041a:	d401      	bmi.n	10000420 <main+0x14c>
1000041c:	4699      	mov	r9, r3
1000041e:	e79b      	b.n	10000358 <main+0x84>
10000420:	2301      	movs	r3, #1
10000422:	9303      	str	r3, [sp, #12]
10000424:	2300      	movs	r3, #0
10000426:	4699      	mov	r9, r3
10000428:	e796      	b.n	10000358 <main+0x84>
1000042a:	46c0      	nop			@ (mov r8, r8)
1000042c:	40050000 	.word	0x40050000
10000430:	40050050 	.word	0x40050050
10000434:	40051050 	.word	0x40051050
10000438:	00004e1f 	.word	0x00004e1f
1000043c:	3ff00000 	.word	0x3ff00000
10000440:	4005005c 	.word	0x4005005c
10000444:	4005105c 	.word	0x4005105c
10000448:	408f4000 	.word	0x408f4000
1000044c:	40977000 	.word	0x40977000
10000450:	40050020 	.word	0x40050020
10000454:	40051020 	.word	0x40051020
10000458:	3ca3d70a 	.word	0x3ca3d70a
1000045c:	54442d18 	.word	0x54442d18
10000460:	401921fb 	.word	0x401921fb

10000464 <gpio_set_function>:
10000464:	4a09      	ldr	r2, [pc, #36]	@ (1000048c <gpio_set_function+0x28>)
10000466:	0083      	lsls	r3, r0, #2
10000468:	189a      	adds	r2, r3, r2
1000046a:	b510      	push	{r4, lr}
1000046c:	6814      	ldr	r4, [r2, #0]
1000046e:	2240      	movs	r2, #64	@ 0x40
10000470:	4054      	eors	r4, r2
10000472:	3280      	adds	r2, #128	@ 0x80
10000474:	4022      	ands	r2, r4
10000476:	4c06      	ldr	r4, [pc, #24]	@ (10000490 <gpio_set_function+0x2c>)
10000478:	00c0      	lsls	r0, r0, #3
1000047a:	46a4      	mov	ip, r4
1000047c:	4463      	add	r3, ip
1000047e:	601a      	str	r2, [r3, #0]
10000480:	4b04      	ldr	r3, [pc, #16]	@ (10000494 <gpio_set_function+0x30>)
10000482:	469c      	mov	ip, r3
10000484:	4460      	add	r0, ip
10000486:	6041      	str	r1, [r0, #4]
10000488:	bd10      	pop	{r4, pc}
1000048a:	46c0      	nop			@ (mov r8, r8)
1000048c:	4001c004 	.word	0x4001c004
10000490:	4001d004 	.word	0x4001d004
10000494:	40014000 	.word	0x40014000

10000498 <panic>:
10000498:	b40f      	push	{r0, r1, r2, r3}
1000049a:	b500      	push	{lr}
1000049c:	4808      	ldr	r0, [pc, #32]	@ (100004c0 <panic+0x28>)
1000049e:	b083      	sub	sp, #12
100004a0:	f002 f988 	bl	100027b4 <__wrap_puts>
100004a4:	9b04      	ldr	r3, [sp, #16]
100004a6:	2b00      	cmp	r3, #0
100004a8:	d007      	beq.n	100004ba <panic+0x22>
100004aa:	a905      	add	r1, sp, #20
100004ac:	0018      	movs	r0, r3
100004ae:	9101      	str	r1, [sp, #4]
100004b0:	f002 f824 	bl	100024fc <weak_raw_vprintf>
100004b4:	4803      	ldr	r0, [pc, #12]	@ (100004c4 <panic+0x2c>)
100004b6:	f002 f97d 	bl	100027b4 <__wrap_puts>
100004ba:	2001      	movs	r0, #1
100004bc:	f002 f836 	bl	1000252c <_exit>
100004c0:	100028c0 	.word	0x100028c0
100004c4:	100028d0 	.word	0x100028d0

100004c8 <hw_claim_or_assert>:
100004c8:	b570      	push	{r4, r5, r6, lr}
100004ca:	f3ef 8c10 	mrs	ip, PRIMASK
100004ce:	b672      	cpsid	i
100004d0:	4d0d      	ldr	r5, [pc, #52]	@ (10000508 <hw_claim_or_assert+0x40>)
100004d2:	682b      	ldr	r3, [r5, #0]
100004d4:	2b00      	cmp	r3, #0
100004d6:	d0fc      	beq.n	100004d2 <hw_claim_or_assert+0xa>
100004d8:	f3bf 8f5f 	dmb	sy
100004dc:	2407      	movs	r4, #7
100004de:	08cb      	lsrs	r3, r1, #3
100004e0:	18c6      	adds	r6, r0, r3
100004e2:	5cc0      	ldrb	r0, [r0, r3]
100004e4:	2301      	movs	r3, #1
100004e6:	400c      	ands	r4, r1
100004e8:	40a3      	lsls	r3, r4
100004ea:	001c      	movs	r4, r3
100004ec:	4004      	ands	r4, r0
100004ee:	4203      	tst	r3, r0
100004f0:	d107      	bne.n	10000502 <hw_claim_or_assert+0x3a>
100004f2:	4318      	orrs	r0, r3
100004f4:	7030      	strb	r0, [r6, #0]
100004f6:	f3bf 8f5f 	dmb	sy
100004fa:	602c      	str	r4, [r5, #0]
100004fc:	f38c 8810 	msr	PRIMASK, ip
10000500:	bd70      	pop	{r4, r5, r6, pc}
10000502:	0010      	movs	r0, r2
10000504:	f7ff ffc8 	bl	10000498 <panic>
10000508:	d000012c 	.word	0xd000012c

1000050c <next_striped_spin_lock_num>:
1000050c:	4a04      	ldr	r2, [pc, #16]	@ (10000520 <next_striped_spin_lock_num+0x14>)
1000050e:	7810      	ldrb	r0, [r2, #0]
10000510:	1c43      	adds	r3, r0, #1
10000512:	b2db      	uxtb	r3, r3
10000514:	2b17      	cmp	r3, #23
10000516:	d900      	bls.n	1000051a <next_striped_spin_lock_num+0xe>
10000518:	2310      	movs	r3, #16
1000051a:	7013      	strb	r3, [r2, #0]
1000051c:	4770      	bx	lr
1000051e:	46c0      	nop			@ (mov r8, r8)
10000520:	20000198 	.word	0x20000198

10000524 <spin_locks_reset>:
10000524:	2100      	movs	r1, #0
10000526:	4b04      	ldr	r3, [pc, #16]	@ (10000538 <spin_locks_reset+0x14>)
10000528:	4a04      	ldr	r2, [pc, #16]	@ (1000053c <spin_locks_reset+0x18>)
1000052a:	f3bf 8f5f 	dmb	sy
1000052e:	c302      	stmia	r3!, {r1}
10000530:	4293      	cmp	r3, r2
10000532:	d1fa      	bne.n	1000052a <spin_locks_reset+0x6>
10000534:	4770      	bx	lr
10000536:	46c0      	nop			@ (mov r8, r8)
10000538:	d0000100 	.word	0xd0000100
1000053c:	d0000180 	.word	0xd0000180

10000540 <runtime_init_per_core_irq_priorities>:
10000540:	4b05      	ldr	r3, [pc, #20]	@ (10000558 <runtime_init_per_core_irq_priorities+0x18>)
10000542:	4a06      	ldr	r2, [pc, #24]	@ (1000055c <runtime_init_per_core_irq_priorities+0x1c>)
10000544:	6013      	str	r3, [r2, #0]
10000546:	4a06      	ldr	r2, [pc, #24]	@ (10000560 <runtime_init_per_core_irq_priorities+0x20>)
10000548:	6013      	str	r3, [r2, #0]
1000054a:	6053      	str	r3, [r2, #4]
1000054c:	6093      	str	r3, [r2, #8]
1000054e:	60d3      	str	r3, [r2, #12]
10000550:	6113      	str	r3, [r2, #16]
10000552:	6153      	str	r3, [r2, #20]
10000554:	6193      	str	r3, [r2, #24]
10000556:	4770      	bx	lr
10000558:	80808080 	.word	0x80808080
1000055c:	e000e400 	.word	0xe000e400
10000560:	e000e404 	.word	0xe000e404

10000564 <irq_set_enabled>:
10000564:	231f      	movs	r3, #31
10000566:	4018      	ands	r0, r3
10000568:	3b1e      	subs	r3, #30
1000056a:	4083      	lsls	r3, r0
1000056c:	2900      	cmp	r1, #0
1000056e:	d005      	beq.n	1000057c <irq_set_enabled+0x18>
10000570:	21c0      	movs	r1, #192	@ 0xc0
10000572:	4a04      	ldr	r2, [pc, #16]	@ (10000584 <irq_set_enabled+0x20>)
10000574:	0049      	lsls	r1, r1, #1
10000576:	5053      	str	r3, [r2, r1]
10000578:	6013      	str	r3, [r2, #0]
1000057a:	4770      	bx	lr
1000057c:	2280      	movs	r2, #128	@ 0x80
1000057e:	4901      	ldr	r1, [pc, #4]	@ (10000584 <irq_set_enabled+0x20>)
10000580:	508b      	str	r3, [r1, r2]
10000582:	e7fa      	b.n	1000057a <irq_set_enabled+0x16>
10000584:	e000e100 	.word	0xe000e100

10000588 <irq_set_exclusive_handler>:
10000588:	b570      	push	{r4, r5, r6, lr}
1000058a:	000d      	movs	r5, r1
1000058c:	f3ef 8610 	mrs	r6, PRIMASK
10000590:	b672      	cpsid	i
10000592:	4a0f      	ldr	r2, [pc, #60]	@ (100005d0 <irq_set_exclusive_handler+0x48>)
10000594:	6813      	ldr	r3, [r2, #0]
10000596:	2b00      	cmp	r3, #0
10000598:	d0fc      	beq.n	10000594 <irq_set_exclusive_handler+0xc>
1000059a:	f3bf 8f5f 	dmb	sy
1000059e:	4b0d      	ldr	r3, [pc, #52]	@ (100005d4 <irq_set_exclusive_handler+0x4c>)
100005a0:	3010      	adds	r0, #16
100005a2:	689b      	ldr	r3, [r3, #8]
100005a4:	0084      	lsls	r4, r0, #2
100005a6:	591b      	ldr	r3, [r3, r4]
100005a8:	4a0b      	ldr	r2, [pc, #44]	@ (100005d8 <irq_set_exclusive_handler+0x50>)
100005aa:	4293      	cmp	r3, r2
100005ac:	d003      	beq.n	100005b6 <irq_set_exclusive_handler+0x2e>
100005ae:	429d      	cmp	r5, r3
100005b0:	d001      	beq.n	100005b6 <irq_set_exclusive_handler+0x2e>
100005b2:	f000 fda1 	bl	100010f8 <hard_assertion_failure>
100005b6:	4b07      	ldr	r3, [pc, #28]	@ (100005d4 <irq_set_exclusive_handler+0x4c>)
100005b8:	689b      	ldr	r3, [r3, #8]
100005ba:	511d      	str	r5, [r3, r4]
100005bc:	f3bf 8f5f 	dmb	sy
100005c0:	f3bf 8f5f 	dmb	sy
100005c4:	2200      	movs	r2, #0
100005c6:	4b02      	ldr	r3, [pc, #8]	@ (100005d0 <irq_set_exclusive_handler+0x48>)
100005c8:	601a      	str	r2, [r3, #0]
100005ca:	f386 8810 	msr	PRIMASK, r6
100005ce:	bd70      	pop	{r4, r5, r6, pc}
100005d0:	d0000124 	.word	0xd0000124
100005d4:	e000ed00 	.word	0xe000ed00
100005d8:	100001c1 	.word	0x100001c1

100005dc <lock_init>:
100005dc:	4b02      	ldr	r3, [pc, #8]	@ (100005e8 <lock_init+0xc>)
100005de:	469c      	mov	ip, r3
100005e0:	4461      	add	r1, ip
100005e2:	0089      	lsls	r1, r1, #2
100005e4:	6001      	str	r1, [r0, #0]
100005e6:	4770      	bx	lr
100005e8:	34000040 	.word	0x34000040

100005ec <runtime_init_mutex>:
100005ec:	b570      	push	{r4, r5, r6, lr}
100005ee:	4c11      	ldr	r4, [pc, #68]	@ (10000634 <runtime_init_mutex+0x48>)
100005f0:	4d11      	ldr	r5, [pc, #68]	@ (10000638 <runtime_init_mutex+0x4c>)
100005f2:	42ac      	cmp	r4, r5
100005f4:	d20f      	bcs.n	10000616 <runtime_init_mutex+0x2a>
100005f6:	26ff      	movs	r6, #255	@ 0xff
100005f8:	6823      	ldr	r3, [r4, #0]
100005fa:	2b00      	cmp	r3, #0
100005fc:	d00c      	beq.n	10000618 <runtime_init_mutex+0x2c>
100005fe:	f7ff ff85 	bl	1000050c <next_striped_spin_lock_num>
10000602:	0001      	movs	r1, r0
10000604:	0020      	movs	r0, r4
10000606:	f7ff ffe9 	bl	100005dc <lock_init>
1000060a:	80a6      	strh	r6, [r4, #4]
1000060c:	f3bf 8f5f 	dmb	sy
10000610:	3408      	adds	r4, #8
10000612:	42ac      	cmp	r4, r5
10000614:	d3f0      	bcc.n	100005f8 <runtime_init_mutex+0xc>
10000616:	bd70      	pop	{r4, r5, r6, pc}
10000618:	f7ff ff78 	bl	1000050c <next_striped_spin_lock_num>
1000061c:	0001      	movs	r1, r0
1000061e:	0020      	movs	r0, r4
10000620:	f7ff ffdc 	bl	100005dc <lock_init>
10000624:	7126      	strb	r6, [r4, #4]
10000626:	f3bf 8f5f 	dmb	sy
1000062a:	3408      	adds	r4, #8
1000062c:	42ac      	cmp	r4, r5
1000062e:	d3e3      	bcc.n	100005f8 <runtime_init_mutex+0xc>
10000630:	e7f1      	b.n	10000616 <runtime_init_mutex+0x2a>
10000632:	46c0      	nop			@ (mov r8, r8)
10000634:	200001e0 	.word	0x200001e0
10000638:	200001e8 	.word	0x200001e8

1000063c <sleep_until_callback>:
1000063c:	4b0a      	ldr	r3, [pc, #40]	@ (10000668 <sleep_until_callback+0x2c>)
1000063e:	6819      	ldr	r1, [r3, #0]
10000640:	f3ef 8010 	mrs	r0, PRIMASK
10000644:	b672      	cpsid	i
10000646:	680a      	ldr	r2, [r1, #0]
10000648:	2a00      	cmp	r2, #0
1000064a:	d0fc      	beq.n	10000646 <sleep_until_callback+0xa>
1000064c:	f3bf 8f5f 	dmb	sy
10000650:	681b      	ldr	r3, [r3, #0]
10000652:	f3bf 8f5f 	dmb	sy
10000656:	2200      	movs	r2, #0
10000658:	601a      	str	r2, [r3, #0]
1000065a:	f380 8810 	msr	PRIMASK, r0
1000065e:	bf40      	sev
10000660:	2000      	movs	r0, #0
10000662:	2100      	movs	r1, #0
10000664:	4770      	bx	lr
10000666:	46c0      	nop			@ (mov r8, r8)
10000668:	200005cc 	.word	0x200005cc

1000066c <alarm_pool_irq_handler>:
1000066c:	b5f0      	push	{r4, r5, r6, r7, lr}
1000066e:	46de      	mov	lr, fp
10000670:	4657      	mov	r7, sl
10000672:	464e      	mov	r6, r9
10000674:	4645      	mov	r5, r8
10000676:	b5e0      	push	{r5, r6, r7, lr}
10000678:	b087      	sub	sp, #28
1000067a:	f3ef 8305 	mrs	r3, IPSR
1000067e:	2203      	movs	r2, #3
10000680:	2501      	movs	r5, #1
10000682:	401a      	ands	r2, r3
10000684:	4095      	lsls	r5, r2
10000686:	0091      	lsls	r1, r2, #2
10000688:	4688      	mov	r8, r1
1000068a:	46a9      	mov	r9, r5
1000068c:	4bb3      	ldr	r3, [pc, #716]	@ (1000095c <alarm_pool_irq_handler+0x2f0>)
1000068e:	9203      	str	r2, [sp, #12]
10000690:	585c      	ldr	r4, [r3, r1]
10000692:	4bb3      	ldr	r3, [pc, #716]	@ (10000960 <alarm_pool_irq_handler+0x2f4>)
10000694:	601d      	str	r5, [r3, #0]
10000696:	4bb3      	ldr	r3, [pc, #716]	@ (10000964 <alarm_pool_irq_handler+0x2f8>)
10000698:	9304      	str	r3, [sp, #16]
1000069a:	464b      	mov	r3, r9
1000069c:	48b2      	ldr	r0, [pc, #712]	@ (10000968 <alarm_pool_irq_handler+0x2fc>)
1000069e:	6343      	str	r3, [r0, #52]	@ 0x34
100006a0:	2308      	movs	r3, #8
100006a2:	5ee5      	ldrsh	r5, [r4, r3]
100006a4:	2d00      	cmp	r5, #0
100006a6:	da37      	bge.n	10000718 <alarm_pool_irq_handler+0xac>
100006a8:	88a3      	ldrh	r3, [r4, #4]
100006aa:	b21b      	sxth	r3, r3
100006ac:	2b00      	cmp	r3, #0
100006ae:	db00      	blt.n	100006b2 <alarm_pool_irq_handler+0x46>
100006b0:	e0ad      	b.n	1000080e <alarm_pool_irq_handler+0x1a2>
100006b2:	79a3      	ldrb	r3, [r4, #6]
100006b4:	2b00      	cmp	r3, #0
100006b6:	d000      	beq.n	100006ba <alarm_pool_irq_handler+0x4e>
100006b8:	e0ee      	b.n	10000898 <alarm_pool_irq_handler+0x22c>
100006ba:	2308      	movs	r3, #8
100006bc:	5ee0      	ldrsh	r0, [r4, r3]
100006be:	2800      	cmp	r0, #0
100006c0:	db20      	blt.n	10000704 <alarm_pool_irq_handler+0x98>
100006c2:	0043      	lsls	r3, r0, #1
100006c4:	6962      	ldr	r2, [r4, #20]
100006c6:	181b      	adds	r3, r3, r0
100006c8:	00db      	lsls	r3, r3, #3
100006ca:	18d3      	adds	r3, r2, r3
100006cc:	689e      	ldr	r6, [r3, #8]
100006ce:	68dd      	ldr	r5, [r3, #12]
100006d0:	1c73      	adds	r3, r6, #1
100006d2:	d100      	bne.n	100006d6 <alarm_pool_irq_handler+0x6a>
100006d4:	e111      	b.n	100008fa <alarm_pool_irq_handler+0x28e>
100006d6:	48a4      	ldr	r0, [pc, #656]	@ (10000968 <alarm_pool_irq_handler+0x2fc>)
100006d8:	0001      	movs	r1, r0
100006da:	4441      	add	r1, r8
100006dc:	6a82      	ldr	r2, [r0, #40]	@ 0x28
100006de:	690b      	ldr	r3, [r1, #16]
100006e0:	1ab7      	subs	r7, r6, r2
100006e2:	1a9b      	subs	r3, r3, r2
100006e4:	429f      	cmp	r7, r3
100006e6:	d315      	bcc.n	10000714 <alarm_pool_irq_handler+0xa8>
100006e8:	2301      	movs	r3, #1
100006ea:	6a02      	ldr	r2, [r0, #32]
100006ec:	9803      	ldr	r0, [sp, #12]
100006ee:	4083      	lsls	r3, r0
100006f0:	421a      	tst	r2, r3
100006f2:	d00f      	beq.n	10000714 <alarm_pool_irq_handler+0xa8>
100006f4:	489c      	ldr	r0, [pc, #624]	@ (10000968 <alarm_pool_irq_handler+0x2fc>)
100006f6:	f000 fb47 	bl	10000d88 <timer_time_us_64>
100006fa:	428d      	cmp	r5, r1
100006fc:	dc02      	bgt.n	10000704 <alarm_pool_irq_handler+0x98>
100006fe:	d1cc      	bne.n	1000069a <alarm_pool_irq_handler+0x2e>
10000700:	4286      	cmp	r6, r0
10000702:	d9ca      	bls.n	1000069a <alarm_pool_irq_handler+0x2e>
10000704:	bf40      	sev
10000706:	b007      	add	sp, #28
10000708:	bcf0      	pop	{r4, r5, r6, r7}
1000070a:	46bb      	mov	fp, r7
1000070c:	46b2      	mov	sl, r6
1000070e:	46a9      	mov	r9, r5
10000710:	46a0      	mov	r8, r4
10000712:	bdf0      	pop	{r4, r5, r6, r7, pc}
10000714:	610e      	str	r6, [r1, #16]
10000716:	e7ed      	b.n	100006f4 <alarm_pool_irq_handler+0x88>
10000718:	6962      	ldr	r2, [r4, #20]
1000071a:	006b      	lsls	r3, r5, #1
1000071c:	4692      	mov	sl, r2
1000071e:	195b      	adds	r3, r3, r5
10000720:	00db      	lsls	r3, r3, #3
10000722:	449a      	add	sl, r3
10000724:	4653      	mov	r3, sl
10000726:	689e      	ldr	r6, [r3, #8]
10000728:	68df      	ldr	r7, [r3, #12]
1000072a:	f000 fb2d 	bl	10000d88 <timer_time_us_64>
1000072e:	428f      	cmp	r7, r1
10000730:	dcba      	bgt.n	100006a8 <alarm_pool_irq_handler+0x3c>
10000732:	d100      	bne.n	10000736 <alarm_pool_irq_handler+0xca>
10000734:	e103      	b.n	1000093e <alarm_pool_irq_handler+0x2d2>
10000736:	2f00      	cmp	r7, #0
10000738:	da00      	bge.n	1000073c <alarm_pool_irq_handler+0xd0>
1000073a:	e0e8      	b.n	1000090e <alarm_pool_irq_handler+0x2a2>
1000073c:	4652      	mov	r2, sl
1000073e:	4653      	mov	r3, sl
10000740:	6952      	ldr	r2, [r2, #20]
10000742:	691b      	ldr	r3, [r3, #16]
10000744:	4693      	mov	fp, r2
10000746:	9a04      	ldr	r2, [sp, #16]
10000748:	4293      	cmp	r3, r2
1000074a:	d100      	bne.n	1000074e <alarm_pool_irq_handler+0xe2>
1000074c:	e0d9      	b.n	10000902 <alarm_pool_irq_handler+0x296>
1000074e:	4652      	mov	r2, sl
10000750:	2108      	movs	r1, #8
10000752:	5e60      	ldrsh	r0, [r4, r1]
10000754:	8852      	ldrh	r2, [r2, #2]
10000756:	0400      	lsls	r0, r0, #16
10000758:	4659      	mov	r1, fp
1000075a:	4310      	orrs	r0, r2
1000075c:	4798      	blx	r3
1000075e:	9000      	str	r0, [sp, #0]
10000760:	9101      	str	r1, [sp, #4]
10000762:	9900      	ldr	r1, [sp, #0]
10000764:	9a01      	ldr	r2, [sp, #4]
10000766:	000b      	movs	r3, r1
10000768:	0010      	movs	r0, r2
1000076a:	4313      	orrs	r3, r2
1000076c:	d100      	bne.n	10000770 <alarm_pool_irq_handler+0x104>
1000076e:	e0ce      	b.n	1000090e <alarm_pool_irq_handler+0x2a2>
10000770:	0013      	movs	r3, r2
10000772:	000a      	movs	r2, r1
10000774:	1ab6      	subs	r6, r6, r2
10000776:	419f      	sbcs	r7, r3
10000778:	2800      	cmp	r0, #0
1000077a:	db06      	blt.n	1000078a <alarm_pool_irq_handler+0x11e>
1000077c:	487a      	ldr	r0, [pc, #488]	@ (10000968 <alarm_pool_irq_handler+0x2fc>)
1000077e:	f000 fb03 	bl	10000d88 <timer_time_us_64>
10000782:	9e00      	ldr	r6, [sp, #0]
10000784:	9f01      	ldr	r7, [sp, #4]
10000786:	1836      	adds	r6, r6, r0
10000788:	414f      	adcs	r7, r1
1000078a:	4653      	mov	r3, sl
1000078c:	609e      	str	r6, [r3, #8]
1000078e:	60df      	str	r7, [r3, #12]
10000790:	2200      	movs	r2, #0
10000792:	5e9a      	ldrsh	r2, [r3, r2]
10000794:	2a00      	cmp	r2, #0
10000796:	da00      	bge.n	1000079a <alarm_pool_irq_handler+0x12e>
10000798:	e786      	b.n	100006a8 <alarm_pool_irq_handler+0x3c>
1000079a:	0053      	lsls	r3, r2, #1
1000079c:	1899      	adds	r1, r3, r2
1000079e:	6960      	ldr	r0, [r4, #20]
100007a0:	00c9      	lsls	r1, r1, #3
100007a2:	1841      	adds	r1, r0, r1
100007a4:	9302      	str	r3, [sp, #8]
100007a6:	688b      	ldr	r3, [r1, #8]
100007a8:	68c9      	ldr	r1, [r1, #12]
100007aa:	469b      	mov	fp, r3
100007ac:	42b9      	cmp	r1, r7
100007ae:	dd00      	ble.n	100007b2 <alarm_pool_irq_handler+0x146>
100007b0:	e77a      	b.n	100006a8 <alarm_pool_irq_handler+0x3c>
100007b2:	d102      	bne.n	100007ba <alarm_pool_irq_handler+0x14e>
100007b4:	42b3      	cmp	r3, r6
100007b6:	d900      	bls.n	100007ba <alarm_pool_irq_handler+0x14e>
100007b8:	e776      	b.n	100006a8 <alarm_pool_irq_handler+0x3c>
100007ba:	2308      	movs	r3, #8
100007bc:	469c      	mov	ip, r3
100007be:	44a4      	add	ip, r4
100007c0:	9505      	str	r5, [sp, #20]
100007c2:	4665      	mov	r5, ip
100007c4:	8122      	strh	r2, [r4, #8]
100007c6:	46a4      	mov	ip, r4
100007c8:	9b02      	ldr	r3, [sp, #8]
100007ca:	002c      	movs	r4, r5
100007cc:	e006      	b.n	100007dc <alarm_pool_irq_handler+0x170>
100007ce:	0053      	lsls	r3, r2, #1
100007d0:	1899      	adds	r1, r3, r2
100007d2:	00c9      	lsls	r1, r1, #3
100007d4:	1841      	adds	r1, r0, r1
100007d6:	688d      	ldr	r5, [r1, #8]
100007d8:	68c9      	ldr	r1, [r1, #12]
100007da:	46ab      	mov	fp, r5
100007dc:	189b      	adds	r3, r3, r2
100007de:	00db      	lsls	r3, r3, #3
100007e0:	18c3      	adds	r3, r0, r3
100007e2:	42b9      	cmp	r1, r7
100007e4:	dc06      	bgt.n	100007f4 <alarm_pool_irq_handler+0x188>
100007e6:	d100      	bne.n	100007ea <alarm_pool_irq_handler+0x17e>
100007e8:	e0b3      	b.n	10000952 <alarm_pool_irq_handler+0x2e6>
100007ea:	001c      	movs	r4, r3
100007ec:	2300      	movs	r3, #0
100007ee:	5ee2      	ldrsh	r2, [r4, r3]
100007f0:	2a00      	cmp	r2, #0
100007f2:	daec      	bge.n	100007ce <alarm_pool_irq_handler+0x162>
100007f4:	0023      	movs	r3, r4
100007f6:	4664      	mov	r4, ip
100007f8:	469c      	mov	ip, r3
100007fa:	4653      	mov	r3, sl
100007fc:	801a      	strh	r2, [r3, #0]
100007fe:	4663      	mov	r3, ip
10000800:	9d05      	ldr	r5, [sp, #20]
10000802:	801d      	strh	r5, [r3, #0]
10000804:	88a3      	ldrh	r3, [r4, #4]
10000806:	b21b      	sxth	r3, r3
10000808:	2b00      	cmp	r3, #0
1000080a:	da00      	bge.n	1000080e <alarm_pool_irq_handler+0x1a2>
1000080c:	e751      	b.n	100006b2 <alarm_pool_irq_handler+0x46>
1000080e:	6922      	ldr	r2, [r4, #16]
10000810:	f3ef 8110 	mrs	r1, PRIMASK
10000814:	b672      	cpsid	i
10000816:	6813      	ldr	r3, [r2, #0]
10000818:	2b00      	cmp	r3, #0
1000081a:	d0fc      	beq.n	10000816 <alarm_pool_irq_handler+0x1aa>
1000081c:	f3bf 8f5f 	dmb	sy
10000820:	2301      	movs	r3, #1
10000822:	88a7      	ldrh	r7, [r4, #4]
10000824:	425b      	negs	r3, r3
10000826:	80a3      	strh	r3, [r4, #4]
10000828:	b23f      	sxth	r7, r7
1000082a:	6923      	ldr	r3, [r4, #16]
1000082c:	f3bf 8f5f 	dmb	sy
10000830:	2200      	movs	r2, #0
10000832:	601a      	str	r2, [r3, #0]
10000834:	f381 8810 	msr	PRIMASK, r1
10000838:	2f00      	cmp	r7, #0
1000083a:	da00      	bge.n	1000083e <alarm_pool_irq_handler+0x1d2>
1000083c:	e739      	b.n	100006b2 <alarm_pool_irq_handler+0x46>
1000083e:	0023      	movs	r3, r4
10000840:	3308      	adds	r3, #8
10000842:	0022      	movs	r2, r4
10000844:	469a      	mov	sl, r3
10000846:	6966      	ldr	r6, [r4, #20]
10000848:	007b      	lsls	r3, r7, #1
1000084a:	19db      	adds	r3, r3, r7
1000084c:	00db      	lsls	r3, r3, #3
1000084e:	18f3      	adds	r3, r6, r3
10000850:	6899      	ldr	r1, [r3, #8]
10000852:	4650      	mov	r0, sl
10000854:	468c      	mov	ip, r1
10000856:	2408      	movs	r4, #8
10000858:	5f11      	ldrsh	r1, [r2, r4]
1000085a:	68dd      	ldr	r5, [r3, #12]
1000085c:	2900      	cmp	r1, #0
1000085e:	db10      	blt.n	10000882 <alarm_pool_irq_handler+0x216>
10000860:	9302      	str	r3, [sp, #8]
10000862:	e006      	b.n	10000872 <alarm_pool_irq_handler+0x206>
10000864:	42ab      	cmp	r3, r5
10000866:	d044      	beq.n	100008f2 <alarm_pool_irq_handler+0x286>
10000868:	2300      	movs	r3, #0
1000086a:	5ee1      	ldrsh	r1, [r4, r3]
1000086c:	0020      	movs	r0, r4
1000086e:	2900      	cmp	r1, #0
10000870:	db06      	blt.n	10000880 <alarm_pool_irq_handler+0x214>
10000872:	004c      	lsls	r4, r1, #1
10000874:	1864      	adds	r4, r4, r1
10000876:	00e4      	lsls	r4, r4, #3
10000878:	1934      	adds	r4, r6, r4
1000087a:	68e3      	ldr	r3, [r4, #12]
1000087c:	42ab      	cmp	r3, r5
1000087e:	ddf1      	ble.n	10000864 <alarm_pool_irq_handler+0x1f8>
10000880:	9b02      	ldr	r3, [sp, #8]
10000882:	8007      	strh	r7, [r0, #0]
10000884:	2000      	movs	r0, #0
10000886:	5e1f      	ldrsh	r7, [r3, r0]
10000888:	8019      	strh	r1, [r3, #0]
1000088a:	2f00      	cmp	r7, #0
1000088c:	dadc      	bge.n	10000848 <alarm_pool_irq_handler+0x1dc>
1000088e:	0014      	movs	r4, r2
10000890:	79a3      	ldrb	r3, [r4, #6]
10000892:	2b00      	cmp	r3, #0
10000894:	d100      	bne.n	10000898 <alarm_pool_irq_handler+0x22c>
10000896:	e710      	b.n	100006ba <alarm_pool_irq_handler+0x4e>
10000898:	2300      	movs	r3, #0
1000089a:	71a3      	strb	r3, [r4, #6]
1000089c:	0026      	movs	r6, r4
1000089e:	2308      	movs	r3, #8
100008a0:	5ee1      	ldrsh	r1, [r4, r3]
100008a2:	3608      	adds	r6, #8
100008a4:	1c4b      	adds	r3, r1, #1
100008a6:	d100      	bne.n	100008aa <alarm_pool_irq_handler+0x23e>
100008a8:	e72c      	b.n	10000704 <alarm_pool_irq_handler+0x98>
100008aa:	0008      	movs	r0, r1
100008ac:	46a2      	mov	sl, r4
100008ae:	6965      	ldr	r5, [r4, #20]
100008b0:	e002      	b.n	100008b8 <alarm_pool_irq_handler+0x24c>
100008b2:	003e      	movs	r6, r7
100008b4:	1c4b      	adds	r3, r1, #1
100008b6:	d01a      	beq.n	100008ee <alarm_pool_irq_handler+0x282>
100008b8:	004b      	lsls	r3, r1, #1
100008ba:	185b      	adds	r3, r3, r1
100008bc:	00db      	lsls	r3, r3, #3
100008be:	18ef      	adds	r7, r5, r3
100008c0:	000a      	movs	r2, r1
100008c2:	468c      	mov	ip, r1
100008c4:	5ee9      	ldrsh	r1, [r5, r3]
100008c6:	887b      	ldrh	r3, [r7, #2]
100008c8:	b21b      	sxth	r3, r3
100008ca:	2b00      	cmp	r3, #0
100008cc:	daf1      	bge.n	100008b2 <alarm_pool_irq_handler+0x246>
100008ce:	2301      	movs	r3, #1
100008d0:	425b      	negs	r3, r3
100008d2:	17dc      	asrs	r4, r3, #31
100008d4:	60bb      	str	r3, [r7, #8]
100008d6:	60fc      	str	r4, [r7, #12]
100008d8:	4282      	cmp	r2, r0
100008da:	d005      	beq.n	100008e8 <alarm_pool_irq_handler+0x27c>
100008dc:	4653      	mov	r3, sl
100008de:	8031      	strh	r1, [r6, #0]
100008e0:	891b      	ldrh	r3, [r3, #8]
100008e2:	803b      	strh	r3, [r7, #0]
100008e4:	4653      	mov	r3, sl
100008e6:	811a      	strh	r2, [r3, #8]
100008e8:	4660      	mov	r0, ip
100008ea:	1c4b      	adds	r3, r1, #1
100008ec:	d1e4      	bne.n	100008b8 <alarm_pool_irq_handler+0x24c>
100008ee:	4654      	mov	r4, sl
100008f0:	e6e5      	b.n	100006be <alarm_pool_irq_handler+0x52>
100008f2:	68a3      	ldr	r3, [r4, #8]
100008f4:	4563      	cmp	r3, ip
100008f6:	d9b7      	bls.n	10000868 <alarm_pool_irq_handler+0x1fc>
100008f8:	e7c2      	b.n	10000880 <alarm_pool_irq_handler+0x214>
100008fa:	1c6b      	adds	r3, r5, #1
100008fc:	d000      	beq.n	10000900 <alarm_pool_irq_handler+0x294>
100008fe:	e6ea      	b.n	100006d6 <alarm_pool_irq_handler+0x6a>
10000900:	e6f8      	b.n	100006f4 <alarm_pool_irq_handler+0x88>
10000902:	465b      	mov	r3, fp
10000904:	4658      	mov	r0, fp
10000906:	691b      	ldr	r3, [r3, #16]
10000908:	4798      	blx	r3
1000090a:	2800      	cmp	r0, #0
1000090c:	d11b      	bne.n	10000946 <alarm_pool_irq_handler+0x2da>
1000090e:	4653      	mov	r3, sl
10000910:	881b      	ldrh	r3, [r3, #0]
10000912:	6922      	ldr	r2, [r4, #16]
10000914:	8123      	strh	r3, [r4, #8]
10000916:	f3ef 8310 	mrs	r3, PRIMASK
1000091a:	b672      	cpsid	i
1000091c:	6811      	ldr	r1, [r2, #0]
1000091e:	2900      	cmp	r1, #0
10000920:	d0fc      	beq.n	1000091c <alarm_pool_irq_handler+0x2b0>
10000922:	f3bf 8f5f 	dmb	sy
10000926:	4651      	mov	r1, sl
10000928:	8862      	ldrh	r2, [r4, #2]
1000092a:	800a      	strh	r2, [r1, #0]
1000092c:	6922      	ldr	r2, [r4, #16]
1000092e:	8065      	strh	r5, [r4, #2]
10000930:	f3bf 8f5f 	dmb	sy
10000934:	2100      	movs	r1, #0
10000936:	6011      	str	r1, [r2, #0]
10000938:	f383 8810 	msr	PRIMASK, r3
1000093c:	e6b4      	b.n	100006a8 <alarm_pool_irq_handler+0x3c>
1000093e:	4286      	cmp	r6, r0
10000940:	d800      	bhi.n	10000944 <alarm_pool_irq_handler+0x2d8>
10000942:	e6f8      	b.n	10000736 <alarm_pool_irq_handler+0xca>
10000944:	e6b0      	b.n	100006a8 <alarm_pool_irq_handler+0x3c>
10000946:	465b      	mov	r3, fp
10000948:	681a      	ldr	r2, [r3, #0]
1000094a:	685b      	ldr	r3, [r3, #4]
1000094c:	9200      	str	r2, [sp, #0]
1000094e:	9301      	str	r3, [sp, #4]
10000950:	e707      	b.n	10000762 <alarm_pool_irq_handler+0xf6>
10000952:	45b3      	cmp	fp, r6
10000954:	d800      	bhi.n	10000958 <alarm_pool_irq_handler+0x2ec>
10000956:	e748      	b.n	100007ea <alarm_pool_irq_handler+0x17e>
10000958:	e74c      	b.n	100007f4 <alarm_pool_irq_handler+0x188>
1000095a:	46c0      	nop			@ (mov r8, r8)
1000095c:	200005b8 	.word	0x200005b8
10000960:	4005703c 	.word	0x4005703c
10000964:	1000066d 	.word	0x1000066d
10000968:	40054000 	.word	0x40054000

1000096c <runtime_init_default_alarm_pool>:
1000096c:	b570      	push	{r4, r5, r6, lr}
1000096e:	4c2e      	ldr	r4, [pc, #184]	@ (10000a28 <runtime_init_default_alarm_pool+0xbc>)
10000970:	6925      	ldr	r5, [r4, #16]
10000972:	2d00      	cmp	r5, #0
10000974:	d004      	beq.n	10000980 <runtime_init_default_alarm_pool+0x14>
10000976:	210a      	movs	r1, #10
10000978:	482c      	ldr	r0, [pc, #176]	@ (10000a2c <runtime_init_default_alarm_pool+0xc0>)
1000097a:	f7ff fe2f 	bl	100005dc <lock_init>
1000097e:	bd70      	pop	{r4, r5, r6, pc}
10000980:	4e2b      	ldr	r6, [pc, #172]	@ (10000a30 <runtime_init_default_alarm_pool+0xc4>)
10000982:	2103      	movs	r1, #3
10000984:	0030      	movs	r0, r6
10000986:	f000 f9f5 	bl	10000d74 <timer_hardware_alarm_claim>
1000098a:	60e6      	str	r6, [r4, #12]
1000098c:	f7ff fdbe 	bl	1000050c <next_striped_spin_lock_num>
10000990:	4b28      	ldr	r3, [pc, #160]	@ (10000a34 <runtime_init_default_alarm_pool+0xc8>)
10000992:	2203      	movs	r2, #3
10000994:	469c      	mov	ip, r3
10000996:	23d0      	movs	r3, #208	@ 0xd0
10000998:	7022      	strb	r2, [r4, #0]
1000099a:	061b      	lsls	r3, r3, #24
1000099c:	681b      	ldr	r3, [r3, #0]
1000099e:	2101      	movs	r1, #1
100009a0:	7063      	strb	r3, [r4, #1]
100009a2:	4b25      	ldr	r3, [pc, #148]	@ (10000a38 <runtime_init_default_alarm_pool+0xcc>)
100009a4:	4460      	add	r0, ip
100009a6:	60a3      	str	r3, [r4, #8]
100009a8:	230f      	movs	r3, #15
100009aa:	0080      	lsls	r0, r0, #2
100009ac:	6120      	str	r0, [r4, #16]
100009ae:	2002      	movs	r0, #2
100009b0:	8063      	strh	r3, [r4, #2]
100009b2:	6963      	ldr	r3, [r4, #20]
100009b4:	4249      	negs	r1, r1
100009b6:	80a1      	strh	r1, [r4, #4]
100009b8:	8019      	strh	r1, [r3, #0]
100009ba:	3102      	adds	r1, #2
100009bc:	8619      	strh	r1, [r3, #48]	@ 0x30
100009be:	3147      	adds	r1, #71	@ 0x47
100009c0:	831d      	strh	r5, [r3, #24]
100009c2:	5258      	strh	r0, [r3, r1]
100009c4:	3118      	adds	r1, #24
100009c6:	525a      	strh	r2, [r3, r1]
100009c8:	3275      	adds	r2, #117	@ 0x75
100009ca:	395c      	subs	r1, #92	@ 0x5c
100009cc:	5299      	strh	r1, [r3, r2]
100009ce:	3218      	adds	r2, #24
100009d0:	3101      	adds	r1, #1
100009d2:	5299      	strh	r1, [r3, r2]
100009d4:	3218      	adds	r2, #24
100009d6:	3101      	adds	r1, #1
100009d8:	5299      	strh	r1, [r3, r2]
100009da:	3218      	adds	r2, #24
100009dc:	3101      	adds	r1, #1
100009de:	5299      	strh	r1, [r3, r2]
100009e0:	3508      	adds	r5, #8
100009e2:	3218      	adds	r2, #24
100009e4:	529d      	strh	r5, [r3, r2]
100009e6:	3102      	adds	r1, #2
100009e8:	3218      	adds	r2, #24
100009ea:	5299      	strh	r1, [r3, r2]
100009ec:	3218      	adds	r2, #24
100009ee:	3101      	adds	r1, #1
100009f0:	5299      	strh	r1, [r3, r2]
100009f2:	3218      	adds	r2, #24
100009f4:	3101      	adds	r1, #1
100009f6:	5299      	strh	r1, [r3, r2]
100009f8:	3218      	adds	r2, #24
100009fa:	3101      	adds	r1, #1
100009fc:	5299      	strh	r1, [r3, r2]
100009fe:	3218      	adds	r2, #24
10000a00:	3101      	adds	r1, #1
10000a02:	5299      	strh	r1, [r3, r2]
10000a04:	3218      	adds	r2, #24
10000a06:	3101      	adds	r1, #1
10000a08:	5299      	strh	r1, [r3, r2]
10000a0a:	4b0c      	ldr	r3, [pc, #48]	@ (10000a3c <runtime_init_default_alarm_pool+0xd0>)
10000a0c:	490c      	ldr	r1, [pc, #48]	@ (10000a40 <runtime_init_default_alarm_pool+0xd4>)
10000a0e:	60dc      	str	r4, [r3, #12]
10000a10:	3001      	adds	r0, #1
10000a12:	6235      	str	r5, [r6, #32]
10000a14:	f7ff fdb8 	bl	10000588 <irq_set_exclusive_handler>
10000a18:	2101      	movs	r1, #1
10000a1a:	2003      	movs	r0, #3
10000a1c:	f7ff fda2 	bl	10000564 <irq_set_enabled>
10000a20:	4b08      	ldr	r3, [pc, #32]	@ (10000a44 <runtime_init_default_alarm_pool+0xd8>)
10000a22:	601d      	str	r5, [r3, #0]
10000a24:	e7a7      	b.n	10000976 <runtime_init_default_alarm_pool+0xa>
10000a26:	46c0      	nop			@ (mov r8, r8)
10000a28:	2000019c 	.word	0x2000019c
10000a2c:	200005cc 	.word	0x200005cc
10000a30:	40054000 	.word	0x40054000
10000a34:	34000040 	.word	0x34000040
10000a38:	0010ffff 	.word	0x0010ffff
10000a3c:	200005b8 	.word	0x200005b8
10000a40:	1000066d 	.word	0x1000066d
10000a44:	40056038 	.word	0x40056038

10000a48 <alarm_pool_add_alarm_at_force_in_context>:
10000a48:	b570      	push	{r4, r5, r6, lr}
10000a4a:	0001      	movs	r1, r0
10000a4c:	6904      	ldr	r4, [r0, #16]
10000a4e:	f3ef 8c10 	mrs	ip, PRIMASK
10000a52:	b672      	cpsid	i
10000a54:	6820      	ldr	r0, [r4, #0]
10000a56:	2800      	cmp	r0, #0
10000a58:	d0fc      	beq.n	10000a54 <alarm_pool_add_alarm_at_force_in_context+0xc>
10000a5a:	f3bf 8f5f 	dmb	sy
10000a5e:	2002      	movs	r0, #2
10000a60:	5e0d      	ldrsh	r5, [r1, r0]
10000a62:	694c      	ldr	r4, [r1, #20]
10000a64:	0068      	lsls	r0, r5, #1
10000a66:	1940      	adds	r0, r0, r5
10000a68:	00c0      	lsls	r0, r0, #3
10000a6a:	1824      	adds	r4, r4, r0
10000a6c:	6908      	ldr	r0, [r1, #16]
10000a6e:	2d00      	cmp	r5, #0
10000a70:	db36      	blt.n	10000ae0 <alarm_pool_add_alarm_at_force_in_context+0x98>
10000a72:	8826      	ldrh	r6, [r4, #0]
10000a74:	804e      	strh	r6, [r1, #2]
10000a76:	f3bf 8f5f 	dmb	sy
10000a7a:	2600      	movs	r6, #0
10000a7c:	6006      	str	r6, [r0, #0]
10000a7e:	f38c 8810 	msr	PRIMASK, ip
10000a82:	60e3      	str	r3, [r4, #12]
10000a84:	8863      	ldrh	r3, [r4, #2]
10000a86:	9804      	ldr	r0, [sp, #16]
10000a88:	3301      	adds	r3, #1
10000a8a:	6120      	str	r0, [r4, #16]
10000a8c:	045b      	lsls	r3, r3, #17
10000a8e:	9805      	ldr	r0, [sp, #20]
10000a90:	0c5b      	lsrs	r3, r3, #17
10000a92:	60a2      	str	r2, [r4, #8]
10000a94:	6160      	str	r0, [r4, #20]
10000a96:	1c1a      	adds	r2, r3, #0
10000a98:	2b00      	cmp	r3, #0
10000a9a:	d01f      	beq.n	10000adc <alarm_pool_add_alarm_at_force_in_context+0x94>
10000a9c:	b293      	uxth	r3, r2
10000a9e:	0428      	lsls	r0, r5, #16
10000aa0:	8062      	strh	r2, [r4, #2]
10000aa2:	4318      	orrs	r0, r3
10000aa4:	690a      	ldr	r2, [r1, #16]
10000aa6:	f3ef 8c10 	mrs	ip, PRIMASK
10000aaa:	b672      	cpsid	i
10000aac:	6813      	ldr	r3, [r2, #0]
10000aae:	2b00      	cmp	r3, #0
10000ab0:	d0fc      	beq.n	10000aac <alarm_pool_add_alarm_at_force_in_context+0x64>
10000ab2:	f3bf 8f5f 	dmb	sy
10000ab6:	888b      	ldrh	r3, [r1, #4]
10000ab8:	8023      	strh	r3, [r4, #0]
10000aba:	808d      	strh	r5, [r1, #4]
10000abc:	690b      	ldr	r3, [r1, #16]
10000abe:	f3bf 8f5f 	dmb	sy
10000ac2:	2200      	movs	r2, #0
10000ac4:	601a      	str	r2, [r3, #0]
10000ac6:	f38c 8810 	msr	PRIMASK, ip
10000aca:	780b      	ldrb	r3, [r1, #0]
10000acc:	3201      	adds	r2, #1
10000ace:	409a      	lsls	r2, r3
10000ad0:	68cb      	ldr	r3, [r1, #12]
10000ad2:	4908      	ldr	r1, [pc, #32]	@ (10000af4 <alarm_pool_add_alarm_at_force_in_context+0xac>)
10000ad4:	468c      	mov	ip, r1
10000ad6:	4463      	add	r3, ip
10000ad8:	601a      	str	r2, [r3, #0]
10000ada:	bd70      	pop	{r4, r5, r6, pc}
10000adc:	2201      	movs	r2, #1
10000ade:	e7dd      	b.n	10000a9c <alarm_pool_add_alarm_at_force_in_context+0x54>
10000ae0:	f3bf 8f5f 	dmb	sy
10000ae4:	2300      	movs	r3, #0
10000ae6:	6003      	str	r3, [r0, #0]
10000ae8:	f38c 8810 	msr	PRIMASK, ip
10000aec:	2001      	movs	r0, #1
10000aee:	4240      	negs	r0, r0
10000af0:	e7f3      	b.n	10000ada <alarm_pool_add_alarm_at_force_in_context+0x92>
10000af2:	46c0      	nop			@ (mov r8, r8)
10000af4:	0000203c 	.word	0x0000203c

10000af8 <alarm_pool_cancel_alarm>:
10000af8:	b510      	push	{r4, lr}
10000afa:	8943      	ldrh	r3, [r0, #10]
10000afc:	140a      	asrs	r2, r1, #16
10000afe:	4293      	cmp	r3, r2
10000b00:	dd1a      	ble.n	10000b38 <alarm_pool_cancel_alarm+0x40>
10000b02:	0053      	lsls	r3, r2, #1
10000b04:	189b      	adds	r3, r3, r2
10000b06:	6942      	ldr	r2, [r0, #20]
10000b08:	00db      	lsls	r3, r3, #3
10000b0a:	18d3      	adds	r3, r2, r3
10000b0c:	6904      	ldr	r4, [r0, #16]
10000b0e:	f3ef 8c10 	mrs	ip, PRIMASK
10000b12:	b672      	cpsid	i
10000b14:	6822      	ldr	r2, [r4, #0]
10000b16:	2a00      	cmp	r2, #0
10000b18:	d0fc      	beq.n	10000b14 <alarm_pool_cancel_alarm+0x1c>
10000b1a:	f3bf 8f5f 	dmb	sy
10000b1e:	885a      	ldrh	r2, [r3, #2]
10000b20:	0409      	lsls	r1, r1, #16
10000b22:	b294      	uxth	r4, r2
10000b24:	0c09      	lsrs	r1, r1, #16
10000b26:	428a      	cmp	r2, r1
10000b28:	d008      	beq.n	10000b3c <alarm_pool_cancel_alarm+0x44>
10000b2a:	6903      	ldr	r3, [r0, #16]
10000b2c:	f3bf 8f5f 	dmb	sy
10000b30:	2200      	movs	r2, #0
10000b32:	601a      	str	r2, [r3, #0]
10000b34:	f38c 8810 	msr	PRIMASK, ip
10000b38:	2000      	movs	r0, #0
10000b3a:	bd10      	pop	{r4, pc}
10000b3c:	2280      	movs	r2, #128	@ 0x80
10000b3e:	0212      	lsls	r2, r2, #8
10000b40:	4314      	orrs	r4, r2
10000b42:	805c      	strh	r4, [r3, #2]
10000b44:	2301      	movs	r3, #1
10000b46:	6902      	ldr	r2, [r0, #16]
10000b48:	7183      	strb	r3, [r0, #6]
10000b4a:	f3bf 8f5f 	dmb	sy
10000b4e:	2100      	movs	r1, #0
10000b50:	6011      	str	r1, [r2, #0]
10000b52:	f38c 8810 	msr	PRIMASK, ip
10000b56:	4904      	ldr	r1, [pc, #16]	@ (10000b68 <alarm_pool_cancel_alarm+0x70>)
10000b58:	7802      	ldrb	r2, [r0, #0]
10000b5a:	468c      	mov	ip, r1
10000b5c:	4093      	lsls	r3, r2
10000b5e:	68c2      	ldr	r2, [r0, #12]
10000b60:	2001      	movs	r0, #1
10000b62:	4462      	add	r2, ip
10000b64:	6013      	str	r3, [r2, #0]
10000b66:	e7e8      	b.n	10000b3a <alarm_pool_cancel_alarm+0x42>
10000b68:	0000203c 	.word	0x0000203c

10000b6c <sleep_ms>:
10000b6c:	b5f0      	push	{r4, r5, r6, r7, lr}
10000b6e:	46c6      	mov	lr, r8
10000b70:	b500      	push	{lr}
10000b72:	b082      	sub	sp, #8
10000b74:	0004      	movs	r4, r0
10000b76:	f000 f90f 	bl	10000d98 <time_us_64>
10000b7a:	22fa      	movs	r2, #250	@ 0xfa
10000b7c:	0006      	movs	r6, r0
10000b7e:	000f      	movs	r7, r1
10000b80:	0020      	movs	r0, r4
10000b82:	2300      	movs	r3, #0
10000b84:	2100      	movs	r1, #0
10000b86:	0092      	lsls	r2, r2, #2
10000b88:	f001 fbfa 	bl	10002380 <__wrap___aeabi_lmul>
10000b8c:	1980      	adds	r0, r0, r6
10000b8e:	4179      	adcs	r1, r7
10000b90:	0004      	movs	r4, r0
10000b92:	1e0d      	subs	r5, r1, #0
10000b94:	da02      	bge.n	10000b9c <sleep_ms+0x30>
10000b96:	2401      	movs	r4, #1
10000b98:	4d2e      	ldr	r5, [pc, #184]	@ (10000c54 <sleep_ms+0xe8>)
10000b9a:	4264      	negs	r4, r4
10000b9c:	2606      	movs	r6, #6
10000b9e:	4276      	negs	r6, r6
10000ba0:	17f7      	asrs	r7, r6, #31
10000ba2:	1936      	adds	r6, r6, r4
10000ba4:	416f      	adcs	r7, r5
10000ba6:	42af      	cmp	r7, r5
10000ba8:	d814      	bhi.n	10000bd4 <sleep_ms+0x68>
10000baa:	d011      	beq.n	10000bd0 <sleep_ms+0x64>
10000bac:	f000 f8f4 	bl	10000d98 <time_us_64>
10000bb0:	0032      	movs	r2, r6
10000bb2:	003b      	movs	r3, r7
10000bb4:	1a12      	subs	r2, r2, r0
10000bb6:	418b      	sbcs	r3, r1
10000bb8:	2b00      	cmp	r3, #0
10000bba:	dc15      	bgt.n	10000be8 <sleep_ms+0x7c>
10000bbc:	2b00      	cmp	r3, #0
10000bbe:	d046      	beq.n	10000c4e <sleep_ms+0xe2>
10000bc0:	0020      	movs	r0, r4
10000bc2:	0029      	movs	r1, r5
10000bc4:	f000 f8f2 	bl	10000dac <busy_wait_until>
10000bc8:	b002      	add	sp, #8
10000bca:	bc80      	pop	{r7}
10000bcc:	46b8      	mov	r8, r7
10000bce:	bdf0      	pop	{r4, r5, r6, r7, pc}
10000bd0:	42a6      	cmp	r6, r4
10000bd2:	d9eb      	bls.n	10000bac <sleep_ms+0x40>
10000bd4:	2600      	movs	r6, #0
10000bd6:	2700      	movs	r7, #0
10000bd8:	f000 f8de 	bl	10000d98 <time_us_64>
10000bdc:	0032      	movs	r2, r6
10000bde:	003b      	movs	r3, r7
10000be0:	1a12      	subs	r2, r2, r0
10000be2:	418b      	sbcs	r3, r1
10000be4:	2b00      	cmp	r3, #0
10000be6:	dde9      	ble.n	10000bbc <sleep_ms+0x50>
10000be8:	f000 f8d6 	bl	10000d98 <time_us_64>
10000bec:	0032      	movs	r2, r6
10000bee:	003b      	movs	r3, r7
10000bf0:	1a12      	subs	r2, r2, r0
10000bf2:	418b      	sbcs	r3, r1
10000bf4:	2b00      	cmp	r3, #0
10000bf6:	db0a      	blt.n	10000c0e <sleep_ms+0xa2>
10000bf8:	2300      	movs	r3, #0
10000bfa:	9301      	str	r3, [sp, #4]
10000bfc:	4b16      	ldr	r3, [pc, #88]	@ (10000c58 <sleep_ms+0xec>)
10000bfe:	0032      	movs	r2, r6
10000c00:	9300      	str	r3, [sp, #0]
10000c02:	4816      	ldr	r0, [pc, #88]	@ (10000c5c <sleep_ms+0xf0>)
10000c04:	003b      	movs	r3, r7
10000c06:	f7ff ff1f 	bl	10000a48 <alarm_pool_add_alarm_at_force_in_context>
10000c0a:	3001      	adds	r0, #1
10000c0c:	d0d8      	beq.n	10000bc0 <sleep_ms+0x54>
10000c0e:	2300      	movs	r3, #0
10000c10:	0039      	movs	r1, r7
10000c12:	46b0      	mov	r8, r6
10000c14:	469c      	mov	ip, r3
10000c16:	4a12      	ldr	r2, [pc, #72]	@ (10000c60 <sleep_ms+0xf4>)
10000c18:	4812      	ldr	r0, [pc, #72]	@ (10000c64 <sleep_ms+0xf8>)
10000c1a:	6a53      	ldr	r3, [r2, #36]	@ 0x24
10000c1c:	4299      	cmp	r1, r3
10000c1e:	d804      	bhi.n	10000c2a <sleep_ms+0xbe>
10000c20:	6a96      	ldr	r6, [r2, #40]	@ 0x28
10000c22:	4546      	cmp	r6, r8
10000c24:	d2cc      	bcs.n	10000bc0 <sleep_ms+0x54>
10000c26:	4299      	cmp	r1, r3
10000c28:	d1ca      	bne.n	10000bc0 <sleep_ms+0x54>
10000c2a:	6806      	ldr	r6, [r0, #0]
10000c2c:	f3ef 8710 	mrs	r7, PRIMASK
10000c30:	b672      	cpsid	i
10000c32:	6833      	ldr	r3, [r6, #0]
10000c34:	2b00      	cmp	r3, #0
10000c36:	d0fc      	beq.n	10000c32 <sleep_ms+0xc6>
10000c38:	f3bf 8f5f 	dmb	sy
10000c3c:	6803      	ldr	r3, [r0, #0]
10000c3e:	f3bf 8f5f 	dmb	sy
10000c42:	4666      	mov	r6, ip
10000c44:	601e      	str	r6, [r3, #0]
10000c46:	f387 8810 	msr	PRIMASK, r7
10000c4a:	bf20      	wfe
10000c4c:	e7e5      	b.n	10000c1a <sleep_ms+0xae>
10000c4e:	2a00      	cmp	r2, #0
10000c50:	d0b6      	beq.n	10000bc0 <sleep_ms+0x54>
10000c52:	e7c9      	b.n	10000be8 <sleep_ms+0x7c>
10000c54:	7fffffff 	.word	0x7fffffff
10000c58:	1000063d 	.word	0x1000063d
10000c5c:	2000019c 	.word	0x2000019c
10000c60:	40054000 	.word	0x40054000
10000c64:	200005cc 	.word	0x200005cc

10000c68 <best_effort_wfe_or_timeout>:
10000c68:	b5f0      	push	{r4, r5, r6, r7, lr}
10000c6a:	4657      	mov	r7, sl
10000c6c:	464e      	mov	r6, r9
10000c6e:	46de      	mov	lr, fp
10000c70:	4645      	mov	r5, r8
10000c72:	b5e0      	push	{r5, r6, r7, lr}
10000c74:	0006      	movs	r6, r0
10000c76:	000f      	movs	r7, r1
10000c78:	b085      	sub	sp, #20
10000c7a:	f3ef 8305 	mrs	r3, IPSR
10000c7e:	4699      	mov	r9, r3
10000c80:	468b      	mov	fp, r1
10000c82:	2b00      	cmp	r3, #0
10000c84:	d012      	beq.n	10000cac <best_effort_wfe_or_timeout+0x44>
10000c86:	4938      	ldr	r1, [pc, #224]	@ (10000d68 <best_effort_wfe_or_timeout+0x100>)
10000c88:	2000      	movs	r0, #0
10000c8a:	6a4b      	ldr	r3, [r1, #36]	@ 0x24
10000c8c:	42bb      	cmp	r3, r7
10000c8e:	d306      	bcc.n	10000c9e <best_effort_wfe_or_timeout+0x36>
10000c90:	6a8a      	ldr	r2, [r1, #40]	@ 0x28
10000c92:	1bdb      	subs	r3, r3, r7
10000c94:	1e59      	subs	r1, r3, #1
10000c96:	418b      	sbcs	r3, r1
10000c98:	42b2      	cmp	r2, r6
10000c9a:	4140      	adcs	r0, r0
10000c9c:	4318      	orrs	r0, r3
10000c9e:	b005      	add	sp, #20
10000ca0:	bcf0      	pop	{r4, r5, r6, r7}
10000ca2:	46bb      	mov	fp, r7
10000ca4:	46b2      	mov	sl, r6
10000ca6:	46a9      	mov	r9, r5
10000ca8:	46a0      	mov	r8, r4
10000caa:	bdf0      	pop	{r4, r5, r6, r7, pc}
10000cac:	4b2f      	ldr	r3, [pc, #188]	@ (10000d6c <best_effort_wfe_or_timeout+0x104>)
10000cae:	469a      	mov	sl, r3
10000cb0:	68db      	ldr	r3, [r3, #12]
10000cb2:	4698      	mov	r8, r3
10000cb4:	4653      	mov	r3, sl
10000cb6:	781b      	ldrb	r3, [r3, #0]
10000cb8:	4640      	mov	r0, r8
10000cba:	9303      	str	r3, [sp, #12]
10000cbc:	f000 f864 	bl	10000d88 <timer_time_us_64>
10000cc0:	4642      	mov	r2, r8
10000cc2:	9b03      	ldr	r3, [sp, #12]
10000cc4:	0004      	movs	r4, r0
10000cc6:	3304      	adds	r3, #4
10000cc8:	009b      	lsls	r3, r3, #2
10000cca:	589b      	ldr	r3, [r3, r2]
10000ccc:	000d      	movs	r5, r1
10000cce:	1a1b      	subs	r3, r3, r0
10000cd0:	0039      	movs	r1, r7
10000cd2:	0030      	movs	r0, r6
10000cd4:	1b00      	subs	r0, r0, r4
10000cd6:	41a9      	sbcs	r1, r5
10000cd8:	4589      	cmp	r9, r1
10000cda:	dc10      	bgt.n	10000cfe <best_effort_wfe_or_timeout+0x96>
10000cdc:	d00d      	beq.n	10000cfa <best_effort_wfe_or_timeout+0x92>
10000cde:	bf20      	wfe
10000ce0:	4a21      	ldr	r2, [pc, #132]	@ (10000d68 <best_effort_wfe_or_timeout+0x100>)
10000ce2:	2000      	movs	r0, #0
10000ce4:	6a53      	ldr	r3, [r2, #36]	@ 0x24
10000ce6:	455b      	cmp	r3, fp
10000ce8:	d3d9      	bcc.n	10000c9e <best_effort_wfe_or_timeout+0x36>
10000cea:	6a92      	ldr	r2, [r2, #40]	@ 0x28
10000cec:	1bdb      	subs	r3, r3, r7
10000cee:	1e59      	subs	r1, r3, #1
10000cf0:	418b      	sbcs	r3, r1
10000cf2:	42b2      	cmp	r2, r6
10000cf4:	4140      	adcs	r0, r0
10000cf6:	4318      	orrs	r0, r3
10000cf8:	e7d1      	b.n	10000c9e <best_effort_wfe_or_timeout+0x36>
10000cfa:	4283      	cmp	r3, r0
10000cfc:	d9ef      	bls.n	10000cde <best_effort_wfe_or_timeout+0x76>
10000cfe:	f000 f84b 	bl	10000d98 <time_us_64>
10000d02:	0032      	movs	r2, r6
10000d04:	003b      	movs	r3, r7
10000d06:	1a12      	subs	r2, r2, r0
10000d08:	418b      	sbcs	r3, r1
10000d0a:	2b00      	cmp	r3, #0
10000d0c:	db1a      	blt.n	10000d44 <best_effort_wfe_or_timeout+0xdc>
10000d0e:	2300      	movs	r3, #0
10000d10:	9301      	str	r3, [sp, #4]
10000d12:	4b17      	ldr	r3, [pc, #92]	@ (10000d70 <best_effort_wfe_or_timeout+0x108>)
10000d14:	0032      	movs	r2, r6
10000d16:	9300      	str	r3, [sp, #0]
10000d18:	4650      	mov	r0, sl
10000d1a:	003b      	movs	r3, r7
10000d1c:	f7ff fe94 	bl	10000a48 <alarm_pool_add_alarm_at_force_in_context>
10000d20:	1e01      	subs	r1, r0, #0
10000d22:	dd0f      	ble.n	10000d44 <best_effort_wfe_or_timeout+0xdc>
10000d24:	4b10      	ldr	r3, [pc, #64]	@ (10000d68 <best_effort_wfe_or_timeout+0x100>)
10000d26:	6a5a      	ldr	r2, [r3, #36]	@ 0x24
10000d28:	455a      	cmp	r2, fp
10000d2a:	d31b      	bcc.n	10000d64 <best_effort_wfe_or_timeout+0xfc>
10000d2c:	6a9b      	ldr	r3, [r3, #40]	@ 0x28
10000d2e:	42b3      	cmp	r3, r6
10000d30:	d316      	bcc.n	10000d60 <best_effort_wfe_or_timeout+0xf8>
10000d32:	4650      	mov	r0, sl
10000d34:	f7ff fee0 	bl	10000af8 <alarm_pool_cancel_alarm>
10000d38:	4a0b      	ldr	r2, [pc, #44]	@ (10000d68 <best_effort_wfe_or_timeout+0x100>)
10000d3a:	2000      	movs	r0, #0
10000d3c:	6a53      	ldr	r3, [r2, #36]	@ 0x24
10000d3e:	455b      	cmp	r3, fp
10000d40:	d3ad      	bcc.n	10000c9e <best_effort_wfe_or_timeout+0x36>
10000d42:	e7d2      	b.n	10000cea <best_effort_wfe_or_timeout+0x82>
10000d44:	4a08      	ldr	r2, [pc, #32]	@ (10000d68 <best_effort_wfe_or_timeout+0x100>)
10000d46:	2000      	movs	r0, #0
10000d48:	6a53      	ldr	r3, [r2, #36]	@ 0x24
10000d4a:	455b      	cmp	r3, fp
10000d4c:	d3a7      	bcc.n	10000c9e <best_effort_wfe_or_timeout+0x36>
10000d4e:	2000      	movs	r0, #0
10000d50:	6a92      	ldr	r2, [r2, #40]	@ 0x28
10000d52:	1bdb      	subs	r3, r3, r7
10000d54:	42b2      	cmp	r2, r6
10000d56:	4140      	adcs	r0, r0
10000d58:	1e5a      	subs	r2, r3, #1
10000d5a:	4193      	sbcs	r3, r2
10000d5c:	4318      	orrs	r0, r3
10000d5e:	e79e      	b.n	10000c9e <best_effort_wfe_or_timeout+0x36>
10000d60:	455a      	cmp	r2, fp
10000d62:	d1e6      	bne.n	10000d32 <best_effort_wfe_or_timeout+0xca>
10000d64:	bf20      	wfe
10000d66:	e7e4      	b.n	10000d32 <best_effort_wfe_or_timeout+0xca>
10000d68:	40054000 	.word	0x40054000
10000d6c:	2000019c 	.word	0x2000019c
10000d70:	1000063d 	.word	0x1000063d

10000d74 <timer_hardware_alarm_claim>:
10000d74:	b510      	push	{r4, lr}
10000d76:	4a02      	ldr	r2, [pc, #8]	@ (10000d80 <timer_hardware_alarm_claim+0xc>)
10000d78:	4802      	ldr	r0, [pc, #8]	@ (10000d84 <timer_hardware_alarm_claim+0x10>)
10000d7a:	f7ff fba5 	bl	100004c8 <hw_claim_or_assert>
10000d7e:	bd10      	pop	{r4, pc}
10000d80:	100028d4 	.word	0x100028d4
10000d84:	20000568 	.word	0x20000568

10000d88 <timer_time_us_64>:
10000d88:	0003      	movs	r3, r0
10000d8a:	6a41      	ldr	r1, [r0, #36]	@ 0x24
10000d8c:	000a      	movs	r2, r1
10000d8e:	6a98      	ldr	r0, [r3, #40]	@ 0x28
10000d90:	6a59      	ldr	r1, [r3, #36]	@ 0x24
10000d92:	428a      	cmp	r2, r1
10000d94:	d1fa      	bne.n	10000d8c <timer_time_us_64+0x4>
10000d96:	4770      	bx	lr

10000d98 <time_us_64>:
10000d98:	4b03      	ldr	r3, [pc, #12]	@ (10000da8 <time_us_64+0x10>)
10000d9a:	6a59      	ldr	r1, [r3, #36]	@ 0x24
10000d9c:	000a      	movs	r2, r1
10000d9e:	6a98      	ldr	r0, [r3, #40]	@ 0x28
10000da0:	6a59      	ldr	r1, [r3, #36]	@ 0x24
10000da2:	4291      	cmp	r1, r2
10000da4:	d1fa      	bne.n	10000d9c <time_us_64+0x4>
10000da6:	4770      	bx	lr
10000da8:	40054000 	.word	0x40054000

10000dac <busy_wait_until>:
10000dac:	4a06      	ldr	r2, [pc, #24]	@ (10000dc8 <busy_wait_until+0x1c>)
10000dae:	6a53      	ldr	r3, [r2, #36]	@ 0x24
10000db0:	4299      	cmp	r1, r3
10000db2:	d8fc      	bhi.n	10000dae <busy_wait_until+0x2>
10000db4:	d107      	bne.n	10000dc6 <busy_wait_until+0x1a>
10000db6:	4b04      	ldr	r3, [pc, #16]	@ (10000dc8 <busy_wait_until+0x1c>)
10000db8:	e002      	b.n	10000dc0 <busy_wait_until+0x14>
10000dba:	6a5a      	ldr	r2, [r3, #36]	@ 0x24
10000dbc:	4291      	cmp	r1, r2
10000dbe:	d102      	bne.n	10000dc6 <busy_wait_until+0x1a>
10000dc0:	6a9a      	ldr	r2, [r3, #40]	@ 0x28
10000dc2:	4290      	cmp	r0, r2
10000dc4:	d8f9      	bhi.n	10000dba <busy_wait_until+0xe>
10000dc6:	4770      	bx	lr
10000dc8:	40054000 	.word	0x40054000

10000dcc <clock_configure_int_divider>:
10000dcc:	b5f8      	push	{r3, r4, r5, r6, r7, lr}
10000dce:	46de      	mov	lr, fp
10000dd0:	464e      	mov	r6, r9
10000dd2:	4657      	mov	r7, sl
10000dd4:	4645      	mov	r5, r8
10000dd6:	b5e0      	push	{r5, r6, r7, lr}
10000dd8:	468b      	mov	fp, r1
10000dda:	0005      	movs	r5, r0
10000ddc:	990a      	ldr	r1, [sp, #40]	@ 0x28
10000dde:	0018      	movs	r0, r3
10000de0:	0016      	movs	r6, r2
10000de2:	f000 fadb 	bl	1000139c <__wrap___aeabi_uidiv>
10000de6:	9b0a      	ldr	r3, [sp, #40]	@ 0x28
10000de8:	006c      	lsls	r4, r5, #1
10000dea:	021f      	lsls	r7, r3, #8
10000dec:	4b32      	ldr	r3, [pc, #200]	@ (10000eb8 <clock_configure_int_divider+0xec>)
10000dee:	1964      	adds	r4, r4, r5
10000df0:	469c      	mov	ip, r3
10000df2:	00a4      	lsls	r4, r4, #2
10000df4:	4464      	add	r4, ip
10000df6:	6863      	ldr	r3, [r4, #4]
10000df8:	4681      	mov	r9, r0
10000dfa:	429f      	cmp	r7, r3
10000dfc:	d900      	bls.n	10000e00 <clock_configure_int_divider+0x34>
10000dfe:	6067      	str	r7, [r4, #4]
10000e00:	1f2b      	subs	r3, r5, #4
10000e02:	b2db      	uxtb	r3, r3
10000e04:	4698      	mov	r8, r3
10000e06:	2b01      	cmp	r3, #1
10000e08:	d930      	bls.n	10000e6c <clock_configure_int_divider+0xa0>
10000e0a:	23c0      	movs	r3, #192	@ 0xc0
10000e0c:	2280      	movs	r2, #128	@ 0x80
10000e0e:	019b      	lsls	r3, r3, #6
10000e10:	18e3      	adds	r3, r4, r3
10000e12:	0112      	lsls	r2, r2, #4
10000e14:	601a      	str	r2, [r3, #0]
10000e16:	4b29      	ldr	r3, [pc, #164]	@ (10000ebc <clock_configure_int_divider+0xf0>)
10000e18:	00ad      	lsls	r5, r5, #2
10000e1a:	5959      	ldr	r1, [r3, r5]
10000e1c:	469a      	mov	sl, r3
10000e1e:	2900      	cmp	r1, #0
10000e20:	d11b      	bne.n	10000e5a <clock_configure_int_divider+0x8e>
10000e22:	0173      	lsls	r3, r6, #5
10000e24:	26e0      	movs	r6, #224	@ 0xe0
10000e26:	6822      	ldr	r2, [r4, #0]
10000e28:	4053      	eors	r3, r2
10000e2a:	401e      	ands	r6, r3
10000e2c:	2380      	movs	r3, #128	@ 0x80
10000e2e:	4642      	mov	r2, r8
10000e30:	015b      	lsls	r3, r3, #5
10000e32:	18e3      	adds	r3, r4, r3
10000e34:	601e      	str	r6, [r3, #0]
10000e36:	2a01      	cmp	r2, #1
10000e38:	d930      	bls.n	10000e9c <clock_configure_int_divider+0xd0>
10000e3a:	2380      	movs	r3, #128	@ 0x80
10000e3c:	2280      	movs	r2, #128	@ 0x80
10000e3e:	019b      	lsls	r3, r3, #6
10000e40:	18e3      	adds	r3, r4, r3
10000e42:	0112      	lsls	r2, r2, #4
10000e44:	601a      	str	r2, [r3, #0]
10000e46:	4653      	mov	r3, sl
10000e48:	464a      	mov	r2, r9
10000e4a:	6067      	str	r7, [r4, #4]
10000e4c:	515a      	str	r2, [r3, r5]
10000e4e:	bcf0      	pop	{r4, r5, r6, r7}
10000e50:	46bb      	mov	fp, r7
10000e52:	46b2      	mov	sl, r6
10000e54:	46a9      	mov	r9, r5
10000e56:	46a0      	mov	r8, r4
10000e58:	bdf8      	pop	{r3, r4, r5, r6, r7, pc}
10000e5a:	6958      	ldr	r0, [r3, #20]
10000e5c:	f000 fa9e 	bl	1000139c <__wrap___aeabi_uidiv>
10000e60:	3001      	adds	r0, #1
10000e62:	0043      	lsls	r3, r0, #1
10000e64:	181b      	adds	r3, r3, r0
10000e66:	3b03      	subs	r3, #3
10000e68:	d2fd      	bcs.n	10000e66 <clock_configure_int_divider+0x9a>
10000e6a:	e7da      	b.n	10000e22 <clock_configure_int_divider+0x56>
10000e6c:	465b      	mov	r3, fp
10000e6e:	2b01      	cmp	r3, #1
10000e70:	d1cb      	bne.n	10000e0a <clock_configure_int_divider+0x3e>
10000e72:	23c0      	movs	r3, #192	@ 0xc0
10000e74:	2203      	movs	r2, #3
10000e76:	019b      	lsls	r3, r3, #6
10000e78:	18e3      	adds	r3, r4, r3
10000e7a:	601a      	str	r2, [r3, #0]
10000e7c:	3a02      	subs	r2, #2
10000e7e:	68a3      	ldr	r3, [r4, #8]
10000e80:	421a      	tst	r2, r3
10000e82:	d0fc      	beq.n	10000e7e <clock_configure_int_divider+0xb2>
10000e84:	0173      	lsls	r3, r6, #5
10000e86:	26e0      	movs	r6, #224	@ 0xe0
10000e88:	6822      	ldr	r2, [r4, #0]
10000e8a:	00ad      	lsls	r5, r5, #2
10000e8c:	4053      	eors	r3, r2
10000e8e:	401e      	ands	r6, r3
10000e90:	2380      	movs	r3, #128	@ 0x80
10000e92:	4a0a      	ldr	r2, [pc, #40]	@ (10000ebc <clock_configure_int_divider+0xf0>)
10000e94:	015b      	lsls	r3, r3, #5
10000e96:	4692      	mov	sl, r2
10000e98:	18e3      	adds	r3, r4, r3
10000e9a:	601e      	str	r6, [r3, #0]
10000e9c:	465a      	mov	r2, fp
10000e9e:	6821      	ldr	r1, [r4, #0]
10000ea0:	4051      	eors	r1, r2
10000ea2:	2203      	movs	r2, #3
10000ea4:	400a      	ands	r2, r1
10000ea6:	601a      	str	r2, [r3, #0]
10000ea8:	2201      	movs	r2, #1
10000eaa:	465b      	mov	r3, fp
10000eac:	409a      	lsls	r2, r3
10000eae:	68a3      	ldr	r3, [r4, #8]
10000eb0:	421a      	tst	r2, r3
10000eb2:	d0fc      	beq.n	10000eae <clock_configure_int_divider+0xe2>
10000eb4:	e7c1      	b.n	10000e3a <clock_configure_int_divider+0x6e>
10000eb6:	46c0      	nop			@ (mov r8, r8)
10000eb8:	40008000 	.word	0x40008000
10000ebc:	2000056c 	.word	0x2000056c

10000ec0 <clock_configure_undivided>:
10000ec0:	b5f0      	push	{r4, r5, r6, r7, lr}
10000ec2:	4646      	mov	r6, r8
10000ec4:	464f      	mov	r7, r9
10000ec6:	46d6      	mov	lr, sl
10000ec8:	b5c0      	push	{r6, r7, lr}
10000eca:	001f      	movs	r7, r3
10000ecc:	4b34      	ldr	r3, [pc, #208]	@ (10000fa0 <clock_configure_undivided+0xe0>)
10000ece:	0044      	lsls	r4, r0, #1
10000ed0:	469c      	mov	ip, r3
10000ed2:	1824      	adds	r4, r4, r0
10000ed4:	00a4      	lsls	r4, r4, #2
10000ed6:	4464      	add	r4, ip
10000ed8:	6863      	ldr	r3, [r4, #4]
10000eda:	4688      	mov	r8, r1
10000edc:	0016      	movs	r6, r2
10000ede:	2bff      	cmp	r3, #255	@ 0xff
10000ee0:	d802      	bhi.n	10000ee8 <clock_configure_undivided+0x28>
10000ee2:	2380      	movs	r3, #128	@ 0x80
10000ee4:	005b      	lsls	r3, r3, #1
10000ee6:	6063      	str	r3, [r4, #4]
10000ee8:	1f03      	subs	r3, r0, #4
10000eea:	b2db      	uxtb	r3, r3
10000eec:	469a      	mov	sl, r3
10000eee:	2b01      	cmp	r3, #1
10000ef0:	d930      	bls.n	10000f54 <clock_configure_undivided+0x94>
10000ef2:	23c0      	movs	r3, #192	@ 0xc0
10000ef4:	2280      	movs	r2, #128	@ 0x80
10000ef6:	019b      	lsls	r3, r3, #6
10000ef8:	18e3      	adds	r3, r4, r3
10000efa:	0112      	lsls	r2, r2, #4
10000efc:	601a      	str	r2, [r3, #0]
10000efe:	4b29      	ldr	r3, [pc, #164]	@ (10000fa4 <clock_configure_undivided+0xe4>)
10000f00:	0085      	lsls	r5, r0, #2
10000f02:	5959      	ldr	r1, [r3, r5]
10000f04:	4699      	mov	r9, r3
10000f06:	2900      	cmp	r1, #0
10000f08:	d11b      	bne.n	10000f42 <clock_configure_undivided+0x82>
10000f0a:	0173      	lsls	r3, r6, #5
10000f0c:	26e0      	movs	r6, #224	@ 0xe0
10000f0e:	6822      	ldr	r2, [r4, #0]
10000f10:	4053      	eors	r3, r2
10000f12:	401e      	ands	r6, r3
10000f14:	2380      	movs	r3, #128	@ 0x80
10000f16:	4652      	mov	r2, sl
10000f18:	015b      	lsls	r3, r3, #5
10000f1a:	18e3      	adds	r3, r4, r3
10000f1c:	601e      	str	r6, [r3, #0]
10000f1e:	2a01      	cmp	r2, #1
10000f20:	d930      	bls.n	10000f84 <clock_configure_undivided+0xc4>
10000f22:	2380      	movs	r3, #128	@ 0x80
10000f24:	2280      	movs	r2, #128	@ 0x80
10000f26:	019b      	lsls	r3, r3, #6
10000f28:	18e3      	adds	r3, r4, r3
10000f2a:	0112      	lsls	r2, r2, #4
10000f2c:	601a      	str	r2, [r3, #0]
10000f2e:	2380      	movs	r3, #128	@ 0x80
10000f30:	005b      	lsls	r3, r3, #1
10000f32:	6063      	str	r3, [r4, #4]
10000f34:	464b      	mov	r3, r9
10000f36:	515f      	str	r7, [r3, r5]
10000f38:	bce0      	pop	{r5, r6, r7}
10000f3a:	46ba      	mov	sl, r7
10000f3c:	46b1      	mov	r9, r6
10000f3e:	46a8      	mov	r8, r5
10000f40:	bdf0      	pop	{r4, r5, r6, r7, pc}
10000f42:	6958      	ldr	r0, [r3, #20]
10000f44:	f000 fa2a 	bl	1000139c <__wrap___aeabi_uidiv>
10000f48:	3001      	adds	r0, #1
10000f4a:	0043      	lsls	r3, r0, #1
10000f4c:	181b      	adds	r3, r3, r0
10000f4e:	3b03      	subs	r3, #3
10000f50:	d2fd      	bcs.n	10000f4e <clock_configure_undivided+0x8e>
10000f52:	e7da      	b.n	10000f0a <clock_configure_undivided+0x4a>
10000f54:	4643      	mov	r3, r8
10000f56:	2b01      	cmp	r3, #1
10000f58:	d1cb      	bne.n	10000ef2 <clock_configure_undivided+0x32>
10000f5a:	23c0      	movs	r3, #192	@ 0xc0
10000f5c:	2203      	movs	r2, #3
10000f5e:	019b      	lsls	r3, r3, #6
10000f60:	18e3      	adds	r3, r4, r3
10000f62:	601a      	str	r2, [r3, #0]
10000f64:	3a02      	subs	r2, #2
10000f66:	68a3      	ldr	r3, [r4, #8]
10000f68:	421a      	tst	r2, r3
10000f6a:	d0fc      	beq.n	10000f66 <clock_configure_undivided+0xa6>
10000f6c:	0173      	lsls	r3, r6, #5
10000f6e:	26e0      	movs	r6, #224	@ 0xe0
10000f70:	6822      	ldr	r2, [r4, #0]
10000f72:	0085      	lsls	r5, r0, #2
10000f74:	4053      	eors	r3, r2
10000f76:	401e      	ands	r6, r3
10000f78:	2380      	movs	r3, #128	@ 0x80
10000f7a:	4a0a      	ldr	r2, [pc, #40]	@ (10000fa4 <clock_configure_undivided+0xe4>)
10000f7c:	015b      	lsls	r3, r3, #5
10000f7e:	4691      	mov	r9, r2
10000f80:	18e3      	adds	r3, r4, r3
10000f82:	601e      	str	r6, [r3, #0]
10000f84:	4642      	mov	r2, r8
10000f86:	6821      	ldr	r1, [r4, #0]
10000f88:	4051      	eors	r1, r2
10000f8a:	2203      	movs	r2, #3
10000f8c:	400a      	ands	r2, r1
10000f8e:	601a      	str	r2, [r3, #0]
10000f90:	2301      	movs	r3, #1
10000f92:	4642      	mov	r2, r8
10000f94:	4093      	lsls	r3, r2
10000f96:	68a2      	ldr	r2, [r4, #8]
10000f98:	4213      	tst	r3, r2
10000f9a:	d0fc      	beq.n	10000f96 <clock_configure_undivided+0xd6>
10000f9c:	e7c1      	b.n	10000f22 <clock_configure_undivided+0x62>
10000f9e:	46c0      	nop			@ (mov r8, r8)
10000fa0:	40008000 	.word	0x40008000
10000fa4:	2000056c 	.word	0x2000056c

10000fa8 <clock_get_hz>:
10000fa8:	4b01      	ldr	r3, [pc, #4]	@ (10000fb0 <clock_get_hz+0x8>)
10000faa:	0080      	lsls	r0, r0, #2
10000fac:	58c0      	ldr	r0, [r0, r3]
10000fae:	4770      	bx	lr
10000fb0:	2000056c 	.word	0x2000056c

10000fb4 <pll_init>:
10000fb4:	b5f8      	push	{r3, r4, r5, r6, r7, lr}
10000fb6:	0004      	movs	r4, r0
10000fb8:	4821      	ldr	r0, [pc, #132]	@ (10001040 <pll_init+0x8c>)
10000fba:	001e      	movs	r6, r3
10000fbc:	0017      	movs	r7, r2
10000fbe:	000d      	movs	r5, r1
10000fc0:	f000 f9ec 	bl	1000139c <__wrap___aeabi_uidiv>
10000fc4:	0001      	movs	r1, r0
10000fc6:	0038      	movs	r0, r7
10000fc8:	f000 f9e8 	bl	1000139c <__wrap___aeabi_uidiv>
10000fcc:	9b06      	ldr	r3, [sp, #24]
10000fce:	0436      	lsls	r6, r6, #16
10000fd0:	031b      	lsls	r3, r3, #12
10000fd2:	431e      	orrs	r6, r3
10000fd4:	6823      	ldr	r3, [r4, #0]
10000fd6:	2b00      	cmp	r3, #0
10000fd8:	db20      	blt.n	1000101c <pll_init+0x68>
10000fda:	4b1a      	ldr	r3, [pc, #104]	@ (10001044 <pll_init+0x90>)
10000fdc:	491a      	ldr	r1, [pc, #104]	@ (10001048 <pll_init+0x94>)
10000fde:	18e3      	adds	r3, r4, r3
10000fe0:	1e5a      	subs	r2, r3, #1
10000fe2:	4193      	sbcs	r3, r2
10000fe4:	2280      	movs	r2, #128	@ 0x80
10000fe6:	0192      	lsls	r2, r2, #6
10000fe8:	4694      	mov	ip, r2
10000fea:	425b      	negs	r3, r3
10000fec:	0b1b      	lsrs	r3, r3, #12
10000fee:	4a17      	ldr	r2, [pc, #92]	@ (1000104c <pll_init+0x98>)
10000ff0:	031b      	lsls	r3, r3, #12
10000ff2:	4463      	add	r3, ip
10000ff4:	6013      	str	r3, [r2, #0]
10000ff6:	4a16      	ldr	r2, [pc, #88]	@ (10001050 <pll_init+0x9c>)
10000ff8:	6013      	str	r3, [r2, #0]
10000ffa:	001f      	movs	r7, r3
10000ffc:	680a      	ldr	r2, [r1, #0]
10000ffe:	4397      	bics	r7, r2
10001000:	d1fb      	bne.n	10000ffa <pll_init+0x46>
10001002:	4b14      	ldr	r3, [pc, #80]	@ (10001054 <pll_init+0xa0>)
10001004:	6025      	str	r5, [r4, #0]
10001006:	18e2      	adds	r2, r4, r3
10001008:	2321      	movs	r3, #33	@ 0x21
1000100a:	60a0      	str	r0, [r4, #8]
1000100c:	6013      	str	r3, [r2, #0]
1000100e:	6823      	ldr	r3, [r4, #0]
10001010:	2b00      	cmp	r3, #0
10001012:	dafc      	bge.n	1000100e <pll_init+0x5a>
10001014:	2308      	movs	r3, #8
10001016:	60e6      	str	r6, [r4, #12]
10001018:	6013      	str	r3, [r2, #0]
1000101a:	bdf8      	pop	{r3, r4, r5, r6, r7, pc}
1000101c:	233f      	movs	r3, #63	@ 0x3f
1000101e:	6822      	ldr	r2, [r4, #0]
10001020:	4013      	ands	r3, r2
10001022:	42ab      	cmp	r3, r5
10001024:	d1d9      	bne.n	10000fda <pll_init+0x26>
10001026:	68a3      	ldr	r3, [r4, #8]
10001028:	051b      	lsls	r3, r3, #20
1000102a:	0d1b      	lsrs	r3, r3, #20
1000102c:	4283      	cmp	r3, r0
1000102e:	d1d4      	bne.n	10000fda <pll_init+0x26>
10001030:	22ee      	movs	r2, #238	@ 0xee
10001032:	68e3      	ldr	r3, [r4, #12]
10001034:	02d2      	lsls	r2, r2, #11
10001036:	4013      	ands	r3, r2
10001038:	42b3      	cmp	r3, r6
1000103a:	d1ce      	bne.n	10000fda <pll_init+0x26>
1000103c:	e7ed      	b.n	1000101a <pll_init+0x66>
1000103e:	46c0      	nop			@ (mov r8, r8)
10001040:	00b71b00 	.word	0x00b71b00
10001044:	bffd4000 	.word	0xbffd4000
10001048:	4000c008 	.word	0x4000c008
1000104c:	4000e000 	.word	0x4000e000
10001050:	4000f000 	.word	0x4000f000
10001054:	00003004 	.word	0x00003004

10001058 <tick_start>:
10001058:	2380      	movs	r3, #128	@ 0x80
1000105a:	4a02      	ldr	r2, [pc, #8]	@ (10001064 <tick_start+0xc>)
1000105c:	009b      	lsls	r3, r3, #2
1000105e:	430b      	orrs	r3, r1
10001060:	62d3      	str	r3, [r2, #44]	@ 0x2c
10001062:	4770      	bx	lr
10001064:	40058000 	.word	0x40058000

10001068 <rom_func_lookup>:
10001068:	2300      	movs	r3, #0
1000106a:	b510      	push	{r4, lr}
1000106c:	0001      	movs	r1, r0
1000106e:	8a98      	ldrh	r0, [r3, #20]
10001070:	8b1b      	ldrh	r3, [r3, #24]
10001072:	4798      	blx	r3
10001074:	bd10      	pop	{r4, pc}
10001076:	46c0      	nop			@ (mov r8, r8)

10001078 <rom_data_lookup>:
10001078:	2316      	movs	r3, #22
1000107a:	b510      	push	{r4, lr}
1000107c:	0001      	movs	r1, r0
1000107e:	8818      	ldrh	r0, [r3, #0]
10001080:	3302      	adds	r3, #2
10001082:	881b      	ldrh	r3, [r3, #0]
10001084:	4798      	blx	r3
10001086:	bd10      	pop	{r4, pc}

10001088 <rom_funcs_lookup>:
10001088:	b5f8      	push	{r3, r4, r5, r6, r7, lr}
1000108a:	4647      	mov	r7, r8
1000108c:	46ce      	mov	lr, r9
1000108e:	b580      	push	{r7, lr}
10001090:	1e0f      	subs	r7, r1, #0
10001092:	d018      	beq.n	100010c6 <rom_funcs_lookup+0x3e>
10001094:	2314      	movs	r3, #20
10001096:	4699      	mov	r9, r3
10001098:	3304      	adds	r3, #4
1000109a:	0004      	movs	r4, r0
1000109c:	2500      	movs	r5, #0
1000109e:	2601      	movs	r6, #1
100010a0:	4698      	mov	r8, r3
100010a2:	464b      	mov	r3, r9
100010a4:	8818      	ldrh	r0, [r3, #0]
100010a6:	4643      	mov	r3, r8
100010a8:	6821      	ldr	r1, [r4, #0]
100010aa:	881b      	ldrh	r3, [r3, #0]
100010ac:	4798      	blx	r3
100010ae:	c401      	stmia	r4!, {r0}
100010b0:	1e43      	subs	r3, r0, #1
100010b2:	4198      	sbcs	r0, r3
100010b4:	3501      	adds	r5, #1
100010b6:	4006      	ands	r6, r0
100010b8:	42af      	cmp	r7, r5
100010ba:	d1f2      	bne.n	100010a2 <rom_funcs_lookup+0x1a>
100010bc:	0030      	movs	r0, r6
100010be:	bcc0      	pop	{r6, r7}
100010c0:	46b9      	mov	r9, r7
100010c2:	46b0      	mov	r8, r6
100010c4:	bdf8      	pop	{r3, r4, r5, r6, r7, pc}
100010c6:	2601      	movs	r6, #1
100010c8:	e7f8      	b.n	100010bc <rom_funcs_lookup+0x34>
100010ca:	46c0      	nop			@ (mov r8, r8)

100010cc <xosc_init>:
100010cc:	23aa      	movs	r3, #170	@ 0xaa
100010ce:	4a06      	ldr	r2, [pc, #24]	@ (100010e8 <xosc_init+0x1c>)
100010d0:	011b      	lsls	r3, r3, #4
100010d2:	6013      	str	r3, [r2, #0]
100010d4:	3321      	adds	r3, #33	@ 0x21
100010d6:	33ff      	adds	r3, #255	@ 0xff
100010d8:	60d3      	str	r3, [r2, #12]
100010da:	4904      	ldr	r1, [pc, #16]	@ (100010ec <xosc_init+0x20>)
100010dc:	4b04      	ldr	r3, [pc, #16]	@ (100010f0 <xosc_init+0x24>)
100010de:	6019      	str	r1, [r3, #0]
100010e0:	6853      	ldr	r3, [r2, #4]
100010e2:	2b00      	cmp	r3, #0
100010e4:	dafc      	bge.n	100010e0 <xosc_init+0x14>
100010e6:	4770      	bx	lr
100010e8:	40024000 	.word	0x40024000
100010ec:	00fab000 	.word	0x00fab000
100010f0:	40026000 	.word	0x40026000

100010f4 <first_per_core_initializer>:
100010f4:	4770      	bx	lr
100010f6:	46c0      	nop			@ (mov r8, r8)

100010f8 <hard_assertion_failure>:
100010f8:	b510      	push	{r4, lr}
100010fa:	4801      	ldr	r0, [pc, #4]	@ (10001100 <hard_assertion_failure+0x8>)
100010fc:	f7ff f9cc 	bl	10000498 <panic>
10001100:	100028f8 	.word	0x100028f8

10001104 <runtime_run_initializers>:
10001104:	b570      	push	{r4, r5, r6, lr}
10001106:	4d07      	ldr	r5, [pc, #28]	@ (10001124 <runtime_run_initializers+0x20>)
10001108:	4e07      	ldr	r6, [pc, #28]	@ (10001128 <runtime_run_initializers+0x24>)
1000110a:	42b5      	cmp	r5, r6
1000110c:	d209      	bcs.n	10001122 <runtime_run_initializers+0x1e>
1000110e:	2400      	movs	r4, #0
10001110:	3e01      	subs	r6, #1
10001112:	1b76      	subs	r6, r6, r5
10001114:	08b6      	lsrs	r6, r6, #2
10001116:	cd08      	ldmia	r5!, {r3}
10001118:	4798      	blx	r3
1000111a:	0023      	movs	r3, r4
1000111c:	3401      	adds	r4, #1
1000111e:	42b3      	cmp	r3, r6
10001120:	d1f9      	bne.n	10001116 <runtime_run_initializers+0x12>
10001122:	bd70      	pop	{r4, r5, r6, pc}
10001124:	10002880 	.word	0x10002880
10001128:	100028bc 	.word	0x100028bc

1000112c <runtime_init_early_resets>:
1000112c:	4b05      	ldr	r3, [pc, #20]	@ (10001144 <runtime_init_early_resets+0x18>)
1000112e:	4a06      	ldr	r2, [pc, #24]	@ (10001148 <runtime_init_early_resets+0x1c>)
10001130:	4906      	ldr	r1, [pc, #24]	@ (1000114c <runtime_init_early_resets+0x20>)
10001132:	601a      	str	r2, [r3, #0]
10001134:	4a06      	ldr	r2, [pc, #24]	@ (10001150 <runtime_init_early_resets+0x24>)
10001136:	4b07      	ldr	r3, [pc, #28]	@ (10001154 <runtime_init_early_resets+0x28>)
10001138:	601a      	str	r2, [r3, #0]
1000113a:	0010      	movs	r0, r2
1000113c:	680b      	ldr	r3, [r1, #0]
1000113e:	4398      	bics	r0, r3
10001140:	d1fb      	bne.n	1000113a <runtime_init_early_resets+0xe>
10001142:	4770      	bx	lr
10001144:	4000e000 	.word	0x4000e000
10001148:	fefbcdbf 	.word	0xfefbcdbf
1000114c:	4000c008 	.word	0x4000c008
10001150:	003c7ffe 	.word	0x003c7ffe
10001154:	4000f000 	.word	0x4000f000

10001158 <runtime_init_usb_power_down>:
10001158:	4b04      	ldr	r3, [pc, #16]	@ (1000116c <runtime_init_usb_power_down+0x14>)
1000115a:	6cdb      	ldr	r3, [r3, #76]	@ 0x4c
1000115c:	2b00      	cmp	r3, #0
1000115e:	d103      	bne.n	10001168 <runtime_init_usb_power_down+0x10>
10001160:	2280      	movs	r2, #128	@ 0x80
10001162:	4b03      	ldr	r3, [pc, #12]	@ (10001170 <runtime_init_usb_power_down+0x18>)
10001164:	02d2      	lsls	r2, r2, #11
10001166:	601a      	str	r2, [r3, #0]
10001168:	4770      	bx	lr
1000116a:	46c0      	nop			@ (mov r8, r8)
1000116c:	50110000 	.word	0x50110000
10001170:	5011204c 	.word	0x5011204c

10001174 <runtime_init_post_clock_resets>:
10001174:	4a04      	ldr	r2, [pc, #16]	@ (10001188 <runtime_init_post_clock_resets+0x14>)
10001176:	4b05      	ldr	r3, [pc, #20]	@ (1000118c <runtime_init_post_clock_resets+0x18>)
10001178:	601a      	str	r2, [r3, #0]
1000117a:	4a05      	ldr	r2, [pc, #20]	@ (10001190 <runtime_init_post_clock_resets+0x1c>)
1000117c:	6813      	ldr	r3, [r2, #0]
1000117e:	01db      	lsls	r3, r3, #7
10001180:	3380      	adds	r3, #128	@ 0x80
10001182:	d1fb      	bne.n	1000117c <runtime_init_post_clock_resets+0x8>
10001184:	4770      	bx	lr
10001186:	46c0      	nop			@ (mov r8, r8)
10001188:	01ffffff 	.word	0x01ffffff
1000118c:	4000f000 	.word	0x4000f000
10001190:	4000c008 	.word	0x4000c008

10001194 <runtime_init_rp2040_gpio_ie_disable>:
10001194:	2240      	movs	r2, #64	@ 0x40
10001196:	4b03      	ldr	r3, [pc, #12]	@ (100011a4 <runtime_init_rp2040_gpio_ie_disable+0x10>)
10001198:	679a      	str	r2, [r3, #120]	@ 0x78
1000119a:	675a      	str	r2, [r3, #116]	@ 0x74
1000119c:	671a      	str	r2, [r3, #112]	@ 0x70
1000119e:	66da      	str	r2, [r3, #108]	@ 0x6c
100011a0:	4770      	bx	lr
100011a2:	46c0      	nop			@ (mov r8, r8)
100011a4:	4001f000 	.word	0x4001f000

100011a8 <runtime_init_spin_locks_reset>:
100011a8:	b510      	push	{r4, lr}
100011aa:	f7ff f9bb 	bl	10000524 <spin_locks_reset>
100011ae:	bd10      	pop	{r4, pc}

100011b0 <runtime_init_install_ram_vector_table>:
100011b0:	b5f8      	push	{r3, r4, r5, r6, r7, lr}
100011b2:	4927      	ldr	r1, [pc, #156]	@ (10001250 <runtime_init_install_ram_vector_table+0xa0>)
100011b4:	4c27      	ldr	r4, [pc, #156]	@ (10001254 <runtime_init_install_ram_vector_table+0xa4>)
100011b6:	4d28      	ldr	r5, [pc, #160]	@ (10001258 <runtime_init_install_ram_vector_table+0xa8>)
100011b8:	1a64      	subs	r4, r4, r1
100011ba:	10a6      	asrs	r6, r4, #2
100011bc:	0032      	movs	r2, r6
100011be:	2e30      	cmp	r6, #48	@ 0x30
100011c0:	d900      	bls.n	100011c4 <runtime_init_install_ram_vector_table+0x14>
100011c2:	2230      	movs	r2, #48	@ 0x30
100011c4:	0028      	movs	r0, r5
100011c6:	0092      	lsls	r2, r2, #2
100011c8:	f001 f98a 	bl	100024e0 <__wrap___aeabi_memcpy>
100011cc:	2cbc      	cmp	r4, #188	@ 0xbc
100011ce:	d83b      	bhi.n	10001248 <runtime_init_install_ram_vector_table+0x98>
100011d0:	2030      	movs	r0, #48	@ 0x30
100011d2:	232f      	movs	r3, #47	@ 0x2f
100011d4:	192c      	adds	r4, r5, r4
100011d6:	0764      	lsls	r4, r4, #29
100011d8:	4a20      	ldr	r2, [pc, #128]	@ (1000125c <runtime_init_install_ram_vector_table+0xac>)
100011da:	1b80      	subs	r0, r0, r6
100011dc:	0fe4      	lsrs	r4, r4, #31
100011de:	1b9b      	subs	r3, r3, r6
100011e0:	2b05      	cmp	r3, #5
100011e2:	d916      	bls.n	10001212 <runtime_init_install_ram_vector_table+0x62>
100011e4:	0037      	movs	r7, r6
100011e6:	2c00      	cmp	r4, #0
100011e8:	d002      	beq.n	100011f0 <runtime_init_install_ram_vector_table+0x40>
100011ea:	00b3      	lsls	r3, r6, #2
100011ec:	1c77      	adds	r7, r6, #1
100011ee:	50ea      	str	r2, [r5, r3]
100011f0:	1b00      	subs	r0, r0, r4
100011f2:	1933      	adds	r3, r6, r4
100011f4:	009b      	lsls	r3, r3, #2
100011f6:	0841      	lsrs	r1, r0, #1
100011f8:	18eb      	adds	r3, r5, r3
100011fa:	00c9      	lsls	r1, r1, #3
100011fc:	18c9      	adds	r1, r1, r3
100011fe:	601a      	str	r2, [r3, #0]
10001200:	605a      	str	r2, [r3, #4]
10001202:	3308      	adds	r3, #8
10001204:	4299      	cmp	r1, r3
10001206:	d1fa      	bne.n	100011fe <runtime_init_install_ram_vector_table+0x4e>
10001208:	2301      	movs	r3, #1
1000120a:	4203      	tst	r3, r0
1000120c:	d01c      	beq.n	10001248 <runtime_init_install_ram_vector_table+0x98>
1000120e:	4398      	bics	r0, r3
10001210:	19c6      	adds	r6, r0, r7
10001212:	00b3      	lsls	r3, r6, #2
10001214:	50ea      	str	r2, [r5, r3]
10001216:	1c73      	adds	r3, r6, #1
10001218:	2e2f      	cmp	r6, #47	@ 0x2f
1000121a:	d015      	beq.n	10001248 <runtime_init_install_ram_vector_table+0x98>
1000121c:	009b      	lsls	r3, r3, #2
1000121e:	50ea      	str	r2, [r5, r3]
10001220:	1cb3      	adds	r3, r6, #2
10001222:	2e2e      	cmp	r6, #46	@ 0x2e
10001224:	d010      	beq.n	10001248 <runtime_init_install_ram_vector_table+0x98>
10001226:	009b      	lsls	r3, r3, #2
10001228:	50ea      	str	r2, [r5, r3]
1000122a:	1cf3      	adds	r3, r6, #3
1000122c:	2e2d      	cmp	r6, #45	@ 0x2d
1000122e:	d00b      	beq.n	10001248 <runtime_init_install_ram_vector_table+0x98>
10001230:	009b      	lsls	r3, r3, #2
10001232:	50ea      	str	r2, [r5, r3]
10001234:	1d33      	adds	r3, r6, #4
10001236:	2e2c      	cmp	r6, #44	@ 0x2c
10001238:	d006      	beq.n	10001248 <runtime_init_install_ram_vector_table+0x98>
1000123a:	009b      	lsls	r3, r3, #2
1000123c:	50ea      	str	r2, [r5, r3]
1000123e:	1d73      	adds	r3, r6, #5
10001240:	2e2b      	cmp	r6, #43	@ 0x2b
10001242:	d001      	beq.n	10001248 <runtime_init_install_ram_vector_table+0x98>
10001244:	009b      	lsls	r3, r3, #2
10001246:	50ea      	str	r2, [r5, r3]
10001248:	4b05      	ldr	r3, [pc, #20]	@ (10001260 <runtime_init_install_ram_vector_table+0xb0>)
1000124a:	609d      	str	r5, [r3, #8]
1000124c:	bdf8      	pop	{r3, r4, r5, r6, r7, pc}
1000124e:	46c0      	nop			@ (mov r8, r8)
10001250:	10000100 	.word	0x10000100
10001254:	100001c0 	.word	0x100001c0
10001258:	20000000 	.word	0x20000000
1000125c:	100001c1 	.word	0x100001c1
10001260:	e000ed00 	.word	0xe000ed00

10001264 <runtime_init_clocks>:
10001264:	2300      	movs	r3, #0
10001266:	b510      	push	{r4, lr}
10001268:	4c29      	ldr	r4, [pc, #164]	@ (10001310 <runtime_init_clocks+0xac>)
1000126a:	b082      	sub	sp, #8
1000126c:	67a3      	str	r3, [r4, #120]	@ 0x78
1000126e:	f7ff ff2d 	bl	100010cc <xosc_init>
10001272:	2201      	movs	r2, #1
10001274:	4b27      	ldr	r3, [pc, #156]	@ (10001314 <runtime_init_clocks+0xb0>)
10001276:	601a      	str	r2, [r3, #0]
10001278:	6c63      	ldr	r3, [r4, #68]	@ 0x44
1000127a:	2b01      	cmp	r3, #1
1000127c:	d1fc      	bne.n	10001278 <runtime_init_clocks+0x14>
1000127e:	2203      	movs	r2, #3
10001280:	4b25      	ldr	r3, [pc, #148]	@ (10001318 <runtime_init_clocks+0xb4>)
10001282:	601a      	str	r2, [r3, #0]
10001284:	4a22      	ldr	r2, [pc, #136]	@ (10001310 <runtime_init_clocks+0xac>)
10001286:	6b93      	ldr	r3, [r2, #56]	@ 0x38
10001288:	2b01      	cmp	r3, #1
1000128a:	d1fc      	bne.n	10001286 <runtime_init_clocks+0x22>
1000128c:	3301      	adds	r3, #1
1000128e:	9300      	str	r3, [sp, #0]
10001290:	2101      	movs	r1, #1
10001292:	4a22      	ldr	r2, [pc, #136]	@ (1000131c <runtime_init_clocks+0xb8>)
10001294:	4822      	ldr	r0, [pc, #136]	@ (10001320 <runtime_init_clocks+0xbc>)
10001296:	3304      	adds	r3, #4
10001298:	f7ff fe8c 	bl	10000fb4 <pll_init>
1000129c:	2305      	movs	r3, #5
1000129e:	2101      	movs	r1, #1
100012a0:	9300      	str	r3, [sp, #0]
100012a2:	4a20      	ldr	r2, [pc, #128]	@ (10001324 <runtime_init_clocks+0xc0>)
100012a4:	4820      	ldr	r0, [pc, #128]	@ (10001328 <runtime_init_clocks+0xc4>)
100012a6:	f7ff fe85 	bl	10000fb4 <pll_init>
100012aa:	2200      	movs	r2, #0
100012ac:	2102      	movs	r1, #2
100012ae:	2004      	movs	r0, #4
100012b0:	4b1e      	ldr	r3, [pc, #120]	@ (1000132c <runtime_init_clocks+0xc8>)
100012b2:	f7ff fe05 	bl	10000ec0 <clock_configure_undivided>
100012b6:	2200      	movs	r2, #0
100012b8:	2101      	movs	r1, #1
100012ba:	2005      	movs	r0, #5
100012bc:	4b1c      	ldr	r3, [pc, #112]	@ (10001330 <runtime_init_clocks+0xcc>)
100012be:	f7ff fdff 	bl	10000ec0 <clock_configure_undivided>
100012c2:	2200      	movs	r2, #0
100012c4:	2100      	movs	r1, #0
100012c6:	2007      	movs	r0, #7
100012c8:	4b1a      	ldr	r3, [pc, #104]	@ (10001334 <runtime_init_clocks+0xd0>)
100012ca:	f7ff fdf9 	bl	10000ec0 <clock_configure_undivided>
100012ce:	2200      	movs	r2, #0
100012d0:	2100      	movs	r1, #0
100012d2:	2008      	movs	r0, #8
100012d4:	4b17      	ldr	r3, [pc, #92]	@ (10001334 <runtime_init_clocks+0xd0>)
100012d6:	f7ff fdf3 	bl	10000ec0 <clock_configure_undivided>
100012da:	2380      	movs	r3, #128	@ 0x80
100012dc:	00db      	lsls	r3, r3, #3
100012de:	9300      	str	r3, [sp, #0]
100012e0:	2200      	movs	r2, #0
100012e2:	2100      	movs	r1, #0
100012e4:	2009      	movs	r0, #9
100012e6:	4b13      	ldr	r3, [pc, #76]	@ (10001334 <runtime_init_clocks+0xd0>)
100012e8:	f7ff fd70 	bl	10000dcc <clock_configure_int_divider>
100012ec:	2200      	movs	r2, #0
100012ee:	4b10      	ldr	r3, [pc, #64]	@ (10001330 <runtime_init_clocks+0xcc>)
100012f0:	2100      	movs	r1, #0
100012f2:	2006      	movs	r0, #6
100012f4:	f7ff fde4 	bl	10000ec0 <clock_configure_undivided>
100012f8:	2004      	movs	r0, #4
100012fa:	f7ff fe55 	bl	10000fa8 <clock_get_hz>
100012fe:	490e      	ldr	r1, [pc, #56]	@ (10001338 <runtime_init_clocks+0xd4>)
10001300:	f000 f84c 	bl	1000139c <__wrap___aeabi_uidiv>
10001304:	0001      	movs	r1, r0
10001306:	2000      	movs	r0, #0
10001308:	f7ff fea6 	bl	10001058 <tick_start>
1000130c:	b002      	add	sp, #8
1000130e:	bd10      	pop	{r4, pc}
10001310:	40008000 	.word	0x40008000
10001314:	4000b03c 	.word	0x4000b03c
10001318:	4000b030 	.word	0x4000b030
1000131c:	59682f00 	.word	0x59682f00
10001320:	40028000 	.word	0x40028000
10001324:	47868c00 	.word	0x47868c00
10001328:	4002c000 	.word	0x4002c000
1000132c:	00b71b00 	.word	0x00b71b00
10001330:	07735940 	.word	0x07735940
10001334:	02dc6c00 	.word	0x02dc6c00
10001338:	000f4240 	.word	0x000f4240

1000133c <__aeabi_bits_init>:
1000133c:	4801      	ldr	r0, [pc, #4]	@ (10001344 <__aeabi_bits_init+0x8>)
1000133e:	2104      	movs	r1, #4
10001340:	4b01      	ldr	r3, [pc, #4]	@ (10001348 <__aeabi_bits_init+0xc>)
10001342:	4718      	bx	r3
10001344:	200001c0 	.word	0x200001c0
10001348:	10001089 	.word	0x10001089

1000134c <__wrap___aeabi_idiv>:
1000134c:	4a12      	ldr	r2, [pc, #72]	@ (10001398 <divmod_s32s32_savestate+0x18>)
1000134e:	6f93      	ldr	r3, [r2, #120]	@ 0x78
10001350:	089b      	lsrs	r3, r3, #2
10001352:	d215      	bcs.n	10001380 <divmod_s32s32_savestate>

10001354 <divmod_s32s32_unsafe>:
10001354:	6690      	str	r0, [r2, #104]	@ 0x68
10001356:	66d1      	str	r1, [r2, #108]	@ 0x6c
10001358:	2900      	cmp	r1, #0
1000135a:	d005      	beq.n	10001368 <divmod_s32s32_unsafe+0x14>
1000135c:	e7ff      	b.n	1000135e <divmod_s32s32_unsafe+0xa>
1000135e:	e7ff      	b.n	10001360 <divmod_s32s32_unsafe+0xc>
10001360:	e7ff      	b.n	10001362 <divmod_s32s32_unsafe+0xe>
10001362:	6f51      	ldr	r1, [r2, #116]	@ 0x74
10001364:	6f10      	ldr	r0, [r2, #112]	@ 0x70
10001366:	4770      	bx	lr
10001368:	b504      	push	{r2, lr}
1000136a:	2180      	movs	r1, #128	@ 0x80
1000136c:	0609      	lsls	r1, r1, #24
1000136e:	17c2      	asrs	r2, r0, #31
10001370:	4051      	eors	r1, r2
10001372:	2800      	cmp	r0, #0
10001374:	d000      	beq.n	10001378 <divmod_s32s32_unsafe+0x24>
10001376:	43c8      	mvns	r0, r1
10001378:	f001 fa72 	bl	10002860 <____aeabi_idiv0_veneer>
1000137c:	2100      	movs	r1, #0
1000137e:	bd04      	pop	{r2, pc}

10001380 <divmod_s32s32_savestate>:
10001380:	b5f0      	push	{r4, r5, r6, r7, lr}
10001382:	6e14      	ldr	r4, [r2, #96]	@ 0x60
10001384:	6e55      	ldr	r5, [r2, #100]	@ 0x64
10001386:	6f57      	ldr	r7, [r2, #116]	@ 0x74
10001388:	6f16      	ldr	r6, [r2, #112]	@ 0x70
1000138a:	f7ff ffe3 	bl	10001354 <divmod_s32s32_unsafe>
1000138e:	6614      	str	r4, [r2, #96]	@ 0x60
10001390:	6655      	str	r5, [r2, #100]	@ 0x64
10001392:	6757      	str	r7, [r2, #116]	@ 0x74
10001394:	6716      	str	r6, [r2, #112]	@ 0x70
10001396:	bdf0      	pop	{r4, r5, r6, r7, pc}
10001398:	d0000000 	.word	0xd0000000

1000139c <__wrap___aeabi_uidiv>:
1000139c:	4a11      	ldr	r2, [pc, #68]	@ (100013e4 <divmod_u32u32_savestate+0x18>)
1000139e:	6f93      	ldr	r3, [r2, #120]	@ 0x78
100013a0:	089b      	lsrs	r3, r3, #2
100013a2:	d213      	bcs.n	100013cc <divmod_u32u32_savestate>

100013a4 <divmod_u32u32_unsafe>:
100013a4:	6610      	str	r0, [r2, #96]	@ 0x60
100013a6:	6651      	str	r1, [r2, #100]	@ 0x64
100013a8:	2900      	cmp	r1, #0
100013aa:	d005      	beq.n	100013b8 <divmod_u32u32_unsafe+0x14>
100013ac:	e7ff      	b.n	100013ae <divmod_u32u32_unsafe+0xa>
100013ae:	e7ff      	b.n	100013b0 <divmod_u32u32_unsafe+0xc>
100013b0:	e7ff      	b.n	100013b2 <divmod_u32u32_unsafe+0xe>
100013b2:	6f51      	ldr	r1, [r2, #116]	@ 0x74
100013b4:	6f10      	ldr	r0, [r2, #112]	@ 0x70
100013b6:	4770      	bx	lr
100013b8:	b504      	push	{r2, lr}
100013ba:	2800      	cmp	r0, #0
100013bc:	d001      	beq.n	100013c2 <divmod_u32u32_unsafe+0x1e>
100013be:	2000      	movs	r0, #0
100013c0:	43c0      	mvns	r0, r0
100013c2:	f001 fa4d 	bl	10002860 <____aeabi_idiv0_veneer>
100013c6:	2100      	movs	r1, #0
100013c8:	bd04      	pop	{r2, pc}
100013ca:	46c0      	nop			@ (mov r8, r8)

100013cc <divmod_u32u32_savestate>:
100013cc:	b5f0      	push	{r4, r5, r6, r7, lr}
100013ce:	6e14      	ldr	r4, [r2, #96]	@ 0x60
100013d0:	6e55      	ldr	r5, [r2, #100]	@ 0x64
100013d2:	6f57      	ldr	r7, [r2, #116]	@ 0x74
100013d4:	6f16      	ldr	r6, [r2, #112]	@ 0x70
100013d6:	f7ff ffe5 	bl	100013a4 <divmod_u32u32_unsafe>
100013da:	6614      	str	r4, [r2, #96]	@ 0x60
100013dc:	6655      	str	r5, [r2, #100]	@ 0x64
100013de:	6757      	str	r7, [r2, #116]	@ 0x74
100013e0:	6716      	str	r6, [r2, #112]	@ 0x70
100013e2:	bdf0      	pop	{r4, r5, r6, r7, pc}
100013e4:	d0000000 	.word	0xd0000000

100013e8 <push_r8_r11>:
100013e8:	4644      	mov	r4, r8
100013ea:	464d      	mov	r5, r9
100013ec:	4656      	mov	r6, sl
100013ee:	465f      	mov	r7, fp
100013f0:	b4f0      	push	{r4, r5, r6, r7}
100013f2:	4770      	bx	lr

100013f4 <pop_r8_r11>:
100013f4:	bcf0      	pop	{r4, r5, r6, r7}
100013f6:	46a0      	mov	r8, r4
100013f8:	46a9      	mov	r9, r5
100013fa:	46b2      	mov	sl, r6
100013fc:	46bb      	mov	fp, r7
100013fe:	4770      	bx	lr

10001400 <__wrap___aeabi_drsub>:
10001400:	4048      	eors	r0, r1
10001402:	4041      	eors	r1, r0
10001404:	4048      	eors	r0, r1

10001406 <__wrap___aeabi_dsub>:
10001406:	b418      	push	{r3, r4}
10001408:	4b1b      	ldr	r3, [pc, #108]	@ (10001478 <__wrap___aeabi_dmul+0x12>)
1000140a:	685b      	ldr	r3, [r3, #4]
1000140c:	46fc      	mov	ip, pc
1000140e:	9301      	str	r3, [sp, #4]
10001410:	bd08      	pop	{r3, pc}
10001412:	df04      	.short	0xdf04
10001414:	10001937 	.word	0x10001937

10001418 <__wrap___aeabi_dadd>:
10001418:	b418      	push	{r3, r4}
1000141a:	4b17      	ldr	r3, [pc, #92]	@ (10001478 <__wrap___aeabi_dmul+0x12>)
1000141c:	681b      	ldr	r3, [r3, #0]
1000141e:	46fc      	mov	ip, pc
10001420:	9301      	str	r3, [sp, #4]
10001422:	bd08      	pop	{r3, pc}
10001424:	1941df00 	.word	0x1941df00
10001428:	1000      	.short	0x1000

1000142a <__wrap___aeabi_ddiv>:
1000142a:	4694      	mov	ip, r2
1000142c:	4a13      	ldr	r2, [pc, #76]	@ (1000147c <__wrap___aeabi_dmul+0x16>)
1000142e:	6f92      	ldr	r2, [r2, #120]	@ 0x78
10001430:	0892      	lsrs	r2, r2, #2
10001432:	d209      	bcs.n	10001448 <ddiv_save_state>
10001434:	4662      	mov	r2, ip

10001436 <ddiv_shim_call>:
10001436:	b418      	push	{r3, r4}
10001438:	4b0f      	ldr	r3, [pc, #60]	@ (10001478 <__wrap___aeabi_dmul+0x12>)
1000143a:	68db      	ldr	r3, [r3, #12]
1000143c:	46fc      	mov	ip, pc
1000143e:	9301      	str	r3, [sp, #4]
10001440:	bd08      	pop	{r3, pc}
10001442:	df0c      	.short	0xdf0c
10001444:	10001bf9 	.word	0x10001bf9

10001448 <ddiv_save_state>:
10001448:	4a0c      	ldr	r2, [pc, #48]	@ (1000147c <__wrap___aeabi_dmul+0x16>)
1000144a:	b5f0      	push	{r4, r5, r6, r7, lr}
1000144c:	6e14      	ldr	r4, [r2, #96]	@ 0x60
1000144e:	6e55      	ldr	r5, [r2, #100]	@ 0x64
10001450:	6f57      	ldr	r7, [r2, #116]	@ 0x74
10001452:	6f16      	ldr	r6, [r2, #112]	@ 0x70
10001454:	4662      	mov	r2, ip
10001456:	f7ff ffee 	bl	10001436 <ddiv_shim_call>
1000145a:	4a08      	ldr	r2, [pc, #32]	@ (1000147c <__wrap___aeabi_dmul+0x16>)
1000145c:	6614      	str	r4, [r2, #96]	@ 0x60
1000145e:	6655      	str	r5, [r2, #100]	@ 0x64
10001460:	6757      	str	r7, [r2, #116]	@ 0x74
10001462:	6716      	str	r6, [r2, #112]	@ 0x70
10001464:	bdf0      	pop	{r4, r5, r6, r7, pc}

10001466 <__wrap___aeabi_dmul>:
10001466:	b418      	push	{r3, r4}
10001468:	4b03      	ldr	r3, [pc, #12]	@ (10001478 <__wrap___aeabi_dmul+0x12>)
1000146a:	689b      	ldr	r3, [r3, #8]
1000146c:	46fc      	mov	ip, pc
1000146e:	9301      	str	r3, [sp, #4]
10001470:	bd08      	pop	{r3, pc}
10001472:	df08      	.short	0xdf08
10001474:	10001a9d 	.word	0x10001a9d
10001478:	20000368 	.word	0x20000368
1000147c:	d0000000 	.word	0xd0000000

10001480 <__wrap___aeabi_cdrcmple>:
10001480:	b5ff      	push	{r0, r1, r2, r3, r4, r5, r6, r7, lr}
10001482:	4050      	eors	r0, r2
10001484:	4042      	eors	r2, r0
10001486:	4050      	eors	r0, r2
10001488:	4059      	eors	r1, r3
1000148a:	404b      	eors	r3, r1
1000148c:	4059      	eors	r1, r3
1000148e:	e000      	b.n	10001492 <__aeabi_dfcmple_guts>

10001490 <__wrap___aeabi_cdcmpeq>:
10001490:	b5ff      	push	{r0, r1, r2, r3, r4, r5, r6, r7, lr}

10001492 <__aeabi_dfcmple_guts>:
10001492:	4f15      	ldr	r7, [pc, #84]	@ (100014e8 <__aeabi_dfcmple_guts+0x56>)
10001494:	004c      	lsls	r4, r1, #1
10001496:	0d64      	lsrs	r4, r4, #21
10001498:	d003      	beq.n	100014a2 <__aeabi_dfcmple_guts+0x10>
1000149a:	42bc      	cmp	r4, r7
1000149c:	d104      	bne.n	100014a8 <__aeabi_dfcmple_guts+0x16>
1000149e:	030c      	lsls	r4, r1, #12
100014a0:	d814      	bhi.n	100014cc <__aeabi_dfcmple_guts+0x3a>
100014a2:	2000      	movs	r0, #0
100014a4:	0d09      	lsrs	r1, r1, #20
100014a6:	0509      	lsls	r1, r1, #20
100014a8:	005c      	lsls	r4, r3, #1
100014aa:	0d64      	lsrs	r4, r4, #21
100014ac:	d003      	beq.n	100014b6 <__aeabi_dfcmple_guts+0x24>
100014ae:	42bc      	cmp	r4, r7
100014b0:	d104      	bne.n	100014bc <__aeabi_dfcmple_guts+0x2a>
100014b2:	031c      	lsls	r4, r3, #12
100014b4:	d80a      	bhi.n	100014cc <__aeabi_dfcmple_guts+0x3a>
100014b6:	2200      	movs	r2, #0
100014b8:	0d1b      	lsrs	r3, r3, #20
100014ba:	051b      	lsls	r3, r3, #20
100014bc:	2601      	movs	r6, #1
100014be:	404b      	eors	r3, r1
100014c0:	d409      	bmi.n	100014d6 <__aeabi_dfcmple_guts+0x44>
100014c2:	404b      	eors	r3, r1
100014c4:	d503      	bpl.n	100014ce <__aeabi_dfcmple_guts+0x3c>
100014c6:	428b      	cmp	r3, r1
100014c8:	d100      	bne.n	100014cc <__aeabi_dfcmple_guts+0x3a>
100014ca:	4282      	cmp	r2, r0
100014cc:	bdff      	pop	{r0, r1, r2, r3, r4, r5, r6, r7, pc}
100014ce:	4299      	cmp	r1, r3
100014d0:	d1fc      	bne.n	100014cc <__aeabi_dfcmple_guts+0x3a>
100014d2:	4290      	cmp	r0, r2
100014d4:	bdff      	pop	{r0, r1, r2, r3, r4, r5, r6, r7, pc}
100014d6:	430b      	orrs	r3, r1
100014d8:	18db      	adds	r3, r3, r3
100014da:	4303      	orrs	r3, r0
100014dc:	4313      	orrs	r3, r2
100014de:	d0f5      	beq.n	100014cc <__aeabi_dfcmple_guts+0x3a>
100014e0:	43c9      	mvns	r1, r1
100014e2:	1849      	adds	r1, r1, r1
100014e4:	bdff      	pop	{r0, r1, r2, r3, r4, r5, r6, r7, pc}
100014e6:	0000      	.short	0x0000
100014e8:	000007ff 	.word	0x000007ff

100014ec <__wrap___aeabi_dcmpge>:
100014ec:	b500      	push	{lr}
100014ee:	f7ff ffc7 	bl	10001480 <__wrap___aeabi_cdrcmple>
100014f2:	d901      	bls.n	100014f8 <__wrap___aeabi_dcmpge+0xc>
100014f4:	2000      	movs	r0, #0
100014f6:	bd00      	pop	{pc}
100014f8:	2001      	movs	r0, #1
100014fa:	bd00      	pop	{pc}

100014fc <__wrap___aeabi_d2uiz>:
100014fc:	b418      	push	{r3, r4}
100014fe:	4b04      	ldr	r3, [pc, #16]	@ (10001510 <__wrap___aeabi_d2uiz+0x14>)
10001500:	6a5b      	ldr	r3, [r3, #36]	@ 0x24
10001502:	46fc      	mov	ip, pc
10001504:	9301      	str	r3, [sp, #4]
10001506:	bd08      	pop	{r3, pc}
10001508:	1e2ddf24 	.word	0x1e2ddf24
1000150c:	00001000 	.word	0x00001000
10001510:	20000368 	.word	0x20000368

10001514 <fix642double>:
10001514:	b418      	push	{r3, r4}
10001516:	4b04      	ldr	r3, [pc, #16]	@ (10001528 <fix642double+0x14>)
10001518:	6e1b      	ldr	r3, [r3, #96]	@ 0x60
1000151a:	46fc      	mov	ip, pc
1000151c:	9301      	str	r3, [sp, #4]
1000151e:	bd08      	pop	{r3, pc}
10001520:	1f3bdf60 	.word	0x1f3bdf60
10001524:	00001000 	.word	0x00001000
10001528:	20000368 	.word	0x20000368

1000152c <__wrap___aeabi_d2f>:
1000152c:	b418      	push	{r3, r4}
1000152e:	4b04      	ldr	r3, [pc, #16]	@ (10001540 <__wrap___aeabi_d2f+0x14>)
10001530:	6fdb      	ldr	r3, [r3, #124]	@ 0x7c
10001532:	46fc      	mov	ip, pc
10001534:	9301      	str	r3, [sp, #4]
10001536:	bd08      	pop	{r3, pc}
10001538:	1ec5df7c 	.word	0x1ec5df7c
1000153c:	00001000 	.word	0x00001000
10001540:	20000368 	.word	0x20000368

10001544 <sincostan_remainder>:
10001544:	4a02      	ldr	r2, [pc, #8]	@ (10001550 <sincostan_remainder+0xc>)
10001546:	4b03      	ldr	r3, [pc, #12]	@ (10001554 <sincostan_remainder+0x10>)
10001548:	b500      	push	{lr}
1000154a:	f000 f9d3 	bl	100018f4 <__wrap_remainder>
1000154e:	bd00      	pop	{pc}
10001550:	54442d18 	.word	0x54442d18
10001554:	401921fb 	.word	0x401921fb

10001558 <__wrap_cos>:
10001558:	008a      	lsls	r2, r1, #2
1000155a:	d302      	bcc.n	10001562 <__wrap_cos+0xa>
1000155c:	0d92      	lsrs	r2, r2, #22
1000155e:	2a09      	cmp	r2, #9
10001560:	da08      	bge.n	10001574 <__wrap_cos+0x1c>
10001562:	b418      	push	{r3, r4}
10001564:	4b06      	ldr	r3, [pc, #24]	@ (10001580 <__wrap_cos+0x28>)
10001566:	6bdb      	ldr	r3, [r3, #60]	@ 0x3c
10001568:	46fc      	mov	ip, pc
1000156a:	9301      	str	r3, [sp, #4]
1000156c:	bd08      	pop	{r3, pc}
1000156e:	df3c      	.short	0xdf3c
10001570:	1000206f 	.word	0x1000206f
10001574:	b500      	push	{lr}
10001576:	f7ff ffe5 	bl	10001544 <sincostan_remainder>
1000157a:	bc04      	pop	{r2}
1000157c:	4696      	mov	lr, r2
1000157e:	e7f0      	b.n	10001562 <__wrap_cos+0xa>
10001580:	20000368 	.word	0x20000368

10001584 <__wrap_sin>:
10001584:	008a      	lsls	r2, r1, #2
10001586:	d302      	bcc.n	1000158e <__wrap_sin+0xa>
10001588:	0d92      	lsrs	r2, r2, #22
1000158a:	2a09      	cmp	r2, #9
1000158c:	da08      	bge.n	100015a0 <__wrap_sin+0x1c>
1000158e:	b418      	push	{r3, r4}
10001590:	4b06      	ldr	r3, [pc, #24]	@ (100015ac <__wrap_sin+0x28>)
10001592:	6c1b      	ldr	r3, [r3, #64]	@ 0x40
10001594:	46fc      	mov	ip, pc
10001596:	9301      	str	r3, [sp, #4]
10001598:	bd08      	pop	{r3, pc}
1000159a:	df40      	.short	0xdf40
1000159c:	1000207f 	.word	0x1000207f
100015a0:	b500      	push	{lr}
100015a2:	f7ff ffcf 	bl	10001544 <sincostan_remainder>
100015a6:	bc04      	pop	{r2}
100015a8:	4696      	mov	lr, r2
100015aa:	e7f0      	b.n	1000158e <__wrap_sin+0xa>
100015ac:	20000368 	.word	0x20000368

100015b0 <__aeabi_double_init>:
100015b0:	2313      	movs	r3, #19
100015b2:	b570      	push	{r4, r5, r6, lr}
100015b4:	781d      	ldrb	r5, [r3, #0]
100015b6:	2d01      	cmp	r5, #1
100015b8:	d019      	beq.n	100015ee <__aeabi_double_init+0x3e>
100015ba:	dd14      	ble.n	100015e6 <__aeabi_double_init+0x36>
100015bc:	481f      	ldr	r0, [pc, #124]	@ (1000163c <__aeabi_double_init+0x8c>)
100015be:	f7ff fd5b 	bl	10001078 <rom_data_lookup>
100015c2:	0006      	movs	r6, r0
100015c4:	481e      	ldr	r0, [pc, #120]	@ (10001640 <__aeabi_double_init+0x90>)
100015c6:	f7ff fd57 	bl	10001078 <rom_data_lookup>
100015ca:	4c1e      	ldr	r4, [pc, #120]	@ (10001644 <__aeabi_double_init+0x94>)
100015cc:	2280      	movs	r2, #128	@ 0x80
100015ce:	0031      	movs	r1, r6
100015d0:	0020      	movs	r0, r4
100015d2:	f000 ff85 	bl	100024e0 <__wrap___aeabi_memcpy>
100015d6:	2d02      	cmp	r5, #2
100015d8:	d02d      	beq.n	10001636 <__aeabi_double_init+0x86>
100015da:	481b      	ldr	r0, [pc, #108]	@ (10001648 <__aeabi_double_init+0x98>)
100015dc:	f7ff fd44 	bl	10001068 <rom_func_lookup>
100015e0:	4b1a      	ldr	r3, [pc, #104]	@ (1000164c <__aeabi_double_init+0x9c>)
100015e2:	6018      	str	r0, [r3, #0]
100015e4:	bd70      	pop	{r4, r5, r6, pc}
100015e6:	4b1a      	ldr	r3, [pc, #104]	@ (10001650 <__aeabi_double_init+0xa0>)
100015e8:	4c16      	ldr	r4, [pc, #88]	@ (10001644 <__aeabi_double_init+0x94>)
100015ea:	64a3      	str	r3, [r4, #72]	@ 0x48
100015ec:	e7f5      	b.n	100015da <__aeabi_double_init+0x2a>
100015ee:	4b18      	ldr	r3, [pc, #96]	@ (10001650 <__aeabi_double_init+0xa0>)
100015f0:	4c14      	ldr	r4, [pc, #80]	@ (10001644 <__aeabi_double_init+0x94>)
100015f2:	6023      	str	r3, [r4, #0]
100015f4:	6063      	str	r3, [r4, #4]
100015f6:	60a3      	str	r3, [r4, #8]
100015f8:	60e3      	str	r3, [r4, #12]
100015fa:	6123      	str	r3, [r4, #16]
100015fc:	6163      	str	r3, [r4, #20]
100015fe:	61a3      	str	r3, [r4, #24]
10001600:	61e3      	str	r3, [r4, #28]
10001602:	6223      	str	r3, [r4, #32]
10001604:	6263      	str	r3, [r4, #36]	@ 0x24
10001606:	62a3      	str	r3, [r4, #40]	@ 0x28
10001608:	62e3      	str	r3, [r4, #44]	@ 0x2c
1000160a:	6323      	str	r3, [r4, #48]	@ 0x30
1000160c:	6363      	str	r3, [r4, #52]	@ 0x34
1000160e:	63a3      	str	r3, [r4, #56]	@ 0x38
10001610:	63e3      	str	r3, [r4, #60]	@ 0x3c
10001612:	6423      	str	r3, [r4, #64]	@ 0x40
10001614:	6463      	str	r3, [r4, #68]	@ 0x44
10001616:	64a3      	str	r3, [r4, #72]	@ 0x48
10001618:	64e3      	str	r3, [r4, #76]	@ 0x4c
1000161a:	6523      	str	r3, [r4, #80]	@ 0x50
1000161c:	6563      	str	r3, [r4, #84]	@ 0x54
1000161e:	65a3      	str	r3, [r4, #88]	@ 0x58
10001620:	65e3      	str	r3, [r4, #92]	@ 0x5c
10001622:	6623      	str	r3, [r4, #96]	@ 0x60
10001624:	6663      	str	r3, [r4, #100]	@ 0x64
10001626:	66a3      	str	r3, [r4, #104]	@ 0x68
10001628:	66e3      	str	r3, [r4, #108]	@ 0x6c
1000162a:	6723      	str	r3, [r4, #112]	@ 0x70
1000162c:	6763      	str	r3, [r4, #116]	@ 0x74
1000162e:	67a3      	str	r3, [r4, #120]	@ 0x78
10001630:	67e3      	str	r3, [r4, #124]	@ 0x7c
10001632:	64a3      	str	r3, [r4, #72]	@ 0x48
10001634:	e7d1      	b.n	100015da <__aeabi_double_init+0x2a>
10001636:	4b06      	ldr	r3, [pc, #24]	@ (10001650 <__aeabi_double_init+0xa0>)
10001638:	64a3      	str	r3, [r4, #72]	@ 0x48
1000163a:	e7ce      	b.n	100015da <__aeabi_double_init+0x2a>
1000163c:	00004453 	.word	0x00004453
10001640:	00004653 	.word	0x00004653
10001644:	20000368 	.word	0x20000368
10001648:	0000334c 	.word	0x0000334c
1000164c:	200005c8 	.word	0x200005c8
10001650:	10001905 	.word	0x10001905

10001654 <__wrap_remquo>:
10001654:	b5f0      	push	{r4, r5, r6, r7, lr}
10001656:	4645      	mov	r5, r8
10001658:	464e      	mov	r6, r9
1000165a:	46de      	mov	lr, fp
1000165c:	4657      	mov	r7, sl
1000165e:	001c      	movs	r4, r3
10001660:	0013      	movs	r3, r2
10001662:	b5e0      	push	{r5, r6, r7, lr}
10001664:	b089      	sub	sp, #36	@ 0x24
10001666:	9304      	str	r3, [sp, #16]
10001668:	9405      	str	r4, [sp, #20]
1000166a:	004d      	lsls	r5, r1, #1
1000166c:	9b12      	ldr	r3, [sp, #72]	@ 0x48
1000166e:	4690      	mov	r8, r2
10001670:	0064      	lsls	r4, r4, #1
10001672:	0d6a      	lsrs	r2, r5, #21
10001674:	4681      	mov	r9, r0
10001676:	4694      	mov	ip, r2
10001678:	0d64      	lsrs	r4, r4, #21
1000167a:	2b00      	cmp	r3, #0
1000167c:	d002      	beq.n	10001684 <__wrap_remquo+0x30>
1000167e:	001a      	movs	r2, r3
10001680:	2300      	movs	r3, #0
10001682:	6013      	str	r3, [r2, #0]
10001684:	4d98      	ldr	r5, [pc, #608]	@ (100018e8 <__wrap_remquo+0x294>)
10001686:	45ac      	cmp	ip, r5
10001688:	d06f      	beq.n	1000176a <__wrap_remquo+0x116>
1000168a:	2c00      	cmp	r4, #0
1000168c:	d06d      	beq.n	1000176a <__wrap_remquo+0x116>
1000168e:	4663      	mov	r3, ip
10001690:	2b00      	cmp	r3, #0
10001692:	d100      	bne.n	10001696 <__wrap_remquo+0x42>
10001694:	e074      	b.n	10001780 <__wrap_remquo+0x12c>
10001696:	0002      	movs	r2, r0
10001698:	000b      	movs	r3, r1
1000169a:	42ac      	cmp	r4, r5
1000169c:	d067      	beq.n	1000176e <__wrap_remquo+0x11a>
1000169e:	1e65      	subs	r5, r4, #1
100016a0:	4565      	cmp	r5, ip
100016a2:	dc64      	bgt.n	1000176e <__wrap_remquo+0x11a>
100016a4:	2280      	movs	r2, #128	@ 0x80
100016a6:	0fcb      	lsrs	r3, r1, #31
100016a8:	469b      	mov	fp, r3
100016aa:	030b      	lsls	r3, r1, #12
100016ac:	0352      	lsls	r2, r2, #13
100016ae:	0b1b      	lsrs	r3, r3, #12
100016b0:	4313      	orrs	r3, r2
100016b2:	001f      	movs	r7, r3
100016b4:	9b05      	ldr	r3, [sp, #20]
100016b6:	464e      	mov	r6, r9
100016b8:	031b      	lsls	r3, r3, #12
100016ba:	0b1b      	lsrs	r3, r3, #12
100016bc:	469a      	mov	sl, r3
100016be:	4643      	mov	r3, r8
100016c0:	9302      	str	r3, [sp, #8]
100016c2:	4653      	mov	r3, sl
100016c4:	431a      	orrs	r2, r3
100016c6:	9203      	str	r2, [sp, #12]
100016c8:	4565      	cmp	r5, ip
100016ca:	d05c      	beq.n	10001786 <__wrap_remquo+0x132>
100016cc:	4663      	mov	r3, ip
100016ce:	1b1d      	subs	r5, r3, r4
100016d0:	465b      	mov	r3, fp
100016d2:	2b00      	cmp	r3, #0
100016d4:	d100      	bne.n	100016d8 <__wrap_remquo+0x84>
100016d6:	e079      	b.n	100017cc <__wrap_remquo+0x178>
100016d8:	0032      	movs	r2, r6
100016da:	003b      	movs	r3, r7
100016dc:	2700      	movs	r7, #0
100016de:	4256      	negs	r6, r2
100016e0:	419f      	sbcs	r7, r3
100016e2:	2d00      	cmp	r5, #0
100016e4:	dc00      	bgt.n	100016e8 <__wrap_remquo+0x94>
100016e6:	e091      	b.n	1000180c <__wrap_remquo+0x1b8>
100016e8:	9b03      	ldr	r3, [sp, #12]
100016ea:	2001      	movs	r0, #1
100016ec:	1119      	asrs	r1, r3, #4
100016ee:	4240      	negs	r0, r0
100016f0:	f7ff fe54 	bl	1000139c <__wrap___aeabi_uidiv>
100016f4:	2300      	movs	r3, #0
100016f6:	469b      	mov	fp, r3
100016f8:	331d      	adds	r3, #29
100016fa:	4681      	mov	r9, r0
100016fc:	469a      	mov	sl, r3
100016fe:	46a8      	mov	r8, r5
10001700:	9407      	str	r4, [sp, #28]
10001702:	e019      	b.n	10001738 <__wrap_remquo+0xe4>
10001704:	0032      	movs	r2, r6
10001706:	409a      	lsls	r2, r3
10001708:	9201      	str	r2, [sp, #4]
1000170a:	0033      	movs	r3, r6
1000170c:	40ab      	lsls	r3, r5
1000170e:	0020      	movs	r0, r4
10001710:	9300      	str	r3, [sp, #0]
10001712:	17e1      	asrs	r1, r4, #31
10001714:	9a02      	ldr	r2, [sp, #8]
10001716:	9b03      	ldr	r3, [sp, #12]
10001718:	f000 fe32 	bl	10002380 <__wrap___aeabi_lmul>
1000171c:	9e00      	ldr	r6, [sp, #0]
1000171e:	9f01      	ldr	r7, [sp, #4]
10001720:	465b      	mov	r3, fp
10001722:	46a3      	mov	fp, r4
10001724:	40ab      	lsls	r3, r5
10001726:	449b      	add	fp, r3
10001728:	4643      	mov	r3, r8
1000172a:	1b5b      	subs	r3, r3, r5
1000172c:	1a36      	subs	r6, r6, r0
1000172e:	418f      	sbcs	r7, r1
10001730:	4698      	mov	r8, r3
10001732:	2b00      	cmp	r3, #0
10001734:	dc00      	bgt.n	10001738 <__wrap_remquo+0xe4>
10001736:	e09a      	b.n	1000186e <__wrap_remquo+0x21a>
10001738:	4645      	mov	r5, r8
1000173a:	2d0c      	cmp	r5, #12
1000173c:	dd00      	ble.n	10001740 <__wrap_remquo+0xec>
1000173e:	250c      	movs	r5, #12
10001740:	464b      	mov	r3, r9
10001742:	11bc      	asrs	r4, r7, #6
10001744:	435c      	muls	r4, r3
10001746:	4653      	mov	r3, sl
10001748:	1b5b      	subs	r3, r3, r5
1000174a:	411c      	asrs	r4, r3
1000174c:	002b      	movs	r3, r5
1000174e:	3401      	adds	r4, #1
10001750:	1064      	asrs	r4, r4, #1
10001752:	3b20      	subs	r3, #32
10001754:	d5d6      	bpl.n	10001704 <__wrap_remquo+0xb0>
10001756:	2320      	movs	r3, #32
10001758:	0032      	movs	r2, r6
1000175a:	1b5b      	subs	r3, r3, r5
1000175c:	40da      	lsrs	r2, r3
1000175e:	0013      	movs	r3, r2
10001760:	003a      	movs	r2, r7
10001762:	40aa      	lsls	r2, r5
10001764:	431a      	orrs	r2, r3
10001766:	9201      	str	r2, [sp, #4]
10001768:	e7cf      	b.n	1000170a <__wrap_remquo+0xb6>
1000176a:	2200      	movs	r2, #0
1000176c:	4b5f      	ldr	r3, [pc, #380]	@ (100018ec <__wrap_remquo+0x298>)
1000176e:	0010      	movs	r0, r2
10001770:	0019      	movs	r1, r3
10001772:	b009      	add	sp, #36	@ 0x24
10001774:	bcf0      	pop	{r4, r5, r6, r7}
10001776:	46bb      	mov	fp, r7
10001778:	46b2      	mov	sl, r6
1000177a:	46a9      	mov	r9, r5
1000177c:	46a0      	mov	r8, r4
1000177e:	bdf0      	pop	{r4, r5, r6, r7, pc}
10001780:	2200      	movs	r2, #0
10001782:	2300      	movs	r3, #0
10001784:	e7f3      	b.n	1000176e <__wrap_remquo+0x11a>
10001786:	4297      	cmp	r7, r2
10001788:	dd68      	ble.n	1000185c <__wrap_remquo+0x208>
1000178a:	9a02      	ldr	r2, [sp, #8]
1000178c:	9b03      	ldr	r3, [sp, #12]
1000178e:	4659      	mov	r1, fp
10001790:	1892      	adds	r2, r2, r2
10001792:	415b      	adcs	r3, r3
10001794:	2900      	cmp	r1, #0
10001796:	d000      	beq.n	1000179a <__wrap_remquo+0x146>
10001798:	e087      	b.n	100018aa <__wrap_remquo+0x256>
1000179a:	1ab6      	subs	r6, r6, r2
1000179c:	419f      	sbcs	r7, r3
1000179e:	2301      	movs	r3, #1
100017a0:	002c      	movs	r4, r5
100017a2:	469b      	mov	fp, r3
100017a4:	9b05      	ldr	r3, [sp, #20]
100017a6:	2b00      	cmp	r3, #0
100017a8:	da02      	bge.n	100017b0 <__wrap_remquo+0x15c>
100017aa:	465b      	mov	r3, fp
100017ac:	425b      	negs	r3, r3
100017ae:	469b      	mov	fp, r3
100017b0:	9b12      	ldr	r3, [sp, #72]	@ 0x48
100017b2:	2b00      	cmp	r3, #0
100017b4:	d001      	beq.n	100017ba <__wrap_remquo+0x166>
100017b6:	465a      	mov	r2, fp
100017b8:	601a      	str	r2, [r3, #0]
100017ba:	4a4d      	ldr	r2, [pc, #308]	@ (100018f0 <__wrap_remquo+0x29c>)
100017bc:	0030      	movs	r0, r6
100017be:	1b12      	subs	r2, r2, r4
100017c0:	0039      	movs	r1, r7
100017c2:	f7ff fea7 	bl	10001514 <fix642double>
100017c6:	0002      	movs	r2, r0
100017c8:	000b      	movs	r3, r1
100017ca:	e7d0      	b.n	1000176e <__wrap_remquo+0x11a>
100017cc:	2d00      	cmp	r5, #0
100017ce:	dd01      	ble.n	100017d4 <__wrap_remquo+0x180>
100017d0:	0013      	movs	r3, r2
100017d2:	e78a      	b.n	100016ea <__wrap_remquo+0x96>
100017d4:	9a02      	ldr	r2, [sp, #8]
100017d6:	9b03      	ldr	r3, [sp, #12]
100017d8:	42bb      	cmp	r3, r7
100017da:	dc37      	bgt.n	1000184c <__wrap_remquo+0x1f8>
100017dc:	d101      	bne.n	100017e2 <__wrap_remquo+0x18e>
100017de:	42b2      	cmp	r2, r6
100017e0:	d834      	bhi.n	1000184c <__wrap_remquo+0x1f8>
100017e2:	9802      	ldr	r0, [sp, #8]
100017e4:	9903      	ldr	r1, [sp, #12]
100017e6:	1a36      	subs	r6, r6, r0
100017e8:	418f      	sbcs	r7, r1
100017ea:	0032      	movs	r2, r6
100017ec:	003b      	movs	r3, r7
100017ee:	1992      	adds	r2, r2, r6
100017f0:	417b      	adcs	r3, r7
100017f2:	9200      	str	r2, [sp, #0]
100017f4:	9301      	str	r3, [sp, #4]
100017f6:	9b01      	ldr	r3, [sp, #4]
100017f8:	9a00      	ldr	r2, [sp, #0]
100017fa:	428b      	cmp	r3, r1
100017fc:	dc60      	bgt.n	100018c0 <__wrap_remquo+0x26c>
100017fe:	d05d      	beq.n	100018bc <__wrap_remquo+0x268>
10001800:	9902      	ldr	r1, [sp, #8]
10001802:	4291      	cmp	r1, r2
10001804:	d05f      	beq.n	100018c6 <__wrap_remquo+0x272>
10001806:	2301      	movs	r3, #1
10001808:	469b      	mov	fp, r3
1000180a:	e7cb      	b.n	100017a4 <__wrap_remquo+0x150>
1000180c:	2300      	movs	r3, #0
1000180e:	469b      	mov	fp, r3
10001810:	9a02      	ldr	r2, [sp, #8]
10001812:	9b03      	ldr	r3, [sp, #12]
10001814:	18b6      	adds	r6, r6, r2
10001816:	415f      	adcs	r7, r3
10001818:	2f00      	cmp	r7, #0
1000181a:	da58      	bge.n	100018ce <__wrap_remquo+0x27a>
1000181c:	18b6      	adds	r6, r6, r2
1000181e:	415f      	adcs	r7, r3
10001820:	2302      	movs	r3, #2
10001822:	425b      	negs	r3, r3
10001824:	469c      	mov	ip, r3
10001826:	44e3      	add	fp, ip
10001828:	0032      	movs	r2, r6
1000182a:	9802      	ldr	r0, [sp, #8]
1000182c:	9903      	ldr	r1, [sp, #12]
1000182e:	003b      	movs	r3, r7
10001830:	1992      	adds	r2, r2, r6
10001832:	417b      	adcs	r3, r7
10001834:	428b      	cmp	r3, r1
10001836:	dc09      	bgt.n	1000184c <__wrap_remquo+0x1f8>
10001838:	d034      	beq.n	100018a4 <__wrap_remquo+0x250>
1000183a:	9902      	ldr	r1, [sp, #8]
1000183c:	428a      	cmp	r2, r1
1000183e:	d1b1      	bne.n	100017a4 <__wrap_remquo+0x150>
10001840:	9a03      	ldr	r2, [sp, #12]
10001842:	4293      	cmp	r3, r2
10001844:	d1ae      	bne.n	100017a4 <__wrap_remquo+0x150>
10001846:	465b      	mov	r3, fp
10001848:	07db      	lsls	r3, r3, #31
1000184a:	d5ab      	bpl.n	100017a4 <__wrap_remquo+0x150>
1000184c:	9a02      	ldr	r2, [sp, #8]
1000184e:	9b03      	ldr	r3, [sp, #12]
10001850:	1ab6      	subs	r6, r6, r2
10001852:	419f      	sbcs	r7, r3
10001854:	2301      	movs	r3, #1
10001856:	469c      	mov	ip, r3
10001858:	44e3      	add	fp, ip
1000185a:	e7a3      	b.n	100017a4 <__wrap_remquo+0x150>
1000185c:	9b02      	ldr	r3, [sp, #8]
1000185e:	9c03      	ldr	r4, [sp, #12]
10001860:	42a7      	cmp	r7, r4
10001862:	d101      	bne.n	10001868 <__wrap_remquo+0x214>
10001864:	429e      	cmp	r6, r3
10001866:	d890      	bhi.n	1000178a <__wrap_remquo+0x136>
10001868:	0002      	movs	r2, r0
1000186a:	000b      	movs	r3, r1
1000186c:	e77f      	b.n	1000176e <__wrap_remquo+0x11a>
1000186e:	9c07      	ldr	r4, [sp, #28]
10001870:	9a02      	ldr	r2, [sp, #8]
10001872:	9b03      	ldr	r3, [sp, #12]
10001874:	42bb      	cmp	r3, r7
10001876:	dc12      	bgt.n	1000189e <__wrap_remquo+0x24a>
10001878:	d00e      	beq.n	10001898 <__wrap_remquo+0x244>
1000187a:	9a02      	ldr	r2, [sp, #8]
1000187c:	9b03      	ldr	r3, [sp, #12]
1000187e:	1ab6      	subs	r6, r6, r2
10001880:	419f      	sbcs	r7, r3
10001882:	42bb      	cmp	r3, r7
10001884:	dc2b      	bgt.n	100018de <__wrap_remquo+0x28a>
10001886:	d027      	beq.n	100018d8 <__wrap_remquo+0x284>
10001888:	9a02      	ldr	r2, [sp, #8]
1000188a:	9b03      	ldr	r3, [sp, #12]
1000188c:	1ab6      	subs	r6, r6, r2
1000188e:	419f      	sbcs	r7, r3
10001890:	2302      	movs	r3, #2
10001892:	469c      	mov	ip, r3
10001894:	44e3      	add	fp, ip
10001896:	e7c7      	b.n	10001828 <__wrap_remquo+0x1d4>
10001898:	9b02      	ldr	r3, [sp, #8]
1000189a:	42b3      	cmp	r3, r6
1000189c:	d9ed      	bls.n	1000187a <__wrap_remquo+0x226>
1000189e:	2f00      	cmp	r7, #0
100018a0:	dac2      	bge.n	10001828 <__wrap_remquo+0x1d4>
100018a2:	e7b5      	b.n	10001810 <__wrap_remquo+0x1bc>
100018a4:	4282      	cmp	r2, r0
100018a6:	d9c8      	bls.n	1000183a <__wrap_remquo+0x1e6>
100018a8:	e7d0      	b.n	1000184c <__wrap_remquo+0x1f8>
100018aa:	1b92      	subs	r2, r2, r6
100018ac:	41bb      	sbcs	r3, r7
100018ae:	001f      	movs	r7, r3
100018b0:	2301      	movs	r3, #1
100018b2:	425b      	negs	r3, r3
100018b4:	0016      	movs	r6, r2
100018b6:	002c      	movs	r4, r5
100018b8:	469b      	mov	fp, r3
100018ba:	e773      	b.n	100017a4 <__wrap_remquo+0x150>
100018bc:	4282      	cmp	r2, r0
100018be:	d99f      	bls.n	10001800 <__wrap_remquo+0x1ac>
100018c0:	2301      	movs	r3, #1
100018c2:	469b      	mov	fp, r3
100018c4:	e7c2      	b.n	1000184c <__wrap_remquo+0x1f8>
100018c6:	9a03      	ldr	r2, [sp, #12]
100018c8:	429a      	cmp	r2, r3
100018ca:	d19c      	bne.n	10001806 <__wrap_remquo+0x1b2>
100018cc:	e7f8      	b.n	100018c0 <__wrap_remquo+0x26c>
100018ce:	2301      	movs	r3, #1
100018d0:	425b      	negs	r3, r3
100018d2:	469c      	mov	ip, r3
100018d4:	44e3      	add	fp, ip
100018d6:	e7a7      	b.n	10001828 <__wrap_remquo+0x1d4>
100018d8:	9b02      	ldr	r3, [sp, #8]
100018da:	42b3      	cmp	r3, r6
100018dc:	d9d4      	bls.n	10001888 <__wrap_remquo+0x234>
100018de:	2301      	movs	r3, #1
100018e0:	469c      	mov	ip, r3
100018e2:	44e3      	add	fp, ip
100018e4:	e7a0      	b.n	10001828 <__wrap_remquo+0x1d4>
100018e6:	46c0      	nop			@ (mov r8, r8)
100018e8:	000007ff 	.word	0x000007ff
100018ec:	7ff00000 	.word	0x7ff00000
100018f0:	00000433 	.word	0x00000433

100018f4 <__wrap_remainder>:
100018f4:	b510      	push	{r4, lr}
100018f6:	2400      	movs	r4, #0
100018f8:	b082      	sub	sp, #8
100018fa:	9400      	str	r4, [sp, #0]
100018fc:	f7ff feaa 	bl	10001654 <__wrap_remquo>
10001900:	b002      	add	sp, #8
10001902:	bd10      	pop	{r4, pc}

10001904 <double_table_shim_on_use_helper>:
10001904:	b507      	push	{r0, r1, r2, lr}
10001906:	4660      	mov	r0, ip
10001908:	8801      	ldrh	r1, [r0, #0]
1000190a:	0a0a      	lsrs	r2, r1, #8
1000190c:	3002      	adds	r0, #2
1000190e:	2adf      	cmp	r2, #223	@ 0xdf
10001910:	d1fa      	bne.n	10001908 <double_table_shim_on_use_helper+0x4>
10001912:	b2c9      	uxtb	r1, r1
10001914:	0882      	lsrs	r2, r0, #2
10001916:	d304      	bcc.n	10001922 <double_table_shim_on_use_helper+0x1e>
10001918:	8802      	ldrh	r2, [r0, #0]
1000191a:	8840      	ldrh	r0, [r0, #2]
1000191c:	0400      	lsls	r0, r0, #16
1000191e:	4310      	orrs	r0, r2
10001920:	e000      	b.n	10001924 <double_table_shim_on_use_helper+0x20>
10001922:	6800      	ldr	r0, [r0, #0]
10001924:	4a01      	ldr	r2, [pc, #4]	@ (1000192c <double_table_shim_on_use_helper+0x28>)
10001926:	5050      	str	r0, [r2, r1]
10001928:	9003      	str	r0, [sp, #12]
1000192a:	bd07      	pop	{r0, r1, r2, pc}
1000192c:	20000368 	.word	0x20000368

10001930 <drsub_shim>:
10001930:	b40f      	push	{r0, r1, r2, r3}
10001932:	bc03      	pop	{r0, r1}
10001934:	bc0c      	pop	{r2, r3}

10001936 <dsub_shim>:
10001936:	b5f0      	push	{r4, r5, r6, r7, lr}
10001938:	2401      	movs	r4, #1
1000193a:	07e4      	lsls	r4, r4, #31
1000193c:	4063      	eors	r3, r4
1000193e:	e000      	b.n	10001942 <da_entry>

10001940 <dadd_shim>:
10001940:	b5f0      	push	{r4, r5, r6, r7, lr}

10001942 <da_entry>:
10001942:	0d0c      	lsrs	r4, r1, #20
10001944:	0fcf      	lsrs	r7, r1, #31
10001946:	1e66      	subs	r6, r4, #1
10001948:	0536      	lsls	r6, r6, #20
1000194a:	1b89      	subs	r1, r1, r6
1000194c:	0564      	lsls	r4, r4, #21
1000194e:	d303      	bcc.n	10001958 <l8_1>
10001950:	43c9      	mvns	r1, r1
10001952:	4240      	negs	r0, r0
10001954:	d300      	bcc.n	10001958 <l8_1>
10001956:	3101      	adds	r1, #1

10001958 <l8_1>:
10001958:	0d64      	lsrs	r4, r4, #21
1000195a:	d003      	beq.n	10001964 <l8_2>
1000195c:	1c66      	adds	r6, r4, #1
1000195e:	0af6      	lsrs	r6, r6, #11
10001960:	d007      	beq.n	10001972 <l8_3>
10001962:	1be4      	subs	r4, r4, r7

10001964 <l8_2>:
10001964:	2000      	movs	r0, #0
10001966:	007f      	lsls	r7, r7, #1
10001968:	1c79      	adds	r1, r7, #1
1000196a:	0789      	lsls	r1, r1, #30
1000196c:	1289      	asrs	r1, r1, #10
1000196e:	3c80      	subs	r4, #128	@ 0x80
10001970:	0324      	lsls	r4, r4, #12

10001972 <l8_3>:
10001972:	0d1d      	lsrs	r5, r3, #20
10001974:	0fdf      	lsrs	r7, r3, #31
10001976:	1e6e      	subs	r6, r5, #1
10001978:	0536      	lsls	r6, r6, #20
1000197a:	1b9b      	subs	r3, r3, r6
1000197c:	056d      	lsls	r5, r5, #21
1000197e:	d303      	bcc.n	10001988 <l9_1>
10001980:	43db      	mvns	r3, r3
10001982:	4252      	negs	r2, r2
10001984:	d300      	bcc.n	10001988 <l9_1>
10001986:	3301      	adds	r3, #1

10001988 <l9_1>:
10001988:	0d6d      	lsrs	r5, r5, #21
1000198a:	d003      	beq.n	10001994 <l9_2>
1000198c:	1c6e      	adds	r6, r5, #1
1000198e:	0af6      	lsrs	r6, r6, #11
10001990:	d007      	beq.n	100019a2 <l9_3>
10001992:	1bed      	subs	r5, r5, r7

10001994 <l9_2>:
10001994:	2200      	movs	r2, #0
10001996:	007f      	lsls	r7, r7, #1
10001998:	1c7b      	adds	r3, r7, #1
1000199a:	079b      	lsls	r3, r3, #30
1000199c:	129b      	asrs	r3, r3, #10
1000199e:	3d80      	subs	r5, #128	@ 0x80
100019a0:	032d      	lsls	r5, r5, #12

100019a2 <l9_3>:
100019a2:	1b2f      	subs	r7, r5, r4
100019a4:	1b66      	subs	r6, r4, r5
100019a6:	d458      	bmi.n	10001a5a <da_ygtx>
100019a8:	46a4      	mov	ip, r4
100019aa:	2e20      	cmp	r6, #32
100019ac:	da46      	bge.n	10001a3c <da_xrgty>
100019ae:	3720      	adds	r7, #32
100019b0:	0014      	movs	r4, r2
100019b2:	40bc      	lsls	r4, r7

100019b4 <da_xgty0>:
100019b4:	001d      	movs	r5, r3
100019b6:	40bd      	lsls	r5, r7
100019b8:	40f2      	lsrs	r2, r6
100019ba:	4133      	asrs	r3, r6
100019bc:	432a      	orrs	r2, r5

100019be <da_add>:
100019be:	1880      	adds	r0, r0, r2
100019c0:	4159      	adcs	r1, r3

100019c2 <da_pack>:
100019c2:	0fcb      	lsrs	r3, r1, #31
100019c4:	d005      	beq.n	100019d2 <da_pack+0x10>
100019c6:	43c9      	mvns	r1, r1
100019c8:	43c0      	mvns	r0, r0
100019ca:	2200      	movs	r2, #0
100019cc:	4264      	negs	r4, r4
100019ce:	4150      	adcs	r0, r2
100019d0:	4151      	adcs	r1, r2
100019d2:	4662      	mov	r2, ip
100019d4:	0d4d      	lsrs	r5, r1, #21
100019d6:	d128      	bne.n	10001a2a <da_0>
100019d8:	0d0d      	lsrs	r5, r1, #20
100019da:	d107      	bne.n	100019ec <da_1>
100019dc:	2800      	cmp	r0, #0
100019de:	d01f      	beq.n	10001a20 <da_5>

100019e0 <da_2>:
100019e0:	1924      	adds	r4, r4, r4
100019e2:	4140      	adcs	r0, r0
100019e4:	4149      	adcs	r1, r1
100019e6:	3a01      	subs	r2, #1
100019e8:	0d0d      	lsrs	r5, r1, #20
100019ea:	d0f9      	beq.n	100019e0 <da_2>

100019ec <da_1>:
100019ec:	0064      	lsls	r4, r4, #1
100019ee:	d306      	bcc.n	100019fe <da_3>

100019f0 <da_4>:
100019f0:	3001      	adds	r0, #1
100019f2:	d300      	bcc.n	100019f6 <da_4+0x6>
100019f4:	3101      	adds	r1, #1
100019f6:	2c00      	cmp	r4, #0
100019f8:	d101      	bne.n	100019fe <da_3>
100019fa:	0840      	lsrs	r0, r0, #1
100019fc:	0040      	lsls	r0, r0, #1

100019fe <da_3>:
100019fe:	3a01      	subs	r2, #1
10001a00:	d40b      	bmi.n	10001a1a <da_6>
10001a02:	1c94      	adds	r4, r2, #2
10001a04:	0ae4      	lsrs	r4, r4, #11
10001a06:	d104      	bne.n	10001a12 <da_7>
10001a08:	0512      	lsls	r2, r2, #20
10001a0a:	4411      	add	r1, r2
10001a0c:	07db      	lsls	r3, r3, #31
10001a0e:	4419      	add	r1, r3
10001a10:	bdf0      	pop	{r4, r5, r6, r7, pc}

10001a12 <da_7>:
10001a12:	07d9      	lsls	r1, r3, #31
10001a14:	4b20      	ldr	r3, [pc, #128]	@ (10001a98 <da_xmgty+0x4>)
10001a16:	4319      	orrs	r1, r3
10001a18:	e000      	b.n	10001a1c <da_6+0x2>

10001a1a <da_6>:
10001a1a:	07d9      	lsls	r1, r3, #31
10001a1c:	2000      	movs	r0, #0
10001a1e:	bdf0      	pop	{r4, r5, r6, r7, pc}

10001a20 <da_5>:
10001a20:	2900      	cmp	r1, #0
10001a22:	d1dd      	bne.n	100019e0 <da_2>
10001a24:	2c00      	cmp	r4, #0
10001a26:	d1db      	bne.n	100019e0 <da_2>
10001a28:	bdf0      	pop	{r4, r5, r6, r7, pc}

10001a2a <da_0>:
10001a2a:	3201      	adds	r2, #1
10001a2c:	07c6      	lsls	r6, r0, #31
10001a2e:	0840      	lsrs	r0, r0, #1
10001a30:	07cd      	lsls	r5, r1, #31
10001a32:	4328      	orrs	r0, r5
10001a34:	0849      	lsrs	r1, r1, #1
10001a36:	2e00      	cmp	r6, #0
10001a38:	d0e1      	beq.n	100019fe <da_3>
10001a3a:	e7d9      	b.n	100019f0 <da_4>

10001a3c <da_xrgty>:
10001a3c:	2e3c      	cmp	r6, #60	@ 0x3c
10001a3e:	da29      	bge.n	10001a94 <da_xmgty>
10001a40:	3e20      	subs	r6, #32
10001a42:	3740      	adds	r7, #64	@ 0x40
10001a44:	0014      	movs	r4, r2
10001a46:	40bc      	lsls	r4, r7
10001a48:	d000      	beq.n	10001a4c <da_xrgty+0x10>
10001a4a:	2401      	movs	r4, #1
10001a4c:	40f2      	lsrs	r2, r6
10001a4e:	4314      	orrs	r4, r2
10001a50:	001a      	movs	r2, r3
10001a52:	40bb      	lsls	r3, r7
10001a54:	431c      	orrs	r4, r3
10001a56:	17d3      	asrs	r3, r2, #31
10001a58:	e7ac      	b.n	100019b4 <da_xgty0>

10001a5a <da_ygtx>:
10001a5a:	46ac      	mov	ip, r5
10001a5c:	2f20      	cmp	r7, #32
10001a5e:	da08      	bge.n	10001a72 <da_yrgtx>
10001a60:	3620      	adds	r6, #32
10001a62:	0004      	movs	r4, r0
10001a64:	40b4      	lsls	r4, r6

10001a66 <da_ygtx0>:
10001a66:	000d      	movs	r5, r1
10001a68:	40b5      	lsls	r5, r6
10001a6a:	40f8      	lsrs	r0, r7
10001a6c:	4139      	asrs	r1, r7
10001a6e:	4328      	orrs	r0, r5
10001a70:	e7a5      	b.n	100019be <da_add>

10001a72 <da_yrgtx>:
10001a72:	2f3c      	cmp	r7, #60	@ 0x3c
10001a74:	da0c      	bge.n	10001a90 <da_ymgtx>
10001a76:	3f20      	subs	r7, #32
10001a78:	3640      	adds	r6, #64	@ 0x40
10001a7a:	0004      	movs	r4, r0
10001a7c:	40b4      	lsls	r4, r6
10001a7e:	d000      	beq.n	10001a82 <da_yrgtx+0x10>
10001a80:	2401      	movs	r4, #1
10001a82:	40f8      	lsrs	r0, r7
10001a84:	4304      	orrs	r4, r0
10001a86:	0008      	movs	r0, r1
10001a88:	40b1      	lsls	r1, r6
10001a8a:	430c      	orrs	r4, r1
10001a8c:	17c1      	asrs	r1, r0, #31
10001a8e:	e7ea      	b.n	10001a66 <da_ygtx0>

10001a90 <da_ymgtx>:
10001a90:	0010      	movs	r0, r2
10001a92:	0019      	movs	r1, r3

10001a94 <da_xmgty>:
10001a94:	2400      	movs	r4, #0
10001a96:	e794      	b.n	100019c2 <da_pack>
10001a98:	7ff00000 	.word	0x7ff00000

10001a9c <dmul_shim>:
10001a9c:	b5f0      	push	{r4, r5, r6, r7, lr}
10001a9e:	0d0c      	lsrs	r4, r1, #20
10001aa0:	1e66      	subs	r6, r4, #1
10001aa2:	0536      	lsls	r6, r6, #20
10001aa4:	1b89      	subs	r1, r1, r6
10001aa6:	0ae6      	lsrs	r6, r4, #11
10001aa8:	0564      	lsls	r4, r4, #21
10001aaa:	0d64      	lsrs	r4, r4, #21
10001aac:	d002      	beq.n	10001ab4 <l12_1>
10001aae:	1c65      	adds	r5, r4, #1
10001ab0:	0aed      	lsrs	r5, r5, #11
10001ab2:	d004      	beq.n	10001abe <l12_2>

10001ab4 <l12_1>:
10001ab4:	2000      	movs	r0, #0
10001ab6:	2101      	movs	r1, #1
10001ab8:	0509      	lsls	r1, r1, #20
10001aba:	3c80      	subs	r4, #128	@ 0x80
10001abc:	0324      	lsls	r4, r4, #12

10001abe <l12_2>:
10001abe:	46a4      	mov	ip, r4
10001ac0:	0d1c      	lsrs	r4, r3, #20
10001ac2:	1e67      	subs	r7, r4, #1
10001ac4:	053f      	lsls	r7, r7, #20
10001ac6:	1bdb      	subs	r3, r3, r7
10001ac8:	0ae7      	lsrs	r7, r4, #11
10001aca:	0564      	lsls	r4, r4, #21
10001acc:	0d64      	lsrs	r4, r4, #21
10001ace:	d002      	beq.n	10001ad6 <l13_1>
10001ad0:	1c65      	adds	r5, r4, #1
10001ad2:	0aed      	lsrs	r5, r5, #11
10001ad4:	d004      	beq.n	10001ae0 <l13_2>

10001ad6 <l13_1>:
10001ad6:	2200      	movs	r2, #0
10001ad8:	2301      	movs	r3, #1
10001ada:	051b      	lsls	r3, r3, #20
10001adc:	3c80      	subs	r4, #128	@ 0x80
10001ade:	0324      	lsls	r4, r4, #12

10001ae0 <l13_2>:
10001ae0:	4077      	eors	r7, r6
10001ae2:	4464      	add	r4, ip
10001ae4:	b497      	push	{r0, r1, r2, r4, r7}
10001ae6:	b284      	uxth	r4, r0
10001ae8:	b296      	uxth	r6, r2
10001aea:	4374      	muls	r4, r6
10001aec:	0c07      	lsrs	r7, r0, #16
10001aee:	437e      	muls	r6, r7
10001af0:	0c15      	lsrs	r5, r2, #16
10001af2:	436f      	muls	r7, r5
10001af4:	b280      	uxth	r0, r0
10001af6:	4368      	muls	r0, r5
10001af8:	1836      	adds	r6, r6, r0
10001afa:	d302      	bcc.n	10001b02 <l14_1>
10001afc:	2001      	movs	r0, #1
10001afe:	0400      	lsls	r0, r0, #16
10001b00:	183f      	adds	r7, r7, r0

10001b02 <l14_1>:
10001b02:	0430      	lsls	r0, r6, #16
10001b04:	0c35      	lsrs	r5, r6, #16
10001b06:	1900      	adds	r0, r0, r4
10001b08:	417d      	adcs	r5, r7
10001b0a:	4684      	mov	ip, r0
10001b0c:	b288      	uxth	r0, r1
10001b0e:	b29a      	uxth	r2, r3
10001b10:	4350      	muls	r0, r2
10001b12:	0c0c      	lsrs	r4, r1, #16
10001b14:	4362      	muls	r2, r4
10001b16:	0c1f      	lsrs	r7, r3, #16
10001b18:	437c      	muls	r4, r7
10001b1a:	b28e      	uxth	r6, r1
10001b1c:	437e      	muls	r6, r7
10001b1e:	1992      	adds	r2, r2, r6
10001b20:	d302      	bcc.n	10001b28 <l15_1>
10001b22:	2601      	movs	r6, #1
10001b24:	0436      	lsls	r6, r6, #16
10001b26:	19a4      	adds	r4, r4, r6

10001b28 <l15_1>:
10001b28:	0416      	lsls	r6, r2, #16
10001b2a:	0c17      	lsrs	r7, r2, #16
10001b2c:	1836      	adds	r6, r6, r0
10001b2e:	4167      	adcs	r7, r4
10001b30:	bc01      	pop	{r0}
10001b32:	b281      	uxth	r1, r0
10001b34:	b29a      	uxth	r2, r3
10001b36:	4351      	muls	r1, r2
10001b38:	0c04      	lsrs	r4, r0, #16
10001b3a:	4362      	muls	r2, r4
10001b3c:	0c1b      	lsrs	r3, r3, #16
10001b3e:	435c      	muls	r4, r3
10001b40:	b280      	uxth	r0, r0
10001b42:	4358      	muls	r0, r3
10001b44:	1812      	adds	r2, r2, r0
10001b46:	d302      	bcc.n	10001b4e <l16_1>
10001b48:	2001      	movs	r0, #1
10001b4a:	0400      	lsls	r0, r0, #16
10001b4c:	1824      	adds	r4, r4, r0

10001b4e <l16_1>:
10001b4e:	0410      	lsls	r0, r2, #16
10001b50:	0c13      	lsrs	r3, r2, #16
10001b52:	1840      	adds	r0, r0, r1
10001b54:	4163      	adcs	r3, r4
10001b56:	182d      	adds	r5, r5, r0
10001b58:	415e      	adcs	r6, r3
10001b5a:	2000      	movs	r0, #0
10001b5c:	4147      	adcs	r7, r0
10001b5e:	bc06      	pop	{r1, r2}
10001b60:	b288      	uxth	r0, r1
10001b62:	b293      	uxth	r3, r2
10001b64:	4358      	muls	r0, r3
10001b66:	0c0c      	lsrs	r4, r1, #16
10001b68:	4363      	muls	r3, r4
10001b6a:	0c12      	lsrs	r2, r2, #16
10001b6c:	4354      	muls	r4, r2
10001b6e:	b289      	uxth	r1, r1
10001b70:	4351      	muls	r1, r2
10001b72:	185b      	adds	r3, r3, r1
10001b74:	d302      	bcc.n	10001b7c <l17_1>
10001b76:	2101      	movs	r1, #1
10001b78:	0409      	lsls	r1, r1, #16
10001b7a:	1864      	adds	r4, r4, r1

10001b7c <l17_1>:
10001b7c:	0419      	lsls	r1, r3, #16
10001b7e:	0c1a      	lsrs	r2, r3, #16
10001b80:	1809      	adds	r1, r1, r0
10001b82:	4162      	adcs	r2, r4
10001b84:	186d      	adds	r5, r5, r1
10001b86:	4156      	adcs	r6, r2
10001b88:	2000      	movs	r0, #0
10001b8a:	4147      	adcs	r7, r0
10001b8c:	bc18      	pop	{r3, r4}
10001b8e:	02f9      	lsls	r1, r7, #11
10001b90:	0d72      	lsrs	r2, r6, #21
10001b92:	4311      	orrs	r1, r2
10001b94:	02f0      	lsls	r0, r6, #11
10001b96:	0d6a      	lsrs	r2, r5, #21
10001b98:	4310      	orrs	r0, r2
10001b9a:	02ed      	lsls	r5, r5, #11
10001b9c:	0d0a      	lsrs	r2, r1, #20
10001b9e:	d103      	bne.n	10001ba8 <l17_1+0x2c>
10001ba0:	196d      	adds	r5, r5, r5
10001ba2:	4140      	adcs	r0, r0
10001ba4:	4149      	adcs	r1, r1
10001ba6:	3b01      	subs	r3, #1
10001ba8:	4e12      	ldr	r6, [pc, #72]	@ (10001bf4 <dm_1+0xa>)
10001baa:	1b9b      	subs	r3, r3, r6
10001bac:	0076      	lsls	r6, r6, #1
10001bae:	42b3      	cmp	r3, r6
10001bb0:	d20e      	bcs.n	10001bd0 <dm_0>
10001bb2:	006d      	lsls	r5, r5, #1
10001bb4:	d307      	bcc.n	10001bc6 <l17_1+0x4a>
10001bb6:	3001      	adds	r0, #1
10001bb8:	2600      	movs	r6, #0
10001bba:	4171      	adcs	r1, r6
10001bbc:	4666      	mov	r6, ip
10001bbe:	4335      	orrs	r5, r6
10001bc0:	d101      	bne.n	10001bc6 <l17_1+0x4a>
10001bc2:	0840      	lsrs	r0, r0, #1
10001bc4:	0040      	lsls	r0, r0, #1
10001bc6:	051b      	lsls	r3, r3, #20
10001bc8:	18c9      	adds	r1, r1, r3

10001bca <dm_2>:
10001bca:	07e4      	lsls	r4, r4, #31
10001bcc:	4421      	add	r1, r4
10001bce:	bdf0      	pop	{r4, r5, r6, r7, pc}

10001bd0 <dm_0>:
10001bd0:	da0b      	bge.n	10001bea <dm_1>
10001bd2:	3301      	adds	r3, #1
10001bd4:	d106      	bne.n	10001be4 <dm_0+0x14>
10001bd6:	3001      	adds	r0, #1
10001bd8:	d104      	bne.n	10001be4 <dm_0+0x14>
10001bda:	3101      	adds	r1, #1
10001bdc:	0d4f      	lsrs	r7, r1, #21
10001bde:	d001      	beq.n	10001be4 <dm_0+0x14>
10001be0:	0849      	lsrs	r1, r1, #1
10001be2:	e7f2      	b.n	10001bca <dm_2>
10001be4:	07e1      	lsls	r1, r4, #31
10001be6:	2000      	movs	r0, #0
10001be8:	bdf0      	pop	{r4, r5, r6, r7, pc}

10001bea <dm_1>:
10001bea:	3601      	adds	r6, #1
10001bec:	0531      	lsls	r1, r6, #20
10001bee:	2000      	movs	r0, #0
10001bf0:	e7eb      	b.n	10001bca <dm_2>
10001bf2:	0000      	.short	0x0000
10001bf4:	000003ff 	.word	0x000003ff

10001bf8 <ddiv_shim>:
10001bf8:	b5f0      	push	{r4, r5, r6, r7, lr}

10001bfa <ddiv0>:
10001bfa:	0d1c      	lsrs	r4, r3, #20
10001bfc:	1e67      	subs	r7, r4, #1
10001bfe:	053f      	lsls	r7, r7, #20
10001c00:	1bdb      	subs	r3, r3, r7
10001c02:	0ae7      	lsrs	r7, r4, #11
10001c04:	0564      	lsls	r4, r4, #21
10001c06:	0d64      	lsrs	r4, r4, #21
10001c08:	d002      	beq.n	10001c10 <l20_1>
10001c0a:	1c66      	adds	r6, r4, #1
10001c0c:	0af6      	lsrs	r6, r6, #11
10001c0e:	d004      	beq.n	10001c1a <l20_2>

10001c10 <l20_1>:
10001c10:	2200      	movs	r2, #0
10001c12:	2301      	movs	r3, #1
10001c14:	051b      	lsls	r3, r3, #20
10001c16:	3c80      	subs	r4, #128	@ 0x80
10001c18:	0324      	lsls	r4, r4, #12

10001c1a <l20_2>:
10001c1a:	25d0      	movs	r5, #208	@ 0xd0
10001c1c:	062d      	lsls	r5, r5, #24
10001c1e:	2600      	movs	r6, #0
10001c20:	43f6      	mvns	r6, r6
10001c22:	662e      	str	r6, [r5, #96]	@ 0x60
10001c24:	091e      	lsrs	r6, r3, #4
10001c26:	666e      	str	r6, [r5, #100]	@ 0x64
10001c28:	0fce      	lsrs	r6, r1, #31
10001c2a:	19f6      	adds	r6, r6, r7
10001c2c:	46b4      	mov	ip, r6
10001c2e:	0049      	lsls	r1, r1, #1
10001c30:	0d4f      	lsrs	r7, r1, #21
10001c32:	d002      	beq.n	10001c3a <l20_2+0x20>
10001c34:	1c7e      	adds	r6, r7, #1
10001c36:	0af6      	lsrs	r6, r6, #11
10001c38:	d003      	beq.n	10001c42 <l20_2+0x28>
10001c3a:	2000      	movs	r0, #0
10001c3c:	2100      	movs	r1, #0
10001c3e:	3f40      	subs	r7, #64	@ 0x40
10001c40:	033f      	lsls	r7, r7, #12
10001c42:	1b3e      	subs	r6, r7, r4
10001c44:	00b6      	lsls	r6, r6, #2
10001c46:	44b4      	add	ip, r6
10001c48:	3f01      	subs	r7, #1
10001c4a:	057f      	lsls	r7, r7, #21
10001c4c:	1bc9      	subs	r1, r1, r7
10001c4e:	0849      	lsrs	r1, r1, #1
10001c50:	6f2e      	ldr	r6, [r5, #112]	@ 0x70
10001c52:	3601      	adds	r6, #1
10001c54:	0876      	lsrs	r6, r6, #1
10001c56:	029c      	lsls	r4, r3, #10
10001c58:	0d95      	lsrs	r5, r2, #22
10001c5a:	4325      	orrs	r5, r4
10001c5c:	4375      	muls	r5, r6
10001c5e:	13ed      	asrs	r5, r5, #15
10001c60:	4375      	muls	r5, r6
10001c62:	13ad      	asrs	r5, r5, #14
10001c64:	3501      	adds	r5, #1
10001c66:	106d      	asrs	r5, r5, #1
10001c68:	03f6      	lsls	r6, r6, #15
10001c6a:	1b76      	subs	r6, r6, r5
10001c6c:	b40c      	push	{r2, r3}
10001c6e:	02cc      	lsls	r4, r1, #11
10001c70:	0d45      	lsrs	r5, r0, #21
10001c72:	432c      	orrs	r4, r5
10001c74:	b2a2      	uxth	r2, r4
10001c76:	b2b3      	uxth	r3, r6
10001c78:	435a      	muls	r2, r3
10001c7a:	0c27      	lsrs	r7, r4, #16
10001c7c:	437b      	muls	r3, r7
10001c7e:	0c35      	lsrs	r5, r6, #16
10001c80:	436f      	muls	r7, r5
10001c82:	b2a4      	uxth	r4, r4
10001c84:	436c      	muls	r4, r5
10001c86:	191b      	adds	r3, r3, r4
10001c88:	d302      	bcc.n	10001c90 <l21_1>
10001c8a:	2401      	movs	r4, #1
10001c8c:	0424      	lsls	r4, r4, #16
10001c8e:	193f      	adds	r7, r7, r4

10001c90 <l21_1>:
10001c90:	041c      	lsls	r4, r3, #16
10001c92:	0c1d      	lsrs	r5, r3, #16
10001c94:	18a4      	adds	r4, r4, r2
10001c96:	417d      	adcs	r5, r7
10001c98:	1924      	adds	r4, r4, r4
10001c9a:	416d      	adcs	r5, r5
10001c9c:	9a00      	ldr	r2, [sp, #0]
10001c9e:	b291      	uxth	r1, r2
10001ca0:	b2ac      	uxth	r4, r5
10001ca2:	4361      	muls	r1, r4
10001ca4:	0c17      	lsrs	r7, r2, #16
10001ca6:	437c      	muls	r4, r7
10001ca8:	0c2b      	lsrs	r3, r5, #16
10001caa:	435f      	muls	r7, r3
10001cac:	b292      	uxth	r2, r2
10001cae:	435a      	muls	r2, r3
10001cb0:	18a4      	adds	r4, r4, r2
10001cb2:	d302      	bcc.n	10001cba <l22_1>
10001cb4:	2201      	movs	r2, #1
10001cb6:	0412      	lsls	r2, r2, #16
10001cb8:	18bf      	adds	r7, r7, r2

10001cba <l22_1>:
10001cba:	0422      	lsls	r2, r4, #16
10001cbc:	0c23      	lsrs	r3, r4, #16
10001cbe:	1852      	adds	r2, r2, r1
10001cc0:	417b      	adcs	r3, r7
10001cc2:	9c01      	ldr	r4, [sp, #4]
10001cc4:	436c      	muls	r4, r5
10001cc6:	191b      	adds	r3, r3, r4
10001cc8:	0e52      	lsrs	r2, r2, #25
10001cca:	01d9      	lsls	r1, r3, #7
10001ccc:	430a      	orrs	r2, r1
10001cce:	0144      	lsls	r4, r0, #5
10001cd0:	1aa0      	subs	r0, r4, r2
10001cd2:	b281      	uxth	r1, r0
10001cd4:	b2b2      	uxth	r2, r6
10001cd6:	4351      	muls	r1, r2
10001cd8:	1403      	asrs	r3, r0, #16
10001cda:	435a      	muls	r2, r3
10001cdc:	0c36      	lsrs	r6, r6, #16
10001cde:	4373      	muls	r3, r6
10001ce0:	b287      	uxth	r7, r0
10001ce2:	4377      	muls	r7, r6
10001ce4:	17d6      	asrs	r6, r2, #31
10001ce6:	19d2      	adds	r2, r2, r7
10001ce8:	2700      	movs	r7, #0
10001cea:	417e      	adcs	r6, r7
10001cec:	0436      	lsls	r6, r6, #16
10001cee:	199b      	adds	r3, r3, r6
10001cf0:	0417      	lsls	r7, r2, #16
10001cf2:	0c16      	lsrs	r6, r2, #16
10001cf4:	187f      	adds	r7, r7, r1
10001cf6:	415e      	adcs	r6, r3
10001cf8:	1673      	asrs	r3, r6, #25
10001cfa:	18ed      	adds	r5, r5, r3
10001cfc:	01f3      	lsls	r3, r6, #7
10001cfe:	2600      	movs	r6, #0
10001d00:	3380      	adds	r3, #128	@ 0x80
10001d02:	4175      	adcs	r5, r6
10001d04:	0fa9      	lsrs	r1, r5, #30
10001d06:	d106      	bne.n	10001d16 <dd_0>
10001d08:	0064      	lsls	r4, r4, #1
10001d0a:	0a69      	lsrs	r1, r5, #9
10001d0c:	05e8      	lsls	r0, r5, #23
10001d0e:	0a5b      	lsrs	r3, r3, #9
10001d10:	4318      	orrs	r0, r3
10001d12:	d209      	bcs.n	10001d28 <dd_1>
10001d14:	e02f      	b.n	10001d76 <dd_2>

10001d16 <dd_0>:
10001d16:	2204      	movs	r2, #4
10001d18:	4494      	add	ip, r2
10001d1a:	3380      	adds	r3, #128	@ 0x80
10001d1c:	4175      	adcs	r5, r6
10001d1e:	0aa9      	lsrs	r1, r5, #10
10001d20:	05a8      	lsls	r0, r5, #22
10001d22:	0a9b      	lsrs	r3, r3, #10
10001d24:	4318      	orrs	r0, r3
10001d26:	d326      	bcc.n	10001d76 <dd_2>

10001d28 <dd_1>:
10001d28:	4140      	adcs	r0, r0
10001d2a:	4149      	adcs	r1, r1
10001d2c:	0424      	lsls	r4, r4, #16
10001d2e:	9a00      	ldr	r2, [sp, #0]
10001d30:	9b01      	ldr	r3, [sp, #4]
10001d32:	000d      	movs	r5, r1
10001d34:	4355      	muls	r5, r2
10001d36:	1b64      	subs	r4, r4, r5
10001d38:	4343      	muls	r3, r0
10001d3a:	1ae4      	subs	r4, r4, r3
10001d3c:	b295      	uxth	r5, r2
10001d3e:	b286      	uxth	r6, r0
10001d40:	4375      	muls	r5, r6
10001d42:	0c17      	lsrs	r7, r2, #16
10001d44:	437e      	muls	r6, r7
10001d46:	0c03      	lsrs	r3, r0, #16
10001d48:	435f      	muls	r7, r3
10001d4a:	b292      	uxth	r2, r2
10001d4c:	435a      	muls	r2, r3
10001d4e:	18b6      	adds	r6, r6, r2
10001d50:	d302      	bcc.n	10001d58 <l24_1>
10001d52:	2201      	movs	r2, #1
10001d54:	0412      	lsls	r2, r2, #16
10001d56:	18bf      	adds	r7, r7, r2

10001d58 <l24_1>:
10001d58:	0432      	lsls	r2, r6, #16
10001d5a:	0c33      	lsrs	r3, r6, #16
10001d5c:	1952      	adds	r2, r2, r5
10001d5e:	417b      	adcs	r3, r7
10001d60:	4252      	negs	r2, r2
10001d62:	419c      	sbcs	r4, r3
10001d64:	2c00      	cmp	r4, #0
10001d66:	d402      	bmi.n	10001d6e <l24_1+0x16>
10001d68:	2200      	movs	r2, #0
10001d6a:	3001      	adds	r0, #1
10001d6c:	4151      	adcs	r1, r2
10001d6e:	0840      	lsrs	r0, r0, #1
10001d70:	07ca      	lsls	r2, r1, #31
10001d72:	4310      	orrs	r0, r2
10001d74:	0849      	lsrs	r1, r1, #1

10001d76 <dd_2>:
10001d76:	b002      	add	sp, #8
10001d78:	4662      	mov	r2, ip
10001d7a:	07d7      	lsls	r7, r2, #31
10001d7c:	1092      	asrs	r2, r2, #2
10001d7e:	4b08      	ldr	r3, [pc, #32]	@ (10001da0 <dd_4+0x6>)
10001d80:	18d2      	adds	r2, r2, r3
10001d82:	4b08      	ldr	r3, [pc, #32]	@ (10001da4 <dd_4+0xa>)
10001d84:	429a      	cmp	r2, r3
10001d86:	d203      	bcs.n	10001d90 <dd_3>
10001d88:	0512      	lsls	r2, r2, #20
10001d8a:	1889      	adds	r1, r1, r2

10001d8c <dd_5>:
10001d8c:	19c9      	adds	r1, r1, r7
10001d8e:	bdf0      	pop	{r4, r5, r6, r7, pc}

10001d90 <dd_3>:
10001d90:	2000      	movs	r0, #0
10001d92:	2a00      	cmp	r2, #0
10001d94:	dc01      	bgt.n	10001d9a <dd_4>
10001d96:	0039      	movs	r1, r7
10001d98:	bdf0      	pop	{r4, r5, r6, r7, pc}

10001d9a <dd_4>:
10001d9a:	3301      	adds	r3, #1
10001d9c:	0519      	lsls	r1, r3, #20
10001d9e:	e7f5      	b.n	10001d8c <dd_5>
10001da0:	000003fd 	.word	0x000003fd
10001da4:	000007fe 	.word	0x000007fe

10001da8 <dcordic_vec_step>:
10001da8:	4662      	mov	r2, ip
10001daa:	ca18      	ldmia	r2!, {r3, r4}
10001dac:	4694      	mov	ip, r2
10001dae:	465a      	mov	r2, fp
10001db0:	2a00      	cmp	r2, #0
10001db2:	db20      	blt.n	10001df6 <dcordic_rot_step+0x40>
10001db4:	e004      	b.n	10001dc0 <dcordic_rot_step+0xa>

10001db6 <dcordic_rot_step>:
10001db6:	4662      	mov	r2, ip
10001db8:	ca18      	ldmia	r2!, {r3, r4}
10001dba:	4694      	mov	ip, r2
10001dbc:	2900      	cmp	r1, #0
10001dbe:	da1a      	bge.n	10001df6 <dcordic_rot_step+0x40>
10001dc0:	18c0      	adds	r0, r0, r3
10001dc2:	4161      	adcs	r1, r4
10001dc4:	465b      	mov	r3, fp
10001dc6:	413b      	asrs	r3, r7
10001dc8:	465c      	mov	r4, fp
10001dca:	40b4      	lsls	r4, r6
10001dcc:	4652      	mov	r2, sl
10001dce:	40fa      	lsrs	r2, r7
10001dd0:	4322      	orrs	r2, r4
10001dd2:	4644      	mov	r4, r8
10001dd4:	464d      	mov	r5, r9
10001dd6:	4162      	adcs	r2, r4
10001dd8:	416b      	adcs	r3, r5
10001dda:	4690      	mov	r8, r2
10001ddc:	4699      	mov	r9, r3
10001dde:	462b      	mov	r3, r5
10001de0:	40b3      	lsls	r3, r6
10001de2:	413d      	asrs	r5, r7
10001de4:	40fc      	lsrs	r4, r7
10001de6:	431c      	orrs	r4, r3
10001de8:	4652      	mov	r2, sl
10001dea:	465b      	mov	r3, fp
10001dec:	41a2      	sbcs	r2, r4
10001dee:	41ab      	sbcs	r3, r5
10001df0:	4692      	mov	sl, r2
10001df2:	469b      	mov	fp, r3
10001df4:	4770      	bx	lr
10001df6:	1ac0      	subs	r0, r0, r3
10001df8:	41a1      	sbcs	r1, r4
10001dfa:	464b      	mov	r3, r9
10001dfc:	413b      	asrs	r3, r7
10001dfe:	464c      	mov	r4, r9
10001e00:	40b4      	lsls	r4, r6
10001e02:	4642      	mov	r2, r8
10001e04:	40fa      	lsrs	r2, r7
10001e06:	4322      	orrs	r2, r4
10001e08:	4654      	mov	r4, sl
10001e0a:	465d      	mov	r5, fp
10001e0c:	4162      	adcs	r2, r4
10001e0e:	416b      	adcs	r3, r5
10001e10:	4692      	mov	sl, r2
10001e12:	469b      	mov	fp, r3
10001e14:	462b      	mov	r3, r5
10001e16:	40b3      	lsls	r3, r6
10001e18:	413d      	asrs	r5, r7
10001e1a:	40fc      	lsrs	r4, r7
10001e1c:	431c      	orrs	r4, r3
10001e1e:	4642      	mov	r2, r8
10001e20:	464b      	mov	r3, r9
10001e22:	41a2      	sbcs	r2, r4
10001e24:	41ab      	sbcs	r3, r5
10001e26:	4690      	mov	r8, r2
10001e28:	4699      	mov	r9, r3
10001e2a:	4770      	bx	lr

10001e2c <double2uint_shim>:
10001e2c:	2200      	movs	r2, #0

10001e2e <double2ufix_shim>:
10001e2e:	b500      	push	{lr}
10001e30:	3220      	adds	r2, #32
10001e32:	f000 f810 	bl	10001e56 <double2ufix64_shim>
10001e36:	0008      	movs	r0, r1
10001e38:	bd00      	pop	{pc}

10001e3a <double2int64_shim>:
10001e3a:	2200      	movs	r2, #0

10001e3c <double2fix64_shim>:
10001e3c:	b500      	push	{lr}
10001e3e:	f000 f80c 	bl	10001e5a <d2fix>
10001e42:	17ca      	asrs	r2, r1, #31
10001e44:	429a      	cmp	r2, r3
10001e46:	d100      	bne.n	10001e4a <double2fix64_shim+0xe>
10001e48:	bd00      	pop	{pc}
10001e4a:	43d8      	mvns	r0, r3
10001e4c:	2101      	movs	r1, #1
10001e4e:	07c9      	lsls	r1, r1, #31
10001e50:	4041      	eors	r1, r0
10001e52:	bd00      	pop	{pc}

10001e54 <double2uint64_shim>:
10001e54:	2200      	movs	r2, #0

10001e56 <double2ufix64_shim>:
10001e56:	150b      	asrs	r3, r1, #20
10001e58:	d40a      	bmi.n	10001e70 <ret_dzero>

10001e5a <d2fix>:
10001e5a:	b510      	push	{r4, lr}
10001e5c:	4694      	mov	ip, r2
10001e5e:	f000 f8a7 	bl	10001fb0 <dunpacks>
10001e62:	1414      	asrs	r4, r2, #16
10001e64:	3401      	adds	r4, #1
10001e66:	da00      	bge.n	10001e6a <d2fix+0x10>
10001e68:	2100      	movs	r1, #0
10001e6a:	17cb      	asrs	r3, r1, #31
10001e6c:	4c14      	ldr	r4, [pc, #80]	@ (10001ec0 <d2fix_a+0x4a>)
10001e6e:	4720      	bx	r4

10001e70 <ret_dzero>:
10001e70:	2000      	movs	r0, #0
10001e72:	2100      	movs	r1, #0
10001e74:	4770      	bx	lr

10001e76 <d2fix_a>:
10001e76:	4462      	add	r2, ip
10001e78:	3a34      	subs	r2, #52	@ 0x34
10001e7a:	d40c      	bmi.n	10001e96 <d2fix_a+0x20>
10001e7c:	2a0c      	cmp	r2, #12
10001e7e:	da07      	bge.n	10001e90 <d2fix_a+0x1a>
10001e80:	0004      	movs	r4, r0
10001e82:	4091      	lsls	r1, r2
10001e84:	4090      	lsls	r0, r2
10001e86:	4252      	negs	r2, r2
10001e88:	3220      	adds	r2, #32
10001e8a:	40d4      	lsrs	r4, r2
10001e8c:	4321      	orrs	r1, r4
10001e8e:	bd10      	pop	{r4, pc}
10001e90:	43d8      	mvns	r0, r3
10001e92:	43d9      	mvns	r1, r3
10001e94:	bd10      	pop	{r4, pc}
10001e96:	3220      	adds	r2, #32
10001e98:	d407      	bmi.n	10001eaa <d2fix_a+0x34>
10001e9a:	460c      	mov	r4, r1
10001e9c:	4094      	lsls	r4, r2
10001e9e:	4252      	negs	r2, r2
10001ea0:	3220      	adds	r2, #32
10001ea2:	4111      	asrs	r1, r2
10001ea4:	40d0      	lsrs	r0, r2
10001ea6:	4320      	orrs	r0, r4
10001ea8:	bd10      	pop	{r4, pc}
10001eaa:	0008      	movs	r0, r1
10001eac:	17c9      	asrs	r1, r1, #31
10001eae:	3220      	adds	r2, #32
10001eb0:	d403      	bmi.n	10001eba <d2fix_a+0x44>
10001eb2:	4252      	negs	r2, r2
10001eb4:	3220      	adds	r2, #32
10001eb6:	4110      	asrs	r0, r2
10001eb8:	bd10      	pop	{r4, pc}
10001eba:	0018      	movs	r0, r3
10001ebc:	0019      	movs	r1, r3
10001ebe:	bd10      	pop	{r4, pc}
10001ec0:	10001e77 	.word	0x10001e77

10001ec4 <double2float_shim>:
10001ec4:	004a      	lsls	r2, r1, #1
10001ec6:	0d52      	lsrs	r2, r2, #21
10001ec8:	4b14      	ldr	r3, [pc, #80]	@ (10001f1c <double2float_shim+0x58>)
10001eca:	1ad2      	subs	r2, r2, r3
10001ecc:	dd13      	ble.n	10001ef6 <double2float_shim+0x32>
10001ece:	2aff      	cmp	r2, #255	@ 0xff
10001ed0:	da1e      	bge.n	10001f10 <double2float_shim+0x4c>
10001ed2:	05d2      	lsls	r2, r2, #23
10001ed4:	0fcb      	lsrs	r3, r1, #31
10001ed6:	07db      	lsls	r3, r3, #31
10001ed8:	431a      	orrs	r2, r3
10001eda:	00c3      	lsls	r3, r0, #3
10001edc:	0f40      	lsrs	r0, r0, #29
10001ede:	0309      	lsls	r1, r1, #12
10001ee0:	0a49      	lsrs	r1, r1, #9
10001ee2:	4308      	orrs	r0, r1
10001ee4:	4310      	orrs	r0, r2
10001ee6:	005b      	lsls	r3, r3, #1
10001ee8:	d301      	bcc.n	10001eee <double2float_shim+0x2a>
10001eea:	d001      	beq.n	10001ef0 <double2float_shim+0x2c>
10001eec:	3001      	adds	r0, #1
10001eee:	4770      	bx	lr
10001ef0:	0843      	lsrs	r3, r0, #1
10001ef2:	d2fb      	bcs.n	10001eec <double2float_shim+0x28>
10001ef4:	4770      	bx	lr
10001ef6:	d002      	beq.n	10001efe <double2float_shim+0x3a>
10001ef8:	0fc8      	lsrs	r0, r1, #31
10001efa:	07c0      	lsls	r0, r0, #31
10001efc:	4770      	bx	lr
10001efe:	030a      	lsls	r2, r1, #12
10001f00:	1312      	asrs	r2, r2, #12
10001f02:	3201      	adds	r2, #1
10001f04:	d1f8      	bne.n	10001ef8 <double2float_shim+0x34>
10001f06:	0f42      	lsrs	r2, r0, #29
10001f08:	2a07      	cmp	r2, #7
10001f0a:	d1f5      	bne.n	10001ef8 <double2float_shim+0x34>
10001f0c:	2201      	movs	r2, #1
10001f0e:	e000      	b.n	10001f12 <double2float_shim+0x4e>
10001f10:	22ff      	movs	r2, #255	@ 0xff
10001f12:	0fc8      	lsrs	r0, r1, #31
10001f14:	0200      	lsls	r0, r0, #8
10001f16:	1880      	adds	r0, r0, r2
10001f18:	05c0      	lsls	r0, r0, #23
10001f1a:	4770      	bx	lr
10001f1c:	00000380 	.word	0x00000380

10001f20 <uint2double_shim>:
10001f20:	2100      	movs	r1, #0

10001f22 <ufix2double_shim>:
10001f22:	000a      	movs	r2, r1
10001f24:	2100      	movs	r1, #0
10001f26:	e004      	b.n	10001f32 <ufix642double_shim>

10001f28 <int2double_shim>:
10001f28:	2100      	movs	r1, #0

10001f2a <fix2double_shim>:
10001f2a:	000a      	movs	r2, r1
10001f2c:	17c1      	asrs	r1, r0, #31
10001f2e:	e004      	b.n	10001f3a <fix642double_shim>

10001f30 <uint642double_shim>:
10001f30:	2200      	movs	r2, #0

10001f32 <ufix642double_shim>:
10001f32:	2300      	movs	r3, #0
10001f34:	e006      	b.n	10001f44 <uf2d>
10001f36:	46c0      	nop			@ (mov r8, r8)

10001f38 <int642double_shim>:
10001f38:	2200      	movs	r2, #0

10001f3a <fix642double_shim>:
10001f3a:	17cb      	asrs	r3, r1, #31
10001f3c:	4058      	eors	r0, r3
10001f3e:	4059      	eors	r1, r3
10001f40:	1ac0      	subs	r0, r0, r3
10001f42:	4199      	sbcs	r1, r3

10001f44 <uf2d>:
10001f44:	b530      	push	{r4, r5, lr}
10001f46:	4c18      	ldr	r4, [pc, #96]	@ (10001fa8 <uf2d+0x64>)
10001f48:	1aa2      	subs	r2, r4, r2
10001f4a:	2900      	cmp	r1, #0
10001f4c:	d103      	bne.n	10001f56 <uf2d+0x12>
10001f4e:	0001      	movs	r1, r0
10001f50:	d010      	beq.n	10001f74 <uf2d+0x30>
10001f52:	2000      	movs	r0, #0
10001f54:	3a20      	subs	r2, #32
10001f56:	154c      	asrs	r4, r1, #21
10001f58:	d112      	bne.n	10001f80 <uf2d+0x3c>
10001f5a:	d204      	bcs.n	10001f66 <uf2d+0x22>
10001f5c:	3a01      	subs	r2, #1
10001f5e:	1800      	adds	r0, r0, r0
10001f60:	4149      	adcs	r1, r1
10001f62:	0d4c      	lsrs	r4, r1, #21
10001f64:	d3fa      	bcc.n	10001f5c <uf2d+0x18>
10001f66:	4c11      	ldr	r4, [pc, #68]	@ (10001fac <uf2d+0x68>)
10001f68:	42a2      	cmp	r2, r4
10001f6a:	d204      	bcs.n	10001f76 <uf2d+0x32>
10001f6c:	0512      	lsls	r2, r2, #20
10001f6e:	1889      	adds	r1, r1, r2
10001f70:	07db      	lsls	r3, r3, #31
10001f72:	18c9      	adds	r1, r1, r3
10001f74:	bd30      	pop	{r4, r5, pc}
10001f76:	43d2      	mvns	r2, r2
10001f78:	0d52      	lsrs	r2, r2, #21
10001f7a:	2000      	movs	r0, #0
10001f7c:	2100      	movs	r1, #0
10001f7e:	e7f5      	b.n	10001f6c <uf2d+0x28>
10001f80:	d403      	bmi.n	10001f8a <uf2d+0x46>
10001f82:	3a01      	subs	r2, #1
10001f84:	1800      	adds	r0, r0, r0
10001f86:	4149      	adcs	r1, r1
10001f88:	d5fb      	bpl.n	10001f82 <uf2d+0x3e>
10001f8a:	320b      	adds	r2, #11
10001f8c:	0544      	lsls	r4, r0, #21
10001f8e:	0ac0      	lsrs	r0, r0, #11
10001f90:	054d      	lsls	r5, r1, #21
10001f92:	4328      	orrs	r0, r5
10001f94:	0ac9      	lsrs	r1, r1, #11
10001f96:	0064      	lsls	r4, r4, #1
10001f98:	d003      	beq.n	10001fa2 <uf2d+0x5e>
10001f9a:	2400      	movs	r4, #0
10001f9c:	4160      	adcs	r0, r4
10001f9e:	4161      	adcs	r1, r4
10001fa0:	e7e1      	b.n	10001f66 <uf2d+0x22>
10001fa2:	d3e0      	bcc.n	10001f66 <uf2d+0x22>
10001fa4:	0844      	lsrs	r4, r0, #1
10001fa6:	e7f8      	b.n	10001f9a <uf2d+0x56>
10001fa8:	00000432 	.word	0x00000432
10001fac:	000007fe 	.word	0x000007fe

10001fb0 <dunpacks>:
10001fb0:	0d0a      	lsrs	r2, r1, #20
10001fb2:	0fcc      	lsrs	r4, r1, #31
10001fb4:	1e53      	subs	r3, r2, #1
10001fb6:	051b      	lsls	r3, r3, #20
10001fb8:	1ac9      	subs	r1, r1, r3
10001fba:	0552      	lsls	r2, r2, #21
10001fbc:	d303      	bcc.n	10001fc6 <l60_1>
10001fbe:	43c9      	mvns	r1, r1
10001fc0:	4240      	negs	r0, r0
10001fc2:	d300      	bcc.n	10001fc6 <l60_1>
10001fc4:	3101      	adds	r1, #1

10001fc6 <l60_1>:
10001fc6:	0d52      	lsrs	r2, r2, #21
10001fc8:	d003      	beq.n	10001fd2 <l60_2>
10001fca:	1c53      	adds	r3, r2, #1
10001fcc:	0adb      	lsrs	r3, r3, #11
10001fce:	d007      	beq.n	10001fe0 <l60_3>
10001fd0:	1b12      	subs	r2, r2, r4

10001fd2 <l60_2>:
10001fd2:	2000      	movs	r0, #0
10001fd4:	0064      	lsls	r4, r4, #1
10001fd6:	1c61      	adds	r1, r4, #1
10001fd8:	0789      	lsls	r1, r1, #30
10001fda:	1289      	asrs	r1, r1, #10
10001fdc:	3a80      	subs	r2, #128	@ 0x80
10001fde:	0312      	lsls	r2, r2, #12

10001fe0 <l60_3>:
10001fe0:	4b01      	ldr	r3, [pc, #4]	@ (10001fe8 <l60_3+0x8>)
10001fe2:	1ad2      	subs	r2, r2, r3
10001fe4:	4770      	bx	lr
10001fe6:	0000      	.short	0x0000
10001fe8:	000003ff 	.word	0x000003ff

10001fec <dreduce>:
10001fec:	3202      	adds	r2, #2
10001fee:	d425      	bmi.n	1000203c <dreduce+0x50>
10001ff0:	2a0c      	cmp	r2, #12
10001ff2:	da1c      	bge.n	1000202e <dreduce+0x42>
10001ff4:	2511      	movs	r5, #17
10001ff6:	1aad      	subs	r5, r5, r2
10001ff8:	000b      	movs	r3, r1
10001ffa:	412b      	asrs	r3, r5
10001ffc:	3208      	adds	r2, #8
10001ffe:	3507      	adds	r5, #7
10002000:	0006      	movs	r6, r0
10002002:	40ee      	lsrs	r6, r5
10002004:	4090      	lsls	r0, r2
10002006:	4091      	lsls	r1, r2
10002008:	4331      	orrs	r1, r6
1000200a:	ccf0      	ldmia	r4, {r4, r5, r6, r7}
1000200c:	4363      	muls	r3, r4
1000200e:	151a      	asrs	r2, r3, #20
10002010:	2300      	movs	r3, #0
10002012:	415a      	adcs	r2, r3
10002014:	4355      	muls	r5, r2
10002016:	4356      	muls	r6, r2
10002018:	4357      	muls	r7, r2
1000201a:	02bf      	lsls	r7, r7, #10
1000201c:	12f4      	asrs	r4, r6, #11
1000201e:	0576      	lsls	r6, r6, #21
10002020:	1976      	adds	r6, r6, r5
10002022:	4167      	adcs	r7, r4
10002024:	17ed      	asrs	r5, r5, #31
10002026:	197f      	adds	r7, r7, r5
10002028:	1b80      	subs	r0, r0, r6
1000202a:	41b9      	sbcs	r1, r7
1000202c:	4770      	bx	lr
1000202e:	220c      	movs	r2, #12
10002030:	2000      	movs	r0, #0
10002032:	17c9      	asrs	r1, r1, #31
10002034:	0049      	lsls	r1, r1, #1
10002036:	3101      	adds	r1, #1
10002038:	0509      	lsls	r1, r1, #20
1000203a:	e7db      	b.n	10001ff4 <dreduce+0x8>
1000203c:	0209      	lsls	r1, r1, #8
1000203e:	0e03      	lsrs	r3, r0, #24
10002040:	4319      	orrs	r1, r3
10002042:	0200      	lsls	r0, r0, #8
10002044:	4253      	negs	r3, r2
10002046:	3220      	adds	r2, #32
10002048:	d408      	bmi.n	1000205c <dreduce+0x70>
1000204a:	000c      	movs	r4, r1
1000204c:	4119      	asrs	r1, r3
1000204e:	4094      	lsls	r4, r2
10002050:	40d8      	lsrs	r0, r3
10002052:	4320      	orrs	r0, r4
10002054:	2200      	movs	r2, #0
10002056:	4150      	adcs	r0, r2
10002058:	4151      	adcs	r1, r2
1000205a:	4770      	bx	lr
1000205c:	0008      	movs	r0, r1
1000205e:	17c9      	asrs	r1, r1, #31
10002060:	3b20      	subs	r3, #32
10002062:	3220      	adds	r2, #32
10002064:	d5f1      	bpl.n	1000204a <dreduce+0x5e>
10002066:	2000      	movs	r0, #0
10002068:	2100      	movs	r1, #0
1000206a:	2200      	movs	r2, #0
1000206c:	4770      	bx	lr

1000206e <dcos_shim>:
1000206e:	b5f0      	push	{r4, r5, r6, r7, lr}
10002070:	f7ff f9ba 	bl	100013e8 <push_r8_r11>
10002074:	f000 f80e 	bl	10002094 <dsincos_internal>
10002078:	f000 f830 	bl	100020dc <dcos_finish>
1000207c:	e006      	b.n	1000208c <dsin_shim+0xe>

1000207e <dsin_shim>:
1000207e:	b5f0      	push	{r4, r5, r6, r7, lr}
10002080:	f7ff f9b2 	bl	100013e8 <push_r8_r11>
10002084:	f000 f806 	bl	10002094 <dsincos_internal>
10002088:	f000 f846 	bl	10002118 <dsin_finish>
1000208c:	f7ff f9b2 	bl	100013f4 <pop_r8_r11>
10002090:	bdf0      	pop	{r4, r5, r6, r7, pc}
	...

10002094 <dsincos_internal>:
10002094:	b500      	push	{lr}
10002096:	f7ff ff8b 	bl	10001fb0 <dunpacks>
1000209a:	a430      	add	r4, pc, #192	@ (adr r4, 1000215c <dreddata0>)
1000209c:	f7ff ffa6 	bl	10001fec <dreduce>
100020a0:	2400      	movs	r4, #0
100020a2:	4d2c      	ldr	r5, [pc, #176]	@ (10002154 <l73_1+0x20>)
100020a4:	4e2c      	ldr	r6, [pc, #176]	@ (10002158 <l73_1+0x24>)
100020a6:	07d2      	lsls	r2, r2, #31
100020a8:	d302      	bcc.n	100020b0 <dsincos_internal+0x1c>
100020aa:	43f6      	mvns	r6, r6
100020ac:	426d      	negs	r5, r5
100020ae:	4166      	adcs	r6, r4
100020b0:	0052      	lsls	r2, r2, #1
100020b2:	d204      	bcs.n	100020be <dsincos_internal+0x2a>
100020b4:	46a2      	mov	sl, r4
100020b6:	46a3      	mov	fp, r4
100020b8:	46a8      	mov	r8, r5
100020ba:	46b1      	mov	r9, r6
100020bc:	e003      	b.n	100020c6 <dsincos_internal+0x32>
100020be:	46a0      	mov	r8, r4
100020c0:	46a1      	mov	r9, r4
100020c2:	46aa      	mov	sl, r5
100020c4:	46b3      	mov	fp, r6
100020c6:	a46e      	add	r4, pc, #440	@ (adr r4, 10002280 <dtab_cc>)
100020c8:	46a4      	mov	ip, r4
100020ca:	2701      	movs	r7, #1
100020cc:	261f      	movs	r6, #31
100020ce:	f7ff fe72 	bl	10001db6 <dcordic_rot_step>
100020d2:	3701      	adds	r7, #1
100020d4:	3e01      	subs	r6, #1
100020d6:	2f21      	cmp	r7, #33	@ 0x21
100020d8:	d1f9      	bne.n	100020ce <dsincos_internal+0x3a>
100020da:	bd00      	pop	{pc}

100020dc <dcos_finish>:
100020dc:	4659      	mov	r1, fp
100020de:	b284      	uxth	r4, r0
100020e0:	b28d      	uxth	r5, r1
100020e2:	436c      	muls	r4, r5
100020e4:	1406      	asrs	r6, r0, #16
100020e6:	4375      	muls	r5, r6
100020e8:	140b      	asrs	r3, r1, #16
100020ea:	435e      	muls	r6, r3
100020ec:	b282      	uxth	r2, r0
100020ee:	435a      	muls	r2, r3
100020f0:	18ad      	adds	r5, r5, r2
100020f2:	17ea      	asrs	r2, r5, #31
100020f4:	d700      	bvc.n	100020f8 <l72_1>
100020f6:	43d2      	mvns	r2, r2

100020f8 <l72_1>:
100020f8:	0412      	lsls	r2, r2, #16
100020fa:	18b6      	adds	r6, r6, r2
100020fc:	042a      	lsls	r2, r5, #16
100020fe:	0c2b      	lsrs	r3, r5, #16
10002100:	1912      	adds	r2, r2, r4
10002102:	4173      	adcs	r3, r6
10002104:	4640      	mov	r0, r8
10002106:	4649      	mov	r1, r9
10002108:	009d      	lsls	r5, r3, #2
1000210a:	179b      	asrs	r3, r3, #30
1000210c:	0f92      	lsrs	r2, r2, #30
1000210e:	432a      	orrs	r2, r5
10002110:	4190      	sbcs	r0, r2
10002112:	4199      	sbcs	r1, r3
10002114:	223e      	movs	r2, #62	@ 0x3e
10002116:	e710      	b.n	10001f3a <fix642double_shim>

10002118 <dsin_finish>:
10002118:	4649      	mov	r1, r9
1000211a:	b284      	uxth	r4, r0
1000211c:	b28d      	uxth	r5, r1
1000211e:	436c      	muls	r4, r5
10002120:	1406      	asrs	r6, r0, #16
10002122:	4375      	muls	r5, r6
10002124:	140b      	asrs	r3, r1, #16
10002126:	435e      	muls	r6, r3
10002128:	b282      	uxth	r2, r0
1000212a:	435a      	muls	r2, r3
1000212c:	18ad      	adds	r5, r5, r2
1000212e:	17ea      	asrs	r2, r5, #31
10002130:	d700      	bvc.n	10002134 <l73_1>
10002132:	43d2      	mvns	r2, r2

10002134 <l73_1>:
10002134:	0412      	lsls	r2, r2, #16
10002136:	18b6      	adds	r6, r6, r2
10002138:	042a      	lsls	r2, r5, #16
1000213a:	0c2b      	lsrs	r3, r5, #16
1000213c:	1912      	adds	r2, r2, r4
1000213e:	4173      	adcs	r3, r6
10002140:	4650      	mov	r0, sl
10002142:	4659      	mov	r1, fp
10002144:	009d      	lsls	r5, r3, #2
10002146:	179b      	asrs	r3, r3, #30
10002148:	0f92      	lsrs	r2, r2, #30
1000214a:	432a      	orrs	r2, r5
1000214c:	4150      	adcs	r0, r2
1000214e:	4159      	adcs	r1, r3
10002150:	223e      	movs	r2, #62	@ 0x3e
10002152:	e6f2      	b.n	10001f3a <fix642double_shim>
10002154:	9df04dbb 	.word	0x9df04dbb
10002158:	36f656c5 	.word	0x36f656c5

1000215c <dreddata0>:
1000215c:	0000517d 	.word	0x0000517d
10002160:	0014611a 	.word	0x0014611a
10002164:	000a8885 	.word	0x000a8885
10002168:	001921fb 	.word	0x001921fb

1000216c <datan2_shim>:
1000216c:	b5f0      	push	{r4, r5, r6, r7, lr}
1000216e:	f7ff f93b 	bl	100013e8 <push_r8_r11>
10002172:	4d40      	ldr	r5, [pc, #256]	@ (10002274 <datan2_shim+0x108>)
10002174:	000c      	movs	r4, r1
10002176:	402c      	ands	r4, r5
10002178:	d001      	beq.n	1000217e <datan2_shim+0x12>
1000217a:	42ac      	cmp	r4, r5
1000217c:	d102      	bne.n	10002184 <datan2_shim+0x18>
1000217e:	0d09      	lsrs	r1, r1, #20
10002180:	0509      	lsls	r1, r1, #20
10002182:	2000      	movs	r0, #0
10002184:	001c      	movs	r4, r3
10002186:	402c      	ands	r4, r5
10002188:	d001      	beq.n	1000218e <datan2_shim+0x22>
1000218a:	42ac      	cmp	r4, r5
1000218c:	d102      	bne.n	10002194 <datan2_shim+0x28>
1000218e:	0d1b      	lsrs	r3, r3, #20
10002190:	051b      	lsls	r3, r3, #20
10002192:	2200      	movs	r2, #0
10002194:	2600      	movs	r6, #0
10002196:	02ed      	lsls	r5, r5, #11
10002198:	2b00      	cmp	r3, #0
1000219a:	d504      	bpl.n	100021a6 <datan2_shim+0x3a>
1000219c:	2602      	movs	r6, #2
1000219e:	406b      	eors	r3, r5
100021a0:	4069      	eors	r1, r5
100021a2:	d400      	bmi.n	100021a6 <datan2_shim+0x3a>
100021a4:	4276      	negs	r6, r6
100021a6:	194f      	adds	r7, r1, r5
100021a8:	d504      	bpl.n	100021b4 <datan2_shim+0x48>
100021aa:	4299      	cmp	r1, r3
100021ac:	dd0c      	ble.n	100021c8 <datan2_shim+0x5c>
100021ae:	3601      	adds	r6, #1
100021b0:	4069      	eors	r1, r5
100021b2:	e003      	b.n	100021bc <datan2_shim+0x50>
100021b4:	42bb      	cmp	r3, r7
100021b6:	da07      	bge.n	100021c8 <datan2_shim+0x5c>
100021b8:	3e01      	subs	r6, #1
100021ba:	406b      	eors	r3, r5
100021bc:	0007      	movs	r7, r0
100021be:	0010      	movs	r0, r2
100021c0:	003a      	movs	r2, r7
100021c2:	000f      	movs	r7, r1
100021c4:	0019      	movs	r1, r3
100021c6:	003b      	movs	r3, r7
100021c8:	b440      	push	{r6}
100021ca:	2a00      	cmp	r2, #0
100021cc:	d10f      	bne.n	100021ee <datan2_shim+0x82>
100021ce:	2b00      	cmp	r3, #0
100021d0:	d00a      	beq.n	100021e8 <datan2_shim+0x7c>
100021d2:	005c      	lsls	r4, r3, #1
100021d4:	1564      	asrs	r4, r4, #21
100021d6:	3401      	adds	r4, #1
100021d8:	d109      	bne.n	100021ee <datan2_shim+0x82>
100021da:	004c      	lsls	r4, r1, #1
100021dc:	1564      	asrs	r4, r4, #21
100021de:	3401      	adds	r4, #1
100021e0:	d102      	bne.n	100021e8 <datan2_shim+0x7c>
100021e2:	3901      	subs	r1, #1
100021e4:	3b01      	subs	r3, #1
100021e6:	e002      	b.n	100021ee <datan2_shim+0x82>
100021e8:	2000      	movs	r0, #0
100021ea:	2100      	movs	r1, #0
100021ec:	e02e      	b.n	1000224c <datan2_shim+0xe0>
100021ee:	f7ff fd03 	bl	10001bf8 <ddiv_shim>
100021f2:	223e      	movs	r2, #62	@ 0x3e
100021f4:	f7ff fe22 	bl	10001e3c <double2fix64_shim>
100021f8:	4682      	mov	sl, r0
100021fa:	468b      	mov	fp, r1
100021fc:	2000      	movs	r0, #0
100021fe:	2100      	movs	r1, #0
10002200:	4680      	mov	r8, r0
10002202:	2201      	movs	r2, #1
10002204:	0792      	lsls	r2, r2, #30
10002206:	4691      	mov	r9, r2
10002208:	a41d      	add	r4, pc, #116	@ (adr r4, 10002280 <dtab_cc>)
1000220a:	46a4      	mov	ip, r4
1000220c:	2701      	movs	r7, #1
1000220e:	261f      	movs	r6, #31
10002210:	f7ff fdca 	bl	10001da8 <dcordic_vec_step>
10002214:	3701      	adds	r7, #1
10002216:	3e01      	subs	r6, #1
10002218:	2f21      	cmp	r7, #33	@ 0x21
1000221a:	d1f9      	bne.n	10002210 <datan2_shim+0xa4>
1000221c:	464a      	mov	r2, r9
1000221e:	4653      	mov	r3, sl
10002220:	3a0c      	subs	r2, #12
10002222:	2401      	movs	r4, #1
10002224:	0764      	lsls	r4, r4, #29
10002226:	2700      	movs	r7, #0
10002228:	0852      	lsrs	r2, r2, #1
1000222a:	001b      	movs	r3, r3
1000222c:	d405      	bmi.n	1000223a <datan2_shim+0xce>
1000222e:	4193      	sbcs	r3, r2
10002230:	1900      	adds	r0, r0, r4
10002232:	4179      	adcs	r1, r7
10002234:	0864      	lsrs	r4, r4, #1
10002236:	d1f7      	bne.n	10002228 <datan2_shim+0xbc>
10002238:	e004      	b.n	10002244 <datan2_shim+0xd8>
1000223a:	4153      	adcs	r3, r2
1000223c:	1b00      	subs	r0, r0, r4
1000223e:	41b9      	sbcs	r1, r7
10002240:	0864      	lsrs	r4, r4, #1
10002242:	d1f1      	bne.n	10002228 <datan2_shim+0xbc>
10002244:	07ce      	lsls	r6, r1, #31
10002246:	1049      	asrs	r1, r1, #1
10002248:	0840      	lsrs	r0, r0, #1
1000224a:	4330      	orrs	r0, r6
1000224c:	bc40      	pop	{r6}
1000224e:	2e00      	cmp	r6, #0
10002250:	d00a      	beq.n	10002268 <datan2_shim+0xfc>
10002252:	4c09      	ldr	r4, [pc, #36]	@ (10002278 <datan2_shim+0x10c>)
10002254:	4d09      	ldr	r5, [pc, #36]	@ (1000227c <datan2_shim+0x110>)
10002256:	d501      	bpl.n	1000225c <datan2_shim+0xf0>
10002258:	43e4      	mvns	r4, r4
1000225a:	43ed      	mvns	r5, r5
1000225c:	07f6      	lsls	r6, r6, #31
1000225e:	d101      	bne.n	10002264 <datan2_shim+0xf8>
10002260:	1900      	adds	r0, r0, r4
10002262:	4169      	adcs	r1, r5
10002264:	1900      	adds	r0, r0, r4
10002266:	4169      	adcs	r1, r5
10002268:	223d      	movs	r2, #61	@ 0x3d
1000226a:	f7ff fe66 	bl	10001f3a <fix642double_shim>
1000226e:	f7ff f8c1 	bl	100013f4 <pop_r8_r11>
10002272:	bdf0      	pop	{r4, r5, r6, r7, pc}
10002274:	7ff00000 	.word	0x7ff00000
10002278:	885a308d 	.word	0x885a308d
1000227c:	3243f6a8 	.word	0x3243f6a8

10002280 <dtab_cc>:
10002280:	61bb4f69 	.word	0x61bb4f69
10002284:	1dac6705 	.word	0x1dac6705
10002288:	96406eb1 	.word	0x96406eb1
1000228c:	0fadbafc 	.word	0x0fadbafc
10002290:	ab0bdb72 	.word	0xab0bdb72
10002294:	07f56ea6 	.word	0x07f56ea6
10002298:	e59fbd39 	.word	0xe59fbd39
1000229c:	03feab76 	.word	0x03feab76
100022a0:	ba97624b 	.word	0xba97624b
100022a4:	01ffd55b 	.word	0x01ffd55b
100022a8:	dddb94d6 	.word	0xdddb94d6
100022ac:	00fffaaa 	.word	0x00fffaaa
100022b0:	56eeea5d 	.word	0x56eeea5d
100022b4:	007fff55 	.word	0x007fff55
100022b8:	aab7776e 	.word	0xaab7776e
100022bc:	003fffea 	.word	0x003fffea
100022c0:	5555bbbc 	.word	0x5555bbbc
100022c4:	001ffffd 	.word	0x001ffffd
100022c8:	aaaaadde 	.word	0xaaaaadde
100022cc:	000fffff 	.word	0x000fffff
100022d0:	f555556f 	.word	0xf555556f
100022d4:	0007ffff 	.word	0x0007ffff
100022d8:	feaaaaab 	.word	0xfeaaaaab
100022dc:	0003ffff 	.word	0x0003ffff
100022e0:	ffd55555 	.word	0xffd55555
100022e4:	0001ffff 	.word	0x0001ffff
100022e8:	fffaaaab 	.word	0xfffaaaab
100022ec:	0000ffff 	.word	0x0000ffff
100022f0:	ffff5555 	.word	0xffff5555
100022f4:	00007fff 	.word	0x00007fff
100022f8:	ffffeaab 	.word	0xffffeaab
100022fc:	00003fff 	.word	0x00003fff
10002300:	fffffd55 	.word	0xfffffd55
10002304:	00001fff 	.word	0x00001fff
10002308:	ffffffab 	.word	0xffffffab
1000230c:	00000fff 	.word	0x00000fff
10002310:	fffffff5 	.word	0xfffffff5
10002314:	000007ff 	.word	0x000007ff
10002318:	ffffffff 	.word	0xffffffff
1000231c:	000003ff 	.word	0x000003ff
10002320:	00000000 	.word	0x00000000
10002324:	00000200 	.word	0x00000200
10002328:	00000000 	.word	0x00000000
1000232c:	00000100 	.word	0x00000100
10002330:	00000000 	.word	0x00000000
10002334:	00000080 	.word	0x00000080
10002338:	00000000 	.word	0x00000000
1000233c:	00000040 	.word	0x00000040
10002340:	00000000 	.word	0x00000000
10002344:	00000020 	.word	0x00000020
10002348:	00000000 	.word	0x00000000
1000234c:	00000010 	.word	0x00000010
10002350:	00000000 	.word	0x00000000
10002354:	00000008 	.word	0x00000008
10002358:	00000000 	.word	0x00000000
1000235c:	00000004 	.word	0x00000004
10002360:	00000000 	.word	0x00000000
10002364:	00000002 	.word	0x00000002
10002368:	00000000 	.word	0x00000000
1000236c:	00000001 	.word	0x00000001
10002370:	80000000 	.word	0x80000000
10002374:	00000000 	.word	0x00000000
10002378:	40000000 	.word	0x40000000
1000237c:	00000000 	.word	0x00000000

10002380 <__wrap___aeabi_lmul>:
10002380:	4351      	muls	r1, r2
10002382:	4343      	muls	r3, r0
10002384:	18c9      	adds	r1, r1, r3
10002386:	468c      	mov	ip, r1
10002388:	0c11      	lsrs	r1, r2, #16
1000238a:	b283      	uxth	r3, r0
1000238c:	434b      	muls	r3, r1
1000238e:	b410      	push	{r4}
10002390:	0c04      	lsrs	r4, r0, #16
10002392:	4361      	muls	r1, r4
10002394:	b292      	uxth	r2, r2
10002396:	b280      	uxth	r0, r0
10002398:	4350      	muls	r0, r2
1000239a:	4362      	muls	r2, r4
1000239c:	041c      	lsls	r4, r3, #16
1000239e:	0c1b      	lsrs	r3, r3, #16
100023a0:	1900      	adds	r0, r0, r4
100023a2:	bc10      	pop	{r4}
100023a4:	4159      	adcs	r1, r3
100023a6:	0413      	lsls	r3, r2, #16
100023a8:	0c12      	lsrs	r2, r2, #16
100023aa:	18c0      	adds	r0, r0, r3
100023ac:	4151      	adcs	r1, r2
100023ae:	4461      	add	r1, ip
100023b0:	4770      	bx	lr
	...

100023b4 <__wrap___aeabi_frsub>:
100023b4:	4048      	eors	r0, r1
100023b6:	4041      	eors	r1, r0
100023b8:	4048      	eors	r0, r1

100023ba <__wrap___aeabi_fsub>:
100023ba:	4b0e      	ldr	r3, [pc, #56]	@ (100023f4 <__wrap___aeabi_fmul+0x6>)
100023bc:	685b      	ldr	r3, [r3, #4]
100023be:	4718      	bx	r3

100023c0 <__wrap___aeabi_fadd>:
100023c0:	4b0c      	ldr	r3, [pc, #48]	@ (100023f4 <__wrap___aeabi_fmul+0x6>)
100023c2:	681b      	ldr	r3, [r3, #0]
100023c4:	4718      	bx	r3

100023c6 <__wrap___aeabi_fdiv>:
100023c6:	4a0c      	ldr	r2, [pc, #48]	@ (100023f8 <__wrap___aeabi_fmul+0xa>)
100023c8:	6f93      	ldr	r3, [r2, #120]	@ 0x78
100023ca:	089b      	lsrs	r3, r3, #2
100023cc:	d202      	bcs.n	100023d4 <fdiv_save_state>

100023ce <fdiv_shim_call>:
100023ce:	4b09      	ldr	r3, [pc, #36]	@ (100023f4 <__wrap___aeabi_fmul+0x6>)
100023d0:	68db      	ldr	r3, [r3, #12]
100023d2:	4718      	bx	r3

100023d4 <fdiv_save_state>:
100023d4:	b5f0      	push	{r4, r5, r6, r7, lr}
100023d6:	6e14      	ldr	r4, [r2, #96]	@ 0x60
100023d8:	6e55      	ldr	r5, [r2, #100]	@ 0x64
100023da:	6f57      	ldr	r7, [r2, #116]	@ 0x74
100023dc:	6f16      	ldr	r6, [r2, #112]	@ 0x70
100023de:	f7ff fff6 	bl	100023ce <fdiv_shim_call>
100023e2:	4a05      	ldr	r2, [pc, #20]	@ (100023f8 <__wrap___aeabi_fmul+0xa>)
100023e4:	6614      	str	r4, [r2, #96]	@ 0x60
100023e6:	6655      	str	r5, [r2, #100]	@ 0x64
100023e8:	6757      	str	r7, [r2, #116]	@ 0x74
100023ea:	6716      	str	r6, [r2, #112]	@ 0x70
100023ec:	bdf0      	pop	{r4, r5, r6, r7, pc}

100023ee <__wrap___aeabi_fmul>:
100023ee:	4b01      	ldr	r3, [pc, #4]	@ (100023f4 <__wrap___aeabi_fmul+0x6>)
100023f0:	689b      	ldr	r3, [r3, #8]
100023f2:	4718      	bx	r3
100023f4:	20000468 	.word	0x20000468
100023f8:	d0000000 	.word	0xd0000000

100023fc <__wrap___aeabi_f2d>:
100023fc:	4b03      	ldr	r3, [pc, #12]	@ (1000240c <__wrap___aeabi_f2d+0x10>)
100023fe:	6fdb      	ldr	r3, [r3, #124]	@ 0x7c
10002400:	46fc      	mov	ip, pc
10002402:	4718      	bx	r3
10002404:	24a1df7c 	.word	0x24a1df7c
10002408:	00001000 	.word	0x00001000
1000240c:	20000468 	.word	0x20000468

10002410 <__aeabi_float_init>:
10002410:	2313      	movs	r3, #19
10002412:	b510      	push	{r4, lr}
10002414:	4812      	ldr	r0, [pc, #72]	@ (10002460 <__aeabi_float_init+0x50>)
10002416:	781c      	ldrb	r4, [r3, #0]
10002418:	f7fe fe2e 	bl	10001078 <rom_data_lookup>
1000241c:	0001      	movs	r1, r0
1000241e:	2c01      	cmp	r4, #1
10002420:	d00a      	beq.n	10002438 <__aeabi_float_init+0x28>
10002422:	dd03      	ble.n	1000242c <__aeabi_float_init+0x1c>
10002424:	2280      	movs	r2, #128	@ 0x80
10002426:	480f      	ldr	r0, [pc, #60]	@ (10002464 <__aeabi_float_init+0x54>)
10002428:	f000 f85a 	bl	100024e0 <__wrap___aeabi_memcpy>
1000242c:	480e      	ldr	r0, [pc, #56]	@ (10002468 <__aeabi_float_init+0x58>)
1000242e:	f7fe fe1b 	bl	10001068 <rom_func_lookup>
10002432:	4b0e      	ldr	r3, [pc, #56]	@ (1000246c <__aeabi_float_init+0x5c>)
10002434:	6018      	str	r0, [r3, #0]
10002436:	bd10      	pop	{r4, pc}
10002438:	4c0a      	ldr	r4, [pc, #40]	@ (10002464 <__aeabi_float_init+0x54>)
1000243a:	2254      	movs	r2, #84	@ 0x54
1000243c:	0020      	movs	r0, r4
1000243e:	f000 f84f 	bl	100024e0 <__wrap___aeabi_memcpy>
10002442:	4b0b      	ldr	r3, [pc, #44]	@ (10002470 <__aeabi_float_init+0x60>)
10002444:	6563      	str	r3, [r4, #84]	@ 0x54
10002446:	65a3      	str	r3, [r4, #88]	@ 0x58
10002448:	65e3      	str	r3, [r4, #92]	@ 0x5c
1000244a:	6623      	str	r3, [r4, #96]	@ 0x60
1000244c:	6663      	str	r3, [r4, #100]	@ 0x64
1000244e:	66a3      	str	r3, [r4, #104]	@ 0x68
10002450:	66e3      	str	r3, [r4, #108]	@ 0x6c
10002452:	6723      	str	r3, [r4, #112]	@ 0x70
10002454:	6763      	str	r3, [r4, #116]	@ 0x74
10002456:	67a3      	str	r3, [r4, #120]	@ 0x78
10002458:	67e3      	str	r3, [r4, #124]	@ 0x7c
1000245a:	6223      	str	r3, [r4, #32]
1000245c:	61e3      	str	r3, [r4, #28]
1000245e:	e7e5      	b.n	1000242c <__aeabi_float_init+0x1c>
10002460:	00004653 	.word	0x00004653
10002464:	20000468 	.word	0x20000468
10002468:	0000334c 	.word	0x0000334c
1000246c:	200005c8 	.word	0x200005c8
10002470:	10002475 	.word	0x10002475

10002474 <float_table_shim_on_use_helper>:
10002474:	b507      	push	{r0, r1, r2, lr}
10002476:	4660      	mov	r0, ip
10002478:	8801      	ldrh	r1, [r0, #0]
1000247a:	0a0a      	lsrs	r2, r1, #8
1000247c:	3002      	adds	r0, #2
1000247e:	2adf      	cmp	r2, #223	@ 0xdf
10002480:	d1fa      	bne.n	10002478 <float_table_shim_on_use_helper+0x4>
10002482:	b2c9      	uxtb	r1, r1
10002484:	0882      	lsrs	r2, r0, #2
10002486:	d304      	bcc.n	10002492 <float_table_shim_on_use_helper+0x1e>
10002488:	8802      	ldrh	r2, [r0, #0]
1000248a:	8840      	ldrh	r0, [r0, #2]
1000248c:	0400      	lsls	r0, r0, #16
1000248e:	4310      	orrs	r0, r2
10002490:	e000      	b.n	10002494 <float_table_shim_on_use_helper+0x20>
10002492:	6800      	ldr	r0, [r0, #0]
10002494:	4a01      	ldr	r2, [pc, #4]	@ (1000249c <float_table_shim_on_use_helper+0x28>)
10002496:	5050      	str	r0, [r2, r1]
10002498:	9003      	str	r0, [sp, #12]
1000249a:	bd07      	pop	{r0, r1, r2, pc}
1000249c:	20000468 	.word	0x20000468

100024a0 <float2double_shim>:
100024a0:	0fc3      	lsrs	r3, r0, #31
100024a2:	07db      	lsls	r3, r3, #31
100024a4:	0041      	lsls	r1, r0, #1
100024a6:	0e0a      	lsrs	r2, r1, #24
100024a8:	d007      	beq.n	100024ba <float2double_shim+0x1a>
100024aa:	2aff      	cmp	r2, #255	@ 0xff
100024ac:	d008      	beq.n	100024c0 <float2double_shim+0x20>
100024ae:	0909      	lsrs	r1, r1, #4
100024b0:	4a05      	ldr	r2, [pc, #20]	@ (100024c8 <float2double_shim+0x28>)
100024b2:	1889      	adds	r1, r1, r2
100024b4:	4319      	orrs	r1, r3
100024b6:	0740      	lsls	r0, r0, #29
100024b8:	4770      	bx	lr
100024ba:	0019      	movs	r1, r3
100024bc:	2000      	movs	r0, #0
100024be:	4770      	bx	lr
100024c0:	4902      	ldr	r1, [pc, #8]	@ (100024cc <float2double_shim+0x2c>)
100024c2:	18c9      	adds	r1, r1, r3
100024c4:	e7fa      	b.n	100024bc <float2double_shim+0x1c>
100024c6:	0000      	.short	0x0000
100024c8:	38000000 	.word	0x38000000
100024cc:	7ff00000 	.word	0x7ff00000

100024d0 <__aeabi_mem_init>:
100024d0:	4801      	ldr	r0, [pc, #4]	@ (100024d8 <__aeabi_mem_init+0x8>)
100024d2:	2104      	movs	r1, #4
100024d4:	4b01      	ldr	r3, [pc, #4]	@ (100024dc <__aeabi_mem_init+0xc>)
100024d6:	4718      	bx	r3
100024d8:	200001d0 	.word	0x200001d0
100024dc:	10001089 	.word	0x10001089

100024e0 <__wrap___aeabi_memcpy>:
100024e0:	4b01      	ldr	r3, [pc, #4]	@ (100024e8 <__wrap___aeabi_memcpy+0x8>)
100024e2:	685b      	ldr	r3, [r3, #4]
100024e4:	4718      	bx	r3
100024e6:	0000      	.short	0x0000
100024e8:	200001d0 	.word	0x200001d0

100024ec <_out_char>:
100024ec:	b510      	push	{r4, lr}
100024ee:	2800      	cmp	r0, #0
100024f0:	d100      	bne.n	100024f4 <_out_char+0x8>
100024f2:	bd10      	pop	{r4, pc}
100024f4:	f000 f914 	bl	10002720 <__wrap_putchar>
100024f8:	e7fb      	b.n	100024f2 <_out_char+0x6>
100024fa:	46c0      	nop			@ (mov r8, r8)

100024fc <weak_raw_vprintf>:
100024fc:	b510      	push	{r4, lr}
100024fe:	4a09      	ldr	r2, [pc, #36]	@ (10002524 <weak_raw_vprintf+0x28>)
10002500:	0003      	movs	r3, r0
10002502:	6814      	ldr	r4, [r2, #0]
10002504:	b084      	sub	sp, #16
10002506:	2c00      	cmp	r4, #0
10002508:	d008      	beq.n	1000251c <weak_raw_vprintf+0x20>
1000250a:	2201      	movs	r2, #1
1000250c:	9100      	str	r1, [sp, #0]
1000250e:	4806      	ldr	r0, [pc, #24]	@ (10002528 <weak_raw_vprintf+0x2c>)
10002510:	4252      	negs	r2, r2
10002512:	a903      	add	r1, sp, #12
10002514:	47a0      	blx	r4
10002516:	2001      	movs	r0, #1
10002518:	b004      	add	sp, #16
1000251a:	bd10      	pop	{r4, pc}
1000251c:	f000 f94a 	bl	100027b4 <__wrap_puts>
10002520:	2000      	movs	r0, #0
10002522:	e7f9      	b.n	10002518 <weak_raw_vprintf+0x1c>
10002524:	2000059c 	.word	0x2000059c
10002528:	100024ed 	.word	0x100024ed

1000252c <_exit>:
1000252c:	be00      	bkpt	0x0000
1000252e:	e7fd      	b.n	1000252c <_exit>

10002530 <exit>:
10002530:	b510      	push	{r4, lr}
10002532:	f7ff fffb 	bl	1000252c <_exit>
10002536:	46c0      	nop			@ (mov r8, r8)

10002538 <runtime_init>:
10002538:	b570      	push	{r4, r5, r6, lr}
1000253a:	f7fe fde3 	bl	10001104 <runtime_run_initializers>
1000253e:	4d07      	ldr	r5, [pc, #28]	@ (1000255c <runtime_init+0x24>)
10002540:	4e07      	ldr	r6, [pc, #28]	@ (10002560 <runtime_init+0x28>)
10002542:	42b5      	cmp	r5, r6
10002544:	d209      	bcs.n	1000255a <runtime_init+0x22>
10002546:	2400      	movs	r4, #0
10002548:	3e01      	subs	r6, #1
1000254a:	1b76      	subs	r6, r6, r5
1000254c:	08b6      	lsrs	r6, r6, #2
1000254e:	cd08      	ldmia	r5!, {r3}
10002550:	4798      	blx	r3
10002552:	0023      	movs	r3, r4
10002554:	3401      	adds	r4, #1
10002556:	42b3      	cmp	r3, r6
10002558:	d1f9      	bne.n	1000254e <runtime_init+0x16>
1000255a:	bd70      	pop	{r4, r5, r6, pc}
1000255c:	100028bc 	.word	0x100028bc
10002560:	100028c0 	.word	0x100028c0

10002564 <stdio_out_chars_no_crlf>:
10002564:	0003      	movs	r3, r0
10002566:	b510      	push	{r4, lr}
10002568:	0008      	movs	r0, r1
1000256a:	0011      	movs	r1, r2
1000256c:	681b      	ldr	r3, [r3, #0]
1000256e:	4798      	blx	r3
10002570:	bd10      	pop	{r4, pc}
10002572:	46c0      	nop			@ (mov r8, r8)

10002574 <stdio_out_chars_crlf>:
10002574:	b5f0      	push	{r4, r5, r6, r7, lr}
10002576:	46c6      	mov	lr, r8
10002578:	b500      	push	{lr}
1000257a:	7d43      	ldrb	r3, [r0, #21]
1000257c:	0007      	movs	r7, r0
1000257e:	000c      	movs	r4, r1
10002580:	0016      	movs	r6, r2
10002582:	2b00      	cmp	r3, #0
10002584:	d046      	beq.n	10002614 <stdio_out_chars_crlf+0xa0>
10002586:	2a00      	cmp	r2, #0
10002588:	dd17      	ble.n	100025ba <stdio_out_chars_crlf+0x46>
1000258a:	780b      	ldrb	r3, [r1, #0]
1000258c:	2b0a      	cmp	r3, #10
1000258e:	d024      	beq.n	100025da <stdio_out_chars_crlf+0x66>
10002590:	2300      	movs	r3, #0
10002592:	4698      	mov	r8, r3
10002594:	2e01      	cmp	r6, #1
10002596:	d013      	beq.n	100025c0 <stdio_out_chars_crlf+0x4c>
10002598:	2501      	movs	r5, #1
1000259a:	0029      	movs	r1, r5
1000259c:	5c63      	ldrb	r3, [r4, r1]
1000259e:	3501      	adds	r5, #1
100025a0:	2b0a      	cmp	r3, #10
100025a2:	d026      	beq.n	100025f2 <stdio_out_chars_crlf+0x7e>
100025a4:	42b5      	cmp	r5, r6
100025a6:	d1f8      	bne.n	1000259a <stdio_out_chars_crlf+0x26>
100025a8:	4546      	cmp	r6, r8
100025aa:	dc09      	bgt.n	100025c0 <stdio_out_chars_crlf+0x4c>
100025ac:	19a4      	adds	r4, r4, r6
100025ae:	3c01      	subs	r4, #1
100025b0:	7823      	ldrb	r3, [r4, #0]
100025b2:	3b0d      	subs	r3, #13
100025b4:	425a      	negs	r2, r3
100025b6:	4153      	adcs	r3, r2
100025b8:	753b      	strb	r3, [r7, #20]
100025ba:	bc80      	pop	{r7}
100025bc:	46b8      	mov	r8, r7
100025be:	bdf0      	pop	{r4, r5, r6, r7, pc}
100025c0:	4643      	mov	r3, r8
100025c2:	18e0      	adds	r0, r4, r3
100025c4:	19a4      	adds	r4, r4, r6
100025c6:	1af1      	subs	r1, r6, r3
100025c8:	3c01      	subs	r4, #1
100025ca:	683b      	ldr	r3, [r7, #0]
100025cc:	4798      	blx	r3
100025ce:	7823      	ldrb	r3, [r4, #0]
100025d0:	3b0d      	subs	r3, #13
100025d2:	425a      	negs	r2, r3
100025d4:	4153      	adcs	r3, r2
100025d6:	753b      	strb	r3, [r7, #20]
100025d8:	e7ef      	b.n	100025ba <stdio_out_chars_crlf+0x46>
100025da:	7d03      	ldrb	r3, [r0, #20]
100025dc:	2b00      	cmp	r3, #0
100025de:	d1d7      	bne.n	10002590 <stdio_out_chars_crlf+0x1c>
100025e0:	2102      	movs	r1, #2
100025e2:	480f      	ldr	r0, [pc, #60]	@ (10002620 <stdio_out_chars_crlf+0xac>)
100025e4:	683b      	ldr	r3, [r7, #0]
100025e6:	4798      	blx	r3
100025e8:	2e01      	cmp	r6, #1
100025ea:	d0df      	beq.n	100025ac <stdio_out_chars_crlf+0x38>
100025ec:	2301      	movs	r3, #1
100025ee:	4698      	mov	r8, r3
100025f0:	e7d2      	b.n	10002598 <stdio_out_chars_crlf+0x24>
100025f2:	1e63      	subs	r3, r4, #1
100025f4:	5c5b      	ldrb	r3, [r3, r1]
100025f6:	2b0d      	cmp	r3, #13
100025f8:	d0d4      	beq.n	100025a4 <stdio_out_chars_crlf+0x30>
100025fa:	4588      	cmp	r8, r1
100025fc:	da04      	bge.n	10002608 <stdio_out_chars_crlf+0x94>
100025fe:	4643      	mov	r3, r8
10002600:	1ac9      	subs	r1, r1, r3
10002602:	18e0      	adds	r0, r4, r3
10002604:	683b      	ldr	r3, [r7, #0]
10002606:	4798      	blx	r3
10002608:	2102      	movs	r1, #2
1000260a:	4805      	ldr	r0, [pc, #20]	@ (10002620 <stdio_out_chars_crlf+0xac>)
1000260c:	683b      	ldr	r3, [r7, #0]
1000260e:	46a8      	mov	r8, r5
10002610:	4798      	blx	r3
10002612:	e7c7      	b.n	100025a4 <stdio_out_chars_crlf+0x30>
10002614:	6803      	ldr	r3, [r0, #0]
10002616:	0011      	movs	r1, r2
10002618:	0020      	movs	r0, r4
1000261a:	4798      	blx	r3
1000261c:	e7cd      	b.n	100025ba <stdio_out_chars_crlf+0x46>
1000261e:	46c0      	nop			@ (mov r8, r8)
10002620:	1000299c 	.word	0x1000299c

10002624 <stdio_put_string>:
10002624:	b5f0      	push	{r4, r5, r6, r7, lr}
10002626:	4645      	mov	r5, r8
10002628:	46de      	mov	lr, fp
1000262a:	464e      	mov	r6, r9
1000262c:	4657      	mov	r7, sl
1000262e:	b5e0      	push	{r5, r6, r7, lr}
10002630:	b083      	sub	sp, #12
10002632:	4691      	mov	r9, r2
10002634:	001c      	movs	r4, r3
10002636:	4680      	mov	r8, r0
10002638:	000d      	movs	r5, r1
1000263a:	f7fe fbad 	bl	10000d98 <time_us_64>
1000263e:	2300      	movs	r3, #0
10002640:	4a30      	ldr	r2, [pc, #192]	@ (10002704 <stdio_put_string+0xe0>)
10002642:	1812      	adds	r2, r2, r0
10002644:	414b      	adcs	r3, r1
10002646:	2b00      	cmp	r3, #0
10002648:	da02      	bge.n	10002650 <stdio_put_string+0x2c>
1000264a:	2201      	movs	r2, #1
1000264c:	4b2e      	ldr	r3, [pc, #184]	@ (10002708 <stdio_put_string+0xe4>)
1000264e:	4252      	negs	r2, r2
10002650:	492e      	ldr	r1, [pc, #184]	@ (1000270c <stdio_put_string+0xe8>)
10002652:	0008      	movs	r0, r1
10002654:	468a      	mov	sl, r1
10002656:	f000 f90b 	bl	10002870 <__mutex_try_enter_block_until_veneer>
1000265a:	0007      	movs	r7, r0
1000265c:	1c6b      	adds	r3, r5, #1
1000265e:	d103      	bne.n	10002668 <stdio_put_string+0x44>
10002660:	4640      	mov	r0, r8
10002662:	f000 f8c5 	bl	100027f0 <strlen>
10002666:	0005      	movs	r5, r0
10002668:	2c00      	cmp	r4, #0
1000266a:	d027      	beq.n	100026bc <stdio_put_string+0x98>
1000266c:	4e28      	ldr	r6, [pc, #160]	@ (10002710 <stdio_put_string+0xec>)
1000266e:	4b29      	ldr	r3, [pc, #164]	@ (10002714 <stdio_put_string+0xf0>)
10002670:	681c      	ldr	r4, [r3, #0]
10002672:	2c00      	cmp	r4, #0
10002674:	d018      	beq.n	100026a8 <stdio_put_string+0x84>
10002676:	464b      	mov	r3, r9
10002678:	2b00      	cmp	r3, #0
1000267a:	d121      	bne.n	100026c0 <stdio_put_string+0x9c>
1000267c:	4b26      	ldr	r3, [pc, #152]	@ (10002718 <stdio_put_string+0xf4>)
1000267e:	4699      	mov	r9, r3
10002680:	e002      	b.n	10002688 <stdio_put_string+0x64>
10002682:	6924      	ldr	r4, [r4, #16]
10002684:	2c00      	cmp	r4, #0
10002686:	d00f      	beq.n	100026a8 <stdio_put_string+0x84>
10002688:	6823      	ldr	r3, [r4, #0]
1000268a:	2b00      	cmp	r3, #0
1000268c:	d0f9      	beq.n	10002682 <stdio_put_string+0x5e>
1000268e:	464b      	mov	r3, r9
10002690:	681b      	ldr	r3, [r3, #0]
10002692:	2b00      	cmp	r3, #0
10002694:	d001      	beq.n	1000269a <stdio_put_string+0x76>
10002696:	429c      	cmp	r4, r3
10002698:	d1f3      	bne.n	10002682 <stdio_put_string+0x5e>
1000269a:	0020      	movs	r0, r4
1000269c:	002a      	movs	r2, r5
1000269e:	4641      	mov	r1, r8
100026a0:	47b0      	blx	r6
100026a2:	6924      	ldr	r4, [r4, #16]
100026a4:	2c00      	cmp	r4, #0
100026a6:	d1ef      	bne.n	10002688 <stdio_put_string+0x64>
100026a8:	2f00      	cmp	r7, #0
100026aa:	d126      	bne.n	100026fa <stdio_put_string+0xd6>
100026ac:	0028      	movs	r0, r5
100026ae:	b003      	add	sp, #12
100026b0:	bcf0      	pop	{r4, r5, r6, r7}
100026b2:	46bb      	mov	fp, r7
100026b4:	46b2      	mov	sl, r6
100026b6:	46a9      	mov	r9, r5
100026b8:	46a0      	mov	r8, r4
100026ba:	bdf0      	pop	{r4, r5, r6, r7, pc}
100026bc:	4e17      	ldr	r6, [pc, #92]	@ (1000271c <stdio_put_string+0xf8>)
100026be:	e7d6      	b.n	1000266e <stdio_put_string+0x4a>
100026c0:	4b15      	ldr	r3, [pc, #84]	@ (10002718 <stdio_put_string+0xf4>)
100026c2:	4699      	mov	r9, r3
100026c4:	230a      	movs	r3, #10
100026c6:	469b      	mov	fp, r3
100026c8:	e002      	b.n	100026d0 <stdio_put_string+0xac>
100026ca:	6924      	ldr	r4, [r4, #16]
100026cc:	2c00      	cmp	r4, #0
100026ce:	d0eb      	beq.n	100026a8 <stdio_put_string+0x84>
100026d0:	6823      	ldr	r3, [r4, #0]
100026d2:	2b00      	cmp	r3, #0
100026d4:	d0f9      	beq.n	100026ca <stdio_put_string+0xa6>
100026d6:	464b      	mov	r3, r9
100026d8:	681b      	ldr	r3, [r3, #0]
100026da:	2b00      	cmp	r3, #0
100026dc:	d001      	beq.n	100026e2 <stdio_put_string+0xbe>
100026de:	42a3      	cmp	r3, r4
100026e0:	d1f3      	bne.n	100026ca <stdio_put_string+0xa6>
100026e2:	002a      	movs	r2, r5
100026e4:	4641      	mov	r1, r8
100026e6:	0020      	movs	r0, r4
100026e8:	47b0      	blx	r6
100026ea:	466b      	mov	r3, sp
100026ec:	465a      	mov	r2, fp
100026ee:	0020      	movs	r0, r4
100026f0:	71da      	strb	r2, [r3, #7]
100026f2:	1dd9      	adds	r1, r3, #7
100026f4:	2201      	movs	r2, #1
100026f6:	47b0      	blx	r6
100026f8:	e7e7      	b.n	100026ca <stdio_put_string+0xa6>
100026fa:	4650      	mov	r0, sl
100026fc:	f000 f8a8 	bl	10002850 <__mutex_exit_veneer>
10002700:	e7d4      	b.n	100026ac <stdio_put_string+0x88>
10002702:	46c0      	nop			@ (mov r8, r8)
10002704:	000f4240 	.word	0x000f4240
10002708:	7fffffff 	.word	0x7fffffff
1000270c:	200001e0 	.word	0x200001e0
10002710:	10002575 	.word	0x10002575
10002714:	20000594 	.word	0x20000594
10002718:	20000598 	.word	0x20000598
1000271c:	10002565 	.word	0x10002565

10002720 <__wrap_putchar>:
10002720:	b5f0      	push	{r4, r5, r6, r7, lr}
10002722:	46ce      	mov	lr, r9
10002724:	4647      	mov	r7, r8
10002726:	b580      	push	{r7, lr}
10002728:	b083      	sub	sp, #12
1000272a:	466b      	mov	r3, sp
1000272c:	0006      	movs	r6, r0
1000272e:	1ddd      	adds	r5, r3, #7
10002730:	7028      	strb	r0, [r5, #0]
10002732:	f7fe fb31 	bl	10000d98 <time_us_64>
10002736:	2300      	movs	r3, #0
10002738:	4a19      	ldr	r2, [pc, #100]	@ (100027a0 <__wrap_putchar+0x80>)
1000273a:	1812      	adds	r2, r2, r0
1000273c:	414b      	adcs	r3, r1
1000273e:	2b00      	cmp	r3, #0
10002740:	da02      	bge.n	10002748 <__wrap_putchar+0x28>
10002742:	2201      	movs	r2, #1
10002744:	4b17      	ldr	r3, [pc, #92]	@ (100027a4 <__wrap_putchar+0x84>)
10002746:	4252      	negs	r2, r2
10002748:	4917      	ldr	r1, [pc, #92]	@ (100027a8 <__wrap_putchar+0x88>)
1000274a:	0008      	movs	r0, r1
1000274c:	4688      	mov	r8, r1
1000274e:	f000 f88f 	bl	10002870 <__mutex_try_enter_block_until_veneer>
10002752:	4b16      	ldr	r3, [pc, #88]	@ (100027ac <__wrap_putchar+0x8c>)
10002754:	4681      	mov	r9, r0
10002756:	681c      	ldr	r4, [r3, #0]
10002758:	2c00      	cmp	r4, #0
1000275a:	d014      	beq.n	10002786 <__wrap_putchar+0x66>
1000275c:	4f14      	ldr	r7, [pc, #80]	@ (100027b0 <__wrap_putchar+0x90>)
1000275e:	e002      	b.n	10002766 <__wrap_putchar+0x46>
10002760:	6924      	ldr	r4, [r4, #16]
10002762:	2c00      	cmp	r4, #0
10002764:	d00f      	beq.n	10002786 <__wrap_putchar+0x66>
10002766:	6823      	ldr	r3, [r4, #0]
10002768:	2b00      	cmp	r3, #0
1000276a:	d0f9      	beq.n	10002760 <__wrap_putchar+0x40>
1000276c:	683b      	ldr	r3, [r7, #0]
1000276e:	2b00      	cmp	r3, #0
10002770:	d001      	beq.n	10002776 <__wrap_putchar+0x56>
10002772:	429c      	cmp	r4, r3
10002774:	d1f4      	bne.n	10002760 <__wrap_putchar+0x40>
10002776:	0020      	movs	r0, r4
10002778:	2201      	movs	r2, #1
1000277a:	0029      	movs	r1, r5
1000277c:	f7ff fefa 	bl	10002574 <stdio_out_chars_crlf>
10002780:	6924      	ldr	r4, [r4, #16]
10002782:	2c00      	cmp	r4, #0
10002784:	d1ef      	bne.n	10002766 <__wrap_putchar+0x46>
10002786:	464b      	mov	r3, r9
10002788:	2b00      	cmp	r3, #0
1000278a:	d105      	bne.n	10002798 <__wrap_putchar+0x78>
1000278c:	0030      	movs	r0, r6
1000278e:	b003      	add	sp, #12
10002790:	bcc0      	pop	{r6, r7}
10002792:	46b9      	mov	r9, r7
10002794:	46b0      	mov	r8, r6
10002796:	bdf0      	pop	{r4, r5, r6, r7, pc}
10002798:	4640      	mov	r0, r8
1000279a:	f000 f859 	bl	10002850 <__mutex_exit_veneer>
1000279e:	e7f5      	b.n	1000278c <__wrap_putchar+0x6c>
100027a0:	000f4240 	.word	0x000f4240
100027a4:	7fffffff 	.word	0x7fffffff
100027a8:	200001e0 	.word	0x200001e0
100027ac:	20000594 	.word	0x20000594
100027b0:	20000598 	.word	0x20000598

100027b4 <__wrap_puts>:
100027b4:	b570      	push	{r4, r5, r6, lr}
100027b6:	0004      	movs	r4, r0
100027b8:	f000 f81a 	bl	100027f0 <strlen>
100027bc:	2301      	movs	r3, #1
100027be:	0001      	movs	r1, r0
100027c0:	0005      	movs	r5, r0
100027c2:	2201      	movs	r2, #1
100027c4:	0020      	movs	r0, r4
100027c6:	f7ff ff2d 	bl	10002624 <stdio_put_string>
100027ca:	4b08      	ldr	r3, [pc, #32]	@ (100027ec <__wrap_puts+0x38>)
100027cc:	681c      	ldr	r4, [r3, #0]
100027ce:	2c00      	cmp	r4, #0
100027d0:	d006      	beq.n	100027e0 <__wrap_puts+0x2c>
100027d2:	6863      	ldr	r3, [r4, #4]
100027d4:	2b00      	cmp	r3, #0
100027d6:	d005      	beq.n	100027e4 <__wrap_puts+0x30>
100027d8:	4798      	blx	r3
100027da:	6924      	ldr	r4, [r4, #16]
100027dc:	2c00      	cmp	r4, #0
100027de:	d1f8      	bne.n	100027d2 <__wrap_puts+0x1e>
100027e0:	0028      	movs	r0, r5
100027e2:	bd70      	pop	{r4, r5, r6, pc}
100027e4:	6924      	ldr	r4, [r4, #16]
100027e6:	2c00      	cmp	r4, #0
100027e8:	d1f3      	bne.n	100027d2 <__wrap_puts+0x1e>
100027ea:	e7f9      	b.n	100027e0 <__wrap_puts+0x2c>
100027ec:	20000594 	.word	0x20000594

100027f0 <strlen>:
100027f0:	b510      	push	{r4, lr}
100027f2:	0783      	lsls	r3, r0, #30
100027f4:	d00a      	beq.n	1000280c <strlen+0x1c>
100027f6:	0003      	movs	r3, r0
100027f8:	2103      	movs	r1, #3
100027fa:	e002      	b.n	10002802 <strlen+0x12>
100027fc:	3301      	adds	r3, #1
100027fe:	420b      	tst	r3, r1
10002800:	d005      	beq.n	1000280e <strlen+0x1e>
10002802:	781a      	ldrb	r2, [r3, #0]
10002804:	2a00      	cmp	r2, #0
10002806:	d1f9      	bne.n	100027fc <strlen+0xc>
10002808:	1a18      	subs	r0, r3, r0
1000280a:	bd10      	pop	{r4, pc}
1000280c:	0003      	movs	r3, r0
1000280e:	6819      	ldr	r1, [r3, #0]
10002810:	4a0c      	ldr	r2, [pc, #48]	@ (10002844 <strlen+0x54>)
10002812:	4c0d      	ldr	r4, [pc, #52]	@ (10002848 <strlen+0x58>)
10002814:	188a      	adds	r2, r1, r2
10002816:	438a      	bics	r2, r1
10002818:	4222      	tst	r2, r4
1000281a:	d10f      	bne.n	1000283c <strlen+0x4c>
1000281c:	6859      	ldr	r1, [r3, #4]
1000281e:	4a09      	ldr	r2, [pc, #36]	@ (10002844 <strlen+0x54>)
10002820:	3304      	adds	r3, #4
10002822:	188a      	adds	r2, r1, r2
10002824:	438a      	bics	r2, r1
10002826:	4222      	tst	r2, r4
10002828:	d108      	bne.n	1000283c <strlen+0x4c>
1000282a:	6859      	ldr	r1, [r3, #4]
1000282c:	4a05      	ldr	r2, [pc, #20]	@ (10002844 <strlen+0x54>)
1000282e:	3304      	adds	r3, #4
10002830:	188a      	adds	r2, r1, r2
10002832:	438a      	bics	r2, r1
10002834:	4222      	tst	r2, r4
10002836:	d0f1      	beq.n	1000281c <strlen+0x2c>
10002838:	e000      	b.n	1000283c <strlen+0x4c>
1000283a:	3301      	adds	r3, #1
1000283c:	781a      	ldrb	r2, [r3, #0]
1000283e:	2a00      	cmp	r2, #0
10002840:	d1fb      	bne.n	1000283a <strlen+0x4a>
10002842:	e7e1      	b.n	10002808 <strlen+0x18>
10002844:	fefefeff 	.word	0xfefefeff
10002848:	80808080 	.word	0x80808080

1000284c <_fini>:
1000284c:	b5f8      	push	{r3, r4, r5, r6, r7, lr}
1000284e:	46c0      	nop			@ (mov r8, r8)

10002850 <__mutex_exit_veneer>:
10002850:	b401      	push	{r0}
10002852:	4802      	ldr	r0, [pc, #8]	@ (1000285c <__mutex_exit_veneer+0xc>)
10002854:	4684      	mov	ip, r0
10002856:	bc01      	pop	{r0}
10002858:	4760      	bx	ip
1000285a:	bf00      	nop
1000285c:	20000159 	.word	0x20000159

10002860 <____aeabi_idiv0_veneer>:
10002860:	b401      	push	{r0}
10002862:	4802      	ldr	r0, [pc, #8]	@ (1000286c <____aeabi_idiv0_veneer+0xc>)
10002864:	4684      	mov	ip, r0
10002866:	bc01      	pop	{r0}
10002868:	4760      	bx	ip
1000286a:	bf00      	nop
1000286c:	20000181 	.word	0x20000181

10002870 <__mutex_try_enter_block_until_veneer>:
10002870:	b401      	push	{r0}
10002872:	4802      	ldr	r0, [pc, #8]	@ (1000287c <__mutex_try_enter_block_until_veneer+0xc>)
10002874:	4684      	mov	ip, r0
10002876:	bc01      	pop	{r0}
10002878:	4760      	bx	ip
1000287a:	bf00      	nop
1000287c:	200000c1 	.word	0x200000c1

10002880 <__pre_init_runtime_init_early_resets>:
10002880:	1000112d                                -...

10002884 <__pre_init_runtime_init_usb_power_down>:
10002884:	10001159 1000133d 100024d1 100015b1     Y...=....$......
10002894:	10002411                                .$..

10002898 <__pre_init_runtime_init_clocks>:
10002898:	10001265                                e...

1000289c <__pre_init_runtime_init_post_clock_resets>:
1000289c:	10001175                                u...

100028a0 <__pre_init_runtime_init_rp2040_gpio_ie_disable>:
100028a0:	10001195                                ....

100028a4 <__pre_init_runtime_init_spin_locks_reset>:
100028a4:	100011a9                                ....

100028a8 <__pre_init_runtime_init_mutex>:
100028a8:	100005ed                                ....

100028ac <__pre_init_runtime_init_install_ram_vector_table>:
100028ac:	100011b1                                ....

100028b0 <__pre_init_runtime_init_default_alarm_pool>:
100028b0:	1000096d                                m...

100028b4 <__pre_init_first_per_core_initializer>:
100028b4:	100010f5                                ....

100028b8 <__pre_init_runtime_init_per_core_irq_priorities>:
100028b8:	10000541                                A...

100028bc <__frame_dummy_init_array_entry>:
100028bc:	100002b1                                ....

Disassembly of section .data:

200000c0 <mutex_try_enter_block_until>:
200000c0:	b5f0      	push	{r4, r5, r6, r7, lr}
200000c2:	46c6      	mov	lr, r8
200000c4:	0015      	movs	r5, r2
200000c6:	b500      	push	{lr}
200000c8:	0004      	movs	r4, r0
200000ca:	001e      	movs	r6, r3
200000cc:	6802      	ldr	r2, [r0, #0]
200000ce:	f3ef 8110 	mrs	r1, PRIMASK
200000d2:	b672      	cpsid	i
200000d4:	6813      	ldr	r3, [r2, #0]
200000d6:	2b00      	cmp	r3, #0
200000d8:	d0fc      	beq.n	200000d4 <mutex_try_enter_block_until+0x14>
200000da:	f3bf 8f5f 	dmb	sy
200000de:	2304      	movs	r3, #4
200000e0:	56e3      	ldrsb	r3, [r4, r3]
200000e2:	6822      	ldr	r2, [r4, #0]
200000e4:	2b00      	cmp	r3, #0
200000e6:	db2b      	blt.n	20000140 <mutex_try_enter_block_until+0x80>
200000e8:	f3bf 8f5f 	dmb	sy
200000ec:	2000      	movs	r0, #0
200000ee:	6010      	str	r0, [r2, #0]
200000f0:	f381 8810 	msr	PRIMASK, r1
200000f4:	22d0      	movs	r2, #208	@ 0xd0
200000f6:	0612      	lsls	r2, r2, #24
200000f8:	7812      	ldrb	r2, [r2, #0]
200000fa:	2700      	movs	r7, #0
200000fc:	b252      	sxtb	r2, r2
200000fe:	4690      	mov	r8, r2
20000100:	429a      	cmp	r2, r3
20000102:	d10e      	bne.n	20000122 <mutex_try_enter_block_until+0x62>
20000104:	2000      	movs	r0, #0
20000106:	bc80      	pop	{r7}
20000108:	46b8      	mov	r8, r7
2000010a:	bdf0      	pop	{r4, r5, r6, r7, pc}
2000010c:	f3bf 8f5f 	dmb	sy
20000110:	6017      	str	r7, [r2, #0]
20000112:	f381 8810 	msr	PRIMASK, r1
20000116:	0028      	movs	r0, r5
20000118:	0031      	movs	r1, r6
2000011a:	f000 f835 	bl	20000188 <__best_effort_wfe_or_timeout_veneer>
2000011e:	2800      	cmp	r0, #0
20000120:	d1f0      	bne.n	20000104 <mutex_try_enter_block_until+0x44>
20000122:	6822      	ldr	r2, [r4, #0]
20000124:	f3ef 8110 	mrs	r1, PRIMASK
20000128:	b672      	cpsid	i
2000012a:	6813      	ldr	r3, [r2, #0]
2000012c:	2b00      	cmp	r3, #0
2000012e:	d0fc      	beq.n	2000012a <mutex_try_enter_block_until+0x6a>
20000130:	f3bf 8f5f 	dmb	sy
20000134:	7923      	ldrb	r3, [r4, #4]
20000136:	6822      	ldr	r2, [r4, #0]
20000138:	2b7f      	cmp	r3, #127	@ 0x7f
2000013a:	d9e7      	bls.n	2000010c <mutex_try_enter_block_until+0x4c>
2000013c:	4643      	mov	r3, r8
2000013e:	e002      	b.n	20000146 <mutex_try_enter_block_until+0x86>
20000140:	23d0      	movs	r3, #208	@ 0xd0
20000142:	061b      	lsls	r3, r3, #24
20000144:	681b      	ldr	r3, [r3, #0]
20000146:	7123      	strb	r3, [r4, #4]
20000148:	f3bf 8f5f 	dmb	sy
2000014c:	2300      	movs	r3, #0
2000014e:	6013      	str	r3, [r2, #0]
20000150:	f381 8810 	msr	PRIMASK, r1
20000154:	2001      	movs	r0, #1
20000156:	e7d6      	b.n	20000106 <mutex_try_enter_block_until+0x46>

20000158 <mutex_exit>:
20000158:	6802      	ldr	r2, [r0, #0]
2000015a:	f3ef 8110 	mrs	r1, PRIMASK
2000015e:	b672      	cpsid	i
20000160:	6813      	ldr	r3, [r2, #0]
20000162:	2b00      	cmp	r3, #0
20000164:	d0fc      	beq.n	20000160 <mutex_exit+0x8>
20000166:	f3bf 8f5f 	dmb	sy
2000016a:	23ff      	movs	r3, #255	@ 0xff
2000016c:	7103      	strb	r3, [r0, #4]
2000016e:	6803      	ldr	r3, [r0, #0]
20000170:	f3bf 8f5f 	dmb	sy
20000174:	2200      	movs	r2, #0
20000176:	601a      	str	r2, [r3, #0]
20000178:	f381 8810 	msr	PRIMASK, r1
2000017c:	bf40      	sev
2000017e:	4770      	bx	lr

20000180 <__aeabi_idiv0>:
20000180:	4770      	bx	lr
20000182:	46c0      	nop			@ (mov r8, r8)
20000184:	0000      	movs	r0, r0
	...

20000188 <__best_effort_wfe_or_timeout_veneer>:
20000188:	b401      	push	{r0}
2000018a:	4802      	ldr	r0, [pc, #8]	@ (20000194 <__best_effort_wfe_or_timeout_veneer+0xc>)
2000018c:	4684      	mov	ip, r0
2000018e:	bc01      	pop	{r0}
20000190:	4760      	bx	ip
20000192:	bf00      	nop
20000194:	10000c69 	.word	0x10000c69

20000198 <striped_spin_lock_num>:
20000198:	00000010                                ....

2000019c <default_alarm_pool>:
	...
200001b0:	200001e8 00000000 00000000 00000000     ... ............

200001c0 <aeabi_bits_funcs>:
200001c0:	00003350 	.word	0x00003350
200001c4:	0000334c 	.word	0x0000334c
200001c8:	00003354 	.word	0x00003354
200001cc:	00003352 	.word	0x00003352

200001d0 <aeabi_bits_funcs_end>:
200001d0:	0000534d 	.word	0x0000534d
200001d4:	0000434d 	.word	0x0000434d
200001d8:	00003453 	.word	0x00003453
200001dc:	00003443 	.word	0x00003443

200001e0 <print_mutex>:
	...
