ISO-10303-21;
HEADER;
FILE_DESCRIPTION (( 'STEP AP203' ),
    '1' );
FILE_NAME ('Part4.STEP',
    '2026-07-29T03:50:50',
    ( '' ),
    ( '' ),
    'SwSTEP 2.0',
    'SolidWorks 2026',
    '' );
FILE_SCHEMA (( 'CONFIG_CONTROL_DESIGN' ));
ENDSEC;

DATA;
#1 = CARTESIAN_POINT ( 'NONE',  ( 21.25000000000000000, 0.000000000000000000, -29.00000000000000355 ) ) ;
#2 = ORIENTED_EDGE ( 'NONE', *, *, #809, .T. ) ;
#3 = PLANE ( 'NONE',  #2984 ) ;
#4 = DIRECTION ( 'NONE',  ( 7.975740119433596573E-16, -0.000000000000000000, 1.000000000000000000 ) ) ;
#5 = VERTEX_POINT ( 'NONE', #2977 ) ;
#6 = DIRECTION ( 'NONE',  ( -0.000000000000000000, 1.000000000000000000, -0.000000000000000000 ) ) ;
#7 = CYLINDRICAL_SURFACE ( 'NONE', #2389, 1.000000000000000888 ) ;
#8 = CARTESIAN_POINT ( 'NONE',  ( 32.45045264709676047, -0.6279925350592246991, -13.51587476358913342 ) ) ;
#9 = EDGE_CURVE ( 'NONE', #215, #2185, #854, .T. ) ;
#10 = EDGE_CURVE ( 'NONE', #977, #1611, #2940, .T. ) ;
#11 = DIRECTION ( 'NONE',  ( -0.7071067811865493491, -0.7071067811865459074, 0.000000000000000000 ) ) ;
#12 = ORIENTED_EDGE ( 'NONE', *, *, #2015, .F. ) ;
#13 = VECTOR ( 'NONE', #1741, 1000.000000000000000 ) ;
#14 = CARTESIAN_POINT ( 'NONE',  ( 25.86301058415174836, 5.297362767499519620, -6.000000000000006217 ) ) ;
#15 = DIRECTION ( 'NONE',  ( -1.508455196501571429E-16, 0.000000000000000000, -1.000000000000000000 ) ) ;
#16 = VERTEX_POINT ( 'NONE', #724 ) ;
#17 = LINE ( 'NONE', #2866, #2633 ) ;
#18 = FACE_OUTER_BOUND ( 'NONE', #1323, .T. ) ;
#19 = CARTESIAN_POINT ( 'NONE',  ( 4.000000000000000000, 7.250000000000000000, -31.00000000000000355 ) ) ;
#20 = ORIENTED_EDGE ( 'NONE', *, *, #3034, .T. ) ;
#21 = AXIS2_PLACEMENT_3D ( 'NONE', #415, #1128, #3036 ) ;
#22 = CARTESIAN_POINT ( 'NONE',  ( 0.2928932188134489301, -0.7928932188134389936, -28.87867965644037227 ) ) ;
#23 = DIRECTION ( 'NONE',  ( 1.000000000000000000, 0.000000000000000000, 0.000000000000000000 ) ) ;
#24 = ORIENTED_EDGE ( 'NONE', *, *, #111, .T. ) ;
#25 = CARTESIAN_POINT ( 'NONE',  ( 1.000000000000000000, -0.08578643762689025509, -28.87867965644037582 ) ) ;
#26 = EDGE_CURVE ( 'NONE', #1361, #2292, #77, .T. ) ;
#27 = DIRECTION ( 'NONE',  ( 0.000000000000000000, -0.000000000000000000, 1.000000000000000000 ) ) ;
#28 = AXIS2_PLACEMENT_3D ( 'NONE', #1037, #1051, #2461 ) ;
#29 = VERTEX_POINT ( 'NONE', #739 ) ;
#30 = EDGE_CURVE ( 'NONE', #1048, #3046, #2293, .T. ) ;
#31 = EDGE_CURVE ( 'NONE', #2707, #2196, #309, .T. ) ;
#32 = LINE ( 'NONE', #1396, #1269 ) ;
#33 = ORIENTED_EDGE ( 'NONE', *, *, #507, .T. ) ;
#34 = DIRECTION ( 'NONE',  ( 1.000000000000000000, 0.000000000000000000, 0.000000000000000000 ) ) ;
#35 = ORIENTED_EDGE ( 'NONE', *, *, #74, .T. ) ;
#36 =( BOUNDED_CURVE ( )  B_SPLINE_CURVE ( 3, ( #419, #1089, #178, #1571 ),
 .UNSPECIFIED., .F., .F. ) 
 B_SPLINE_CURVE_WITH_KNOTS ( ( 4, 4 ),
 ( 0.000000000000000000, 0.5235987755982982605 ),
 .UNSPECIFIED. ) 
 CURVE ( )  GEOMETRIC_REPRESENTATION_ITEM ( )  RATIONAL_B_SPLINE_CURVE ( ( 1.000000000000000000, 0.9772838841927120601, 0.9772838841927120601, 1.000000000000000000 ) ) 
 REPRESENTATION_ITEM ( '' )  );
#37 = DIRECTION ( 'NONE',  ( -0.000000000000000000, -1.000000000000000000, -0.000000000000000000 ) ) ;
#38 = CARTESIAN_POINT ( 'NONE',  ( 32.41649658092773478, -0.5542549348831758982, -29.55487713933535332 ) ) ;
#39 = ORIENTED_EDGE ( 'NONE', *, *, #2715, .F. ) ;
#40 = CARTESIAN_POINT ( 'NONE',  ( 31.87277363345707215, -0.01860112608460165462, -11.84613001409088007 ) ) ;
#41 = CARTESIAN_POINT ( 'NONE',  ( 18.50000000000000355, 0.000000000000000000, -6.000000000000000000 ) ) ;
#42 = ORIENTED_EDGE ( 'NONE', *, *, #849, .T. ) ;
#43 = TOROIDAL_SURFACE ( 'NONE', #2114, 3.350000000000000977, 0.5000000000000000000 ) ;
#44 = CARTESIAN_POINT ( 'NONE',  ( 26.10000000000000142, 0.4622641509433966234, -9.790680462359709679 ) ) ;
#45 = CARTESIAN_POINT ( 'NONE',  ( 26.10000000000000142, 0.4622641509433966234, -14.45931953764029210 ) ) ;
#46 = ORIENTED_EDGE ( 'NONE', *, *, #922, .T. ) ;
#47 = CARTESIAN_POINT ( 'NONE',  ( 4.778509062743191649, 0.2643089358771213981, -34.77850906274318277 ) ) ;
#48 = ORIENTED_EDGE ( 'NONE', *, *, #321, .T. ) ;
#49 = DIRECTION ( 'NONE',  ( 0.000000000000000000, 0.000000000000000000, 1.000000000000000000 ) ) ;
#50 = ORIENTED_EDGE ( 'NONE', *, *, #753, .F. ) ;
#51 = CARTESIAN_POINT ( 'NONE',  ( 5.445262145875655158, 1.359475708248748527, -35.44526214587564539 ) ) ;
#52 = LINE ( 'NONE', #467, #1012 ) ;
#53 = DIRECTION ( 'NONE',  ( 1.000000000000000000, 0.000000000000000000, 0.000000000000000000 ) ) ;
#54 = CC_DESIGN_PERSON_AND_ORGANIZATION_ASSIGNMENT ( #2516, #2266, ( #907 ) ) ;
#55 = EDGE_CURVE ( 'NONE', #2430, #896, #1024, .T. ) ;
#56 = AXIS2_PLACEMENT_3D ( 'NONE', #1712, #491, #1489 ) ;
#57 = CARTESIAN_POINT ( 'NONE',  ( 26.10000000000000142, 6.125000000000000000, -12.12500000000000000 ) ) ;
#58 = DIRECTION ( 'NONE',  ( 0.000000000000000000, 0.000000000000000000, 1.000000000000000000 ) ) ;
#59 = ORIENTED_EDGE ( 'NONE', *, *, #644, .F. ) ;
#60 = FACE_OUTER_BOUND ( 'NONE', #2224, .T. ) ;
#61 = DIRECTION ( 'NONE',  ( 0.7071067811865461294, 0.000000000000000000, 0.7071067811865490160 ) ) ;
#62 = DIRECTION ( 'NONE',  ( 0.000000000000000000, 0.000000000000000000, 1.000000000000000000 ) ) ;
#63 = ORIENTED_EDGE ( 'NONE', *, *, #566, .T. ) ;
#64 = CARTESIAN_POINT ( 'NONE',  ( 14.86192881254225995, -15.36192881254232390, -18.72385762508464779 ) ) ;
#65 = VERTEX_POINT ( 'NONE', #2624 ) ;
#66 = AXIS2_PLACEMENT_3D ( 'NONE', #2778, #636, #2735 ) ;
#67 = DIRECTION ( 'NONE',  ( 1.000000000000000000, 0.000000000000000000, 0.000000000000000000 ) ) ;
#68 = DIRECTION ( 'NONE',  ( 0.000000000000000000, 0.000000000000000000, 1.000000000000000000 ) ) ;
#69 = CC_DESIGN_APPROVAL ( #1461, ( #1544 ) ) ;
#70 = DIRECTION ( 'NONE',  ( 1.000000000000000000, 0.000000000000000000, -1.508455196501571429E-16 ) ) ;
#71 = CIRCLE ( 'NONE', #2537, 6.625000000000000888 ) ;
#72 = AXIS2_PLACEMENT_3D ( 'NONE', #2460, #355, #1050 ) ;
#73 = ADVANCED_FACE ( 'NONE', ( #331 ), #1879, .F. ) ;
#74 = EDGE_CURVE ( 'NONE', #2131, #1738, #1480, .T. ) ;
#75 = DIRECTION ( 'NONE',  ( 0.5773502691896255090, -0.5773502691896270633, 0.5773502691896247319 ) ) ;
#76 = CARTESIAN_POINT ( 'NONE',  ( 32.60000000000000142, 0.1036822533546058606, -29.39631774664541197 ) ) ;
#77 = LINE ( 'NONE', #2398, #568 ) ;
#78 = EDGE_LOOP ( 'NONE', ( #1864, #2005, #2424, #652 ) ) ;
#79 = CARTESIAN_POINT ( 'NONE',  ( 32.30710678118655466, -0.7928932188134389936, -28.87867965644036872 ) ) ;
#80 = EDGE_CURVE ( 'NONE', #2379, #2708, #1244, .T. ) ;
#81 = DIRECTION ( 'NONE',  ( 3.469446951953615767E-15, -0.7071067811865479058, -0.7071067811865471286 ) ) ;
#82 = VECTOR ( 'NONE', #1769, 1000.000000000000000 ) ;
#83 = AXIS2_PLACEMENT_3D ( 'NONE', #1160, #2134, #2334 ) ;
#84 = CARTESIAN_POINT ( 'NONE',  ( 0.1434639734521115373, -0.1258258832470558752, -30.14346397345212836 ) ) ;
#85 = EDGE_LOOP ( 'NONE', ( #478, #1573, #1235, #1409 ) ) ;
#86 = CARTESIAN_POINT ( 'NONE',  ( 0.000000000000000000, 12.25000000000000000, 0.000000000000000000 ) ) ;
#87 = ORIENTED_EDGE ( 'NONE', *, *, #1608, .T. ) ;
#88 = CARTESIAN_POINT ( 'NONE',  ( 21.25000000000000355, 12.25000000000000000, -35.00000000000000000 ) ) ;
#89 = CARTESIAN_POINT ( 'NONE',  ( 25.75090777936220476, 0.2155151253924389443, -10.50267954787968172 ) ) ;
#90 = CARTESIAN_POINT ( 'NONE',  ( 21.25000000000000000, 12.25000000000000000, -29.00000000000000355 ) ) ;
#91 = CARTESIAN_POINT ( 'NONE',  ( 25.59999999999999787, 12.25000000000000000, -29.00000000000000355 ) ) ;
#92 = DIRECTION ( 'NONE',  ( -1.734723475976807341E-16, 1.000000000000000000, 0.000000000000000000 ) ) ;
#93 = CIRCLE ( 'NONE', #2852, 6.625000000000002665 ) ;
#94 = EDGE_CURVE ( 'NONE', #1672, #1378, #952, .T. ) ;
#95 = ADVANCED_FACE ( 'NONE', ( #1895 ), #521, .T. ) ;
#96 = ORIENTED_EDGE ( 'NONE', *, *, #1981, .T. ) ;
#97 = DIRECTION ( 'NONE',  ( 0.000000000000000000, 0.000000000000000000, -1.000000000000000000 ) ) ;
#98 = DIRECTION ( 'NONE',  ( 1.000000000000000000, 0.000000000000000000, 0.000000000000000000 ) ) ;
#99 = AXIS2_PLACEMENT_3D ( 'NONE', #2175, #291, #53 ) ;
#100 = CARTESIAN_POINT ( 'NONE',  ( 0.2928932188134545922, 0.6213203435596589275, -30.29289321881346453 ) ) ;
#101 = ORIENTED_EDGE ( 'NONE', *, *, #1981, .F. ) ;
#102 = ORIENTED_EDGE ( 'NONE', *, *, #981, .T. ) ;
#103 = DIRECTION ( 'NONE',  ( -1.000000000000000000, 4.906538933386820119E-15, 0.000000000000000000 ) ) ;
#104 = PLANE ( 'NONE',  #72 ) ;
#105 = DIRECTION ( 'NONE',  ( 0.000000000000000000, 0.000000000000000000, -1.000000000000000000 ) ) ;
#106 = CARTESIAN_POINT ( 'NONE',  ( 26.27157287525382046, -5.414213562373094035, -30.08578643762692550 ) ) ;
#107 = CARTESIAN_POINT ( 'NONE',  ( 32.60000000000000853, 0.2285267022415660987, -29.52116219553237286 ) ) ;
#108 = ORIENTED_EDGE ( 'NONE', *, *, #443, .T. ) ;
#109 = CARTESIAN_POINT ( 'NONE',  ( 4.945745065116828876, -0.05487713933533459876, -34.81649658092773336 ) ) ;
#110 = CARTESIAN_POINT ( 'NONE',  ( 32.60000000000000142, -0.1210626180369807764, -29.62106261803700136 ) ) ;
#111 = EDGE_CURVE ( 'NONE', #1068, #537, #2727, .T. ) ;
#112 = EDGE_CURVE ( 'NONE', #1310, #1834, #608, .T. ) ;
#113 = CARTESIAN_POINT ( 'NONE',  ( 21.25000000000000000, 12.25000000000000000, -29.00000000000000355 ) ) ;
#114 = ORIENTED_EDGE ( 'NONE', *, *, #1539, .T. ) ;
#115 = EDGE_LOOP ( 'NONE', ( #2488, #600, #405, #967 ) ) ;
#116 = DIRECTION ( 'NONE',  ( 0.000000000000000000, 0.000000000000000000, 1.000000000000000000 ) ) ;
#117 = CARTESIAN_POINT ( 'NONE',  ( 25.60000000000000142, 2.168404344971008868E-16, -12.12500000000000000 ) ) ;
#118 = PLANE ( 'NONE',  #488 ) ;
#119 = ORIENTED_EDGE ( 'NONE', *, *, #1539, .F. ) ;
#120 = AXIS2_PLACEMENT_3D ( 'NONE', #650, #1098, #846 ) ;
#121 = CIRCLE ( 'NONE', #2688, 0.5000000000000004441 ) ;
#123 = CARTESIAN_POINT ( 'NONE',  ( 25.65868051954073081, 4.227063529572464574E-12, -12.53608322405307085 ) ) ;
#122 = VECTOR ( 'NONE', #784, 1000.000000000000000 ) ;
#124 = AXIS2_PLACEMENT_3D ( 'NONE', #2907, #2229, #509 ) ;
#125 = DIRECTION ( 'NONE',  ( 0.000000000000000000, 0.000000000000000000, 1.000000000000000000 ) ) ;
#126 = ORIENTED_EDGE ( 'NONE', *, *, #2317, .T. ) ;
#127 = ORIENTED_EDGE ( 'NONE', *, *, #922, .F. ) ;
#128 = CARTESIAN_POINT ( 'NONE',  ( 5.414213562373102917, 0.4050834150445004056, -35.00000000000000000 ) ) ;
#129 = CYLINDRICAL_SURFACE ( 'NONE', #152, 1.499999999999999556 ) ;
#130 = CARTESIAN_POINT ( 'NONE',  ( 26.09999999999999787, 3.275000000000000355, -18.42500000000000071 ) ) ;
#131 = ORIENTED_EDGE ( 'NONE', *, *, #1665, .T. ) ;
#132 = ORIENTED_EDGE ( 'NONE', *, *, #1735, .F. ) ;
#133 = EDGE_CURVE ( 'NONE', #2921, #2799, #1690, .T. ) ;
#134 = ADVANCED_FACE ( 'NONE', ( #1421 ), #1658, .F. ) ;
#135 = CARTESIAN_POINT ( 'NONE',  ( 21.25000000000000000, 12.25000000000000000, -29.00000000000000355 ) ) ;
#136 = CARTESIAN_POINT ( 'NONE',  ( 25.71387148978957526, 0.3324119849317564435, -10.12348744883261809 ) ) ;
#137 = CARTESIAN_POINT ( 'NONE',  ( 7.000000000000000000, 12.25000000000000000, -5.999999999999998224 ) ) ;
#138 = ORIENTED_EDGE ( 'NONE', *, *, #1778, .F. ) ;
#139 = AXIS2_PLACEMENT_3D ( 'NONE', #2439, #2649, #1259 ) ;
#140 = VECTOR ( 'NONE', #2920, 1000.000000000000000 ) ;
#141 = FACE_BOUND ( 'NONE', #2796, .T. ) ;
#142 = FACE_OUTER_BOUND ( 'NONE', #2911, .T. ) ;
#143 = ORIENTED_EDGE ( 'NONE', *, *, #1380, .F. ) ;
#144 = AXIS2_PLACEMENT_3D ( 'NONE', #2660, #2645, #1171 ) ;
#145 = CARTESIAN_POINT ( 'NONE',  ( 26.09999999999999787, 0.3837430634656686101, -14.26883825613736612 ) ) ;
#146 = DIRECTION ( 'NONE',  ( 0.000000000000000000, 0.000000000000000000, 1.000000000000000000 ) ) ;
#147 = AXIS2_PLACEMENT_3D ( 'NONE', #887, #1137, #647 ) ;
#148 = CARTESIAN_POINT ( 'NONE',  ( 6.328427124746177412, -4.000000000000000000, 0.000000000000000000 ) ) ;
#149 = ORIENTED_EDGE ( 'NONE', *, *, #736, .T. ) ;
#150 = EDGE_CURVE ( 'NONE', #1149, #222, #473, .T. ) ;
#151 = ORIENTED_EDGE ( 'NONE', *, *, #2500, .T. ) ;
#152 = AXIS2_PLACEMENT_3D ( 'NONE', #1166, #2985, #868 ) ;
#153 = SECURITY_CLASSIFICATION_LEVEL ( 'unclassified' ) ;
#154 = DIRECTION ( 'NONE',  ( 0.000000000000000000, 1.000000000000000000, 0.000000000000000000 ) ) ;
#155 = CYLINDRICAL_SURFACE ( 'NONE', #1652, 1.000000000000000888 ) ;
#156 = VERTEX_POINT ( 'NONE', #1219 ) ;
#157 = CARTESIAN_POINT ( 'NONE',  ( 31.95355339059315725, 0.05608204560765968349, -12.95195819897640810 ) ) ;
#158 = EDGE_CURVE ( 'NONE', #2124, #1899, #738, .T. ) ;
#159 = CARTESIAN_POINT ( 'NONE',  ( 0.000000000000000000, -5.414213562373092259, -30.08578643762692550 ) ) ;
#160 = ORIENTED_EDGE ( 'NONE', *, *, #936, .F. ) ;
#161 = CARTESIAN_POINT ( 'NONE',  ( 25.59999999999999787, 2.774999999999999467, -18.42500000000000071 ) ) ;
#162 = CARTESIAN_POINT ( 'NONE',  ( 25.64554522105389367, 3.020621829657043289, -17.69837287202876652 ) ) ;
#163 = AXIS2_PLACEMENT_3D ( 'NONE', #723, #2889, #490 ) ;
#164 = PLANE ( 'NONE',  #1506 ) ;
#165 = EDGE_LOOP ( 'NONE', ( #997, #2878, #114, #1851, #2135, #2763, #1686, #3020, #1952, #1713, #1120 ) ) ;
#166 = ORIENTED_EDGE ( 'NONE', *, *, #1248, .F. ) ;
#167 = CARTESIAN_POINT ( 'NONE',  ( 32.10000000000000142, 0.2232431995496485799, -10.42339623096686907 ) ) ;
#168 = DIRECTION ( 'NONE',  ( 0.000000000000000000, 0.000000000000000000, 1.000000000000000000 ) ) ;
#169 = CARTESIAN_POINT ( 'NONE',  ( 32.60000000000000142, -0.08578643759319620754, -29.09305122637637098 ) ) ;
#170 = ORIENTED_EDGE ( 'NONE', *, *, #2227, .T. ) ;
#171 = CARTESIAN_POINT ( 'NONE',  ( 33.13455397830441740, 0.03455397830387399449, -12.79396705221102870 ) ) ;
#172 = DIRECTION ( 'NONE',  ( 0.000000000000000000, -6.505213034913020688E-16, -1.000000000000000000 ) ) ;
#173 = EDGE_LOOP ( 'NONE', ( #2956, #464, #385, #170 ) ) ;
#174 = ADVANCED_FACE ( 'NONE', ( #2609 ), #2858, .T. ) ;
#175 = ADVANCED_FACE ( 'NONE', ( #2161 ), #1005, .F. ) ;
#176 = VECTOR ( 'NONE', #563, 1000.000000000000000 ) ;
#177 = EDGE_CURVE ( 'NONE', #1740, #1173, #1674, .T. ) ;
#178 = CARTESIAN_POINT ( 'NONE',  ( 5.760925462701070643, -0.7208142426417263326, -34.77918575735827744 ) ) ;
#179 = AXIS2_PLACEMENT_3D ( 'NONE', #2275, #404, #904 ) ;
#180 = EDGE_LOOP ( 'NONE', ( #20, #1243, #1383 ) ) ;
#181 = DIRECTION ( 'NONE',  ( 0.000000000000000000, 0.000000000000000000, -1.000000000000000000 ) ) ;
#182 = CARTESIAN_POINT ( 'NONE',  ( 32.30710678118654755, -0.7928932188134448777, -28.87867965644035806 ) ) ;
#183 = VERTEX_POINT ( 'NONE', #1473 ) ;
#184 = CARTESIAN_POINT ( 'NONE',  ( 32.37220665912234097, -0.7277933408776954272, -13.25834387988918550 ) ) ;
#185 = DIRECTION ( 'NONE',  ( -1.000000000000000000, -0.000000000000000000, -0.000000000000000000 ) ) ;
#186 = VECTOR ( 'NONE', #219, 1000.000000000000114 ) ;
#187 = EDGE_LOOP ( 'NONE', ( #2239, #2, #2865, #353 ) ) ;
#188 = PLANE ( 'NONE',  #587 ) ;
#189 = EDGE_CURVE ( 'NONE', #2468, #2674, #1927, .T. ) ;
#190 = ADVANCED_FACE ( 'NONE', ( #1169 ), #7, .T. ) ;
#191 = CARTESIAN_POINT ( 'NONE',  ( 32.60000000000000142, 6.125000000000000000, -21.77500000000000213 ) ) ;
#192 = ORIENTED_EDGE ( 'NONE', *, *, #80, .F. ) ;
#193 = DATE_AND_TIME ( #2031, #1389 ) ;
#194 = CARTESIAN_POINT ( 'NONE',  ( 26.10000000000000142, 6.125000000000000000, -12.12500000000000000 ) ) ;
#195 = CARTESIAN_POINT ( 'NONE',  ( 32.60000000000000142, -0.4999999999999900080, -28.87867965644036872 ) ) ;
#196 = ORIENTED_EDGE ( 'NONE', *, *, #2760, .F. ) ;
#197 = VECTOR ( 'NONE', #1019, 1000.000000000000000 ) ;
#198 = CARTESIAN_POINT ( 'NONE',  ( -5.861928812542256395, 5.361928812542299028, -22.72385762508469398 ) ) ;
#199 = LINE ( 'NONE', #159, #2839 ) ;
#200 = ORIENTED_EDGE ( 'NONE', *, *, #9, .T. ) ;
#201 = DIRECTION ( 'NONE',  ( -5.782411586589358625E-16, -0.000000000000000000, 1.000000000000000000 ) ) ;
#202 = ORIENTED_EDGE ( 'NONE', *, *, #10, .F. ) ;
#203 = EDGE_CURVE ( 'NONE', #2106, #2152, #121, .T. ) ;
#204 = EDGE_CURVE ( 'NONE', #994, #2655, #1199, .T. ) ;
#205 = CARTESIAN_POINT ( 'NONE',  ( 27.18578643762690206, 0.1730326074756274313, -35.00000000000000000 ) ) ;
#206 = DIRECTION ( 'NONE',  ( -0.000000000000000000, 1.000000000000000000, -0.000000000000000000 ) ) ;
#207 = ORIENTED_EDGE ( 'NONE', *, *, #2172, .T. ) ;
#208 = CARTESIAN_POINT ( 'NONE',  ( 5.603682253354610232, 0.1036822533546094688, -35.00000000000000000 ) ) ;
#209 = CARTESIAN_POINT ( 'NONE',  ( 1.000000000000000000, 0.6213203435596592605, -29.58578643762691840 ) ) ;
#210 = CARTESIAN_POINT ( 'NONE',  ( 0.6094757082487302080, -4.890524291751274788, -27.78104858350255668 ) ) ;
#211 = ORIENTED_EDGE ( 'NONE', *, *, #257, .F. ) ;
#212 = VECTOR ( 'NONE', #1431, 1000.000000000000000 ) ;
#213 =( GEOMETRIC_REPRESENTATION_CONTEXT ( 3 ) GLOBAL_UNCERTAINTY_ASSIGNED_CONTEXT ( ( #3029 ) ) GLOBAL_UNIT_ASSIGNED_CONTEXT ( ( #2992, #1106, #2540 ) ) REPRESENTATION_CONTEXT ( 'NONE', 'WORKASPACE' ) );
#214 = CARTESIAN_POINT ( 'NONE',  ( 30.09999999999999787, -1.585786437626909295, -32.50000000000000711 ) ) ;
#215 = VERTEX_POINT ( 'NONE', #1991 ) ;
#216 = AXIS2_PLACEMENT_3D ( 'NONE', #1885, #462, #1427 ) ;
#217 = COORDINATED_UNIVERSAL_TIME_OFFSET ( 8, 0, .BEHIND. ) ;
#218 = CARTESIAN_POINT ( 'NONE',  ( -3.799999999999999822, 6.125000000000000000, -12.12500000000000000 ) ) ;
#219 = DIRECTION ( 'NONE',  ( 0.5773502691896263972, 0.5773502691896268413, -0.5773502691896239547 ) ) ;
#220 = EDGE_CURVE ( 'NONE', #604, #2566, #1058, .T. ) ;
#221 = EDGE_CURVE ( 'NONE', #1142, #2430, #2289, .T. ) ;
#222 = VERTEX_POINT ( 'NONE', #2024 ) ;
#223 = CARTESIAN_POINT ( 'NONE',  ( 0.000000000000000000, 12.25000000000000000, 0.000000000000000000 ) ) ;
#224 = CARTESIAN_POINT ( 'NONE',  ( 18.50000000000000355, 12.25000000000000000, -6.000000000000000000 ) ) ;
#225 = LINE ( 'NONE', #2974, #1869 ) ;
#226 = VERTEX_POINT ( 'NONE', #76 ) ;
#227 = CARTESIAN_POINT ( 'NONE',  ( 32.60000000000000142, -6.000000000000000000, -21.77500000000000213 ) ) ;
#228 = CARTESIAN_POINT ( 'NONE',  ( 3.000000000000000000, 12.25000000000000000, -35.00100000000000477 ) ) ;
#229 = CYLINDRICAL_SURFACE ( 'NONE', #908, 2.000000000000000000 ) ;
#230 = ORIENTED_EDGE ( 'NONE', *, *, #809, .F. ) ;
#231 = AXIS2_PLACEMENT_3D ( 'NONE', #1949, #2842, #1643 ) ;
#232 = LINE ( 'NONE', #2831, #2302 ) ;
#233 = DIRECTION ( 'NONE',  ( 0.9908437476549681877, 0.000000000000000000, -0.1350135835131330841 ) ) ;
#234 = ORIENTED_EDGE ( 'NONE', *, *, #1398, .F. ) ;
#235 = DIRECTION ( 'NONE',  ( -0.7071067811865486830, 0.7071067811865463515, 1.734723475976807686E-15 ) ) ;
#236 = DIRECTION ( 'NONE',  ( 1.000000000000000000, 0.000000000000000000, -1.508455196501571429E-16 ) ) ;
#237 = AXIS2_PLACEMENT_3D ( 'NONE', #1903, #1614, #2583 ) ;
#238 = CARTESIAN_POINT ( 'NONE',  ( 27.17157287525382614, -4.000000000000000000, -8.000000000000000000 ) ) ;
#239 = VERTEX_POINT ( 'NONE', #346 ) ;
#240 = EDGE_CURVE ( 'NONE', #2473, #1464, #1052, .T. ) ;
#241 = AXIS2_PLACEMENT_3D ( 'NONE', #2966, #2476, #2252 ) ;
#242 = DIRECTION ( 'NONE',  ( 1.000000000000000000, -0.000000000000000000, -0.000000000000000000 ) ) ;
#243 = DIRECTION ( 'NONE',  ( -0.000000000000000000, -0.000000000000000000, 1.000000000000000000 ) ) ;
#244 = DIRECTION ( 'NONE',  ( -1.000000000000000000, -0.000000000000000000, -0.000000000000000000 ) ) ;
#245 = ORIENTED_EDGE ( 'NONE', *, *, #1538, .F. ) ;
#246 = DIRECTION ( 'NONE',  ( 1.000000000000000000, 0.000000000000000000, 0.000000000000000000 ) ) ;
#247 = DIRECTION ( 'NONE',  ( -0.000000000000000000, -0.000000000000000000, -1.000000000000000000 ) ) ;
#248 = EDGE_LOOP ( 'NONE', ( #2845, #1216, #2014, #207 ) ) ;
#249 =( BOUNDED_CURVE ( )  B_SPLINE_CURVE ( 3, ( #2259, #1475, #128, #1491 ),
 .UNSPECIFIED., .F., .F. ) 
 B_SPLINE_CURVE_WITH_KNOTS ( ( 4, 4 ),
 ( 0.000000000000000000, 0.5235987755982968173 ),
 .UNSPECIFIED. ) 
 CURVE ( )  GEOMETRIC_REPRESENTATION_ITEM ( )  RATIONAL_B_SPLINE_CURVE ( ( 1.000000000000000000, 0.9772838841927123932, 0.9772838841927123932, 1.000000000000000000 ) ) 
 REPRESENTATION_ITEM ( '' )  );
#250 = DIRECTION ( 'NONE',  ( -0.000000000000000000, -1.000000000000000000, -0.000000000000000000 ) ) ;
#251 = CARTESIAN_POINT ( 'NONE',  ( 25.59999999999999787, 0.000000000000000000, -29.00000000000000355 ) ) ;
#252 = PLANE ( 'NONE',  #2023 ) ;
#253 = ORIENTED_EDGE ( 'NONE', *, *, #26, .T. ) ;
#254 = EDGE_CURVE ( 'NONE', #1149, #1572, #1731, .T. ) ;
#255 = DIRECTION ( 'NONE',  ( 1.000000000000000000, -0.000000000000000000, -0.000000000000000000 ) ) ;
#256 = EDGE_CURVE ( 'NONE', #2803, #2056, #554, .T. ) ;
#257 = EDGE_CURVE ( 'NONE', #1611, #65, #2007, .T. ) ;
#258 = ORIENTED_EDGE ( 'NONE', *, *, #321, .F. ) ;
#259 = DIRECTION ( 'NONE',  ( 1.734723475976807341E-16, -1.000000000000000000, 0.000000000000000000 ) ) ;
#260 = CARTESIAN_POINT ( 'NONE',  ( 3.914213562373096700, -2.999999999999997335, -32.50000000000000711 ) ) ;
#261 = AXIS2_PLACEMENT_3D ( 'NONE', #481, #688, #499 ) ;
#262 = ORIENTED_EDGE ( 'NONE', *, *, #2741, .T. ) ;
#263 = AXIS2_PLACEMENT_3D ( 'NONE', #2223, #1270, #2238 ) ;
#264 = VECTOR ( 'NONE', #2947, 1000.000000000000000 ) ;
#265 = VECTOR ( 'NONE', #201, 1000.000000000000000 ) ;
#266 = CARTESIAN_POINT ( 'NONE',  ( -3.799999999999999822, 6.125000000000000000, -15.87500000000000000 ) ) ;
#267 = ORIENTED_EDGE ( 'NONE', *, *, #628, .F. ) ;
#268 = FACE_OUTER_BOUND ( 'NONE', #1704, .T. ) ;
#269 = ORIENTED_EDGE ( 'NONE', *, *, #1132, .T. ) ;
#270 = DIRECTION ( 'NONE',  ( 0.000000000000000000, 4.936846192823245457E-16, -1.000000000000000000 ) ) ;
#271 = CARTESIAN_POINT ( 'NONE',  ( -5.421010862427522170E-17, 0.07029113109631446310, -29.81241636717007637 ) ) ;
#272 = CARTESIAN_POINT ( 'NONE',  ( 32.60000000000000142, 0.3829521614392847328, -9.993213983608995932 ) ) ;
#273 = ORIENTED_EDGE ( 'NONE', *, *, #1061, .F. ) ;
#274 = CIRCLE ( 'NONE', #911, 0.8999999999999945821 ) ;
#275 = CARTESIAN_POINT ( 'NONE',  ( 32.22632848251282667, -0.8736715174871649836, -12.42664558614361248 ) ) ;
#276 = CARTESIAN_POINT ( 'NONE',  ( 26.27157287525382401, -4.000000000000000000, -8.000000000000000000 ) ) ;
#277 = ORIENTED_EDGE ( 'NONE', *, *, #544, .T. ) ;
#278 = DIRECTION ( 'NONE',  ( 0.000000000000000000, 1.000000000000000000, 0.000000000000000000 ) ) ;
#279 = EDGE_CURVE ( 'NONE', #879, #2921, #1859, .T. ) ;
#280 = CARTESIAN_POINT ( 'NONE',  ( 7.228427124746176879, -4.000000000000000000, -8.000000000000000000 ) ) ;
#281 = VECTOR ( 'NONE', #2518, 1000.000000000000000 ) ;
#282 = EDGE_LOOP ( 'NONE', ( #835, #1905, #119, #1109, #370, #1700, #2279 ) ) ;
#283 = CC_DESIGN_DATE_AND_TIME_ASSIGNMENT ( #193, #397, ( #2247 ) ) ;
#284 = ADVANCED_FACE ( 'NONE', ( #1312 ), #605, .F. ) ;
#285 = ORIENTED_EDGE ( 'NONE', *, *, #1301, .T. ) ;
#286 = CARTESIAN_POINT ( 'NONE',  ( 4.000000000000000000, 12.25000000000000000, -31.90000000000000568 ) ) ;
#287 = ORIENTED_EDGE ( 'NONE', *, *, #2244, .T. ) ;
#288 = CIRCLE ( 'NONE', #1719, 0.8999999999999980238 ) ;
#289 = CARTESIAN_POINT ( 'NONE',  ( 28.60000000000000497, 7.250000000000000000, -30.10000000000000853 ) ) ;
#290 = CARTESIAN_POINT ( 'NONE',  ( 32.60000000000000142, 6.125000000000000000, -18.42500000000000071 ) ) ;
#291 = DIRECTION ( 'NONE',  ( 0.000000000000000000, 0.000000000000000000, 1.000000000000000000 ) ) ;
#292 = ORIENTED_EDGE ( 'NONE', *, *, #3003, .T. ) ;
#293 = DIRECTION ( 'NONE',  ( 1.000000000000000000, 0.000000000000000000, 0.000000000000000000 ) ) ;
#294 = DIRECTION ( 'NONE',  ( -1.000000000000000000, 0.000000000000000000, 0.000000000000000000 ) ) ;
#295 = DIRECTION ( 'NONE',  ( 0.000000000000000000, 0.000000000000000000, 1.000000000000000000 ) ) ;
#296 = CARTESIAN_POINT ( 'NONE',  ( 32.60000000000000142, 0.1036822533546078173, -29.39631774664541197 ) ) ;
#297 = B_SPLINE_CURVE_WITH_KNOTS ( 'NONE', 3,
 ( #2863, #3061, #14, #2086, #2846, #913, #448, #2101 ),
 .UNSPECIFIED., .F., .F.,
 ( 4, 2, 2, 4 ),
 ( -1.565247584254724839E-05, 0.001275168453621805184, 0.001920578918353982529, 0.002565989383086159873 ),
 .UNSPECIFIED. ) ;
#298 = CARTESIAN_POINT ( 'NONE',  ( 28.60000000000000497, 7.250000000000000000, -31.00000000000000355 ) ) ;
#299 = ORIENTED_EDGE ( 'NONE', *, *, #2501, .F. ) ;
#300 = CARTESIAN_POINT ( 'NONE',  ( 31.87254897687826727, -0.01880882744950663349, -11.84765430219118798 ) ) ;
#301 = VERTEX_POINT ( 'NONE', #1553 ) ;
#302 = EDGE_CURVE ( 'NONE', #2938, #239, #274, .T. ) ;
#303 = EDGE_CURVE ( 'NONE', #226, #3046, #2782, .T. ) ;
#304 = CARTESIAN_POINT ( 'NONE',  ( 2.500000000000005773, -1.585786437626904410, -32.50000000000000711 ) ) ;
#305 = CARTESIAN_POINT ( 'NONE',  ( 4.000000000000000000, 7.250000000000000000, -31.00000000000000355 ) ) ;
#306 = CARTESIAN_POINT ( 'NONE',  ( 32.68781968178259945, 0.2849977782106552504, -10.25705789746946905 ) ) ;
#307 = ORIENTED_EDGE ( 'NONE', *, *, #545, .T. ) ;
#308 = ADVANCED_FACE ( 'NONE', ( #1793 ), #1781, .F. ) ;
#309 = CIRCLE ( 'NONE', #56, 0.5000000000000001110 ) ;
#310 = DIRECTION ( 'NONE',  ( 0.000000000000000000, 0.000000000000000000, 1.000000000000000000 ) ) ;
#311 = CARTESIAN_POINT ( 'NONE',  ( 1.000000000000000000, 12.25000000000000000, -29.58578643762691840 ) ) ;
#312 = DIRECTION ( 'NONE',  ( -0.000000000000000000, -0.000000000000000000, 1.000000000000000000 ) ) ;
#313 = CARTESIAN_POINT ( 'NONE',  ( 32.37548052929107456, -0.7245194707089210873, -13.27035715673944694 ) ) ;
#314 = CARTESIAN_POINT ( 'NONE',  ( 26.27157287525382401, -4.000000000000000000, -28.67157287525382614 ) ) ;
#315 = DIRECTION ( 'NONE',  ( -0.7071067811865474617, -0.7071067811865476838, 0.000000000000000000 ) ) ;
#316 = VERTEX_POINT ( 'NONE', #1535 ) ;
#317 = LINE ( 'NONE', #1015, #674 ) ;
#318 = ORIENTED_EDGE ( 'NONE', *, *, #1717, .T. ) ;
#319 = CIRCLE ( 'NONE', #706, 1.000000000000000888 ) ;
#320 = FACE_OUTER_BOUND ( 'NONE', #928, .T. ) ;
#321 = EDGE_CURVE ( 'NONE', #239, #2938, #1206, .T. ) ;
#322 = EDGE_CURVE ( 'NONE', #1611, #1295, #373, .T. ) ;
#323 = CARTESIAN_POINT ( 'NONE',  ( 25.59999999999997655, -4.989004228080971958E-14, -10.01110417391021734 ) ) ;
#324 = DIRECTION ( 'NONE',  ( 0.000000000000000000, 0.000000000000000000, -1.000000000000000000 ) ) ;
#325 = VECTOR ( 'NONE', #1274, 1000.000000000000000 ) ;
#326 = VECTOR ( 'NONE', #2308, 1000.000000000000000 ) ;
#327 = ORIENTED_EDGE ( 'NONE', *, *, #1882, .T. ) ;
#328 = DIRECTION ( 'NONE',  ( 0.7071067811865485719, 0.7071067811865465735, 0.000000000000000000 ) ) ;
#329 = DIRECTION ( 'NONE',  ( 0.000000000000000000, 0.000000000000000000, 1.000000000000000000 ) ) ;
#330 = CIRCLE ( 'NONE', #1261, 3.350000000000000533 ) ;
#331 = FACE_OUTER_BOUND ( 'NONE', #1014, .T. ) ;
#332 = ORIENTED_EDGE ( 'NONE', *, *, #1365, .T. ) ;
#333 = DIRECTION ( 'NONE',  ( 0.000000000000000000, 0.000000000000000000, 1.000000000000000000 ) ) ;
#334 = CARTESIAN_POINT ( 'NONE',  ( 21.25000000000000000, 0.000000000000000000, -29.00000000000000355 ) ) ;
#335 = AXIS2_PLACEMENT_3D ( 'NONE', #696, #1630, #2350 ) ;
#336 = AXIS2_PLACEMENT_3D ( 'NONE', #2749, #425, #2076 ) ;
#337 = DIRECTION ( 'NONE',  ( -0.000000000000000000, -1.000000000000000000, -0.000000000000000000 ) ) ;
#338 = ORIENTED_EDGE ( 'NONE', *, *, #1055, .F. ) ;
#339 = DIRECTION ( 'NONE',  ( 0.000000000000000000, -0.000000000000000000, -1.000000000000000000 ) ) ;
#340 = ORIENTED_EDGE ( 'NONE', *, *, #112, .F. ) ;
#341 = DIRECTION ( 'NONE',  ( -0.000000000000000000, 1.000000000000000000, 0.000000000000000000 ) ) ;
#342 = DIRECTION ( 'NONE',  ( 1.000000000000000000, 0.000000000000000000, 0.000000000000000000 ) ) ;
#343 = CARTESIAN_POINT ( 'NONE',  ( 32.10000000000000142, 6.125000000000000000, -21.77500000000000213 ) ) ;
#344 = B_SPLINE_CURVE_WITH_KNOTS ( 'NONE', 3,
 ( #1344, #614, #1123, #1548, #2504, #383 ),
 .UNSPECIFIED., .F., .F.,
 ( 4, 2, 4 ),
 ( 0.003432303246311832739, 0.004235500484541090092, 0.005038697722770347012 ),
 .UNSPECIFIED. ) ;
#345 = CARTESIAN_POINT ( 'NONE',  ( 25.60000000000000142, 1.084202172485504434E-16, -12.12499999999999822 ) ) ;
#346 = CARTESIAN_POINT ( 'NONE',  ( 28.60000000000000497, 7.250000000000000000, -31.89999999999999858 ) ) ;
#347 = ORIENTED_EDGE ( 'NONE', *, *, #2760, .T. ) ;
#348 = EDGE_CURVE ( 'NONE', #537, #1068, #1114, .T. ) ;
#349 = ADVANCED_FACE ( 'NONE', ( #142 ), #2364, .T. ) ;
#350 = LINE ( 'NONE', #2199, #1822 ) ;
#351 = DIRECTION ( 'NONE',  ( 1.000000000000000000, 0.000000000000000000, 0.000000000000000000 ) ) ;
#352 = DIRECTION ( 'NONE',  ( 1.000000000000000000, 0.000000000000000000, 0.000000000000000000 ) ) ;
#353 = ORIENTED_EDGE ( 'NONE', *, *, #1612, .F. ) ;
#354 = DIRECTION ( 'NONE',  ( 0.000000000000000000, 0.000000000000000000, -1.000000000000000000 ) ) ;
#355 = DIRECTION ( 'NONE',  ( 0.000000000000000000, 0.000000000000000000, 1.000000000000000000 ) ) ;
#356 = DIRECTION ( 'NONE',  ( -1.000000000000000000, -0.000000000000000000, 7.975740119433596573E-16 ) ) ;
#357 = ORIENTED_EDGE ( 'NONE', *, *, #465, .F. ) ;
#358 = CARTESIAN_POINT ( 'NONE',  ( 26.10000000000000142, 0.4622641509433948470, -14.45931953764029032 ) ) ;
#359 = CARTESIAN_POINT ( 'NONE',  ( 3.000000000000001776, 4.750000000000000888, -35.00100000000000477 ) ) ;
#360 = VERTEX_POINT ( 'NONE', #2795 ) ;
#361 = ORIENTED_EDGE ( 'NONE', *, *, #1960, .T. ) ;
#362 = ADVANCED_FACE ( 'NONE', ( #1603 ), #2523, .F. ) ;
#363 = EDGE_CURVE ( 'NONE', #994, #698, #2298, .T. ) ;
#364 = DIRECTION ( 'NONE',  ( -5.782411586589356653E-16, 0.000000000000000000, 1.000000000000000000 ) ) ;
#365 = PLANE ( 'NONE',  #2091 ) ;
#366 = ORIENTED_EDGE ( 'NONE', *, *, #2127, .T. ) ;
#367 = APPROVAL_DATE_TIME ( #1561, #2337 ) ;
#368 = DIRECTION ( 'NONE',  ( -0.000000000000000000, -0.000000000000000000, 1.000000000000000000 ) ) ;
#369 = CARTESIAN_POINT ( 'NONE',  ( 28.60000000000000497, 12.25000000000000000, -31.89999999999999858 ) ) ;
#370 = ORIENTED_EDGE ( 'NONE', *, *, #1133, .T. ) ;
#371 = AXIS2_PLACEMENT_3D ( 'NONE', #2919, #1943, #1521 ) ;
#372 = CARTESIAN_POINT ( 'NONE',  ( 25.83403029537560514, 0.03755731697141256875, -12.91049220776637618 ) ) ;
#373 = LINE ( 'NONE', #1250, #572 ) ;
#374 = AXIS2_PLACEMENT_3D ( 'NONE', #1889, #1684, #1415 ) ;
#375 = VERTEX_POINT ( 'NONE', #2286 ) ;
#376 = CARTESIAN_POINT ( 'NONE',  ( 4.707106781186560340, 12.25000000000000000, -34.70710678118655323 ) ) ;
#377 = CARTESIAN_POINT ( 'NONE',  ( 18.50000000000000355, 12.25000000000000000, -6.000000000000000000 ) ) ;
#378 = CARTESIAN_POINT ( 'NONE',  ( 0.2928932188134545922, 0.6213203435596589275, -30.29289321881346453 ) ) ;
#379 = ORIENTED_EDGE ( 'NONE', *, *, #628, .T. ) ;
#380 = EDGE_LOOP ( 'NONE', ( #2375, #395, #1426, #50 ) ) ;
#381 = EDGE_CURVE ( 'NONE', #2859, #2457, #1810, .T. ) ;
#382 = APPROVAL_DATE_TIME ( #2788, #1693 ) ;
#383 = CARTESIAN_POINT ( 'NONE',  ( 32.60000000000000142, -0.08578643762689568131, -9.819190635332178729 ) ) ;
#384 = FACE_OUTER_BOUND ( 'NONE', #2133, .T. ) ;
#385 = ORIENTED_EDGE ( 'NONE', *, *, #2328, .F. ) ;
#386 = VECTOR ( 'NONE', #795, 1000.000000000000227 ) ;
#387 = CARTESIAN_POINT ( 'NONE',  ( 31.98610012790490487, 0.08617240905780498839, -13.17278670907863081 ) ) ;
#388 = CARTESIAN_POINT ( 'NONE',  ( -5.421010862427522170E-17, -0.3124163671702575029, -29.42970886890394056 ) ) ;
#389 = EDGE_LOOP ( 'NONE', ( #1791, #234, #682, #1747 ) ) ;
#390 = CIRCLE ( 'NONE', #1170, 1.499999999999999556 ) ;
#391 = CARTESIAN_POINT ( 'NONE',  ( 21.25000000000000000, 12.25000000000000000, -6.000000000000000000 ) ) ;
#392 = VECTOR ( 'NONE', #1107, 1000.000000000000000 ) ;
#393 =( BOUNDED_CURVE ( )  B_SPLINE_CURVE ( 3, ( #424, #205, #1334, #2311 ),
 .UNSPECIFIED., .F., .T. ) 
 B_SPLINE_CURVE_WITH_KNOTS ( ( 4, 4 ),
 ( 2.617993877991488638, 3.665191429188096706 ),
 .UNSPECIFIED. ) 
 CURVE ( )  GEOMETRIC_REPRESENTATION_ITEM ( )  RATIONAL_B_SPLINE_CURVE ( ( 1.000000000000000000, 0.9106836025229574361, 0.9106836025229574361, 1.000000000000000000 ) ) 
 REPRESENTATION_ITEM ( '' )  );
#394 = CARTESIAN_POINT ( 'NONE',  ( -0.001000000000001000089, 3.275000000000000355, -18.42500000000000071 ) ) ;
#395 = ORIENTED_EDGE ( 'NONE', *, *, #2564, .F. ) ;
#396 = CIRCLE ( 'NONE', #2963, 1.000000000000000888 ) ;
#397 = DATE_TIME_ROLE ( 'creation_date' ) ;
#398 = CARTESIAN_POINT ( 'NONE',  ( 6.328427124746177412, -4.000000000000000000, -8.000000000000000000 ) ) ;
#399 = CYLINDRICAL_SURFACE ( 'NONE', #1272, 0.8999999999999998002 ) ;
#400 = EDGE_CURVE ( 'NONE', #2607, #994, #199, .T. ) ;
#401 = EDGE_CURVE ( 'NONE', #896, #1154, #2145, .T. ) ;
#402 = ORIENTED_EDGE ( 'NONE', *, *, #2022, .T. ) ;
#403 = DIRECTION ( 'NONE',  ( -1.000000000000000000, -0.000000000000000000, -0.000000000000000000 ) ) ;
#404 = DIRECTION ( 'NONE',  ( 1.000000000000000000, 0.000000000000000000, 0.000000000000000000 ) ) ;
#405 = ORIENTED_EDGE ( 'NONE', *, *, #3035, .F. ) ;
#406 = DIRECTION ( 'NONE',  ( 1.000000000000000000, -0.000000000000000000, -0.000000000000000000 ) ) ;
#407 = ORIENTED_EDGE ( 'NONE', *, *, #1960, .F. ) ;
#408 = ORIENTED_EDGE ( 'NONE', *, *, #2622, .F. ) ;
#409 = FACE_OUTER_BOUND ( 'NONE', #2387, .T. ) ;
#410 = CARTESIAN_POINT ( 'NONE',  ( 26.83529334152195389, -0.7215704817770686175, -34.77842951822292150 ) ) ;
#411 = ORIENTED_EDGE ( 'NONE', *, *, #2377, .T. ) ;
#412 = EDGE_CURVE ( 'NONE', #3010, #511, #1099, .T. ) ;
#413 = ADVANCED_FACE ( 'NONE', ( #2067 ), #2038, .T. ) ;
#414 = CARTESIAN_POINT ( 'NONE',  ( 32.09999997395521376, 0.3039295604124898076, -14.04393559334923403 ) ) ;
#415 = CARTESIAN_POINT ( 'NONE',  ( 6.328427124746172971, -3.999999999999998224, -28.67157287525382969 ) ) ;
#416 = EDGE_LOOP ( 'NONE', ( #2932, #2822, #1343 ) ) ;
#417 = VECTOR ( 'NONE', #1552, 1000.000000000000000 ) ;
#418 = ADVANCED_FACE ( 'NONE', ( #2300 ), #1112, .T. ) ;
#419 = CARTESIAN_POINT ( 'NONE',  ( 5.195433962890750657, -0.3045660371092507313, -34.81649658092773336 ) ) ;
#420 = VERTEX_POINT ( 'NONE', #917 ) ;
#421 = VECTOR ( 'NONE', #2094, 1000.000000000000000 ) ;
#422 = PRODUCT ( 'Part4', 'Part4', '', ( #1574 ) ) ;
#423 = APPLICATION_PROTOCOL_DEFINITION ( 'international standard', 'config_control_design', 1994, #2081 ) ;
#424 = CARTESIAN_POINT ( 'NONE',  ( 27.18578643762689850, 0.6213203435596589275, -35.00000000000000000 ) ) ;
#425 = DIRECTION ( 'NONE',  ( -0.000000000000000000, 0.7071067811865439090, -0.7071067811865511255 ) ) ;
#426 = ORIENTED_EDGE ( 'NONE', *, *, #2501, .T. ) ;
#427 = CARTESIAN_POINT ( 'NONE',  ( -3.799999999999999822, 6.125000000000000000, -12.12500000000000000 ) ) ;
#428 = DIRECTION ( 'NONE',  ( -0.7071067811865510144, 0.000000000000000000, -0.7071067811865440200 ) ) ;
#429 = VECTOR ( 'NONE', #463, 1000.000000000000000 ) ;
#430 = EDGE_LOOP ( 'NONE', ( #2644, #882, #39, #357, #2482, #1105, #3027, #1801, #979, #1249, #1291, #1568, #1016, #2115, #2598 ) ) ;
#431 = ADVANCED_FACE ( 'NONE', ( #2055 ), #1862, .F. ) ;
#432 = EDGE_CURVE ( 'NONE', #5, #1616, #2546, .T. ) ;
#433 = CARTESIAN_POINT ( 'NONE',  ( 32.01870268926369789, 0.1163144160766109714, -13.39399422332092016 ) ) ;
#434 = ORIENTED_EDGE ( 'NONE', *, *, #2147, .T. ) ;
#435 = CARTESIAN_POINT ( 'NONE',  ( 27.59999999999999076, 0.6213203435596630353, -35.00000000000000000 ) ) ;
#436 = CYLINDRICAL_SURFACE ( 'NONE', #1218, 0.8999999999999980238 ) ;
#437 = VERTEX_POINT ( 'NONE', #3023 ) ;
#438 = CIRCLE ( 'NONE', #1471, 1.000000000000000888 ) ;
#439 = CARTESIAN_POINT ( 'NONE',  ( 32.68700901274877424, 0.2859020013611807687, -13.99537766480772660 ) ) ;
#440 = CARTESIAN_POINT ( 'NONE',  ( 6.121320343559661481, -0.7928932188134436565, -34.70710678118654613 ) ) ;
#441 = FACE_OUTER_BOUND ( 'NONE', #1189, .T. ) ;
#442 = ORIENTED_EDGE ( 'NONE', *, *, #1502, .T. ) ;
#443 = EDGE_CURVE ( 'NONE', #1616, #16, #1207, .T. ) ;
#444 = ADVANCED_FACE ( 'NONE', ( #651 ), #1971, .T. ) ;
#445 = CARTESIAN_POINT ( 'NONE',  ( 3.000000000000000000, 12.25000000000000000, -5.999999999999998224 ) ) ;
#446 = ORIENTED_EDGE ( 'NONE', *, *, #607, .F. ) ;
#447 = AXIS2_PLACEMENT_3D ( 'NONE', #1454, #1945, #2361 ) ;
#448 = CARTESIAN_POINT ( 'NONE',  ( 25.59999999999999787, 3.816204272703280331, -6.000000000000001776 ) ) ;
#449 = CARTESIAN_POINT ( 'NONE',  ( 5.499999999999984013, -6.000000000000000000, 0.000000000000000000 ) ) ;
#450 = ORIENTED_EDGE ( 'NONE', *, *, #2812, .F. ) ;
#451 = CARTESIAN_POINT ( 'NONE',  ( 32.30710678118655466, -0.7928932188134393266, 0.000000000000000000 ) ) ;
#452 = CARTESIAN_POINT ( 'NONE',  ( 7.000000000000000000, 12.25000000000000000, -35.00100000000000477 ) ) ;
#453 = FACE_OUTER_BOUND ( 'NONE', #2887, .T. ) ;
#454 = ORIENTED_EDGE ( 'NONE', *, *, #3021, .T. ) ;
#455 = DIRECTION ( 'NONE',  ( 0.000000000000000000, 0.000000000000000000, 1.000000000000000000 ) ) ;
#456 = AXIS2_PLACEMENT_3D ( 'NONE', #930, #965, #1907 ) ;
#457 = VECTOR ( 'NONE', #873, 1000.000000000000227 ) ;
#458 = AXIS2_PLACEMENT_3D ( 'NONE', #1377, #924, #939 ) ;
#459 = CARTESIAN_POINT ( 'NONE',  ( 21.25000000000000000, 0.000000000000000000, -29.00000000000000355 ) ) ;
#460 = ORIENTED_EDGE ( 'NONE', *, *, #867, .F. ) ;
#461 = VECTOR ( 'NONE', #768, 1000.000000000000000 ) ;
#462 = DIRECTION ( 'NONE',  ( -0.5773502691896258421, 0.5773502691896287287, 0.5773502691896227335 ) ) ;
#463 = DIRECTION ( 'NONE',  ( -0.7071067811865492381, -0.000000000000000000, -0.7071067811865457964 ) ) ;
#464 = ORIENTED_EDGE ( 'NONE', *, *, #956, .T. ) ;
#465 = EDGE_CURVE ( 'NONE', #1474, #2707, #1634, .T. ) ;
#466 = LINE ( 'NONE', #1151, #1200 ) ;
#467 = CARTESIAN_POINT ( 'NONE',  ( 4.707106781186559452, 0.9142135623731052485, -34.70710678118655323 ) ) ;
#468 = AXIS2_PLACEMENT_3D ( 'NONE', #1257, #1057, #2925 ) ;
#469 = CARTESIAN_POINT ( 'NONE',  ( 31.98621362071300922, 0.08627733612232375837, -11.07644324747822040 ) ) ;
#470 = ORIENTED_EDGE ( 'NONE', *, *, #956, .F. ) ;
#471 = CARTESIAN_POINT ( 'NONE',  ( 0.2928932188134538706, 12.25000000000000000, -30.29289321881346453 ) ) ;
#472 = VECTOR ( 'NONE', #247, 1000.000000000000000 ) ;
#473 = LINE ( 'NONE', #2110, #1624 ) ;
#474 = DIRECTION ( 'NONE',  ( 1.000000000000000000, 0.000000000000000000, 0.000000000000000000 ) ) ;
#475 = CYLINDRICAL_SURFACE ( 'NONE', #1803, 1.000000000000000000 ) ;
#476 = ORIENTED_EDGE ( 'NONE', *, *, #1132, .F. ) ;
#477 = SPHERICAL_SURFACE ( 'NONE', #2520, 2.000000000000000000 ) ;
#478 = ORIENTED_EDGE ( 'NONE', *, *, #1164, .F. ) ;
#479 = CARTESIAN_POINT ( 'NONE',  ( 18.50000000000000711, 0.000000000000000000, -35.00000000000000000 ) ) ;
#480 = ORIENTED_EDGE ( 'NONE', *, *, #256, .T. ) ;
#481 = CARTESIAN_POINT ( 'NONE',  ( 1.000000000000001776, 12.25000000000000000, -29.00000000000000355 ) ) ;
#482 = EDGE_CURVE ( 'NONE', #1119, #1672, #330, .T. ) ;
#483 = ADVANCED_FACE ( 'NONE', ( #1385 ), #2391, .F. ) ;
#484 = CARTESIAN_POINT ( 'NONE',  ( 25.37157287525382188, -4.000000000000000000, 0.000000000000000000 ) ) ;
#485 = DIRECTION ( 'NONE',  ( 0.000000000000000000, 0.000000000000000000, -1.000000000000000000 ) ) ;
#486 =( BOUNDED_SURFACE ( )  B_SPLINE_SURFACE ( 3, 2, ( 
 ( #1908, #2635, #2854 ),
 ( #519, #1726, #602 ),
 ( #2442, #136, #323 ),
 ( #1075, #89, #1279 ),
 ( #1293, #550, #1263 ),
 ( #2684, #2017, #1757 ),
 ( #1503, #2206, #2898 ),
 ( #2490, #117, #2916 ) ),
 .UNSPECIFIED., .F., .F., .F. ) 
 B_SPLINE_SURFACE_WITH_KNOTS ( ( 4, 2, 2, 4 ),
 ( 3, 3 ),
 ( 0.001313259036621025003, 0.001983400240933018074, 0.002653541445245010712, 0.003993823853868996854 ),
 ( 0.000000000000000000, 1.000000000000000000 ),
 .UNSPECIFIED. ) 
 GEOMETRIC_REPRESENTATION_ITEM ( )  RATIONAL_B_SPLINE_SURFACE ( (
 ( 1.000000000000000000, 0.7071067811865481278, 1.000000000000000000),
 ( 1.000000000000000000, 0.7620625601807242688, 1.000000000000000000),
 ( 1.000000000000000000, 0.8063009586259110018, 1.000000000000000000),
 ( 1.000000000000000000, 0.8801017918715786648, 1.000000000000000000),
 ( 1.000000000000000000, 0.9095950493309535867, 1.000000000000000000),
 ( 1.000000000000000000, 0.9785934563951477205, 1.000000000000000000),
 ( 1.000000000000000000, 0.9996686203089122369, 1.000000000000000000),
 ( 1.000000000000000000, 1.000000000000000000, 1.000000000000000000) ) ) 
 REPRESENTATION_ITEM ( '' )  SURFACE ( )  );
#487 = VERTEX_POINT ( 'NONE', #224 ) ;
#488 = AXIS2_PLACEMENT_3D ( 'NONE', #565, #829, #1790 ) ;
#489 = DIRECTION ( 'NONE',  ( 0.000000000000000000, 0.000000000000000000, 1.000000000000000000 ) ) ;
#490 = DIRECTION ( 'NONE',  ( 0.7071067811865502373, -0.7071067811865449082, 0.000000000000000000 ) ) ;
#491 = DIRECTION ( 'NONE',  ( -0.000000000000000000, -0.3811133939004560101, -0.9245283018867924696 ) ) ;
#492 = PLANE ( 'NONE',  #1080 ) ;
#493 = LINE ( 'NONE', #973, #2498 ) ;
#494 = ORIENTED_EDGE ( 'NONE', *, *, #10, .T. ) ;
#495 = DIRECTION ( 'NONE',  ( 0.000000000000000000, 0.000000000000000000, 1.000000000000000000 ) ) ;
#496 = ORIENTED_EDGE ( 'NONE', *, *, #2581, .T. ) ;
#497 = DIRECTION ( 'NONE',  ( 0.5773502691896256200, 0.5773502691896287287, 0.5773502691896228445 ) ) ;
#498 = ORIENTED_EDGE ( 'NONE', *, *, #1815, .F. ) ;
#499 = DIRECTION ( 'NONE',  ( -1.000000000000000000, 0.000000000000000000, -0.000000000000000000 ) ) ;
#500 = CARTESIAN_POINT ( 'NONE',  ( 0.2928932188134564241, 0.6213203435596603708, -30.29289321881347163 ) ) ;
#501 = CARTESIAN_POINT ( 'NONE',  ( 31.95355339059765498, 0.05608204561181244496, -11.29804180099311495 ) ) ;
#502 = ORIENTED_EDGE ( 'NONE', *, *, #2723, .T. ) ;
#503 = CARTESIAN_POINT ( 'NONE',  ( 25.59999999999999787, 6.125000000000000000, -21.77500000000000213 ) ) ;
#504 = DIRECTION ( 'NONE',  ( 0.000000000000000000, 0.000000000000000000, 1.000000000000000000 ) ) ;
#505 = CC_DESIGN_PERSON_AND_ORGANIZATION_ASSIGNMENT ( #1355, #2294, ( #422 ) ) ;
#506 = ORIENTED_EDGE ( 'NONE', *, *, #2284, .T. ) ;
#507 = EDGE_CURVE ( 'NONE', #2405, #876, #2453, .T. ) ;
#508 = DIRECTION ( 'NONE',  ( -0.7071067811865457964, 0.000000000000000000, 0.7071067811865492381 ) ) ;
#509 = DIRECTION ( 'NONE',  ( 1.000000000000000000, 0.000000000000000000, 0.000000000000000000 ) ) ;
#510 = CIRCLE ( 'NONE', #1635, 0.5000000000000004441 ) ;
#511 = VERTEX_POINT ( 'NONE', #1194 ) ;
#512 = VECTOR ( 'NONE', #2716, 1000.000000000000000 ) ;
#513 = VECTOR ( 'NONE', #1997, 1000.000000000000000 ) ;
#514 = CARTESIAN_POINT ( 'NONE',  ( 28.60000000000000853, 7.250000000000000000, -3.900000000000000799 ) ) ;
#515 = ORIENTED_EDGE ( 'NONE', *, *, #677, .F. ) ;
#516 = CARTESIAN_POINT ( 'NONE',  ( 32.10000000000000142, 6.125000000000000000, -12.12500000000000000 ) ) ;
#517 = ORIENTED_EDGE ( 'NONE', *, *, #980, .T. ) ;
#518 = DIRECTION ( 'NONE',  ( 1.000000000000000000, 0.000000000000000000, 0.000000000000000000 ) ) ;
#519 = CARTESIAN_POINT ( 'NONE',  ( 26.09999997439446773, 0.3843469669435632396, -9.979696757677791297 ) ) ;
#520 = CARTESIAN_POINT ( 'NONE',  ( 28.60000000000000853, 7.250000000000000000, -3.000000000000000000 ) ) ;
#521 = CYLINDRICAL_SURFACE ( 'NONE', #447, 1.999999999999999112 ) ;
#522 = ORIENTED_EDGE ( 'NONE', *, *, #1759, .F. ) ;
#523 = CARTESIAN_POINT ( 'NONE',  ( 0.000000000000000000, -0.08578643762689025509, -28.87867965644037582 ) ) ;
#524 = EDGE_CURVE ( 'NONE', #2271, #222, #2590, .T. ) ;
#525 = EDGE_CURVE ( 'NONE', #2077, #2803, #2869, .T. ) ;
#526 = CARTESIAN_POINT ( 'NONE',  ( 32.60000000000000142, 0.2273958056625259294, -29.52003129884644039 ) ) ;
#527 = CIRCLE ( 'NONE', #83, 1.499999999999999556 ) ;
#528 = AXIS2_PLACEMENT_3D ( 'NONE', #2673, #621, #1488 ) ;
#529 = CARTESIAN_POINT ( 'NONE',  ( -3.778595479208978425, 4.692809041582112428, -26.22140452079105089 ) ) ;
#530 = ORIENTED_EDGE ( 'NONE', *, *, #900, .T. ) ;
#531 = CARTESIAN_POINT ( 'NONE',  ( 31.87254897687682842, -0.01880882745083763824, -12.40234569777935292 ) ) ;
#532 = EDGE_LOOP ( 'NONE', ( #2046, #2697, #24, #2312 ) ) ;
#533 = AXIS2_PLACEMENT_3D ( 'NONE', #520, #721, #754 ) ;
#534 = CARTESIAN_POINT ( 'NONE',  ( 32.60000000000000142, 12.25000000000000000, 0.000000000000000000 ) ) ;
#535 = CARTESIAN_POINT ( 'NONE',  ( 0.000000000000000000, -0.08578643762689025509, -28.87867965644037582 ) ) ;
#536 = CARTESIAN_POINT ( 'NONE',  ( 5.905083415044505735, -0.08578643762689734664, -34.99999999999999289 ) ) ;
#537 = VERTEX_POINT ( 'NONE', #1214 ) ;
#538 = AXIS2_PLACEMENT_3D ( 'NONE', #2406, #2599, #1190 ) ;
#539 = CARTESIAN_POINT ( 'NONE',  ( 26.07967405402711947, 0.3166536078461423265, -14.07935651848966963 ) ) ;
#540 = DIRECTION ( 'NONE',  ( -0.000000000000000000, -0.7071067811865456854, -0.7071067811865493491 ) ) ;
#541 = ORIENTED_EDGE ( 'NONE', *, *, #112, .T. ) ;
#542 = LINE ( 'NONE', #1929, #1406 ) ;
#543 = CARTESIAN_POINT ( 'NONE',  ( 26.27157287525382401, -6.000000000000000000, 0.000000000000000000 ) ) ;
#544 = EDGE_CURVE ( 'NONE', #751, #2379, #1029, .T. ) ;
#545 = EDGE_CURVE ( 'NONE', #2358, #183, #52, .T. ) ;
#546 = ORIENTED_EDGE ( 'NONE', *, *, #303, .T. ) ;
#547 = CARTESIAN_POINT ( 'NONE',  ( 5.500000000000000000, 3.250000000000001332, -6.000000000000000000 ) ) ;
#548 = VERTEX_POINT ( 'NONE', #1875 ) ;
#549 = DIRECTION ( 'NONE',  ( 1.508455196501571429E-16, 0.000000000000000000, 1.000000000000000000 ) ) ;
#550 = CARTESIAN_POINT ( 'NONE',  ( 25.75082950654657665, 0.1633291729624248845, -10.70384541275090839 ) ) ;
#551 = CARTESIAN_POINT ( 'NONE',  ( 18.50000000000000711, 12.25000000000000000, -29.00000000000000355 ) ) ;
#552 = VERTEX_POINT ( 'NONE', #2605 ) ;
#553 = DIRECTION ( 'NONE',  ( 0.000000000000000000, 1.000000000000000000, 0.000000000000000000 ) ) ;
#554 = LINE ( 'NONE', #2955, #1074 ) ;
#555 = ORIENTED_EDGE ( 'NONE', *, *, #810, .F. ) ;
#556 = CARTESIAN_POINT ( 'NONE',  ( 26.10000000000000142, 0.4622641509433966234, -14.45931953764029210 ) ) ;
#557 = CARTESIAN_POINT ( 'NONE',  ( 26.09999999999999787, 6.125000000000000000, -21.77500000000000213 ) ) ;
#558 = CARTESIAN_POINT ( 'NONE',  ( 4.707106781186557676, 0.6213203435596541535, -34.70710678118654613 ) ) ;
#559 = EDGE_LOOP ( 'NONE', ( #816, #1989, #2561, #715, #1067 ) ) ;
#560 = CARTESIAN_POINT ( 'NONE',  ( 6.121320343559657040, -0.08578643762689568131, -35.00000000000000000 ) ) ;
#561 = ORIENTED_EDGE ( 'NONE', *, *, #1696, .T. ) ;
#562 = VECTOR ( 'NONE', #2981, 1000.000000000000000 ) ;
#563 = DIRECTION ( 'NONE',  ( 0.000000000000000000, -1.000000000000000000, 0.000000000000000000 ) ) ;
#564 = DIRECTION ( 'NONE',  ( 1.000000000000000000, -0.000000000000000000, -0.000000000000000000 ) ) ;
#565 = CARTESIAN_POINT ( 'NONE',  ( 0.000000000000000000, 12.25000000000000000, 0.000000000000000000 ) ) ;
#566 = EDGE_CURVE ( 'NONE', #1721, #215, #2122, .T. ) ;
#567 = EDGE_CURVE ( 'NONE', #1794, #2077, #2820, .T. ) ;
#568 = VECTOR ( 'NONE', #312, 1000.000000000000000 ) ;
#569 = ORIENTED_EDGE ( 'NONE', *, *, #2699, .T. ) ;
#570 = CARTESIAN_POINT ( 'NONE',  ( 25.97608484401882123, 0.1521548548208986051, -13.49625078983219773 ) ) ;
#571 = DIRECTION ( 'NONE',  ( 0.000000000000000000, -1.000000000000000000, 0.000000000000000000 ) ) ;
#572 = VECTOR ( 'NONE', #92, 1000.000000000000000 ) ;
#573 = ORIENTED_EDGE ( 'NONE', *, *, #1419, .T. ) ;
#575 = ORIENTED_EDGE ( 'NONE', *, *, #2969, .T. ) ;
#574 =( BOUNDED_SURFACE ( )  B_SPLINE_SURFACE ( 3, 2, ( 
 ( #3009, #1124, #685 ),
 ( #1370, #2296, #2568 ),
 ( #169, #1615, #2529 ),
 ( #1576, #195, #182 ) ),
 .UNSPECIFIED., .F., .F., .F. ) 
 B_SPLINE_SURFACE_WITH_KNOTS ( ( 4, 4 ),
 ( 3, 3 ),
 ( -8.881784197001252323E-16, 0.5235987755983009251 ),
 ( 0.000000000000000000, 1.000000000000000000 ),
 .UNSPECIFIED. ) 
 GEOMETRIC_REPRESENTATION_ITEM ( )  RATIONAL_B_SPLINE_SURFACE ( (
 ( 1.000000000000000000, 0.9530206138714233388, 1.000000000000000000),
 ( 1.000000000000000000, 0.9530363760089672898, 1.000000000000000000),
 ( 1.000000000000000000, 0.9431762688450383569, 1.000000000000000000),
 ( 1.000000000000000000, 0.9238795325112864054, 1.000000000000000000) ) ) 
 REPRESENTATION_ITEM ( '' )  SURFACE ( )  );
#576 = CARTESIAN_POINT ( 'NONE',  ( 25.88092461694888513, 0.07548694198047171955, -13.10402238087451821 ) ) ;
#577 = LINE ( 'NONE', #2181, #513 ) ;
#578 = AXIS2_PLACEMENT_3D ( 'NONE', #298, #2893, #62 ) ;
#579 = VECTOR ( 'NONE', #3045, 1000.000000000000000 ) ;
#580 = DIRECTION ( 'NONE',  ( -0.000000000000000000, -0.000000000000000000, 1.000000000000000000 ) ) ;
#581 = ORIENTED_EDGE ( 'NONE', *, *, #1380, .T. ) ;
#582 = ORIENTED_EDGE ( 'NONE', *, *, #1830, .T. ) ;
#583 = FACE_OUTER_BOUND ( 'NONE', #1290, .T. ) ;
#584 = CARTESIAN_POINT ( 'NONE',  ( 5.428427124746177057, -4.000000000000000000, -8.000000000000000000 ) ) ;
#585 = CARTESIAN_POINT ( 'NONE',  ( 21.25000000000000000, 12.25000000000000000, -6.000000000000000000 ) ) ;
#586 = ORIENTED_EDGE ( 'NONE', *, *, #2380, .T. ) ;
#587 = AXIS2_PLACEMENT_3D ( 'NONE', #2097, #1852, #1341 ) ;
#588 = EDGE_CURVE ( 'NONE', #698, #2655, #622, .T. ) ;
#589 = EDGE_CURVE ( 'NONE', #2414, #2473, #3028, .T. ) ;
#590 = DIRECTION ( 'NONE',  ( 0.000000000000000000, 0.000000000000000000, 1.000000000000000000 ) ) ;
#591 = CARTESIAN_POINT ( 'NONE',  ( 4.500000000000001776, 3.250000000000001332, -35.00100000000000477 ) ) ;
#592 = ORIENTED_EDGE ( 'NONE', *, *, #525, .T. ) ;
#593 = ORIENTED_EDGE ( 'NONE', *, *, #30, .F. ) ;
#594 = DIRECTION ( 'NONE',  ( 0.7071067811865456854, 0.7071067811865493491, 0.000000000000000000 ) ) ;
#595 = CARTESIAN_POINT ( 'NONE',  ( 25.60000000000000142, 0.000000000000000000, -12.12500000000000000 ) ) ;
#596 = AXIS2_PLACEMENT_3D ( 'NONE', #1280, #1549, #2505 ) ;
#597 = CARTESIAN_POINT ( 'NONE',  ( 5.603682253354610232, 0.1036822533546095521, -34.00000000000000000 ) ) ;
#598 = PERSON ( 'UNSPECIFIED', 'UNSPECIFIED', 'UNSPECIFIED', ('UNSPECIFIED'), ('UNSPECIFIED'), ('UNSPECIFIED') ) ;
#599 = ORIENTED_EDGE ( 'NONE', *, *, #3053, .F. ) ;
#600 = ORIENTED_EDGE ( 'NONE', *, *, #1350, .T. ) ;
#601 = CARTESIAN_POINT ( 'NONE',  ( 6.328427124746177412, -4.000000000000000000, -8.000000000000000000 ) ) ;
#602 = CARTESIAN_POINT ( 'NONE',  ( 25.60000000000000142, -1.287797308968780201E-16, -9.804577342924964967 ) ) ;
#603 = CARTESIAN_POINT ( 'NONE',  ( 21.25000000000000000, 12.25000000000000000, -6.000000000000000000 ) ) ;
#604 = VERTEX_POINT ( 'NONE', #484 ) ;
#605 = CYLINDRICAL_SURFACE ( 'NONE', #2249, 2.850000000000001865 ) ;
#606 = ORIENTED_EDGE ( 'NONE', *, *, #1147, .T. ) ;
#607 = EDGE_CURVE ( 'NONE', #1786, #316, #2744, .T. ) ;
#608 = CIRCLE ( 'NONE', #163, 2.000000000000000000 ) ;
#609 = CARTESIAN_POINT ( 'NONE',  ( 25.97557479093817534, 0.1516451257328486901, -13.49398670828860602 ) ) ;
#610 = DIRECTION ( 'NONE',  ( 0.000000000000000000, 0.000000000000000000, 1.000000000000000000 ) ) ;
#611 = ADVANCED_FACE ( 'NONE', ( #18 ), #486, .T. ) ;
#612 = LINE ( 'NONE', #1118, #812 ) ;
#613 = EDGE_LOOP ( 'NONE', ( #402, #654, #2632, #631 ) ) ;
#614 = CARTESIAN_POINT ( 'NONE',  ( 32.37542170018022603, -0.7245782998183291079, -10.97985871212281950 ) ) ;
#615 = CYLINDRICAL_SURFACE ( 'NONE', #596, 0.9000000000000014655 ) ;
#616 = EDGE_LOOP ( 'NONE', ( #1860, #2616, #2630, #262 ) ) ;
#617 = AXIS2_PLACEMENT_3D ( 'NONE', #2093, #748, #235 ) ;
#619 = DIRECTION ( 'NONE',  ( 0.000000000000000000, 0.000000000000000000, 1.000000000000000000 ) ) ;
#618 = APPROVAL_PERSON_ORGANIZATION ( #2489, #2337, #2731 ) ;
#620 = CIRCLE ( 'NONE', #862, 1.000000000000000888 ) ;
#621 = DIRECTION ( 'NONE',  ( -4.446550908381800433E-15, -1.000000000000000000, -0.000000000000000000 ) ) ;
#622 = CIRCLE ( 'NONE', #1804, 2.000000000000000888 ) ;
#623 = VERTEX_POINT ( 'NONE', #1036 ) ;
#624 = EDGE_CURVE ( 'NONE', #1870, #2183, #1973, .T. ) ;
#625 = CARTESIAN_POINT ( 'NONE',  ( 25.59999999999999787, 2.774999999999999467, -17.84060364266107257 ) ) ;
#626 = B_SPLINE_CURVE_WITH_KNOTS ( 'NONE', 3,
 ( #556, #145, #1748, #2694, #609, #576, #850, #1314, #2469, #2226 ),
 .UNSPECIFIED., .F., .F.,
 ( 4, 2, 2, 2, 4 ),
 ( 0.000000000000000000, 0.0006127155415298228330, 0.001225431083059645666, 0.001838146624589468391, 0.002450862166119291332 ),
 .UNSPECIFIED. ) ;
#627 = EDGE_CURVE ( 'NONE', #1340, #1068, #1063, .T. ) ;
#628 = EDGE_CURVE ( 'NONE', #659, #1079, #785, .T. ) ;
#629 = AXIS2_PLACEMENT_3D ( 'NONE', #148, #2975, #2012 ) ;
#630 = DIRECTION ( 'NONE',  ( 1.000000000000000000, -0.000000000000000000, -0.000000000000000000 ) ) ;
#631 = ORIENTED_EDGE ( 'NONE', *, *, #2225, .F. ) ;
#632 = PERSON_AND_ORGANIZATION_ROLE ( 'creator' ) ;
#633 = FACE_OUTER_BOUND ( 'NONE', #380, .T. ) ;
#634 = DIRECTION ( 'NONE',  ( -0.000000000000000000, 1.000000000000000000, -0.000000000000000000 ) ) ;
#635 = ORIENTED_EDGE ( 'NONE', *, *, #2643, .T. ) ;
#636 = DIRECTION ( 'NONE',  ( -0.000000000000000000, 1.000000000000000000, 0.000000000000000000 ) ) ;
#637 = CARTESIAN_POINT ( 'NONE',  ( -3.975180789770281233E-14, -0.4421449048611322263, -29.17001099000963649 ) ) ;
#638 = ORIENTED_EDGE ( 'NONE', *, *, #158, .T. ) ;
#639 = AXIS2_PLACEMENT_3D ( 'NONE', #2874, #2363, #777 ) ;
#640 = AXIS2_PLACEMENT_3D ( 'NONE', #218, #1679, #976 ) ;
#641 = LINE ( 'NONE', #1304, #1011 ) ;
#642 = ORIENTED_EDGE ( 'NONE', *, *, #1163, .T. ) ;
#643 = EDGE_CURVE ( 'NONE', #1772, #420, #1697, .T. ) ;
#644 = EDGE_CURVE ( 'NONE', #1466, #881, #1775, .T. ) ;
#645 = VECTOR ( 'NONE', #1374, 1000.000000000000000 ) ;
#646 = CARTESIAN_POINT ( 'NONE',  ( 32.60000000000000142, 0.6213203435596506008, -29.58578643762691840 ) ) ;
#647 = DIRECTION ( 'NONE',  ( 0.000000000000000000, 0.000000000000000000, 1.000000000000000000 ) ) ;
#648 = DIRECTION ( 'NONE',  ( -0.000000000000000000, -0.000000000000000000, 1.000000000000000000 ) ) ;
#649 = ORIENTED_EDGE ( 'NONE', *, *, #912, .F. ) ;
#650 = CARTESIAN_POINT ( 'NONE',  ( 26.27157287525382401, -4.000000000000000000, -28.67157287525382614 ) ) ;
#651 = FACE_OUTER_BOUND ( 'NONE', #3005, .T. ) ;
#652 = ORIENTED_EDGE ( 'NONE', *, *, #1338, .F. ) ;
#653 = CARTESIAN_POINT ( 'NONE',  ( -0.001000000000001000089, 12.25000000000000000, -21.27500000000000213 ) ) ;
#654 = ORIENTED_EDGE ( 'NONE', *, *, #2421, .F. ) ;
#655 = ORIENTED_EDGE ( 'NONE', *, *, #2187, .F. ) ;
#656 = DIRECTION ( 'NONE',  ( 1.000000000000000000, 0.000000000000000000, 0.000000000000000000 ) ) ;
#657 = CARTESIAN_POINT ( 'NONE',  ( 25.60000000000000142, -0.000000000000000000, -6.000000000000003553 ) ) ;
#658 = FACE_OUTER_BOUND ( 'NONE', #2530, .T. ) ;
#659 = VERTEX_POINT ( 'NONE', #2234 ) ;
#660 = CARTESIAN_POINT ( 'NONE',  ( 32.60000000000000142, -0.08578643762689568131, -14.43080936466782127 ) ) ;
#661 = EDGE_CURVE ( 'NONE', #896, #2271, #2054, .T. ) ;
#662 = ADVANCED_FACE ( 'NONE', ( #1742 ), #104, .F. ) ;
#663 = CARTESIAN_POINT ( 'NONE',  ( 0.2928932188134503178, -0.7928932188134399928, -28.58578643762692195 ) ) ;
#664 = VECTOR ( 'NONE', #1653, 1000.000000000000000 ) ;
#665 = ORIENTED_EDGE ( 'NONE', *, *, #1462, .F. ) ;
#666 = AXIS2_PLACEMENT_3D ( 'NONE', #2215, #1253, #1965 ) ;
#667 = DIRECTION ( 'NONE',  ( -1.000000000000000000, -0.000000000000000000, -0.000000000000000000 ) ) ;
#668 = DATE_AND_TIME ( #2368, #2743 ) ;
#669 = CARTESIAN_POINT ( 'NONE',  ( 27.82157048177687386, 0.2647066584781314624, -34.77842951822312045 ) ) ;
#670 = FACE_OUTER_BOUND ( 'NONE', #389, .T. ) ;
#671 = VERTEX_POINT ( 'NONE', #1531 ) ;
#672 = CARTESIAN_POINT ( 'NONE',  ( 26.10000000000000142, -3.050859230882472050E-16, -14.64987623459052024 ) ) ;
#673 = CARTESIAN_POINT ( 'NONE',  ( 0.2928932188134506509, -0.7928932188134372172, -28.87867965644037227 ) ) ;
#674 = VECTOR ( 'NONE', #1722, 1000.000000000000000 ) ;
#675 = PLANE ( 'NONE',  #2274 ) ;
#676 = ORIENTED_EDGE ( 'NONE', *, *, #567, .T. ) ;
#677 = EDGE_CURVE ( 'NONE', #1399, #1340, #2198, .T. ) ;
#678 = EDGE_CURVE ( 'NONE', #2771, #2592, #2004, .T. ) ;
#679 = VECTOR ( 'NONE', #847, 1000.000000000000000 ) ;
#680 = AXIS2_PLACEMENT_3D ( 'NONE', #2725, #2922, #836 ) ;
#681 = FACE_OUTER_BOUND ( 'NONE', #1597, .T. ) ;
#682 = ORIENTED_EDGE ( 'NONE', *, *, #1717, .F. ) ;
#683 = DESIGN_CONTEXT ( 'detailed design', #1490, 'design' ) ;
#684 = PLANE ( 'NONE',  #1038 ) ;
#685 = CARTESIAN_POINT ( 'NONE',  ( 32.41649658092773478, -0.3045660371092566709, -29.80456603710926800 ) ) ;
#686 = ORIENTED_EDGE ( 'NONE', *, *, #2089, .T. ) ;
#687 = VECTOR ( 'NONE', #1329, 1000.000000000000000 ) ;
#688 = DIRECTION ( 'NONE',  ( 0.000000000000000000, 0.000000000000000000, -1.000000000000000000 ) ) ;
#689 = CARTESIAN_POINT ( 'NONE',  ( 32.10000000000000142, -0.08578643762689568131, -9.819190635332178729 ) ) ;
#690 = DIRECTION ( 'NONE',  ( 0.000000000000000000, 1.000000000000000000, 0.000000000000000000 ) ) ;
#691 = ORIENTED_EDGE ( 'NONE', *, *, #2562, .F. ) ;
#692 = PLANE ( 'NONE',  #533 ) ;
#693 = EDGE_CURVE ( 'NONE', #1100, #2246, #1156, .T. ) ;
#694 = DIRECTION ( 'NONE',  ( -1.000000000000000000, 0.000000000000000000, 0.000000000000000000 ) ) ;
#695 = ORIENTED_EDGE ( 'NONE', *, *, #1924, .T. ) ;
#696 = CARTESIAN_POINT ( 'NONE',  ( 25.60000000000000142, 6.125000000000000000, -12.12500000000000000 ) ) ;
#697 = DIRECTION ( 'NONE',  ( 1.734723475976807094E-16, -1.000000000000000000, 0.000000000000000000 ) ) ;
#698 = VERTEX_POINT ( 'NONE', #814 ) ;
#699 = B_SPLINE_CURVE_WITH_KNOTS ( 'NONE', 3,
 ( #625, #1619, #162, #919, #1796, #2105 ),
 .UNSPECIFIED., .F., .F.,
 ( 4, 2, 4 ),
 ( -4.814816512308655223E-06, 0.0004175979433682728962, 0.0008400107032488545247 ),
 .UNSPECIFIED. ) ;
#700 = CARTESIAN_POINT ( 'NONE',  ( 26.09999999999999787, 3.275000000000000355, -18.42500000000000426 ) ) ;
#701 = DIRECTION ( 'NONE',  ( -1.000000000000000000, -0.000000000000000000, -0.000000000000000000 ) ) ;
#702 = CARTESIAN_POINT ( 'NONE',  ( 33.13455397828690252, 0.03455397830738745485, -11.45603294775724912 ) ) ;
#703 = ORIENTED_EDGE ( 'NONE', *, *, #892, .T. ) ;
#704 = CARTESIAN_POINT ( 'NONE',  ( -3.799999999999999822, 6.125000000000000888, -8.375000000000000000 ) ) ;
#705 = DIRECTION ( 'NONE',  ( -0.000000000000000000, -0.000000000000000000, 1.000000000000000000 ) ) ;
#706 = AXIS2_PLACEMENT_3D ( 'NONE', #2914, #341, #1468 ) ;
#707 = CARTESIAN_POINT ( 'NONE',  ( 18.50000000000000000, 12.25000000000000000, 0.000000000000000000 ) ) ;
#708 = AXIS2_PLACEMENT_3D ( 'NONE', #2676, #758, #351 ) ;
#709 = FACE_BOUND ( 'NONE', #940, .T. ) ;
#710 = ORIENTED_EDGE ( 'NONE', *, *, #693, .F. ) ;
#711 = EDGE_CURVE ( 'NONE', #1771, #2367, #2948, .T. ) ;
#712 = ADVANCED_FACE ( 'NONE', ( #2717 ), #1246, .T. ) ;
#713 = VECTOR ( 'NONE', #1232, 1000.000000000000000 ) ;
#714 = LINE ( 'NONE', #449, #2844 ) ;
#715 = ORIENTED_EDGE ( 'NONE', *, *, #3021, .F. ) ;
#716 = CARTESIAN_POINT ( 'NONE',  ( 27.89289321881344819, 12.25000000000000000, -34.70710678118654613 ) ) ;
#717 = CARTESIAN_POINT ( 'NONE',  ( 32.41649658092773478, -0.3045660371092580587, -29.80456603710927155 ) ) ;
#718 = AXIS2_PLACEMENT_3D ( 'NONE', #2167, #352, #779 ) ;
#719 = DIRECTION ( 'NONE',  ( -0.000000000000000000, -1.000000000000000000, -0.000000000000000000 ) ) ;
#720 = ORIENTED_EDGE ( 'NONE', *, *, #2317, .F. ) ;
#721 = DIRECTION ( 'NONE',  ( 0.000000000000000000, 1.000000000000000000, 0.000000000000000000 ) ) ;
#722 = CIRCLE ( 'NONE', #2462, 0.5000000000000013323 ) ;
#723 = CARTESIAN_POINT ( 'NONE',  ( 28.68578643762690916, -1.585786437626909295, -31.08578643762691129 ) ) ;
#724 = CARTESIAN_POINT ( 'NONE',  ( 32.10000000000000142, 0.3829521614392861761, -9.993213983608995932 ) ) ;
#725 = CARTESIAN_POINT ( 'NONE',  ( 32.60000000000000142, 6.125000000000000000, -12.12500000000000000 ) ) ;
#726 = CARTESIAN_POINT ( 'NONE',  ( 0.000000000000000000, 12.25000000000000000, 0.000000000000000000 ) ) ;
#727 = ORIENTED_EDGE ( 'NONE', *, *, #1816, .F. ) ;
#728 = DIRECTION ( 'NONE',  ( 0.000000000000000000, 0.7071067811865490160, -0.7071067811865460184 ) ) ;
#729 = VERTEX_POINT ( 'NONE', #898 ) ;
#730 = CARTESIAN_POINT ( 'NONE',  ( 25.37157287525382188, -4.000000000000000000, -8.000000000000000000 ) ) ;
#731 = EDGE_CURVE ( 'NONE', #2655, #2062, #2773, .T. ) ;
#732 = VERTEX_POINT ( 'NONE', #657 ) ;
#733 = PLANE ( 'NONE',  #2191 ) ;
#734 = CARTESIAN_POINT ( 'NONE',  ( 0.000000000000000000, 0.2270956477345606461, -29.51973114102533913 ) ) ;
#735 = DIRECTION ( 'NONE',  ( -0.5773502691896247319, 0.5773502691896277295, -0.5773502691896247319 ) ) ;
#736 = EDGE_CURVE ( 'NONE', #2896, #1811, #843, .T. ) ;
#737 = ORIENTED_EDGE ( 'NONE', *, *, #279, .F. ) ;
#738 = LINE ( 'NONE', #1405, #1101 ) ;
#739 = CARTESIAN_POINT ( 'NONE',  ( 32.60000000000000142, 12.25000000000000000, -5.500000000000007994 ) ) ;
#740 = VERTEX_POINT ( 'NONE', #2295 ) ;
#741 = CARTESIAN_POINT ( 'NONE',  ( 4.000000000000000000, 7.250000000000000000, -31.90000000000000568 ) ) ;
#742 = FACE_OUTER_BOUND ( 'NONE', #1025, .T. ) ;
#743 = ORIENTED_EDGE ( 'NONE', *, *, #94, .F. ) ;
#744 = CARTESIAN_POINT ( 'NONE',  ( 32.30710678118655466, -0.7928932188134393266, -11.23053500923869308 ) ) ;
#745 = ORIENTED_EDGE ( 'NONE', *, *, #2924, .T. ) ;
#746 = CARTESIAN_POINT ( 'NONE',  ( -3.799999999999999822, 6.125000000000000000, -12.12500000000000000 ) ) ;
#747 = ORIENTED_EDGE ( 'NONE', *, *, #55, .T. ) ;
#748 = DIRECTION ( 'NONE',  ( -0.5773502691896247319, -0.5773502691896283956, 0.5773502691896242878 ) ) ;
#749 = DIRECTION ( 'NONE',  ( 0.000000000000000000, 1.000000000000000000, 0.000000000000000000 ) ) ;
#750 = CARTESIAN_POINT ( 'NONE',  ( 4.500000000000001776, 4.750000000000000888, -35.00100000000000477 ) ) ;
#751 = VERTEX_POINT ( 'NONE', #2032 ) ;
#752 = EDGE_CURVE ( 'NONE', #1073, #2734, #1174, .T. ) ;
#753 = EDGE_CURVE ( 'NONE', #879, #2730, #393, .T. ) ;
#754 = DIRECTION ( 'NONE',  ( 0.000000000000000000, -0.000000000000000000, 1.000000000000000000 ) ) ;
#755 = CARTESIAN_POINT ( 'NONE',  ( 28.60000000000000853, 12.25000000000000000, -3.000000000000000000 ) ) ;
#756 = ORIENTED_EDGE ( 'NONE', *, *, #80, .T. ) ;
#757 = CARTESIAN_POINT ( 'NONE',  ( 3.000000000000000000, 12.25000000000000000, -35.00100000000000477 ) ) ;
#758 = DIRECTION ( 'NONE',  ( 0.000000000000000000, 0.000000000000000000, 1.000000000000000000 ) ) ;
#759 = VECTOR ( 'NONE', #37, 1000.000000000000000 ) ;
#760 = EDGE_LOOP ( 'NONE', ( #1656, #166, #1451, #1584 ) ) ;
#761 = VECTOR ( 'NONE', #895, 1000.000000000000000 ) ;
#762 = VECTOR ( 'NONE', #564, 1000.000000000000000 ) ;
#763 = CARTESIAN_POINT ( 'NONE',  ( 32.41649658092773478, -0.3045660371092580587, -29.80456603710927155 ) ) ;
#764 = ORIENTED_EDGE ( 'NONE', *, *, #1924, .F. ) ;
#765 = CARTESIAN_POINT ( 'NONE',  ( 32.60000000000000142, 2.897164396023902633, -17.77058965457451478 ) ) ;
#766 = ORIENTED_EDGE ( 'NONE', *, *, #2549, .T. ) ;
#767 = DIRECTION ( 'NONE',  ( -1.000000000000000000, -1.734723475976808672E-15, 0.000000000000000000 ) ) ;
#768 = DIRECTION ( 'NONE',  ( -0.000000000000000000, 1.000000000000000000, -0.000000000000000000 ) ) ;
#769 = CARTESIAN_POINT ( 'NONE',  ( 32.60000000000000142, -0.2581863764065955302, -10.05137358206179954 ) ) ;
#770 = ORIENTED_EDGE ( 'NONE', *, *, #1595, .F. ) ;
#771 = CARTESIAN_POINT ( 'NONE',  ( 4.914213562373078048, -5.414213562373092259, 0.000000000000000000 ) ) ;
#772 = DIRECTION ( 'NONE',  ( 0.000000000000000000, 0.000000000000000000, -1.000000000000000000 ) ) ;
#773 = EDGE_CURVE ( 'NONE', #2196, #2217, #2908, .T. ) ;
#774 = ADVANCED_FACE ( 'NONE', ( #1599 ), #3008, .T. ) ;
#775 = DIRECTION ( 'NONE',  ( 1.000000000000000000, -4.336808689942013792E-16, 0.000000000000000000 ) ) ;
#776 = ORIENTED_EDGE ( 'NONE', *, *, #2776, .T. ) ;
#777 = DIRECTION ( 'NONE',  ( 0.000000000000000000, -0.9374771981323621883, -0.3480466965536318513 ) ) ;
#778 = DIRECTION ( 'NONE',  ( 0.000000000000000000, -0.000000000000000000, -1.000000000000000000 ) ) ;
#779 = DIRECTION ( 'NONE',  ( 0.000000000000000000, 0.000000000000000000, -1.000000000000000000 ) ) ;
#780 = ORIENTED_EDGE ( 'NONE', *, *, #2951, .T. ) ;
#781 = CARTESIAN_POINT ( 'NONE',  ( 31.95355339060292010, 0.05608204561156866774, -11.29804180099486111 ) ) ;
#782 = ORIENTED_EDGE ( 'NONE', *, *, #999, .T. ) ;
#783 = CIRCLE ( 'NONE', #2513, 3.750000000000000000 ) ;
#784 = DIRECTION ( 'NONE',  ( 0.000000000000000000, 0.000000000000000000, -1.000000000000000000 ) ) ;
#785 = LINE ( 'NONE', #1308, #2340 ) ;
#786 = DIRECTION ( 'NONE',  ( 0.000000000000000000, 1.000000000000000000, 0.000000000000000000 ) ) ;
#787 = VERTEX_POINT ( 'NONE', #1832 ) ;
#788 = AXIS2_PLACEMENT_3D ( 'NONE', #1444, #2132, #1208 ) ;
#789 = DIRECTION ( 'NONE',  ( 1.000000000000000000, -0.000000000000000000, -0.000000000000000000 ) ) ;
#790 = VECTOR ( 'NONE', #2701, 1000.000000000000227 ) ;
#791 = PLANE ( 'NONE',  #3025 ) ;
#792 = ADVANCED_FACE ( 'NONE', ( #633 ), #1754, .T. ) ;
#793 = LINE ( 'NONE', #1514, #1395 ) ;
#794 = ORIENTED_EDGE ( 'NONE', *, *, #2827, .F. ) ;
#795 = DIRECTION ( 'NONE',  ( 0.5773502691896247319, -0.5773502691896277295, 0.5773502691896247319 ) ) ;
#796 = EDGE_LOOP ( 'NONE', ( #494, #2714, #865, #2253 ) ) ;
#797 = DIRECTION ( 'NONE',  ( -1.000000000000000000, -0.000000000000000000, -0.000000000000000000 ) ) ;
#798 = FACE_BOUND ( 'NONE', #2344, .T. ) ;
#799 = ORIENTED_EDGE ( 'NONE', *, *, #1439, .F. ) ;
#800 = CARTESIAN_POINT ( 'NONE',  ( 32.60000000000000142, 0.1036822533546058606, -29.39631774664541197 ) ) ;
#801 = ORIENTED_EDGE ( 'NONE', *, *, #934, .F. ) ;
#802 = DIRECTION ( 'NONE',  ( -0.000000000000000000, 1.000000000000000000, -0.000000000000000000 ) ) ;
#803 = CARTESIAN_POINT ( 'NONE',  ( 32.60000000000000142, 0.4069487736239283393, -29.58578643759419435 ) ) ;
#804 =( BOUNDED_CURVE ( )  B_SPLINE_CURVE ( 3, ( #1743, #1532, #2718, #1519 ),
 .UNSPECIFIED., .F., .F. ) 
 B_SPLINE_CURVE_WITH_KNOTS ( ( 4, 4 ),
 ( 5.759586531581285307, 6.283185307179586232 ),
 .UNSPECIFIED. ) 
 CURVE ( )  GEOMETRIC_REPRESENTATION_ITEM ( )  RATIONAL_B_SPLINE_CURVE ( ( 1.000000000000000000, 0.9772838841927119491, 0.9772838841927119491, 1.000000000000000000 ) ) 
 REPRESENTATION_ITEM ( '' )  );
#805 = CYLINDRICAL_SURFACE ( 'NONE', #578, 0.8999999999999945821 ) ;
#806 = VERTEX_POINT ( 'NONE', #2993 ) ;
#807 = VECTOR ( 'NONE', #242, 1000.000000000000000 ) ;
#808 = ORIENTED_EDGE ( 'NONE', *, *, #381, .T. ) ;
#809 = EDGE_CURVE ( 'NONE', #1361, #1616, #344, .T. ) ;
#810 = EDGE_CURVE ( 'NONE', #2246, #1100, #2111, .T. ) ;
#811 = VECTOR ( 'NONE', #1836, 1000.000000000000114 ) ;
#812 = VECTOR ( 'NONE', #2769, 1000.000000000000000 ) ;
#813 = DIRECTION ( 'NONE',  ( 0.000000000000000000, 0.000000000000000000, 1.000000000000000000 ) ) ;
#814 = CARTESIAN_POINT ( 'NONE',  ( 4.914213562373080713, -5.414213562373094035, -28.67157287525382614 ) ) ;
#815 = DIRECTION ( 'NONE',  ( -1.508455196501571429E-16, 0.000000000000000000, -1.000000000000000000 ) ) ;
#816 = ORIENTED_EDGE ( 'NONE', *, *, #432, .T. ) ;
#817 = DIRECTION ( 'NONE',  ( -1.000000000000000000, -1.734723475976806700E-15, -7.185459907165943862E-16 ) ) ;
#818 = CARTESIAN_POINT ( 'NONE',  ( 25.59999999999999787, 12.25000000000000000, -21.77500000000000213 ) ) ;
#819 = AXIS2_PLACEMENT_3D ( 'NONE', #891, #2779, #428 ) ;
#820 = ORIENTED_EDGE ( 'NONE', *, *, #867, .T. ) ;
#821 = LINE ( 'NONE', #1767, #2107 ) ;
#822 = CARTESIAN_POINT ( 'NONE',  ( 28.60000000000000497, 12.25000000000000000, -31.00000000000000355 ) ) ;
#823 = CIRCLE ( 'NONE', #139, 2.000000000000000444 ) ;
#824 = ORIENTED_EDGE ( 'NONE', *, *, #2001, .F. ) ;
#825 = EDGE_LOOP ( 'NONE', ( #2202, #1925, #1059, #2333, #747 ) ) ;
#826 = CARTESIAN_POINT ( 'NONE',  ( 21.25000000000000000, 0.000000000000000000, -6.000000000000000000 ) ) ;
#827 = ADVANCED_FACE ( 'NONE', ( #1093 ), #1562, .T. ) ;
#828 = CARTESIAN_POINT ( 'NONE',  ( 21.25000000000000000, 12.25000000000000000, -6.000000000000000000 ) ) ;
#829 = DIRECTION ( 'NONE',  ( 0.000000000000000000, 0.000000000000000000, -1.000000000000000000 ) ) ;
#830 = EDGE_LOOP ( 'NONE', ( #1729, #2871, #959, #2620 ) ) ;
#831 = AXIS2_PLACEMENT_3D ( 'NONE', #2710, #1054, #2496 ) ;
#832 = CARTESIAN_POINT ( 'NONE',  ( 26.01804000569137543, 0.2005473466910213942, -13.69256434359487962 ) ) ;
#833 = ADVANCED_FACE ( 'NONE', ( #1159 ), #684, .F. ) ;
#834 = DIRECTION ( 'NONE',  ( 0.000000000000000000, 0.000000000000000000, 1.000000000000000000 ) ) ;
#835 = ORIENTED_EDGE ( 'NONE', *, *, #1696, .F. ) ;
#836 = DIRECTION ( 'NONE',  ( 1.000000000000000000, 0.000000000000000000, 0.000000000000000000 ) ) ;
#837 = DIRECTION ( 'NONE',  ( -0.5773502691896265082, -0.5773502691896269523, 0.5773502691896239547 ) ) ;
#838 = AXIS2_PLACEMENT_3D ( 'NONE', #2343, #2497, #1315 ) ;
#839 = B_SPLINE_CURVE_WITH_KNOTS ( 'NONE', 3,
 ( #2112, #3057, #1881, #8, #313, #1963 ),
 .UNSPECIFIED., .F., .F.,
 ( 4, 2, 4 ),
 ( 0.000000000000000000, 0.0008053835714391533850, 0.001610767142878306770 ),
 .UNSPECIFIED. ) ;
#840 = LINE ( 'NONE', #394, #1060 ) ;
#841 = VERTEX_POINT ( 'NONE', #1175 ) ;
#842 = ADVANCED_FACE ( 'NONE', ( #1916 ), #1328, .T. ) ;
#843 = LINE ( 'NONE', #1321, #1724 ) ;
#844 = CARTESIAN_POINT ( 'NONE',  ( 30.29526214587562549, -1.390524291751284336, -32.30473785412438303 ) ) ;
#845 = ORIENTED_EDGE ( 'NONE', *, *, #1267, .F. ) ;
#846 = DIRECTION ( 'NONE',  ( 0.000000000000000000, 0.000000000000000000, -1.000000000000000000 ) ) ;
#847 = DIRECTION ( 'NONE',  ( -0.000000000000000000, 1.000000000000000000, -0.000000000000000000 ) ) ;
#848 = ORIENTED_EDGE ( 'NONE', *, *, #912, .T. ) ;
#849 = EDGE_CURVE ( 'NONE', #1220, #360, #1871, .T. ) ;
#850 = CARTESIAN_POINT ( 'NONE',  ( 25.82798548734222521, 0.04722488229123399800, -12.90912995316319645 ) ) ;
#851 = DIRECTION ( 'NONE',  ( 1.000000000000000000, 0.000000000000000000, 0.000000000000000000 ) ) ;
#852 = DIRECTION ( 'NONE',  ( -1.000000000000000000, 0.000000000000000000, -0.000000000000000000 ) ) ;
#853 = ORIENTED_EDGE ( 'NONE', *, *, #2987, .F. ) ;
#854 = LINE ( 'NONE', #941, #326 ) ;
#855 = CARTESIAN_POINT ( 'NONE',  ( 0.000000000000000000, 0.000000000000000000, 0.000000000000000000 ) ) ;
#856 = CARTESIAN_POINT ( 'NONE',  ( 26.47867965644033816, -0.4999999999999876210, -35.00000000000001421 ) ) ;
#857 = CARTESIAN_POINT ( 'NONE',  ( 32.10000000000000142, 12.25000000000000000, -6.000000000000008882 ) ) ;
#858 = ORIENTED_EDGE ( 'NONE', *, *, #2001, .T. ) ;
#859 = AXIS2_PLACEMENT_3D ( 'NONE', #2345, #2176, #455 ) ;
#861 = LINE ( 'NONE', #2066, #905 ) ;
#860 = LOCAL_TIME ( 20, 50, 50.00000000000000000, #217 ) ;
#862 = AXIS2_PLACEMENT_3D ( 'NONE', #3004, #880, #1583 ) ;
#863 = DIRECTION ( 'NONE',  ( 1.000000000000000000, 0.000000000000000000, -0.000000000000000000 ) ) ;
#864 = AXIS2_PLACEMENT_3D ( 'NONE', #305, #1956, #2930 ) ;
#865 = ORIENTED_EDGE ( 'NONE', *, *, #2481, .T. ) ;
#866 = EDGE_CURVE ( 'NONE', #2674, #360, #3049, .T. ) ;
#867 = EDGE_CURVE ( 'NONE', #1220, #2468, #1970, .T. ) ;
#868 = DIRECTION ( 'NONE',  ( 1.000000000000000000, 0.000000000000000000, 0.000000000000000000 ) ) ;
#869 = CIRCLE ( 'NONE', #335, 6.625000000000002665 ) ;
#870 = CARTESIAN_POINT ( 'NONE',  ( 32.60000000000000142, -6.000000000000000000, 0.000000000000000000 ) ) ;
#871 = ORIENTED_EDGE ( 'NONE', *, *, #1941, .F. ) ;
#872 = CIRCLE ( 'NONE', #969, 0.5000000000000004441 ) ;
#873 = DIRECTION ( 'NONE',  ( -0.5773502691896247319, -0.5773502691896277295, 0.5773502691896247319 ) ) ;
#874 = DIRECTION ( 'NONE',  ( 0.000000000000000000, 0.000000000000000000, 1.000000000000000000 ) ) ;
#875 = DIRECTION ( 'NONE',  ( 0.000000000000000000, 0.000000000000000000, 1.000000000000000000 ) ) ;
#876 = VERTEX_POINT ( 'NONE', #514 ) ;
#877 = PLANE ( 'NONE',  #2582 ) ;
#878 = CARTESIAN_POINT ( 'NONE',  ( 32.60000000000000142, -0.08578643762689568131, -28.58578643762692195 ) ) ;
#879 = VERTEX_POINT ( 'NONE', #962 ) ;
#880 = DIRECTION ( 'NONE',  ( -0.000000000000000000, 1.000000000000000000, -0.000000000000000000 ) ) ;
#881 = VERTEX_POINT ( 'NONE', #1857 ) ;
#882 = ORIENTED_EDGE ( 'NONE', *, *, #1866, .F. ) ;
#883 = EDGE_CURVE ( 'NONE', #2217, #623, #297, .T. ) ;
#884 =( BOUNDED_SURFACE ( )  B_SPLINE_SURFACE ( 3, 2, ( 
 ( #1013, #2677, #558 ),
 ( #1046, #1495, #47 ),
 ( #1240, #2910, #1030 ),
 ( #2454, #1289, #2201 ) ),
 .UNSPECIFIED., .F., .F., .F. ) 
 B_SPLINE_SURFACE_WITH_KNOTS ( ( 4, 4 ),
 ( 3, 3 ),
 ( 5.759586531581286195, 6.283185307179586232 ),
 ( 0.000000000000000000, 1.000000000000000000 ),
 .UNSPECIFIED. ) 
 GEOMETRIC_REPRESENTATION_ITEM ( )  RATIONAL_B_SPLINE_SURFACE ( (
 ( 1.000000000000000000, 0.9238795325112864054, 1.000000000000000000),
 ( 1.000000000000000000, 0.9431762688450379128, 1.000000000000000000),
 ( 1.000000000000000000, 0.9530363760089680669, 1.000000000000000000),
 ( 1.000000000000000000, 0.9530206138714228947, 1.000000000000000000) ) ) 
 REPRESENTATION_ITEM ( '' )  SURFACE ( )  );
#885 = ADVANCED_FACE ( 'NONE', ( #943 ), #477, .T. ) ;
#886 = PERSON_AND_ORGANIZATION ( #598, #1692 ) ;
#887 = CARTESIAN_POINT ( 'NONE',  ( 5.499999999999984013, -6.000000000000000000, 0.000000000000000000 ) ) ;
#888 = CARTESIAN_POINT ( 'NONE',  ( 21.25000000000000000, 0.000000000000000000, -6.000000000000000000 ) ) ;
#889 = ORIENTED_EDGE ( 'NONE', *, *, #1716, .T. ) ;
#890 = CARTESIAN_POINT ( 'NONE',  ( 33.23807118745770595, -4.723857625084611378, -29.36192881254231679 ) ) ;
#891 = CARTESIAN_POINT ( 'NONE',  ( 28.68578643762690916, -1.585786437626906631, -31.08578643762690774 ) ) ;
#892 = EDGE_CURVE ( 'NONE', #2566, #604, #1867, .T. ) ;
#893 = ORIENTED_EDGE ( 'NONE', *, *, #1044, .T. ) ;
#894 = CARTESIAN_POINT ( 'NONE',  ( 25.97558064985964066, 0.1516514269256241942, -10.75598655617337229 ) ) ;
#895 = DIRECTION ( 'NONE',  ( 1.000000000000000000, -0.000000000000000000, -0.000000000000000000 ) ) ;
#896 = VERTEX_POINT ( 'NONE', #2118 ) ;
#897 = APPROVAL_ROLE ( '' ) ;
#898 = CARTESIAN_POINT ( 'NONE',  ( 27.68578643762692337, -5.414213562373093147, 0.000000000000000000 ) ) ;
#899 = DIRECTION ( 'NONE',  ( 5.782411586589356653E-16, -0.000000000000000000, -1.000000000000000000 ) ) ;
#900 = EDGE_CURVE ( 'NONE', #1738, #2131, #1084, .T. ) ;
#901 = EDGE_CURVE ( 'NONE', #2962, #2438, #1467, .T. ) ;
#902 = ORIENTED_EDGE ( 'NONE', *, *, #2089, .F. ) ;
#903 = CARTESIAN_POINT ( 'NONE',  ( 32.30710678118631307, -0.7928932188136782466, -13.01946499072958296 ) ) ;
#904 = DIRECTION ( 'NONE',  ( 0.000000000000000000, 0.000000000000000000, -1.000000000000000000 ) ) ;
#905 = VECTOR ( 'NONE', #2507, 1000.000000000000000 ) ;
#906 = ORIENTED_EDGE ( 'NONE', *, *, #2376, .T. ) ;
#907 = PRODUCT_DEFINITION_FORMATION_WITH_SPECIFIED_SOURCE ( 'ANY', '', #422, .NOT_KNOWN. ) ;
#908 = AXIS2_PLACEMENT_3D ( 'NONE', #2843, #1853, #11 ) ;
#909 = DIRECTION ( 'NONE',  ( 0.7071067811865490160, -0.7071067811865460184, 0.000000000000000000 ) ) ;
#910 = EDGE_LOOP ( 'NONE', ( #1083, #1031, #2395, #2995, #1371, #1585 ) ) ;
#911 = AXIS2_PLACEMENT_3D ( 'NONE', #1297, #2448, #834 ) ;
#912 = EDGE_CURVE ( 'NONE', #375, #1361, #2686, .T. ) ;
#913 = CARTESIAN_POINT ( 'NONE',  ( 25.61954781629341937, 4.030132204671996732, -6.000000000000003553 ) ) ;
#914 = DIRECTION ( 'NONE',  ( -1.000000000000000000, -0.000000000000000000, -0.000000000000000000 ) ) ;
#915 = ORIENTED_EDGE ( 'NONE', *, *, #302, .T. ) ;
#916 = FACE_BOUND ( 'NONE', #2519, .T. ) ;
#917 = CARTESIAN_POINT ( 'NONE',  ( 32.30710678118654755, 12.25000000000000000, -30.29289321881347163 ) ) ;
#918 = VECTOR ( 'NONE', #1807, 1000.000000000000000 ) ;
#919 = CARTESIAN_POINT ( 'NONE',  ( 25.82247675659010966, 3.210706413400458370, -17.58553396172450789 ) ) ;
#920 = EDGE_LOOP ( 'NONE', ( #2737, #1765 ) ) ;
#921 = AXIS2_PLACEMENT_3D ( 'NONE', #1082, #2721, #2256 ) ;
#922 = EDGE_CURVE ( 'NONE', #222, #2859, #2996, .T. ) ;
#923 = AXIS2_PLACEMENT_3D ( 'NONE', #57, #2857, #2810 ) ;
#924 = DIRECTION ( 'NONE',  ( 0.000000000000000000, -1.000000000000000000, 0.000000000000000000 ) ) ;
#925 = VERTEX_POINT ( 'NONE', #1381 ) ;
#926 = AXIS2_PLACEMENT_3D ( 'NONE', #2280, #154, #874 ) ;
#927 = LINE ( 'NONE', #2584, #2953 ) ;
#928 = EDGE_LOOP ( 'NONE', ( #1271, #2399, #2218, #2301 ) ) ;
#929 = AXIS2_PLACEMENT_3D ( 'NONE', #822, #690, #610 ) ;
#930 = CARTESIAN_POINT ( 'NONE',  ( 0.000000000000000000, 12.25000000000000000, 0.000000000000000000 ) ) ;
#931 = DIRECTION ( 'NONE',  ( -0.000000000000000000, -1.000000000000000000, 0.000000000000000000 ) ) ;
#932 = CARTESIAN_POINT ( 'NONE',  ( 4.609475708248729653, -3.695262145875635174, -31.80473785412437593 ) ) ;
#933 = ORIENTED_EDGE ( 'NONE', *, *, #3016, .T. ) ;
#934 = EDGE_CURVE ( 'NONE', #487, #1173, #32, .T. ) ;
#935 = DIRECTION ( 'NONE',  ( 5.782411586589356653E-16, -0.000000000000000000, -1.000000000000000000 ) ) ;
#936 = EDGE_CURVE ( 'NONE', #156, #806, #869, .T. ) ;
#937 = EDGE_CURVE ( 'NONE', #2367, #511, #232, .T. ) ;
#938 = DIRECTION ( 'NONE',  ( -0.000000000000000000, 1.000000000000000000, -0.000000000000000000 ) ) ;
#939 = DIRECTION ( 'NONE',  ( 0.000000000000000000, 0.000000000000000000, -1.000000000000000000 ) ) ;
#940 = EDGE_LOOP ( 'NONE', ( #299, #1349 ) ) ;
#941 = CARTESIAN_POINT ( 'NONE',  ( 0.000000000000000000, 12.25000000000000000, 0.000000000000000000 ) ) ;
#942 = ADVANCED_FACE ( 'NONE', ( #1737 ), #884, .T. ) ;
#943 = FACE_OUTER_BOUND ( 'NONE', #416, .T. ) ;
#944 = ORIENTED_EDGE ( 'NONE', *, *, #678, .F. ) ;
#945 = DIRECTION ( 'NONE',  ( 1.000000000000000000, 0.000000000000000000, -1.508455196501571429E-16 ) ) ;
#946 = ORIENTED_EDGE ( 'NONE', *, *, #177, .T. ) ;
#947 = CARTESIAN_POINT ( 'NONE',  ( 6.328427124746177412, -6.000000000000000000, 0.000000000000000000 ) ) ;
#948 = DIRECTION ( 'NONE',  ( 1.000000000000000000, 0.000000000000000000, -7.975740119433596573E-16 ) ) ;
#949 = CARTESIAN_POINT ( 'NONE',  ( 32.55765529767791833, -0.4017813653473749635, -10.28439510196758455 ) ) ;
#950 = ORIENTED_EDGE ( 'NONE', *, *, #1778, .T. ) ;
#951 = FACE_OUTER_BOUND ( 'NONE', #2880, .T. ) ;
#952 = LINE ( 'NONE', #2416, #1789 ) ;
#953 = CIRCLE ( 'NONE', #1541, 1.999999999999998224 ) ;
#954 = CARTESIAN_POINT ( 'NONE',  ( 0.000000000000000000, 0.000000000000000000, 0.000000000000000000 ) ) ;
#955 = EDGE_CURVE ( 'NONE', #740, #2077, #793, .T. ) ;
#956 = EDGE_CURVE ( 'NONE', #2847, #1601, #1022, .T. ) ;
#957 = CARTESIAN_POINT ( 'NONE',  ( 18.50000000000000711, 12.25000000000000000, -29.00000000000000355 ) ) ;
#958 = AXIS2_PLACEMENT_3D ( 'NONE', #2178, #1691, #775 ) ;
#959 = ORIENTED_EDGE ( 'NONE', *, *, #866, .T. ) ;
#960 = APPROVAL_ROLE ( '' ) ;
#961 = VECTOR ( 'NONE', #1593, 1000.000000000000000 ) ;
#962 = CARTESIAN_POINT ( 'NONE',  ( 27.18578643762689850, 0.6213203435596589275, -35.00000000000000000 ) ) ;
#963 = CARTESIAN_POINT ( 'NONE',  ( 32.55445477894611628, 3.020621829657041513, -17.69837287202876652 ) ) ;
#964 = ORIENTED_EDGE ( 'NONE', *, *, #524, .F. ) ;
#965 = DIRECTION ( 'NONE',  ( 0.000000000000000000, -1.000000000000000000, 0.000000000000000000 ) ) ;
#966 = FACE_OUTER_BOUND ( 'NONE', #1486, .T. ) ;
#967 = ORIENTED_EDGE ( 'NONE', *, *, #2850, .T. ) ;
#968 = CARTESIAN_POINT ( 'NONE',  ( 32.22632848251682702, -0.8736715174831641839, -11.82335441382641150 ) ) ;
#969 = AXIS2_PLACEMENT_3D ( 'NONE', #343, #2221, #105 ) ;
#970 = DIRECTION ( 'NONE',  ( -0.000000000000000000, 1.000000000000000000, 0.000000000000000000 ) ) ;
#971 = ORIENTED_EDGE ( 'NONE', *, *, #1164, .T. ) ;
#972 = PLANE ( 'NONE',  #2958 ) ;
#973 = CARTESIAN_POINT ( 'NONE',  ( 4.000000000000000000, 7.250000000000000000, -31.90000000000000568 ) ) ;
#974 = ORIENTED_EDGE ( 'NONE', *, *, #1267, .T. ) ;
#975 = AXIS2_PLACEMENT_3D ( 'NONE', #2381, #2595, #2610 ) ;
#976 = DIRECTION ( 'NONE',  ( 0.000000000000000000, 0.000000000000000000, 1.000000000000000000 ) ) ;
#977 = VERTEX_POINT ( 'NONE', #1463 ) ;
#978 = DIRECTION ( 'NONE',  ( 0.000000000000000000, 0.000000000000000000, -1.000000000000000000 ) ) ;
#979 = ORIENTED_EDGE ( 'NONE', *, *, #999, .F. ) ;
#980 = EDGE_CURVE ( 'NONE', #2457, #1154, #2166, .T. ) ;
#981 = EDGE_CURVE ( 'NONE', #2962, #1154, #1983, .T. ) ;
#982 = DIRECTION ( 'NONE',  ( -0.000000000000000000, -0.000000000000000000, 1.000000000000000000 ) ) ;
#983 = DIRECTION ( 'NONE',  ( -2.453269466693393493E-15, 1.063936034192533726E-30, 1.000000000000000000 ) ) ;
#984 = CARTESIAN_POINT ( 'NONE',  ( 5.728526702241571122, -0.02116219553235075893, -34.99999999999999289 ) ) ;
#985 = CIRCLE ( 'NONE', #1088, 0.9000000000000014655 ) ;
#986 = ORIENTED_EDGE ( 'NONE', *, *, #2022, .F. ) ;
#987 = CARTESIAN_POINT ( 'NONE',  ( 33.08718125374310404, -0.01281874624754024763, -12.33826663067307727 ) ) ;
#988 = DIRECTION ( 'NONE',  ( 1.000000000000000000, 0.000000000000000000, 0.000000000000000000 ) ) ;
#989 = ORIENTED_EDGE ( 'NONE', *, *, #1285, .F. ) ;
#990 = DIRECTION ( 'NONE',  ( -1.000000000000000000, -0.000000000000000000, -0.000000000000000000 ) ) ;
#991 = DIRECTION ( 'NONE',  ( 0.000000000000000000, -1.000000000000000000, 0.000000000000000000 ) ) ;
#992 = ORIENTED_EDGE ( 'NONE', *, *, #607, .T. ) ;
#993 = CYLINDRICAL_SURFACE ( 'NONE', #718, 1.000000000000000888 ) ;
#994 = VERTEX_POINT ( 'NONE', #2182 ) ;
#995 = CARTESIAN_POINT ( 'NONE',  ( 3.000000000000000000, 12.25000000000000000, 0.000000000000000000 ) ) ;
#996 = ADVANCED_FACE ( 'NONE', ( #2696 ), #2423, .T. ) ;
#997 = ORIENTED_EDGE ( 'NONE', *, *, #2422, .T. ) ;
#998 = PLANE ( 'NONE',  #1056 ) ;
#999 = EDGE_CURVE ( 'NONE', #2056, #2876, #2665, .T. ) ;
#1000 = ADVANCED_FACE ( 'NONE', ( #2487 ), #805, .F. ) ;
#1001 = CARTESIAN_POINT ( 'NONE',  ( 1.000000000000001776, 12.25000000000000000, -29.00000000000000355 ) ) ;
#1002 = DIRECTION ( 'NONE',  ( 0.000000000000000000, -1.000000000000000000, 0.000000000000000000 ) ) ;
#1003 = ORIENTED_EDGE ( 'NONE', *, *, #2532, .T. ) ;
#1004 = CARTESIAN_POINT ( 'NONE',  ( 32.60000000000000142, 6.125000000000000888, -5.500000000000007994 ) ) ;
#1005 = CYLINDRICAL_SURFACE ( 'NONE', #2933, 6.125000000000001776 ) ;
#1006 = ORIENTED_EDGE ( 'NONE', *, *, #1665, .F. ) ;
#1007 = DIRECTION ( 'NONE',  ( -0.7071067811865489050, -0.000000000000000000, 0.7071067811865460184 ) ) ;
#1008 = DIRECTION ( 'NONE',  ( -0.000000000000000000, -1.000000000000000000, 0.000000000000000000 ) ) ;
#1009 = CIRCLE ( 'NONE', #2044, 1.999999999999999778 ) ;
#1010 = APPROVAL_PERSON_ORGANIZATION ( #3060, #1461, #960 ) ;
#1011 = VECTOR ( 'NONE', #1542, 1000.000000000000000 ) ;
#1012 = VECTOR ( 'NONE', #931, 1000.000000000000000 ) ;
#1013 = CARTESIAN_POINT ( 'NONE',  ( 5.414213562373104693, 0.6213203435596532653, -35.00000000000000000 ) ) ;
#1014 = EDGE_LOOP ( 'NONE', ( #2719, #1006, #87, #703 ) ) ;
#1015 = CARTESIAN_POINT ( 'NONE',  ( 4.500000000000001776, 3.250000000000001332, -5.999999999999998224 ) ) ;
#1016 = ORIENTED_EDGE ( 'NONE', *, *, #1849, .F. ) ;
#1017 = DIRECTION ( 'NONE',  ( -1.000000000000000000, 0.000000000000000000, 0.000000000000000000 ) ) ;
#1018 = CARTESIAN_POINT ( 'NONE',  ( 31.60000000000000142, 12.25000000000000178, -29.58578643762691840 ) ) ;
#1019 = DIRECTION ( 'NONE',  ( 0.000000000000000000, 0.000000000000000000, -1.000000000000000000 ) ) ;
#1020 = EDGE_LOOP ( 'NONE', ( #776, #2678, #1666, #2692, #2547, #1550, #1183 ) ) ;
#1021 = CARTESIAN_POINT ( 'NONE',  ( 25.75082950654774905, 0.1633291729627228406, -13.54615458724912180 ) ) ;
#1022 = CIRCLE ( 'NONE', #2594, 1.000000000000000222 ) ;
#1023 = CARTESIAN_POINT ( 'NONE',  ( -0.001000000000001000089, 6.125000000000000000, -18.42500000000000071 ) ) ;
#1024 = LINE ( 'NONE', #2194, #2435 ) ;
#1025 = EDGE_LOOP ( 'NONE', ( #408, #517, #1158, #2409 ) ) ;
#1026 = EDGE_CURVE ( 'NONE', #2008, #604, #1951, .T. ) ;
#1027 = FACE_OUTER_BOUND ( 'NONE', #2083, .T. ) ;
#1028 = DIRECTION ( 'NONE',  ( 0.000000000000000000, 0.000000000000000000, 1.000000000000000000 ) ) ;
#1029 =( BOUNDED_CURVE ( )  B_SPLINE_CURVE ( 3, ( #717, #38, #2138, #1654 ),
 .UNSPECIFIED., .F., .F. ) 
 B_SPLINE_CURVE_WITH_KNOTS ( ( 4, 4 ),
 ( 0.000000000000000000, 0.5235987755982969283 ),
 .UNSPECIFIED. ) 
 CURVE ( )  GEOMETRIC_REPRESENTATION_ITEM ( )  RATIONAL_B_SPLINE_CURVE ( ( 1.000000000000000000, 0.9772838841927123932, 0.9772838841927123932, 1.000000000000000000 ) ) 
 REPRESENTATION_ITEM ( '' )  );
#1030 = CARTESIAN_POINT ( 'NONE',  ( 4.948130575771550355, -0.05726264991951651728, -34.81649658096300470 ) ) ;
#1031 = ORIENTED_EDGE ( 'NONE', *, *, #400, .T. ) ;
#1032 = DIRECTION ( 'NONE',  ( 0.000000000000000000, -1.000000000000000000, 0.000000000000000000 ) ) ;
#1033 = ORIENTED_EDGE ( 'NONE', *, *, #465, .T. ) ;
#1034 = CIRCLE ( 'NONE', #3043, 1.000000000000000000 ) ;
#1035 = CARTESIAN_POINT ( 'NONE',  ( 4.500000000000001776, 3.250000000000001332, -35.00100000000000477 ) ) ;
#1036 = CARTESIAN_POINT ( 'NONE',  ( 25.60000000000000142, 3.600123765409470433, -6.000000000000003553 ) ) ;
#1037 = CARTESIAN_POINT ( 'NONE',  ( 26.10000000000000142, 6.125000000000000000, -12.12500000000000000 ) ) ;
#1038 = AXIS2_PLACEMENT_3D ( 'NONE', #2629, #2801, #2613 ) ;
#1039 = CARTESIAN_POINT ( 'NONE',  ( 25.60000000000000142, 1.084202172485504434E-16, -12.12500000000000000 ) ) ;
#1040 = CARTESIAN_POINT ( 'NONE',  ( 5.727395805663121564, -0.02003129884687939594, -35.00000000000000000 ) ) ;
#1041 = VECTOR ( 'NONE', #2491, 1000.000000000000000 ) ;
#1042 = CARTESIAN_POINT ( 'NONE',  ( 0.000000000000000000, 12.25000000000000000, 0.000000000000000000 ) ) ;
#1043 = ADVANCED_FACE ( 'NONE', ( #2471 ), #993, .T. ) ;
#1044 = EDGE_CURVE ( 'NONE', #1811, #1976, #2230, .T. ) ;
#1045 = FACE_OUTER_BOUND ( 'NONE', #1241, .T. ) ;
#1046 = CARTESIAN_POINT ( 'NONE',  ( 5.414213562406759550, 0.4069487736234931319, -35.00000000000000000 ) ) ;
#1047 = ORIENTED_EDGE ( 'NONE', *, *, #2924, .F. ) ;
#1048 = VERTEX_POINT ( 'NONE', #1933 ) ;
#1049 = CYLINDRICAL_SURFACE ( 'NONE', #1890, 0.5000000000000004441 ) ;
#1050 = DIRECTION ( 'NONE',  ( 1.000000000000000000, 0.000000000000000000, -0.000000000000000000 ) ) ;
#1051 = DIRECTION ( 'NONE',  ( -1.000000000000000000, -0.000000000000000000, 1.508455196501571429E-16 ) ) ;
#1052 = LINE ( 'NONE', #818, #679 ) ;
#1053 = EDGE_LOOP ( 'NONE', ( #915, #48 ) ) ;
#1054 = DIRECTION ( 'NONE',  ( 0.000000000000000000, 1.000000000000000000, 0.000000000000000000 ) ) ;
#1055 = EDGE_CURVE ( 'NONE', #1048, #751, #2510, .T. ) ;
#1056 = AXIS2_PLACEMENT_3D ( 'NONE', #2698, #1292, #1517 ) ;
#1057 = DIRECTION ( 'NONE',  ( 0.7071067811865493491, -0.7071067811865456854, 0.000000000000000000 ) ) ;
#1058 = CIRCLE ( 'NONE', #1492, 0.9000000000000014655 ) ;
#1059 = ORIENTED_EDGE ( 'NONE', *, *, #150, .F. ) ;
#1061 = EDGE_CURVE ( 'NONE', #2962, #1177, #1117, .T. ) ;
#1060 = VECTOR ( 'NONE', #406, 1000.000000000000000 ) ;
#1062 = DIRECTION ( 'NONE',  ( -0.000000000000000000, 1.000000000000000000, -0.000000000000000000 ) ) ;
#1063 = LINE ( 'NONE', #584, #1392 ) ;
#1064 = CARTESIAN_POINT ( 'NONE',  ( 4.000000000000000000, 7.250000000000000000, -30.10000000000000497 ) ) ;
#1065 = CARTESIAN_POINT ( 'NONE',  ( 26.27157287525382046, -4.000000000000000888, -28.67157287525382259 ) ) ;
#1066 = DIRECTION ( 'NONE',  ( 8.673617379884027583E-16, 0.000000000000000000, -1.000000000000000000 ) ) ;
#1067 = ORIENTED_EDGE ( 'NONE', *, *, #2040, .F. ) ;
#1068 = VERTEX_POINT ( 'NONE', #1317 ) ;
#1069 = DIRECTION ( 'NONE',  ( -1.000000000000000000, 0.000000000000000000, 0.000000000000000000 ) ) ;
#1070 = FACE_OUTER_BOUND ( 'NONE', #1533, .T. ) ;
#1071 = VECTOR ( 'NONE', #899, 1000.000000000000000 ) ;
#1072 = CARTESIAN_POINT ( 'NONE',  ( 25.60000000000000142, 12.25000000000000000, -6.000000000000003553 ) ) ;
#1073 = VERTEX_POINT ( 'NONE', #2278 ) ;
#1074 = VECTOR ( 'NONE', #1763, 1000.000000000000000 ) ;
#1075 = CARTESIAN_POINT ( 'NONE',  ( 26.01804000569136122, 0.2005473466909404590, -10.55743565640540105 ) ) ;
#1076 = FACE_BOUND ( 'NONE', #920, .T. ) ;
#1077 = ADVANCED_FACE ( 'NONE', ( #1799 ), #164, .F. ) ;
#1078 = ADVANCED_FACE ( 'NONE', ( #1557 ), #2045, .T. ) ;
#1079 = VERTEX_POINT ( 'NONE', #1134 ) ;
#1080 = AXIS2_PLACEMENT_3D ( 'NONE', #954, #1201, #1897 ) ;
#1081 = CARTESIAN_POINT ( 'NONE',  ( 32.55818832605106650, -0.4003338805012240376, -13.96818606608917079 ) ) ;
#1082 = CARTESIAN_POINT ( 'NONE',  ( 28.60000000000000497, 7.250000000000000000, -31.00000000000000355 ) ) ;
#1083 = ORIENTED_EDGE ( 'NONE', *, *, #3035, .T. ) ;
#1084 = CIRCLE ( 'NONE', #538, 0.9000000000000005773 ) ;
#1085 = EDGE_CURVE ( 'NONE', #1678, #16, #1902, .T. ) ;
#1086 = CARTESIAN_POINT ( 'NONE',  ( 32.30710678118655466, -0.7928932188134381054, 0.000000000000000000 ) ) ;
#1087 = LINE ( 'NONE', #2027, #3054 ) ;
#1088 = AXIS2_PLACEMENT_3D ( 'NONE', #2726, #146, #851 ) ;
#1089 = CARTESIAN_POINT ( 'NONE',  ( 5.445122860664667108, -0.5542549348831719014, -34.81649658092773336 ) ) ;
#1090 = ORIENTED_EDGE ( 'NONE', *, *, #1687, .T. ) ;
#1091 = ORIENTED_EDGE ( 'NONE', *, *, #94, .T. ) ;
#1092 = PERSON_AND_ORGANIZATION ( #598, #1692 ) ;
#1093 = FACE_OUTER_BOUND ( 'NONE', #1403, .T. ) ;
#1094 = DIRECTION ( 'NONE',  ( 0.000000000000000000, 0.000000000000000000, 1.000000000000000000 ) ) ;
#1095 = ORIENTED_EDGE ( 'NONE', *, *, #677, .T. ) ;
#1096 = EDGE_CURVE ( 'NONE', #1079, #2791, #1352, .T. ) ;
#1097 = EDGE_CURVE ( 'NONE', #925, #2734, #2245, .T. ) ;
#1098 = DIRECTION ( 'NONE',  ( 1.000000000000000000, 0.000000000000000000, 0.000000000000000000 ) ) ;
#1099 = LINE ( 'NONE', #1373, #421 ) ;
#1100 = VERTEX_POINT ( 'NONE', #2756 ) ;
#1101 = VECTOR ( 'NONE', #2657, 1000.000000000000000 ) ;
#1102 = DIRECTION ( 'NONE',  ( 1.000000000000000000, 0.000000000000000000, 0.000000000000000000 ) ) ;
#1103 = CARTESIAN_POINT ( 'NONE',  ( -0.001000000000001000089, 6.125000000000000888, -6.000000000000000000 ) ) ;
#1104 = LINE ( 'NONE', #1817, #2450 ) ;
#1105 = ORIENTED_EDGE ( 'NONE', *, *, #2776, .F. ) ;
#1106 =( NAMED_UNIT ( * ) PLANE_ANGLE_UNIT ( ) SI_UNIT ( $, .RADIAN. ) );
#1107 = DIRECTION ( 'NONE',  ( 1.000000000000000000, 0.000000000000000000, 0.000000000000000000 ) ) ;
#1108 = CARTESIAN_POINT ( 'NONE',  ( 28.68578643762690561, -2.999999999999996891, -32.50000000000000711 ) ) ;
#1109 = ORIENTED_EDGE ( 'NONE', *, *, #883, .T. ) ;
#1110 = AXIS2_PLACEMENT_3D ( 'NONE', #601, #116, #67 ) ;
#1111 = VECTOR ( 'NONE', #2319, 1000.000000000000000 ) ;
#1112 = SPHERICAL_SURFACE ( 'NONE', #819, 2.000000000000000000 ) ;
#1113 = ORIENTED_EDGE ( 'NONE', *, *, #363, .F. ) ;
#1114 = CIRCLE ( 'NONE', #1896, 0.8999999999999998002 ) ;
#1115 = EDGE_CURVE ( 'NONE', #548, #879, #1104, .T. ) ;
#1116 = EDGE_CURVE ( 'NONE', #1601, #1466, #36, .T. ) ;
#1117 = CIRCLE ( 'NONE', #2841, 2.000000000000000000 ) ;
#1118 = CARTESIAN_POINT ( 'NONE',  ( 32.60000000000000142, 12.25000000000000000, 0.000000000000000000 ) ) ;
#1119 = VERTEX_POINT ( 'NONE', #191 ) ;
#1120 = ORIENTED_EDGE ( 'NONE', *, *, #2354, .T. ) ;
#1121 = VECTOR ( 'NONE', #2556, 1000.000000000000000 ) ;
#1122 = APPROVAL_STATUS ( 'not_yet_approved' ) ;
#1123 = CARTESIAN_POINT ( 'NONE',  ( 32.45013721191505596, -0.6285732417547692519, -10.73535607242891388 ) ) ;
#1124 = CARTESIAN_POINT ( 'NONE',  ( 32.60000000000000142, -0.1210626180369835658, -29.62106261803700491 ) ) ;
#1125 = ORIENTED_EDGE ( 'NONE', *, *, #1338, .T. ) ;
#1126 =( BOUNDED_CURVE ( )  B_SPLINE_CURVE ( 3, ( #1636, #536, #984, #1707 ),
 .UNSPECIFIED., .F., .F. ) 
 B_SPLINE_CURVE_WITH_KNOTS ( ( 4, 4 ),
 ( 5.759586531581283531, 6.283185307179586232 ),
 .UNSPECIFIED. ) 
 CURVE ( )  GEOMETRIC_REPRESENTATION_ITEM ( )  RATIONAL_B_SPLINE_CURVE ( ( 1.000000000000000000, 0.9772838841927118381, 0.9772838841927118381, 1.000000000000000000 ) ) 
 REPRESENTATION_ITEM ( '' )  );
#1127 = DIRECTION ( 'NONE',  ( 0.000000000000000000, 0.9245283018867923586, 0.3811133939004561766 ) ) ;
#1128 = DIRECTION ( 'NONE',  ( -0.5773502691896248429, 0.5773502691896278405, -0.5773502691896248429 ) ) ;
#1129 = VERTEX_POINT ( 'NONE', #2291 ) ;
#1130 = CARTESIAN_POINT ( 'NONE',  ( 26.01754445370340818, 0.1998635323971641176, -10.55999545806189843 ) ) ;
#1131 = EDGE_CURVE ( 'NONE', #1616, #2449, #71, .T. ) ;
#1132 = EDGE_CURVE ( 'NONE', #2152, #1772, #612, .T. ) ;
#1133 = EDGE_CURVE ( 'NONE', #623, #732, #2961, .T. ) ;
#1134 = CARTESIAN_POINT ( 'NONE',  ( 26.09999999999999787, 6.125000000000000000, -21.27500000000000213 ) ) ;
#1135 = VERTEX_POINT ( 'NONE', #2989 ) ;
#1136 = PERSON_AND_ORGANIZATION ( #598, #1692 ) ;
#1137 = DIRECTION ( 'NONE',  ( -0.7071067811865493491, -0.7071067811865456854, 0.000000000000000000 ) ) ;
#1138 = LINE ( 'NONE', #1858, #2059 ) ;
#1139 = ORIENTED_EDGE ( 'NONE', *, *, #221, .F. ) ;
#1140 = CARTESIAN_POINT ( 'NONE',  ( 33.01981690100246425, 0.05757951516907908185, -13.00180796428635155 ) ) ;
#1141 = CARTESIAN_POINT ( 'NONE',  ( 6.121320343559658816, -0.4999999999999889533, -35.00000000000000711 ) ) ;
#1142 = VERTEX_POINT ( 'NONE', #2261 ) ;
#1143 = ADVANCED_FACE ( 'NONE', ( #1596 ), #365, .F. ) ;
#1144 = CARTESIAN_POINT ( 'NONE',  ( 25.59999999999999787, 12.25000000000000000, -29.00000000000000355 ) ) ;
#1145 = ORIENTED_EDGE ( 'NONE', *, *, #753, .T. ) ;
#1146 = CARTESIAN_POINT ( 'NONE',  ( 4.500000000000001776, 4.750000000000000888, -5.999999999999998224 ) ) ;
#1147 = EDGE_CURVE ( 'NONE', #1161, #1135, #840, .T. ) ;
#1148 = CARTESIAN_POINT ( 'NONE',  ( 32.60000000000000142, -0.08578643762689568131, -14.43080936466782127 ) ) ;
#1149 = VERTEX_POINT ( 'NONE', #2512 ) ;
#1150 = EDGE_CURVE ( 'NONE', #1811, #2575, #641, .T. ) ;
#1151 = CARTESIAN_POINT ( 'NONE',  ( 21.25000000000000000, 12.25000000000000000, 0.000000000000000000 ) ) ;
#1152 = CARTESIAN_POINT ( 'NONE',  ( 5.442737350080453673, -0.5518694242284580831, -34.81649658096298339 ) ) ;
#1153 = DIRECTION ( 'NONE',  ( 0.7071067811865477948, -0.7071067811865473507, 0.000000000000000000 ) ) ;
#1154 = VERTEX_POINT ( 'NONE', #378 ) ;
#1155 = VECTOR ( 'NONE', #244, 1000.000000000000000 ) ;
#1156 = CIRCLE ( 'NONE', #864, 0.8999999999999980238 ) ;
#1157 = DIRECTION ( 'NONE',  ( 0.000000000000000000, 1.000000000000000000, 0.000000000000000000 ) ) ;
#1158 = ORIENTED_EDGE ( 'NONE', *, *, #981, .F. ) ;
#1159 = FACE_OUTER_BOUND ( 'NONE', #616, .T. ) ;
#1160 = CARTESIAN_POINT ( 'NONE',  ( 5.500000000000000888, 4.750000000000000888, 0.000000000000000000 ) ) ;
#1161 = VERTEX_POINT ( 'NONE', #130 ) ;
#1162 = CARTESIAN_POINT ( 'NONE',  ( 21.25000000000000355, 0.000000000000000000, -35.00000000000000000 ) ) ;
#1163 = EDGE_CURVE ( 'NONE', #659, #2106, #1331, .T. ) ;
#1164 = EDGE_CURVE ( 'NONE', #2183, #2358, #620, .T. ) ;
#1165 = CARTESIAN_POINT ( 'NONE',  ( 28.60000000000000853, 7.250000000000000000, -3.000000000000000000 ) ) ;
#1166 = CARTESIAN_POINT ( 'NONE',  ( 5.500000000000000888, 4.750000000000000888, -35.00100000000000477 ) ) ;
#1167 = ORIENTED_EDGE ( 'NONE', *, *, #1350, .F. ) ;
#1168 = DIRECTION ( 'NONE',  ( 1.000000000000000000, -0.000000000000000000, -0.000000000000000000 ) ) ;
#1169 = FACE_OUTER_BOUND ( 'NONE', #187, .T. ) ;
#1170 = AXIS2_PLACEMENT_3D ( 'NONE', #2125, #489, #293 ) ;
#1171 = DIRECTION ( 'NONE',  ( 0.000000000000000000, 0.000000000000000000, -1.000000000000000000 ) ) ;
#1172 = CARTESIAN_POINT ( 'NONE',  ( 28.60000000000000497, 7.250000000000000000, -31.00000000000000355 ) ) ;
#1173 = VERTEX_POINT ( 'NONE', #2813 ) ;
#1174 = CIRCLE ( 'NONE', #2272, 2.000000000000000000 ) ;
#1175 = CARTESIAN_POINT ( 'NONE',  ( 18.50000000000000711, 12.25000000000000000, -35.00000000000000000 ) ) ;
#1176 = DIRECTION ( 'NONE',  ( -1.000000000000000000, -0.000000000000000000, -0.000000000000000000 ) ) ;
#1177 = VERTEX_POINT ( 'NONE', #260 ) ;
#1178 = VECTOR ( 'NONE', #1950, 1000.000000000000000 ) ;
#1179 = B_SPLINE_CURVE_WITH_KNOTS ( 'NONE', 3,
 ( #2747, #167, #1333, #2310 ),
 .UNSPECIFIED., .F., .F.,
 ( 4, 4 ),
 ( 0.000000000000000000, 0.001351709190419039678 ),
 .UNSPECIFIED. ) ;
#1180 = CARTESIAN_POINT ( 'NONE',  ( 18.50000000000000711, 12.25000000000000000, -29.00000000000000355 ) ) ;
#1181 = CARTESIAN_POINT ( 'NONE',  ( 5.421010862427522170E-17, 0.6213203435596600377, -30.00000000000002132 ) ) ;
#1182 = CARTESIAN_POINT ( 'NONE',  ( 32.37244048099675808, -0.7275595190016201919, -10.99079813245701054 ) ) ;
#1183 = ORIENTED_EDGE ( 'NONE', *, *, #1650, .T. ) ;
#1184 = ADVANCED_FACE ( 'NONE', ( #742 ), #229, .T. ) ;
#1185 = CYLINDRICAL_SURFACE ( 'NONE', #2658, 3.750000000000000000 ) ;
#1186 = CARTESIAN_POINT ( 'NONE',  ( -0.001000000000001000089, 6.125000000000000000, -12.12500000000000000 ) ) ;
#1187 = FACE_OUTER_BOUND ( 'NONE', #1821, .T. ) ;
#1188 = CYLINDRICAL_SURFACE ( 'NONE', #2886, 1.999999999999998446 ) ;
#1189 = EDGE_LOOP ( 'NONE', ( #853, #2539, #1777, #1530, #273 ) ) ;
#1190 = DIRECTION ( 'NONE',  ( 0.000000000000000000, 0.000000000000000000, 1.000000000000000000 ) ) ;
#1191 = CYLINDRICAL_SURFACE ( 'NONE', #1510, 3.750000000000000000 ) ;
#1192 = EDGE_LOOP ( 'NONE', ( #2231, #515, #1423, #2838 ) ) ;
#1193 = FACE_OUTER_BOUND ( 'NONE', #1628, .T. ) ;
#1194 = CARTESIAN_POINT ( 'NONE',  ( 21.25000000000000000, 0.000000000000000000, 0.000000000000000000 ) ) ;
#1195 = CARTESIAN_POINT ( 'NONE',  ( 32.07882764320937241, 0.2368790367209569203, -10.42330867911359604 ) ) ;
#1196 = EDGE_LOOP ( 'NONE', ( #946, #801, #764, #1388 ) ) ;
#1197 = CARTESIAN_POINT ( 'NONE',  ( 31.95355339059732813, 0.05608204561151624440, -11.29804180099528388 ) ) ;
#1198 = CARTESIAN_POINT ( 'NONE',  ( 31.60000000000000142, -0.08578643762689568131, 0.000000000000000000 ) ) ;
#1199 = CIRCLE ( 'NONE', #263, 2.000000000000000000 ) ;
#1200 = VECTOR ( 'NONE', #518, 1000.000000000000000 ) ;
#1201 = DIRECTION ( 'NONE',  ( 0.000000000000000000, -1.000000000000000000, 0.000000000000000000 ) ) ;
#1202 = EDGE_CURVE ( 'NONE', #881, #1828, #1393, .T. ) ;
#1203 = ADVANCED_FACE ( 'NONE', ( #1609 ), #1204, .T. ) ;
#1204 = CYLINDRICAL_SURFACE ( 'NONE', #2785, 0.5000000000000000000 ) ;
#1205 = ORIENTED_EDGE ( 'NONE', *, *, #55, .F. ) ;
#1206 = CIRCLE ( 'NONE', #921, 0.8999999999999945821 ) ;
#1207 = CIRCLE ( 'NONE', #2943, 0.5000000000000001110 ) ;
#1208 = DIRECTION ( 'NONE',  ( 0.000000000000000000, 0.000000000000000000, -1.000000000000000000 ) ) ;
#1209 = ORIENTED_EDGE ( 'NONE', *, *, #1607, .F. ) ;
#1210 = SPHERICAL_SURFACE ( 'NONE', #1906, 2.000000000000000000 ) ;
#1211 = ORIENTED_EDGE ( 'NONE', *, *, #443, .F. ) ;
#1212 = ADVANCED_FACE ( 'NONE', ( #1868 ), #1914, .T. ) ;
#1213 = CARTESIAN_POINT ( 'NONE',  ( -0.001000000000001000089, 3.275000000000000355, -18.42500000000000071 ) ) ;
#1214 = CARTESIAN_POINT ( 'NONE',  ( 7.228427124746176879, -4.000000000000000000, 0.000000000000000000 ) ) ;
#1215 = CARTESIAN_POINT ( 'NONE',  ( 27.18578643762689850, 12.25000000000000000, -34.00000000000000000 ) ) ;
#1216 = ORIENTED_EDGE ( 'NONE', *, *, #2775, .T. ) ;
#1217 = CARTESIAN_POINT ( 'NONE',  ( 31.87277363345143755, -0.01860112608585122451, -12.40386998588140166 ) ) ;
#1218 = AXIS2_PLACEMENT_3D ( 'NONE', #2322, #206, #49 ) ;
#1219 = CARTESIAN_POINT ( 'NONE',  ( 25.60000000000000142, 0.000000000000000000, -14.64987623459052024 ) ) ;
#1220 = VERTEX_POINT ( 'NONE', #2861 ) ;
#1221 = LINE ( 'NONE', #2401, #2902 ) ;
#1222 = CARTESIAN_POINT ( 'NONE',  ( 32.60000000000000142, 0.07055807537342027869, -29.81268331135963834 ) ) ;
#1223 = ORIENTED_EDGE ( 'NONE', *, *, #2270, .T. ) ;
#1224 = VECTOR ( 'NONE', #1007, 1000.000000000000114 ) ;
#1225 = EDGE_CURVE ( 'NONE', #2876, #1976, #2130, .T. ) ;
#1226 = EDGE_CURVE ( 'NONE', #375, #301, #1390, .T. ) ;
#1227 = CARTESIAN_POINT ( 'NONE',  ( 3.914213562373097588, -1.585786437626904410, -31.08578643762691129 ) ) ;
#1228 = ORIENTED_EDGE ( 'NONE', *, *, #1687, .F. ) ;
#1229 = CARTESIAN_POINT ( 'NONE',  ( 32.60000000000000142, 2.774999999999999467, -17.84060364266104060 ) ) ;
#1230 = ORIENTED_EDGE ( 'NONE', *, *, #150, .T. ) ;
#1231 = CARTESIAN_POINT ( 'NONE',  ( 6.121320343559657040, -0.08578643762689568131, -34.00000000000000000 ) ) ;
#1232 = DIRECTION ( 'NONE',  ( -0.000000000000000000, 0.000000000000000000, 1.000000000000000000 ) ) ;
#1233 = LINE ( 'NONE', #238, #2809 ) ;
#1234 = AXIS2_PLACEMENT_3D ( 'NONE', #1300, #2260, #2755 ) ;
#1235 = ORIENTED_EDGE ( 'NONE', *, *, #2227, .F. ) ;
#1236 = CARTESIAN_POINT ( 'NONE',  ( 32.10000000000000142, 12.25000000000000000, -21.77500000000000213 ) ) ;
#1237 = ORIENTED_EDGE ( 'NONE', *, *, #2088, .F. ) ;
#1238 = FACE_OUTER_BOUND ( 'NONE', #1877, .T. ) ;
#1239 = CARTESIAN_POINT ( 'NONE',  ( 5.428427124746177057, -4.000000000000000000, -8.000000000000000000 ) ) ;
#1240 = CARTESIAN_POINT ( 'NONE',  ( 5.479968701153154598, 0.2273958056631069369, -35.00000000000000000 ) ) ;
#1241 = EDGE_LOOP ( 'NONE', ( #2768, #1621, #338, #2352 ) ) ;
#1242 = DIRECTION ( 'NONE',  ( 1.000000000000000000, 0.000000000000000000, 0.000000000000000000 ) ) ;
#1243 = ORIENTED_EDGE ( 'NONE', *, *, #2354, .F. ) ;
#1244 = CIRCLE ( 'NONE', #2819, 1.000000000000000888 ) ;
#1245 = LINE ( 'NONE', #2683, #176 ) ;
#1246 = CYLINDRICAL_SURFACE ( 'NONE', #2806, 0.5000000000000004441 ) ;
#1247 = CARTESIAN_POINT ( 'NONE',  ( 3.000000000000001332, 4.750000000000000888, -5.999999999999998224 ) ) ;
#1248 = EDGE_CURVE ( 'NONE', #301, #1129, #1814, .T. ) ;
#1249 = ORIENTED_EDGE ( 'NONE', *, *, #256, .F. ) ;
#1250 = CARTESIAN_POINT ( 'NONE',  ( 3.000000000000000000, 12.25000000000000000, -5.999999999999998224 ) ) ;
#1251 = EDGE_LOOP ( 'NONE', ( #1209, #1928, #2585, #1237 ) ) ;
#1252 = DIRECTION ( 'NONE',  ( 1.000000000000000000, 0.000000000000000000, 0.000000000000000000 ) ) ;
#1253 = DIRECTION ( 'NONE',  ( -1.000000000000000000, -0.000000000000000000, 1.508455196501571429E-16 ) ) ;
#1254 = VECTOR ( 'NONE', #1667, 1000.000000000000000 ) ;
#1255 = AXIS2_PLACEMENT_3D ( 'NONE', #726, #1660, #2382 ) ;
#1256 = VECTOR ( 'NONE', #68, 1000.000000000000000 ) ;
#1257 = CARTESIAN_POINT ( 'NONE',  ( 27.10000000000001918, -6.000000000000000000, 0.000000000000000000 ) ) ;
#1258 = ORIENTED_EDGE ( 'NONE', *, *, #661, .F. ) ;
#1259 = DIRECTION ( 'NONE',  ( -0.7071067811865479058, -0.7071067811865472397, 0.000000000000000000 ) ) ;
#1260 = EDGE_LOOP ( 'NONE', ( #1228, #1708, #277, #824, #340 ) ) ;
#1261 = AXIS2_PLACEMENT_3D ( 'NONE', #290, #701, #1432 ) ;
#1262 = DIRECTION ( 'NONE',  ( 0.000000000000000000, -1.000000000000000000, 0.000000000000000000 ) ) ;
#1263 = CARTESIAN_POINT ( 'NONE',  ( 25.59999999999996945, -2.532865896769107775E-14, -10.64181037027282883 ) ) ;
#1264 = DIRECTION ( 'NONE',  ( -1.000000000000000000, 0.000000000000000000, -0.000000000000000000 ) ) ;
#1265 = ORIENTED_EDGE ( 'NONE', *, *, #2213, .T. ) ;
#1266 = ADVANCED_FACE ( 'NONE', ( #681 ), #475, .T. ) ;
#1267 = EDGE_CURVE ( 'NONE', #671, #2803, #2611, .T. ) ;
#1268 = CARTESIAN_POINT ( 'NONE',  ( 25.59999999999998366, -3.886946136141063957E-14, -14.23889582608989457 ) ) ;
#1269 = VECTOR ( 'NONE', #2332, 1000.000000000000000 ) ;
#1270 = DIRECTION ( 'NONE',  ( -1.000000000000000000, 8.673617379884035472E-16, -8.673617379884002932E-16 ) ) ;
#1271 = ORIENTED_EDGE ( 'NONE', *, *, #412, .T. ) ;
#1272 = AXIS2_PLACEMENT_3D ( 'NONE', #2802, #648, #2050 ) ;
#1273 = FACE_OUTER_BOUND ( 'NONE', #1192, .T. ) ;
#1274 = DIRECTION ( 'NONE',  ( 1.000000000000000000, 0.000000000000000000, 0.000000000000000000 ) ) ;
#1275 = DIRECTION ( 'NONE',  ( -5.656706986880891627E-17, -0.000000000000000000, -1.000000000000000000 ) ) ;
#1276 = ORIENTED_EDGE ( 'NONE', *, *, #1941, .T. ) ;
#1277 = ORIENTED_EDGE ( 'NONE', *, *, #74, .F. ) ;
#1278 = CARTESIAN_POINT ( 'NONE',  ( -0.001000000000001000089, 3.274999999999999911, -17.54654267713535631 ) ) ;
#1279 = CARTESIAN_POINT ( 'NONE',  ( 25.60000000000002629, 5.064898380154954744E-14, -10.42947122016161643 ) ) ;
#1280 = CARTESIAN_POINT ( 'NONE',  ( 26.27157287525382401, -4.000000000000000000, -8.000000000000000000 ) ) ;
#1281 = CARTESIAN_POINT ( 'NONE',  ( 4.000000000000000000, 7.250000000000000000, -31.00000000000000355 ) ) ;
#1282 = CARTESIAN_POINT ( 'NONE',  ( 6.328427124746177412, -4.000000000000000000, 0.000000000000000000 ) ) ;
#1283 = ORIENTED_EDGE ( 'NONE', *, *, #2108, .F. ) ;
#1284 = EDGE_CURVE ( 'NONE', #1678, #2449, #2834, .T. ) ;
#1285 = EDGE_CURVE ( 'NONE', #2246, #1978, #493, .T. ) ;
#1286 = CARTESIAN_POINT ( 'NONE',  ( 5.195433962890750657, -0.3045660371092507313, -34.81649658092773336 ) ) ;
#1287 = FACE_OUTER_BOUND ( 'NONE', #1457, .T. ) ;
#1288 = EDGE_CURVE ( 'NONE', #2575, #1464, #1898, .T. ) ;
#1289 = CARTESIAN_POINT ( 'NONE',  ( 5.378937381963023512, -0.1210626180369820948, -35.00000000000000711 ) ) ;
#1290 = EDGE_LOOP ( 'NONE', ( #1680, #2648, #2722, #267 ) ) ;
#1291 = ORIENTED_EDGE ( 'NONE', *, *, #525, .F. ) ;
#1292 = DIRECTION ( 'NONE',  ( 1.000000000000000000, 0.000000000000000000, 0.000000000000000000 ) ) ;
#1293 = CARTESIAN_POINT ( 'NONE',  ( 25.97608484401881768, 0.1521548548208941642, -10.75374921016780938 ) ) ;
#1294 = CARTESIAN_POINT ( 'NONE',  ( 18.50000000000000000, 12.25000000000000000, 0.000000000000000000 ) ) ;
#1295 = VERTEX_POINT ( 'NONE', #445 ) ;
#1296 = CARTESIAN_POINT ( 'NONE',  ( 26.47867965644034172, -0.7928932188134372172, -34.70710678118655323 ) ) ;
#1297 = CARTESIAN_POINT ( 'NONE',  ( 28.60000000000000497, 7.250000000000000000, -31.00000000000000355 ) ) ;
#1298 = EDGE_LOOP ( 'NONE', ( #1091, #3051, #1661, #889, #546, #1732, #476, #1003, #2967 ) ) ;
#1299 = FACE_OUTER_BOUND ( 'NONE', #2149, .T. ) ;
#1300 = CARTESIAN_POINT ( 'NONE',  ( 5.500000000000000888, 4.750000000000000888, -5.999999999999998224 ) ) ;
#1301 = EDGE_CURVE ( 'NONE', #1295, #1498, #2348, .T. ) ;
#1302 = ADVANCED_FACE ( 'NONE', ( #2329 ), #1188, .T. ) ;
#1303 = VECTOR ( 'NONE', #797, 1000.000000000000000 ) ;
#1304 = CARTESIAN_POINT ( 'NONE',  ( 21.25000000000000000, 12.25000000000000000, -29.00000000000000355 ) ) ;
#1305 = EDGE_LOOP ( 'NONE', ( #1508, #2543, #1702, #2035 ) ) ;
#1306 = AXIS2_PLACEMENT_3D ( 'NONE', #314, #1493, #81 ) ;
#1307 = CALENDAR_DATE ( 2026, 28, 7 ) ;
#1308 = CARTESIAN_POINT ( 'NONE',  ( 26.09999999999999787, 6.125000000000000000, -21.27500000000000213 ) ) ;
#1309 = CARTESIAN_POINT ( 'NONE',  ( 1.000000000000001776, 12.25000000000000000, -29.00000000000000355 ) ) ;
#1310 = VERTEX_POINT ( 'NONE', #214 ) ;
#1311 = CARTESIAN_POINT ( 'NONE',  ( 7.000000000000000000, 4.750000000000000888, 0.000000000000000000 ) ) ;
#1312 = FACE_OUTER_BOUND ( 'NONE', #2492, .T. ) ;
#1313 = ORIENTED_EDGE ( 'NONE', *, *, #544, .F. ) ;
#1314 = CARTESIAN_POINT ( 'NONE',  ( 25.71681565584641049, 0.009471118477293611476, -12.51808607727717693 ) ) ;
#1315 = DIRECTION ( 'NONE',  ( 0.000000000000000000, 0.000000000000000000, 1.000000000000000000 ) ) ;
#1316 = VECTOR ( 'NONE', #497, 1000.000000000000114 ) ;
#1317 = CARTESIAN_POINT ( 'NONE',  ( 5.428427124746177057, -4.000000000000000000, 0.000000000000000000 ) ) ;
#1318 = ORIENTED_EDGE ( 'NONE', *, *, #2681, .T. ) ;
#1319 = ADVANCED_FACE ( 'NONE', ( #709, #1644 ), #2596, .F. ) ;
#1320 = PERSON_AND_ORGANIZATION ( #598, #1692 ) ;
#1321 = CARTESIAN_POINT ( 'NONE',  ( 21.25000000000000000, 12.25000000000000000, -29.00000000000000355 ) ) ;
#1322 = CARTESIAN_POINT ( 'NONE',  ( 5.500000000000000888, 3.250000000000001332, 0.000000000000000000 ) ) ;
#1323 = EDGE_LOOP ( 'NONE', ( #3038, #1033, #2047 ) ) ;
#1324 = VECTOR ( 'NONE', #1420, 1000.000000000000000 ) ;
#1325 = CARTESIAN_POINT ( 'NONE',  ( 32.10000000000000142, 0.3829521614392851214, -14.25678601639100584 ) ) ;
#1326 = DIRECTION ( 'NONE',  ( -0.5773502691896266192, 0.5773502691896268413, -0.5773502691896238437 ) ) ;
#1327 = ORIENTED_EDGE ( 'NONE', *, *, #589, .F. ) ;
#1328 = TOROIDAL_SURFACE ( 'NONE', #237, 6.625000000000000888, 0.5000000000000000000 ) ;
#1329 = DIRECTION ( 'NONE',  ( -1.000000000000000000, -0.000000000000000000, -0.000000000000000000 ) ) ;
#1330 = VECTOR ( 'NONE', #735, 1000.000000000000227 ) ;
#1331 = LINE ( 'NONE', #653, #2197 ) ;
#1332 = EDGE_LOOP ( 'NONE', ( #454, #502, #561, #1887, #2668 ) ) ;
#1333 = CARTESIAN_POINT ( 'NONE',  ( 32.01883434387079319, 0.1164361344842182455, -10.85511250418078966 ) ) ;
#1334 = CARTESIAN_POINT ( 'NONE',  ( 26.92696739252437510, -0.08578643762689648622, -35.00000000000000000 ) ) ;
#1335 = CARTESIAN_POINT ( 'NONE',  ( 18.50000000000000355, 12.25000000000000000, -6.000000000000000000 ) ) ;
#1336 = ORIENTED_EDGE ( 'NONE', *, *, #203, .T. ) ;
#1337 = FACE_OUTER_BOUND ( 'NONE', #2952, .T. ) ;
#1338 = EDGE_CURVE ( 'NONE', #2062, #925, #1476, .T. ) ;
#1339 = DIRECTION ( 'NONE',  ( 0.000000000000000000, -0.9374771981323621883, 0.3480466965536318513 ) ) ;
#1340 = VERTEX_POINT ( 'NONE', #1239 ) ;
#1341 = DIRECTION ( 'NONE',  ( 5.782411586589358625E-16, 0.000000000000000000, -1.000000000000000000 ) ) ;
#1342 = DIRECTION ( 'NONE',  ( -1.000000000000000000, 0.000000000000000000, -0.000000000000000000 ) ) ;
#1343 = ORIENTED_EDGE ( 'NONE', *, *, #901, .F. ) ;
#1344 = CARTESIAN_POINT ( 'NONE',  ( 32.30710678118655466, -0.7928932188134393266, -11.23053500923869308 ) ) ;
#1345 = FACE_OUTER_BOUND ( 'NONE', #532, .T. ) ;
#1346 = EDGE_LOOP ( 'NONE', ( #2625, #1327, #902, #143 ) ) ;
#1347 = CARTESIAN_POINT ( 'NONE',  ( 0.000000000000000000, 6.125000000000000888, -8.375000000000000000 ) ) ;
#1348 = CARTESIAN_POINT ( 'NONE',  ( 0.000000000000000000, -0.08578643762689133756, -28.87867965644037227 ) ) ;
#1349 = ORIENTED_EDGE ( 'NONE', *, *, #866, .F. ) ;
#1350 = EDGE_CURVE ( 'NONE', #437, #2607, #1638, .T. ) ;
#1351 = AXIS2_PLACEMENT_3D ( 'NONE', #2998, #2534, #863 ) ;
#1352 = LINE ( 'NONE', #1827, #761 ) ;
#1353 = VERTEX_POINT ( 'NONE', #45 ) ;
#1354 = AXIS2_PLACEMENT_3D ( 'NONE', #1357, #914, #875 ) ;
#1355 = PERSON_AND_ORGANIZATION ( #598, #1692 ) ;
#1356 = CARTESIAN_POINT ( 'NONE',  ( 0.000000000000000000, -6.000000000000000000, -28.67157287525382614 ) ) ;
#1357 = CARTESIAN_POINT ( 'NONE',  ( 32.10000000000000142, 6.125000000000000000, -18.42500000000000071 ) ) ;
#1358 = EDGE_LOOP ( 'NONE', ( #33, #2976 ) ) ;
#1359 = DIRECTION ( 'NONE',  ( -1.000000000000000000, 0.000000000000000000, 0.000000000000000000 ) ) ;
#1360 = CARTESIAN_POINT ( 'NONE',  ( 5.829756208169246001, -0.4420986730621786487, -35.00000000000000000 ) ) ;
#1361 = VERTEX_POINT ( 'NONE', #1699 ) ;
#1362 = AXIS2_PLACEMENT_3D ( 'NONE', #2129, #508, #278 ) ;
#1363 = ADVANCED_FACE ( 'NONE', ( #1442 ), #791, .T. ) ;
#1364 = EDGE_CURVE ( 'NONE', #1079, #2473, #1545, .T. ) ;
#1365 = EDGE_CURVE ( 'NONE', #1976, #1682, #1980, .T. ) ;
#1366 = CARTESIAN_POINT ( 'NONE',  ( 31.95355339059316435, -0.4393398282202863880, -13.01946499072958296 ) ) ;
#1367 = CIRCLE ( 'NONE', #929, 0.8999999999999945821 ) ;
#1368 = ORIENTED_EDGE ( 'NONE', *, *, #2402, .T. ) ;
#1369 = CARTESIAN_POINT ( 'NONE',  ( 6.328427124746177412, -4.000000000000000000, 0.000000000000000000 ) ) ;
#1370 = CARTESIAN_POINT ( 'NONE',  ( 32.60000000000000142, -0.02003129884697158261, -29.27260419433711292 ) ) ;
#1371 = ORIENTED_EDGE ( 'NONE', *, *, #644, .T. ) ;
#1372 = LINE ( 'NONE', #890, #811 ) ;
#1373 = CARTESIAN_POINT ( 'NONE',  ( 21.25000000000000000, 0.000000000000000000, -6.000000000000000000 ) ) ;
#1374 = DIRECTION ( 'NONE',  ( 1.000000000000000000, -0.000000000000000000, -0.000000000000000000 ) ) ;
#1375 = ORIENTED_EDGE ( 'NONE', *, *, #2303, .T. ) ;
#1376 = MANIFOLD_SOLID_BREP ( 'Cut-Extrude4', #1893 ) ;
#1377 = CARTESIAN_POINT ( 'NONE',  ( 32.10000000000000142, 6.125000000000000888, -5.500000000000007994 ) ) ;
#1378 = VERTEX_POINT ( 'NONE', #1931 ) ;
#1379 = ADVANCED_FACE ( 'NONE', ( #2436 ), #2200, .T. ) ;
#1380 = EDGE_CURVE ( 'NONE', #1079, #1161, #2394, .T. ) ;
#1381 = CARTESIAN_POINT ( 'NONE',  ( 26.27157287525382401, -6.000000000000000000, 0.000000000000000000 ) ) ;
#1382 = CARTESIAN_POINT ( 'NONE',  ( 32.24295939064830208, 3.274999999999999911, -17.54654267713535631 ) ) ;
#1383 = ORIENTED_EDGE ( 'NONE', *, *, #2681, .F. ) ;
#1384 = CARTESIAN_POINT ( 'NONE',  ( 0.2928932188134506509, -0.7928932188134398817, 0.000000000000000000 ) ) ;
#1385 = FACE_OUTER_BOUND ( 'NONE', #282, .T. ) ;
#1386 = VECTOR ( 'NONE', #1888, 1000.000000000000000 ) ;
#1387 = CYLINDRICAL_SURFACE ( 'NONE', #838, 1.000000000000000888 ) ;
#1388 = ORIENTED_EDGE ( 'NONE', *, *, #1735, .T. ) ;
#1389 = LOCAL_TIME ( 20, 50, 50.00000000000000000, #1547 ) ;
#1390 = CIRCLE ( 'NONE', #2638, 0.5000000000000033307 ) ;
#1391 = FACE_OUTER_BOUND ( 'NONE', #1358, .T. ) ;
#1392 = VECTOR ( 'NONE', #368, 1000.000000000000000 ) ;
#1393 = LINE ( 'NONE', #3041, #2936 ) ;
#1394 = ORIENTED_EDGE ( 'NONE', *, *, #1150, .T. ) ;
#1395 = VECTOR ( 'NONE', #1275, 1000.000000000000000 ) ;
#1396 = CARTESIAN_POINT ( 'NONE',  ( 18.50000000000000355, 12.25000000000000000, -6.000000000000000000 ) ) ;
#1397 = ADVANCED_FACE ( 'NONE', ( #2875 ), #1459, .T. ) ;
#1398 = EDGE_CURVE ( 'NONE', #1135, #2791, #1440, .T. ) ;
#1399 = VERTEX_POINT ( 'NONE', #280 ) ;
#1400 = DIRECTION ( 'NONE',  ( -0.000000000000000000, -0.000000000000000000, 1.000000000000000000 ) ) ;
#1401 = CARTESIAN_POINT ( 'NONE',  ( 6.328427124746177412, -4.000000000000001776, -28.67157287525382614 ) ) ;
#1402 = DIRECTION ( 'NONE',  ( 1.000000000000000000, 0.000000000000000000, 0.000000000000000000 ) ) ;
#1403 = EDGE_LOOP ( 'NONE', ( #1095, #2817 ) ) ;
#1404 = DIRECTION ( 'NONE',  ( -0.000000000000000000, -1.000000000000000000, -0.000000000000000000 ) ) ;
#1405 = CARTESIAN_POINT ( 'NONE',  ( 5.500000000000000888, 3.250000000000001332, -35.00100000000000477 ) ) ;
#1406 = VECTOR ( 'NONE', #938, 1000.000000000000000 ) ;
#1407 = LINE ( 'NONE', #2825, #1565 ) ;
#1408 = DIRECTION ( 'NONE',  ( 0.5773502691896266192, -0.5773502691896267303, 0.5773502691896239547 ) ) ;
#1409 = ORIENTED_EDGE ( 'NONE', *, *, #545, .F. ) ;
#1410 = DIRECTION ( 'NONE',  ( 1.000000000000000000, -0.000000000000000000, -0.000000000000000000 ) ) ;
#1411 = LINE ( 'NONE', #2370, #472 ) ;
#1412 = ORIENTED_EDGE ( 'NONE', *, *, #2248, .F. ) ;
#1413 = CIRCLE ( 'NONE', #1234, 1.499999999999999556 ) ;
#1414 = CARTESIAN_POINT ( 'NONE',  ( 18.50000000000000711, 12.25000000000000000, -35.00000000000000000 ) ) ;
#1415 = DIRECTION ( 'NONE',  ( 0.000000000000000000, 0.000000000000000000, 1.000000000000000000 ) ) ;
#1416 = CARTESIAN_POINT ( 'NONE',  ( 32.44479627895566409, -0.6364911775541168826, -10.75414695130057474 ) ) ;
#1417 = ORIENTED_EDGE ( 'NONE', *, *, #900, .F. ) ;
#1418 = ADVANCED_FACE ( 'NONE', ( #1045 ), #1837, .T. ) ;
#1419 = EDGE_CURVE ( 'NONE', #787, #1899, #577, .T. ) ;
#1420 = DIRECTION ( 'NONE',  ( -0.000000000000000000, 1.000000000000000000, -0.000000000000000000 ) ) ;
#1421 = FACE_OUTER_BOUND ( 'NONE', #1594, .T. ) ;
#1423 = ORIENTED_EDGE ( 'NONE', *, *, #2826, .T. ) ;
#1422 =( BOUNDED_CURVE ( )  B_SPLINE_CURVE ( 3, ( #1296, #2478, #2465, #2446 ),
 .UNSPECIFIED., .F., .F. ) 
 B_SPLINE_CURVE_WITH_KNOTS ( ( 4, 4 ),
 ( 2.617993877991493523, 3.665191429188089156 ),
 .UNSPECIFIED. ) 
 CURVE ( )  GEOMETRIC_REPRESENTATION_ITEM ( )  RATIONAL_B_SPLINE_CURVE ( ( 1.000000000000000000, 0.9106836025229594345, 0.9106836025229594345, 1.000000000000000000 ) ) 
 REPRESENTATION_ITEM ( '' )  );
#1424 = FACE_OUTER_BOUND ( 'NONE', #1020, .T. ) ;
#1425 = DIRECTION ( 'NONE',  ( -0.000000000000000000, 1.000000000000000000, -0.000000000000000000 ) ) ;
#1426 = ORIENTED_EDGE ( 'NONE', *, *, #1651, .F. ) ;
#1427 = DIRECTION ( 'NONE',  ( 0.7071067811865493491, 0.7071067811865457964, 0.000000000000000000 ) ) ;
#1428 = ORIENTED_EDGE ( 'NONE', *, *, #693, .T. ) ;
#1429 = LINE ( 'NONE', #2615, #186 ) ;
#1430 = ORIENTED_EDGE ( 'NONE', *, *, #2013, .F. ) ;
#1431 = DIRECTION ( 'NONE',  ( 1.508455196501571429E-16, 0.000000000000000000, 1.000000000000000000 ) ) ;
#1432 = DIRECTION ( 'NONE',  ( 0.000000000000000000, 0.000000000000000000, 1.000000000000000000 ) ) ;
#1433 = CARTESIAN_POINT ( 'NONE',  ( 33.01947231029357255, 0.05764866892755378391, -11.24756782248675968 ) ) ;
#1434 = EDGE_LOOP ( 'NONE', ( #2455, #1936, #1884, #871 ) ) ;
#1436 = CARTESIAN_POINT ( 'NONE',  ( 33.13455397830630034, 0.03455397830631106587, -11.45603294776556247 ) ) ;
#1435 = CIRCLE ( 'NONE', #2139, 2.000000000000000000 ) ;
#1437 = DIRECTION ( 'NONE',  ( -0.000000000000000000, -4.936846192823245457E-16, 1.000000000000000000 ) ) ;
#1438 = ADVANCED_FACE ( 'NONE', ( #1287 ), #2942, .F. ) ;
#1439 = EDGE_CURVE ( 'NONE', #2449, #29, #1512, .T. ) ;
#1440 = CIRCLE ( 'NONE', #1847, 2.850000000000001865 ) ;
#1441 = PLANE ( 'NONE',  #231 ) ;
#1442 = FACE_OUTER_BOUND ( 'NONE', #1940, .T. ) ;
#1443 = VERTEX_POINT ( 'NONE', #2661 ) ;
#1444 = CARTESIAN_POINT ( 'NONE',  ( 0.000000000000000000, 6.125000000000000000, -12.12500000000000000 ) ) ;
#1445 = EDGE_LOOP ( 'NONE', ( #2030, #3042, #327, #35 ) ) ;
#1446 = DIRECTION ( 'NONE',  ( -1.000000000000000000, -0.000000000000000000, -0.000000000000000000 ) ) ;
#1447 = ORIENTED_EDGE ( 'NONE', *, *, #31, .F. ) ;
#1448 = CARTESIAN_POINT ( 'NONE',  ( 32.10000000000000142, 6.125000000000000000, -21.27500000000000213 ) ) ;
#1449 = CARTESIAN_POINT ( 'NONE',  ( 0.000000000000000000, -0.08578643762689394658, 0.000000000000000000 ) ) ;
#1450 = CARTESIAN_POINT ( 'NONE',  ( 25.59999999999999787, 12.25000000000000000, -29.00000000000000355 ) ) ;
#1451 = ORIENTED_EDGE ( 'NONE', *, *, #1226, .F. ) ;
#1452 = FACE_OUTER_BOUND ( 'NONE', #2829, .T. ) ;
#1453 = VECTOR ( 'NONE', #697, 1000.000000000000000 ) ;
#1454 = CARTESIAN_POINT ( 'NONE',  ( 16.27614237491535576, -13.94771525016923164, -18.72385762508464779 ) ) ;
#1455 = EDGE_CURVE ( 'NONE', #806, #1443, #699, .T. ) ;
#1456 = VECTOR ( 'NONE', #1522, 1000.000000000000000 ) ;
#1457 = EDGE_LOOP ( 'NONE', ( #102, #1558, #2814, #307, #2472 ) ) ;
#1458 = CARTESIAN_POINT ( 'NONE',  ( 4.000000000000000000, 12.25000000000000000, -31.00000000000000355 ) ) ;
#1459 = CYLINDRICAL_SURFACE ( 'NONE', #124, 1.000000000000000888 ) ;
#1460 = CIRCLE ( 'NONE', #2309, 6.125000000000000000 ) ;
#1461 = APPROVAL ( #1613, 'UNSPECIFIED' ) ;
#1462 = EDGE_CURVE ( 'NONE', #316, #1786, #1367, .T. ) ;
#1463 = CARTESIAN_POINT ( 'NONE',  ( 4.500000000000001776, 3.250000000000001332, -5.999999999999998224 ) ) ;
#1464 = VERTEX_POINT ( 'NONE', #1556 ) ;
#1465 = PLANE ( 'NONE',  #1855 ) ;
#1466 = VERTEX_POINT ( 'NONE', #2242 ) ;
#1467 = CIRCLE ( 'NONE', #216, 2.000000000000000000 ) ;
#1468 = DIRECTION ( 'NONE',  ( 0.000000000000000000, 0.000000000000000000, 1.000000000000000000 ) ) ;
#1469 = DIRECTION ( 'NONE',  ( 0.000000000000000000, 0.000000000000000000, 1.000000000000000000 ) ) ;
#1470 = CARTESIAN_POINT ( 'NONE',  ( 5.195433962890750657, -0.3045660371092507313, -34.81649658092773336 ) ) ;
#1471 = AXIS2_PLACEMENT_3D ( 'NONE', #1655, #2413, #2606 ) ;
#1472 = DIRECTION ( 'NONE',  ( -0.000000000000000000, -0.000000000000000000, 1.000000000000000000 ) ) ;
#1473 = CARTESIAN_POINT ( 'NONE',  ( 4.707106781186560340, 0.6213203435596530433, -34.70710678118655323 ) ) ;
#1474 = VERTEX_POINT ( 'NONE', #595 ) ;
#1475 = CARTESIAN_POINT ( 'NONE',  ( 5.478837804467650230, 0.2285267022415684302, -35.00000000000000000 ) ) ;
#1476 = LINE ( 'NONE', #543, #2986 ) ;
#1477 = DIRECTION ( 'NONE',  ( 0.7071067811865472397, -0.7071067811865480168, 0.000000000000000000 ) ) ;
#1478 = ORIENTED_EDGE ( 'NONE', *, *, #2643, .F. ) ;
#1479 = ORIENTED_EDGE ( 'NONE', *, *, #2957, .T. ) ;
#1480 = CIRCLE ( 'NONE', #2180, 0.9000000000000005773 ) ;
#1481 = EDGE_CURVE ( 'NONE', #1771, #3010, #2511, .T. ) ;
#1482 = EDGE_CURVE ( 'NONE', #511, #1740, #2711, .T. ) ;
#1483 = LINE ( 'NONE', #2441, #457 ) ;
#1484 = DIRECTION ( 'NONE',  ( -0.000000000000000000, 1.000000000000000000, 0.000000000000000000 ) ) ;
#1485 = LINE ( 'NONE', #844, #790 ) ;
#1486 = EDGE_LOOP ( 'NONE', ( #2746, #2753, #737, #2071 ) ) ;
#1487 = CARTESIAN_POINT ( 'NONE',  ( 31.95355339059328159, 0.05608204560777368258, -12.95195819897724654 ) ) ;
#1488 = DIRECTION ( 'NONE',  ( 1.000000000000000000, -4.445228907190564235E-15, 0.000000000000000000 ) ) ;
#1489 = DIRECTION ( 'NONE',  ( 0.000000000000000000, 0.9245283018867922475, -0.3811133939004561766 ) ) ;
#1490 = APPLICATION_CONTEXT ( 'configuration controlled 3d designs of mechanical parts and assemblies' ) ;
#1491 = CARTESIAN_POINT ( 'NONE',  ( 5.414213562373103805, 0.6213203435596479363, -35.00000000000000000 ) ) ;
#1492 = AXIS2_PLACEMENT_3D ( 'NONE', #2193, #125, #2937 ) ;
#1493 = DIRECTION ( 'NONE',  ( 0.5773502691896248429, 0.5773502691896278405, -0.5773502691896248429 ) ) ;
#1494 = VECTOR ( 'NONE', #250, 1000.000000000000000 ) ;
#1495 = CARTESIAN_POINT ( 'NONE',  ( 5.057901326937739306, 0.3297562081691857716, -35.00000000000000711 ) ) ;
#1496 = ORIENTED_EDGE ( 'NONE', *, *, #752, .T. ) ;
#1497 = FACE_OUTER_BOUND ( 'NONE', #430, .T. ) ;
#1498 = VERTEX_POINT ( 'NONE', #1863 ) ;
#1499 = VECTOR ( 'NONE', #2573, 1000.000000000000000 ) ;
#1500 = CARTESIAN_POINT ( 'NONE',  ( 26.27157287525382401, -4.000000000000000000, 0.000000000000000000 ) ) ;
#1501 = ADVANCED_FACE ( 'NONE', ( #453 ), #1387, .T. ) ;
#1502 = EDGE_CURVE ( 'NONE', #420, #1048, #225, .T. ) ;
#1503 = CARTESIAN_POINT ( 'NONE',  ( 25.71741367160649361, -1.154074893955617327E-15, -11.72986055920795856 ) ) ;
#1504 = CARTESIAN_POINT ( 'NONE',  ( -0.001000000000001000089, 6.125000000000000000, -21.27500000000000213 ) ) ;
#1505 = CARTESIAN_POINT ( 'NONE',  ( 28.68578643762690561, -1.585786437626905743, -31.08578643762691129 ) ) ;
#1506 = AXIS2_PLACEMENT_3D ( 'NONE', #870, #1342, #2502 ) ;
#1507 = CARTESIAN_POINT ( 'NONE',  ( 5.570558075376736973, -0.3126833113599725156, -35.00000000000000000 ) ) ;
#1508 = ORIENTED_EDGE ( 'NONE', *, *, #1202, .F. ) ;
#1509 = ORIENTED_EDGE ( 'NONE', *, *, #2377, .F. ) ;
#1510 = AXIS2_PLACEMENT_3D ( 'NONE', #746, #2816, #978 ) ;
#1511 = CYLINDRICAL_SURFACE ( 'NONE', #1515, 0.9000000000000005773 ) ;
#1512 = LINE ( 'NONE', #1677, #1178 ) ;
#1513 =( BOUNDED_CURVE ( )  B_SPLINE_CURVE ( 3, ( #781, #300, #531, #2456 ),
 .UNSPECIFIED., .F., .F. ) 
 B_SPLINE_CURVE_WITH_KNOTS ( ( 4, 4 ),
 ( 3.006165482101559316, 3.277019825073232084 ),
 .UNSPECIFIED. ) 
 CURVE ( )  GEOMETRIC_REPRESENTATION_ITEM ( )  RATIONAL_B_SPLINE_CURVE ( ( 1.000000000000000000, 0.9938958317703789902, 0.9938958317703789902, 1.000000000000000000 ) ) 
 REPRESENTATION_ITEM ( '' )  );
#1514 = CARTESIAN_POINT ( 'NONE',  ( 1.000000000000001776, 0.000000000000000000, -29.00000000000000355 ) ) ;
#1515 = AXIS2_PLACEMENT_3D ( 'NONE', #1733, #802, #333 ) ;
#1516 = ORIENTED_EDGE ( 'NONE', *, *, #2402, .F. ) ;
#1517 = DIRECTION ( 'NONE',  ( 0.000000000000000000, 0.000000000000000000, -1.000000000000000000 ) ) ;
#1518 = CARTESIAN_POINT ( 'NONE',  ( 0.000000000000000000, 0.6213203435596592605, -29.58578643762691840 ) ) ;
#1519 = CARTESIAN_POINT ( 'NONE',  ( 32.60000000000000142, 0.1036822533546058606, -29.39631774664541197 ) ) ;
#1520 = ORIENTED_EDGE ( 'NONE', *, *, #2270, .F. ) ;
#1521 = DIRECTION ( 'NONE',  ( 0.000000000000000000, -0.000000000000000000, 1.000000000000000000 ) ) ;
#1522 = DIRECTION ( 'NONE',  ( 1.000000000000000000, 0.000000000000000000, 0.000000000000000000 ) ) ;
#1523 = ORIENTED_EDGE ( 'NONE', *, *, #2705, .F. ) ;
#1524 = ADVANCED_FACE ( 'NONE', ( #2277 ), #129, .F. ) ;
#1525 = ADVANCED_FACE ( 'NONE', ( #1070 ), #2807, .T. ) ;
#1526 = CYLINDRICAL_SURFACE ( 'NONE', #680, 0.8999999999999998002 ) ;
#1527 = DIRECTION ( 'NONE',  ( 0.000000000000000000, 0.000000000000000000, -1.000000000000000000 ) ) ;
#1528 = CARTESIAN_POINT ( 'NONE',  ( 4.286263797015736496E-15, 0.000000000000000000, -35.00000000000000000 ) ) ;
#1529 = ADVANCED_FACE ( 'NONE', ( #2484 ), #675, .F. ) ;
#1530 = ORIENTED_EDGE ( 'NONE', *, *, #2036, .F. ) ;
#1531 = CARTESIAN_POINT ( 'NONE',  ( 18.50000000000000711, 12.25000000000000000, -29.00000000000000355 ) ) ;
#1532 = CARTESIAN_POINT ( 'NONE',  ( 32.60000000000000142, -0.08578643762689909524, -29.09491658495551647 ) ) ;
#1533 = EDGE_LOOP ( 'NONE', ( #1139, #1932, #2090, #1205 ) ) ;
#1534 = CARTESIAN_POINT ( 'NONE',  ( 33.13455397830396265, 0.03455397830396853692, -12.79396705221189201 ) ) ;
#1535 = CARTESIAN_POINT ( 'NONE',  ( 28.60000000000000497, 12.25000000000000000, -30.10000000000000853 ) ) ;
#1536 = ORIENTED_EDGE ( 'NONE', *, *, #2622, .T. ) ;
#1537 = CARTESIAN_POINT ( 'NONE',  ( 4.779185757358273001, 0.2609254627010694216, -34.77918575735827744 ) ) ;
#1538 = EDGE_CURVE ( 'NONE', #2771, #2124, #1413, .T. ) ;
#1539 = EDGE_CURVE ( 'NONE', #2217, #1678, #2011, .T. ) ;
#1540 = DIRECTION ( 'NONE',  ( -0.000000000000000000, -1.000000000000000000, -0.000000000000000000 ) ) ;
#1541 = AXIS2_PLACEMENT_3D ( 'NONE', #1500, #2459, #767 ) ;
#1542 = DIRECTION ( 'NONE',  ( 1.000000000000000000, 0.000000000000000000, 0.000000000000000000 ) ) ;
#1543 = ORIENTED_EDGE ( 'NONE', *, *, #1150, .F. ) ;
#1544 = SECURITY_CLASSIFICATION ( '', '', #153 ) ;
#1545 = CIRCLE ( 'NONE', #1998, 0.5000000000000004441 ) ;
#1546 = AXIS2_PLACEMENT_3D ( 'NONE', #2428, #1469, #342 ) ;
#1547 = COORDINATED_UNIVERSAL_TIME_OFFSET ( 8, 0, .BEHIND. ) ;
#1548 = CARTESIAN_POINT ( 'NONE',  ( 32.56169486124294110, -0.3899143509741702096, -10.26384428935163484 ) ) ;
#1549 = DIRECTION ( 'NONE',  ( -0.000000000000000000, -0.000000000000000000, 1.000000000000000000 ) ) ;
#1550 = ORIENTED_EDGE ( 'NONE', *, *, #1288, .F. ) ;
#1551 =( BOUNDED_SURFACE ( )  B_SPLINE_SURFACE ( 3, 2, ( 
 ( #1709, #1958, #358 ),
 ( #2493, #1990, #2690 ),
 ( #1268, #2192, #539 ),
 ( #2656, #2237, #832 ),
 ( #2720, #1021, #570 ),
 ( #2935, #2900, #372 ),
 ( #1730, #123, #2672 ),
 ( #1779, #1039, #345 ) ),
 .UNSPECIFIED., .F., .F., .F. ) 
 B_SPLINE_SURFACE_WITH_KNOTS ( ( 4, 2, 2, 4 ),
 ( 3, 3 ),
 ( 0.001313259036621462371, 0.001983400240933731913, 0.002653541445246001239, 0.003993823853870539890 ),
 ( 0.000000000000000000, 1.000000000000000000 ),
 .UNSPECIFIED. ) 
 GEOMETRIC_REPRESENTATION_ITEM ( )  RATIONAL_B_SPLINE_SURFACE ( (
 ( 1.000000000000000000, 0.7071067811865477948, 1.000000000000000000),
 ( 1.000000000000000000, 0.7620625601807610172, 1.000000000000000000),
 ( 1.000000000000000000, 0.8063009586258625960, 1.000000000000000000),
 ( 1.000000000000000000, 0.8801017918716199651, 1.000000000000000000),
 ( 1.000000000000000000, 0.9095950493308657681, 1.000000000000000000),
 ( 1.000000000000000000, 0.9785934563953156973, 1.000000000000000000),
 ( 1.000000000000000000, 0.9996686203087875588, 1.000000000000000000),
 ( 1.000000000000000000, 1.000000000000000000, 1.000000000000000000) ) ) 
 REPRESENTATION_ITEM ( '' )  SURFACE ( )  );
#1552 = DIRECTION ( 'NONE',  ( 0.5773502691896255090, -0.5773502691896286176, -0.5773502691896231775 ) ) ;
#1553 = CARTESIAN_POINT ( 'NONE',  ( 31.95355339059315725, 0.05608204560765998881, -12.95195819897640810 ) ) ;
#1554 = ORIENTED_EDGE ( 'NONE', *, *, #1097, .F. ) ;
#1555 = CARTESIAN_POINT ( 'NONE',  ( 32.10000000000000142, 6.125000000000000000, -12.12500000000000000 ) ) ;
#1556 = CARTESIAN_POINT ( 'NONE',  ( 25.59999999999999787, 12.25000000000000000, -21.77500000000000213 ) ) ;
#1557 = FACE_OUTER_BOUND ( 'NONE', #1434, .T. ) ;
#1558 = ORIENTED_EDGE ( 'NONE', *, *, #2463, .T. ) ;
#1559 = EDGE_CURVE ( 'NONE', #1829, #2708, #2043, .T. ) ;
#1560 = ADVANCED_FACE ( 'NONE', ( #441 ), #2326, .T. ) ;
#1561 = DATE_AND_TIME ( #3007, #1846 ) ;
#1562 = PLANE ( 'NONE',  #2764 ) ;
#1563 = LINE ( 'NONE', #2774, #2305 ) ;
#1564 = EDGE_LOOP ( 'NONE', ( #555, #2287, #434, #522 ) ) ;
#1565 = VECTOR ( 'NONE', #1659, 1000.000000000000000 ) ;
#1566 = CARTESIAN_POINT ( 'NONE',  ( 32.60000000000000142, 0.3829521614392851769, -14.25678601639100584 ) ) ;
#1567 = CARTESIAN_POINT ( 'NONE',  ( 0.1835034190722811542, -0.5513928258691145334, -29.55773924834942790 ) ) ;
#1568 = ORIENTED_EDGE ( 'NONE', *, *, #955, .F. ) ;
#1569 = AXIS2_PLACEMENT_3D ( 'NONE', #194, #2528, #181 ) ;
#1570 = CIRCLE ( 'NONE', #241, 0.5000000000000004441 ) ;
#1571 = CARTESIAN_POINT ( 'NONE',  ( 6.121320343559654376, -0.7928932188134381054, -34.70710678118655323 ) ) ;
#1572 = VERTEX_POINT ( 'NONE', #1784 ) ;
#1573 = ORIENTED_EDGE ( 'NONE', *, *, #624, .F. ) ;
#1574 = MECHANICAL_CONTEXT ( 'NONE', #2081, 'mechanical' ) ;
#1575 = DIRECTION ( 'NONE',  ( 0.000000000000000000, 0.000000000000000000, -1.000000000000000000 ) ) ;
#1576 = CARTESIAN_POINT ( 'NONE',  ( 32.60000000000000142, -0.08578643762689741603, -28.87867965644036516 ) ) ;
#1577 = EDGE_CURVE ( 'NONE', #2008, #1579, #985, .T. ) ;
#1578 = EDGE_CURVE ( 'NONE', #3046, #1772, #1087, .T. ) ;
#1579 = VERTEX_POINT ( 'NONE', #3037 ) ;
#1580 = CARTESIAN_POINT ( 'NONE',  ( 32.60000000000000142, -0.2567182474936734460, -14.20060365072035502 ) ) ;
#1581 = CARTESIAN_POINT ( 'NONE',  ( 6.121320343559657040, -0.08578643762689568131, -35.00000000000000000 ) ) ;
#1582 = ORIENTED_EDGE ( 'NONE', *, *, #1455, .T. ) ;
#1583 = DIRECTION ( 'NONE',  ( 0.000000000000000000, 0.000000000000000000, -1.000000000000000000 ) ) ;
#1584 = ORIENTED_EDGE ( 'NONE', *, *, #2284, .F. ) ;
#1585 = ORIENTED_EDGE ( 'NONE', *, *, #1202, .T. ) ;
#1586 = VECTOR ( 'NONE', #982, 1000.000000000000000 ) ;
#1587 = ADVANCED_FACE ( 'NONE', ( #2158 ), #2123, .F. ) ;
#1588 = DIRECTION ( 'NONE',  ( 0.000000000000000000, -1.000000000000000000, 0.000000000000000000 ) ) ;
#1589 = CARTESIAN_POINT ( 'NONE',  ( 31.95355339060292010, 0.05608204561156866774, -11.29804180099486111 ) ) ;
#1590 = ORIENTED_EDGE ( 'NONE', *, *, #1131, .F. ) ;
#1591 = AXIS2_PLACEMENT_3D ( 'NONE', #2997, #2078, #2558 ) ;
#1592 = AXIS2_PLACEMENT_3D ( 'NONE', #1172, #2828, #27 ) ;
#1593 = DIRECTION ( 'NONE',  ( -0.000000000000000000, -0.000000000000000000, -1.000000000000000000 ) ) ;
#1594 = EDGE_LOOP ( 'NONE', ( #2535, #2514, #1223, #2569 ) ) ;
#1595 = EDGE_CURVE ( 'NONE', #2154, #2847, #1126, .T. ) ;
#1596 = FACE_OUTER_BOUND ( 'NONE', #559, .T. ) ;
#1597 = EDGE_LOOP ( 'NONE', ( #2864, #2099, #127, #964 ) ) ;
#1598 = CIRCLE ( 'NONE', #2009, 0.5000000000000004441 ) ;
#1599 = FACE_OUTER_BOUND ( 'NONE', #2856, .T. ) ;
#1600 = FACE_OUTER_BOUND ( 'NONE', #1564, .T. ) ;
#1601 = VERTEX_POINT ( 'NONE', #1470 ) ;
#1602 = CARTESIAN_POINT ( 'NONE',  ( 32.07909415758908978, 0.2375481572000507635, -13.82907768375215696 ) ) ;
#1603 = FACE_OUTER_BOUND ( 'NONE', #2120, .T. ) ;
#1604 = CARTESIAN_POINT ( 'NONE',  ( 32.60000000000000142, -0.08578643762689568131, -28.58578643762692195 ) ) ;
#1605 = ORIENTED_EDGE ( 'NONE', *, *, #2950, .T. ) ;
#1606 = DIRECTION ( 'NONE',  ( 0.000000000000000000, 0.000000000000000000, 1.000000000000000000 ) ) ;
#1607 = EDGE_CURVE ( 'NONE', #994, #1177, #2357, .T. ) ;
#1608 = EDGE_CURVE ( 'NONE', #1579, #2566, #1233, .T. ) ;
#1609 = FACE_OUTER_BOUND ( 'NONE', #2614, .T. ) ;
#1610 = CIRCLE ( 'NONE', #99, 0.9000000000000014655 ) ;
#1611 = VERTEX_POINT ( 'NONE', #1247 ) ;
#1612 = EDGE_CURVE ( 'NONE', #2292, #5, #396, .T. ) ;
#1613 = APPROVAL_STATUS ( 'not_yet_approved' ) ;
#1614 = DIRECTION ( 'NONE',  ( -1.000000000000000000, -0.000000000000000000, -0.000000000000000000 ) ) ;
#1615 = CARTESIAN_POINT ( 'NONE',  ( 32.60000000000000142, -0.4420986730624667516, -29.17024379183091298 ) ) ;
#1616 = VERTEX_POINT ( 'NONE', #2591 ) ;
#1617 = DIRECTION ( 'NONE',  ( -1.000000000000000000, 0.000000000000000000, 0.000000000000000000 ) ) ;
#1618 = DIRECTION ( 'NONE',  ( 1.000000000000000000, 0.000000000000000000, 1.734723475976806306E-15 ) ) ;
#1619 = CARTESIAN_POINT ( 'NONE',  ( 25.59999999999999787, 2.897164396028401256, -17.77058965458236983 ) ) ;
#1620 = PRODUCT_DEFINITION_SHAPE ( 'NONE', 'NONE',  #2247 ) ;
#1621 = ORIENTED_EDGE ( 'NONE', *, *, #1923, .T. ) ;
#1622 =( BOUNDED_CURVE ( )  B_SPLINE_CURVE ( 3, ( #2973, #1537, #109, #1286 ),
 .UNSPECIFIED., .F., .F. ) 
 B_SPLINE_CURVE_WITH_KNOTS ( ( 4, 4 ),
 ( 5.759586531581287083, 6.283185307179586232 ),
 .UNSPECIFIED. ) 
 CURVE ( )  GEOMETRIC_REPRESENTATION_ITEM ( )  RATIONAL_B_SPLINE_CURVE ( ( 1.000000000000000000, 0.9772838841927120601, 0.9772838841927120601, 1.000000000000000000 ) ) 
 REPRESENTATION_ITEM ( '' )  );
#1623 = DIRECTION ( 'NONE',  ( 0.000000000000000000, 0.000000000000000000, -1.000000000000000000 ) ) ;
#1624 = VECTOR ( 'NONE', #1911, 1000.000000000000000 ) ;
#1625 = ADVANCED_FACE ( 'NONE', ( #2870 ), #43, .T. ) ;
#1626 = ADVANCED_FACE ( 'NONE', ( #1671 ), #3001, .T. ) ;
#1627 = DIRECTION ( 'NONE',  ( 1.508455196501571429E-16, 0.000000000000000000, 1.000000000000000000 ) ) ;
#1628 = EDGE_LOOP ( 'NONE', ( #1412, #285, #1265, #1368, #950, #1753, #971, #287, #2349, #1912, #3015 ) ) ;
#1629 = DIRECTION ( 'NONE',  ( -0.000000000000000000, -0.000000000000000000, -1.000000000000000000 ) ) ;
#1630 = DIRECTION ( 'NONE',  ( 1.000000000000000000, 0.000000000000000000, -1.508455196501571429E-16 ) ) ;
#1631 = CARTESIAN_POINT ( 'NONE',  ( 32.10000000000000142, 3.274999999999999911, -17.54654267713535631 ) ) ;
#1632 = ORIENTED_EDGE ( 'NONE', *, *, #2013, .T. ) ;
#1633 = DIRECTION ( 'NONE',  ( 0.000000000000000000, 0.000000000000000000, 1.000000000000000000 ) ) ;
#1634 = LINE ( 'NONE', #251, #1499 ) ;
#1635 = AXIS2_PLACEMENT_3D ( 'NONE', #2818, #3047, #1633 ) ;
#1636 = CARTESIAN_POINT ( 'NONE',  ( 6.121320343559657040, -0.08578643762689568131, -35.00000000000000000 ) ) ;
#1637 = EDGE_LOOP ( 'NONE', ( #686, #2330, #1582, #2946 ) ) ;
#1638 = CIRCLE ( 'NONE', #1306, 1.999999999999999112 ) ;
#1639 = FACE_OUTER_BOUND ( 'NONE', #2579, .T. ) ;
#1640 = AXIS2_PLACEMENT_3D ( 'NONE', #2356, #236, #1921 ) ;
#1641 = DIRECTION ( 'NONE',  ( -0.000000000000000000, 1.000000000000000000, -0.000000000000000000 ) ) ;
#1642 = AXIS2_PLACEMENT_3D ( 'NONE', #1670, #4, #948 ) ;
#1643 = DIRECTION ( 'NONE',  ( -1.508455196501571429E-16, 0.000000000000000000, -1.000000000000000000 ) ) ;
#1644 = FACE_OUTER_BOUND ( 'NONE', #825, .T. ) ;
#1645 = ORIENTED_EDGE ( 'NONE', *, *, #2058, .T. ) ;
#1646 = VECTOR ( 'NONE', #1999, 1000.000000000000000 ) ;
#1647 = DIRECTION ( 'NONE',  ( 1.000000000000000000, 0.000000000000000000, 0.000000000000000000 ) ) ;
#1648 = LINE ( 'NONE', #1681, #579 ) ;
#1649 = ORIENTED_EDGE ( 'NONE', *, *, #937, .T. ) ;
#1650 = EDGE_CURVE ( 'NONE', #2575, #1682, #1891, .T. ) ;
#1651 = EDGE_CURVE ( 'NONE', #2730, #881, #438, .T. ) ;
#1652 = AXIS2_PLACEMENT_3D ( 'NONE', #2979, #1820, #1094 ) ;
#1653 = DIRECTION ( 'NONE',  ( -0.000000000000000000, -0.000000000000000000, 1.000000000000000000 ) ) ;
#1654 = CARTESIAN_POINT ( 'NONE',  ( 32.30710678118655466, -0.7928932188134389936, -28.87867965644036872 ) ) ;
#1655 = CARTESIAN_POINT ( 'NONE',  ( 26.47867965644034172, -0.08578643762689383556, -34.00000000000000000 ) ) ;
#1656 = ORIENTED_EDGE ( 'NONE', *, *, #2228, .T. ) ;
#1657 = CARTESIAN_POINT ( 'NONE',  ( 32.30710678119059764, -0.7928932188093877897, -11.23053500923979620 ) ) ;
#1658 = CYLINDRICAL_SURFACE ( 'NONE', #1880, 0.8999999999999945821 ) ;
#1659 = DIRECTION ( 'NONE',  ( -5.656706986880891627E-17, -0.000000000000000000, -1.000000000000000000 ) ) ;
#1660 = DIRECTION ( 'NONE',  ( 1.000000000000000000, -0.000000000000000000, 0.000000000000000000 ) ) ;
#1661 = ORIENTED_EDGE ( 'NONE', *, *, #1559, .T. ) ;
#1662 = CARTESIAN_POINT ( 'NONE',  ( 26.27157287525382401, -4.000000000000000000, 0.000000000000000000 ) ) ;
#1663 = ORIENTED_EDGE ( 'NONE', *, *, #220, .T. ) ;
#1664 = CARTESIAN_POINT ( 'NONE',  ( 32.37752324340987542, 3.210706413400456594, -17.58553396172450789 ) ) ;
#1665 = EDGE_CURVE ( 'NONE', #1579, #2008, #1610, .T. ) ;
#1666 = ORIENTED_EDGE ( 'NONE', *, *, #2868, .T. ) ;
#1667 = DIRECTION ( 'NONE',  ( -1.508455196501571429E-16, 4.936846192823245457E-16, -1.000000000000000000 ) ) ;
#1668 = ADVANCED_FACE ( 'NONE', ( #966 ), #2140, .T. ) ;
#1669 = ADVANCED_FACE ( 'NONE', ( #2374 ), #252, .T. ) ;
#1670 = CARTESIAN_POINT ( 'NONE',  ( 21.25000000000000000, 12.25000000000000000, -6.000000000000000000 ) ) ;
#1671 = FACE_OUTER_BOUND ( 'NONE', #2849, .T. ) ;
#1672 = VERTEX_POINT ( 'NONE', #1988 ) ;
#1673 = CARTESIAN_POINT ( 'NONE',  ( 33.08718125375239083, -0.01281874624673402970, -11.91173336930511084 ) ) ;
#1674 = LINE ( 'NONE', #41, #2136 ) ;
#1675 = DIRECTION ( 'NONE',  ( -0.000000000000000000, -1.000000000000000000, 0.000000000000000000 ) ) ;
#1676 = PLANE ( 'NONE',  #1362 ) ;
#1677 = CARTESIAN_POINT ( 'NONE',  ( 32.60000000000000142, -6.000000000000000000, -5.500000000000007994 ) ) ;
#1678 = VERTEX_POINT ( 'NONE', #2685 ) ;
#1679 = DIRECTION ( 'NONE',  ( -1.000000000000000000, 0.000000000000000000, 0.000000000000000000 ) ) ;
#1680 = ORIENTED_EDGE ( 'NONE', *, *, #2792, .F. ) ;
#1681 = CARTESIAN_POINT ( 'NONE',  ( 32.60000000000000142, -6.000000000000000000, 0.000000000000000000 ) ) ;
#1682 = VERTEX_POINT ( 'NONE', #2207 ) ;
#1683 = PLANE ( 'NONE',  #456 ) ;
#1684 = DIRECTION ( 'NONE',  ( 0.000000000000000000, 1.000000000000000000, 0.000000000000000000 ) ) ;
#1685 = CARTESIAN_POINT ( 'NONE',  ( 32.75458230238285751, 0.2135317966597818917, -10.50436143105337727 ) ) ;
#1686 = ORIENTED_EDGE ( 'NONE', *, *, #1248, .T. ) ;
#1687 = EDGE_CURVE ( 'NONE', #1048, #1310, #1485, .T. ) ;
#1689 = LINE ( 'NONE', #2160, #1944 ) ;
#1688 = AXIS2_PLACEMENT_3D ( 'NONE', #1281, #2222, #590 ) ;
#1690 = LINE ( 'NONE', #2143, #1930 ) ;
#1691 = DIRECTION ( 'NONE',  ( -4.336808689942013299E-16, -1.000000000000000000, -4.336808689941992098E-16 ) ) ;
#1692 = ORGANIZATION ( 'UNSPECIFIED', 'UNSPECIFIED', '' ) ;
#1693 = APPROVAL ( #3017, 'UNSPECIFIED' ) ;
#1694 = ORIENTED_EDGE ( 'NONE', *, *, #1502, .F. ) ;
#1696 = EDGE_CURVE ( 'NONE', #2386, #1771, #1758, .T. ) ;
#1695 = VECTOR ( 'NONE', #1840, 1000.000000000000000 ) ;
#1697 = CIRCLE ( 'NONE', #2092, 1.000000000000000888 ) ;
#1698 = CYLINDRICAL_SURFACE ( 'NONE', #144, 2.000000000000001776 ) ;
#1699 = CARTESIAN_POINT ( 'NONE',  ( 32.30710678118655466, -0.7928932188134393266, -11.23053500923869308 ) ) ;
#1700 = ORIENTED_EDGE ( 'NONE', *, *, #1866, .T. ) ;
#1701 = DIRECTION ( 'NONE',  ( -0.5773502691896267303, -0.5773502691896259531, 0.5773502691896247319 ) ) ;
#1702 = ORIENTED_EDGE ( 'NONE', *, *, #2699, .F. ) ;
#1703 = FACE_OUTER_BOUND ( 'NONE', #2808, .T. ) ;
#1704 = EDGE_LOOP ( 'NONE', ( #1954, #1590, #108, #1818 ) ) ;
#1705 = LINE ( 'NONE', #1278, #1995 ) ;
#1706 = CARTESIAN_POINT ( 'NONE',  ( 0.000000000000000000, 0.1730326074756312893, -29.58578643762692195 ) ) ;
#1707 = CARTESIAN_POINT ( 'NONE',  ( 5.603682253354610232, 0.1036822533546094688, -35.00000000000000000 ) ) ;
#1708 = ORIENTED_EDGE ( 'NONE', *, *, #1055, .T. ) ;
#1709 = CARTESIAN_POINT ( 'NONE',  ( 25.60000000000000142, -4.814824860968089633E-31, -14.64987623459052024 ) ) ;
#1710 = AXIS2_PLACEMENT_3D ( 'NONE', #1739, #2425, #2184 ) ;
#1711 = DIRECTION ( 'NONE',  ( 0.000000000000000000, 0.000000000000000000, 1.000000000000000000 ) ) ;
#1712 = CARTESIAN_POINT ( 'NONE',  ( 26.10000000000000142, 0.000000000000000000, -9.600123765409481535 ) ) ;
#1713 = ORIENTED_EDGE ( 'NONE', *, *, #1815, .T. ) ;
#1714 = LINE ( 'NONE', #2860, #1224 ) ;
#1715 = APPROVAL_DATE_TIME ( #668, #1461 ) ;
#1716 = EDGE_CURVE ( 'NONE', #2708, #226, #804, .T. ) ;
#1717 = EDGE_CURVE ( 'NONE', #1672, #1135, #1570, .T. ) ;
#1718 = CARTESIAN_POINT ( 'NONE',  ( 32.30710678118654755, 0.6213203435596553748, -30.29289321881346453 ) ) ;
#1719 = AXIS2_PLACEMENT_3D ( 'NONE', #1458, #2891, #2419 ) ;
#1720 = DIRECTION ( 'NONE',  ( -0.7071067811865477948, 0.7071067811865473507, -0.000000000000000000 ) ) ;
#1721 = VERTEX_POINT ( 'NONE', #137 ) ;
#1722 = DIRECTION ( 'NONE',  ( -1.000000000000000000, 0.000000000000000000, 0.000000000000000000 ) ) ;
#1723 = EDGE_LOOP ( 'NONE', ( #3059, #379, #1984, #933 ) ) ;
#1724 = VECTOR ( 'NONE', #2978, 1000.000000000000000 ) ;
#1725 = LINE ( 'NONE', #2669, #2392 ) ;
#1726 = CARTESIAN_POINT ( 'NONE',  ( 25.67253622590961726, 0.4011236014157249508, -9.938998938426118812 ) ) ;
#1727 = DIRECTION ( 'NONE',  ( -0.000000000000000000, 1.000000000000000000, -0.000000000000000000 ) ) ;
#1728 = AXIS2_PLACEMENT_3D ( 'NONE', #750, #1876, #1402 ) ;
#1729 = ORIENTED_EDGE ( 'NONE', *, *, #2969, .F. ) ;
#1730 = CARTESIAN_POINT ( 'NONE',  ( 25.60000000000077236, 1.084202172485504434E-16, -12.55248853949864518 ) ) ;
#1731 = LINE ( 'NONE', #2479, #1456 ) ;
#1732 = ORIENTED_EDGE ( 'NONE', *, *, #1578, .T. ) ;
#1733 = CARTESIAN_POINT ( 'NONE',  ( 28.60000000000000853, 7.250000000000000000, -3.000000000000000000 ) ) ;
#1734 = CARTESIAN_POINT ( 'NONE',  ( 0.000000000000000000, -6.000000000000000000, 0.000000000000000000 ) ) ;
#1735 = EDGE_CURVE ( 'NONE', #2185, #1740, #1974, .T. ) ;
#1736 = ADVANCED_FACE ( 'NONE', ( #2018 ), #2931, .F. ) ;
#1737 = FACE_OUTER_BOUND ( 'NONE', #173, .T. ) ;
#1738 = VERTEX_POINT ( 'NONE', #1776 ) ;
#1739 = CARTESIAN_POINT ( 'NONE',  ( 4.000000000000000000, 12.25000000000000000, -31.00000000000000355 ) ) ;
#1740 = VERTEX_POINT ( 'NONE', #2949 ) ;
#1741 = DIRECTION ( 'NONE',  ( -0.000000000000000000, -0.000000000000000000, 1.000000000000000000 ) ) ;
#1742 = FACE_OUTER_BOUND ( 'NONE', #2096, .T. ) ;
#1743 = CARTESIAN_POINT ( 'NONE',  ( 32.60000000000000142, -0.08578643762689720786, -28.87867965644036516 ) ) ;
#1744 = ORIENTED_EDGE ( 'NONE', *, *, #1284, .F. ) ;
#1745 = CARTESIAN_POINT ( 'NONE',  ( 28.60000000000000853, 7.250000000000000000, -3.000000000000000000 ) ) ;
#1746 = CARTESIAN_POINT ( 'NONE',  ( 5.378937381963020847, -0.1210626180369802907, -35.00000000000000711 ) ) ;
#1747 = ORIENTED_EDGE ( 'NONE', *, *, #482, .F. ) ;
#1748 = CARTESIAN_POINT ( 'NONE',  ( 26.07942262949594792, 0.3159315885766870169, -14.07723148886721276 ) ) ;
#1749 = DIRECTION ( 'NONE',  ( 0.000000000000000000, 0.000000000000000000, 1.000000000000000000 ) ) ;
#1750 = AXIS2_PLACEMENT_3D ( 'NONE', #672, #2299, #1127 ) ;
#1751 = CARTESIAN_POINT ( 'NONE',  ( 25.37157287525382188, -4.000000000000000000, -8.000000000000000000 ) ) ;
#1752 = ORIENTED_EDGE ( 'NONE', *, *, #934, .T. ) ;
#1753 = ORIENTED_EDGE ( 'NONE', *, *, #2041, .T. ) ;
#1754 =( BOUNDED_SURFACE ( )  B_SPLINE_SURFACE ( 3, 2, ( 
 ( #2517, #856, #2965 ),
 ( #2075, #2049, #410 ),
 ( #2267, #3018, #1843 ),
 ( #1788, #2732, #2789 ),
 ( #2748, #1806, #669 ),
 ( #2555, #435, #2321 ) ),
 .UNSPECIFIED., .F., .F., .F. ) 
 B_SPLINE_SURFACE_WITH_KNOTS ( ( 4, 2, 4 ),
 ( 3, 3 ),
 ( 2.617993877991489526, 3.141592653589792672, 3.665191429188095817 ),
 ( 0.000000000000000000, 1.000000000000000000 ),
 .UNSPECIFIED. ) 
 GEOMETRIC_REPRESENTATION_ITEM ( )  RATIONAL_B_SPLINE_SURFACE ( (
 ( 1.000000000000000000, 0.9238795325112861834, 1.000000000000000000),
 ( 1.000000000000000000, 0.9431881070349327212, 1.000000000000000000),
 ( 1.000000000000000000, 0.9530206138714232278, 1.000000000000000000),
 ( 1.000000000000000000, 0.9530206138714232278, 1.000000000000000000),
 ( 1.000000000000000000, 0.9431881070349322771, 1.000000000000000000),
 ( 1.000000000000000000, 0.9238795325112862944, 1.000000000000000000) ) ) 
 REPRESENTATION_ITEM ( '' )  SURFACE ( )  );
#1755 = AXIS2_PLACEMENT_3D ( 'NONE', #209, #2559, #172 ) ;
#1756 = LINE ( 'NONE', #51, #264 ) ;
#1757 = CARTESIAN_POINT ( 'NONE',  ( 25.60000000000006182, 5.212099086823763066E-14, -11.27538597917211582 ) ) ;
#1758 = LINE ( 'NONE', #585, #2522 ) ;
#1759 = EDGE_CURVE ( 'NONE', #1100, #1819, #2917, .T. ) ;
#1760 = ADVANCED_FACE ( 'NONE', ( #1076, #798, #2235 ), #118, .F. ) ;
#1761 = ORIENTED_EDGE ( 'NONE', *, *, #643, .T. ) ;
#1762 = DIRECTION ( 'NONE',  ( 1.734723475976807094E-15, -1.000000000000000000, 0.000000000000000000 ) ) ;
#1763 = DIRECTION ( 'NONE',  ( 0.000000000000000000, 0.000000000000000000, -1.000000000000000000 ) ) ;
#1764 = ORIENTED_EDGE ( 'NONE', *, *, #1301, .F. ) ;
#1765 = ORIENTED_EDGE ( 'NONE', *, *, #220, .F. ) ;
#1766 = CIRCLE ( 'NONE', #336, 1.000000000000000666 ) ;
#1767 = CARTESIAN_POINT ( 'NONE',  ( 27.10000000000001918, -6.000000000000000000, 0.000000000000000000 ) ) ;
#1768 = DIRECTION ( 'NONE',  ( -0.000000000000000000, -1.000000000000000000, 0.000000000000000000 ) ) ;
#1769 = DIRECTION ( 'NONE',  ( -0.5773502691896256200, 0.5773502691896285066, 0.5773502691896231775 ) ) ;
#1770 = CIRCLE ( 'NONE', #639, 0.5000000000000001110 ) ;
#1771 = VERTEX_POINT ( 'NONE', #603 ) ;
#1772 = VERTEX_POINT ( 'NONE', #2899 ) ;
#1773 = LINE ( 'NONE', #2897, #512 ) ;
#1774 = ADVANCED_FACE ( 'NONE', ( #384 ), #615, .F. ) ;
#1775 = LINE ( 'NONE', #2189, #762 ) ;
#1776 = CARTESIAN_POINT ( 'NONE',  ( 28.60000000000000853, 12.25000000000000000, -3.900000000000000799 ) ) ;
#1777 = ORIENTED_EDGE ( 'NONE', *, *, #1116, .T. ) ;
#1778 = EDGE_CURVE ( 'NONE', #671, #841, #2190, .T. ) ;
#1779 = CARTESIAN_POINT ( 'NONE',  ( 25.60000000000000142, 1.084202172485504434E-16, -12.12500000000000000 ) ) ;
#1780 = AXIS2_PLACEMENT_3D ( 'NONE', #210, #837, #1153 ) ;
#1781 = PLANE ( 'NONE',  #2400 ) ;
#1782 = ORIENTED_EDGE ( 'NONE', *, *, #204, .F. ) ;
#1783 = CARTESIAN_POINT ( 'NONE',  ( 17.73807118745774503, -15.36192881254232390, -18.72385762508464779 ) ) ;
#1784 = CARTESIAN_POINT ( 'NONE',  ( 3.000000000000000000, 12.25000000000000000, 0.000000000000000000 ) ) ;
#1785 = DIRECTION ( 'NONE',  ( 1.000000000000000000, 0.000000000000000000, 0.000000000000000000 ) ) ;
#1786 = VERTEX_POINT ( 'NONE', #369 ) ;
#1787 = DIRECTION ( 'NONE',  ( 0.000000000000000000, 0.000000000000000000, 1.000000000000000000 ) ) ;
#1788 = CARTESIAN_POINT ( 'NONE',  ( 27.11973114102531568, 0.2270956477345556224, -35.00000000000000000 ) ) ;
#1789 = VECTOR ( 'NONE', #1437, 1000.000000000000000 ) ;
#1790 = DIRECTION ( 'NONE',  ( -1.000000000000000000, 0.000000000000000000, -0.000000000000000000 ) ) ;
#1791 = ORIENTED_EDGE ( 'NONE', *, *, #1816, .T. ) ;
#1792 = CARTESIAN_POINT ( 'NONE',  ( 26.27157287525382401, -4.000000000000000000, -8.000000000000000000 ) ) ;
#1793 = FACE_OUTER_BOUND ( 'NONE', #2480, .T. ) ;
#1794 = VERTEX_POINT ( 'NONE', #1309 ) ;
#1795 = FACE_OUTER_BOUND ( 'NONE', #1445, .T. ) ;
#1796 = CARTESIAN_POINT ( 'NONE',  ( 25.95704060935171142, 3.275000000000000355, -17.54654267713535631 ) ) ;
#1797 = PRODUCT_RELATED_PRODUCT_CATEGORY ( 'detail', '', ( #422 ) ) ;
#1798 = ADVANCED_FACE ( 'NONE', ( #2671 ), #2443, .F. ) ;
#1799 = FACE_OUTER_BOUND ( 'NONE', #1298, .T. ) ;
#1800 = ORIENTED_EDGE ( 'NONE', *, *, #2015, .T. ) ;
#1801 = ORIENTED_EDGE ( 'NONE', *, *, #1225, .F. ) ;
#1802 = LOCAL_TIME ( 20, 50, 50.00000000000000000, #1842 ) ;
#1803 = AXIS2_PLACEMENT_3D ( 'NONE', #2565, #2148, #694 ) ;
#1804 = AXIS2_PLACEMENT_3D ( 'NONE', #1401, #983, #1618 ) ;
#1805 = PERSON_AND_ORGANIZATION_ROLE ( 'classification_officer' ) ;
#1806 = CARTESIAN_POINT ( 'NONE',  ( 27.54214490486070943, 0.3299890099903285967, -35.00000000000000000 ) ) ;
#1807 = DIRECTION ( 'NONE',  ( 0.000000000000000000, -1.000000000000000000, 0.000000000000000000 ) ) ;
#1808 = ORIENTED_EDGE ( 'NONE', *, *, #1455, .F. ) ;
#1809 = CARTESIAN_POINT ( 'NONE',  ( 32.44523251079390036, -0.6359200256728896328, -13.49730931472302586 ) ) ;
#1810 = LINE ( 'NONE', #663, #961 ) ;
#1811 = VERTEX_POINT ( 'NONE', #90 ) ;
#1812 = AXIS2_PLACEMENT_3D ( 'NONE', #2151, #3044, #2567 ) ;
#1813 = DIRECTION ( 'NONE',  ( -0.000000000000000000, -1.000000000000000000, -0.000000000000000000 ) ) ;
#1814 = B_SPLINE_CURVE_WITH_KNOTS ( 'NONE', 3,
 ( #2098, #433, #3058, #2551 ),
 .UNSPECIFIED., .F., .F.,
 ( 4, 4 ),
 ( 0.003017099951910351407, 0.004373467447438570375 ),
 .UNSPECIFIED. ) ;
#1815 = EDGE_CURVE ( 'NONE', #1443, #1353, #2597, .T. ) ;
#1816 = EDGE_CURVE ( 'NONE', #1119, #2791, #872, .T. ) ;
#1817 = CARTESIAN_POINT ( 'NONE',  ( 27.18578643762689850, 0.9142135623731034721, -35.00000000000000000 ) ) ;
#1818 = ORIENTED_EDGE ( 'NONE', *, *, #1085, .F. ) ;
#1819 = VERTEX_POINT ( 'NONE', #2542 ) ;
#1820 = DIRECTION ( 'NONE',  ( 0.000000000000000000, 1.000000000000000000, 0.000000000000000000 ) ) ;
#1821 = EDGE_LOOP ( 'NONE', ( #2467, #2297, #96, #211 ) ) ;
#1822 = VECTOR ( 'NONE', #1069, 1000.000000000000000 ) ;
#1823 = LINE ( 'NONE', #2521, #2830 ) ;
#1824 = CARTESIAN_POINT ( 'NONE',  ( 0.000000000000000000, -0.4999999999999847899, -28.87867965644036516 ) ) ;
#1825 = EDGE_LOOP ( 'NONE', ( #347, #848, #253, #1509, #1645, #906, #858 ) ) ;
#1826 = VECTOR ( 'NONE', #1727, 1000.000000000000000 ) ;
#1827 = CARTESIAN_POINT ( 'NONE',  ( -0.001000000000001000089, 6.125000000000000000, -21.27500000000000213 ) ) ;
#1828 = VERTEX_POINT ( 'NONE', #1108 ) ;
#1829 = VERTEX_POINT ( 'NONE', #1148 ) ;
#1830 = EDGE_CURVE ( 'NONE', #437, #2062, #2100, .T. ) ;
#1831 = COORDINATED_UNIVERSAL_TIME_OFFSET ( 8, 0, .BEHIND. ) ;
#1832 = CARTESIAN_POINT ( 'NONE',  ( 4.500000000000001776, 3.250000000000001332, 0.000000000000000000 ) ) ;
#1833 = CARTESIAN_POINT ( 'NONE',  ( 5.414213562373103805, 0.6213203435596479363, -35.00000000000000000 ) ) ;
#1834 = VERTEX_POINT ( 'NONE', #3031 ) ;
#1835 = ADVANCED_FACE ( 'NONE', ( #670 ), #2410, .T. ) ;
#1836 = DIRECTION ( 'NONE',  ( -0.5773502691896266192, 0.5773502691896267303, -0.5773502691896238437 ) ) ;
#1837 =( BOUNDED_SURFACE ( )  B_SPLINE_SURFACE ( 3, 2, ( 
 ( #2923, #2646, #1718 ),
 ( #803, #2404, #2627 ),
 ( #526, #1222, #2420 ),
 ( #296, #110, #2695 ) ),
 .UNSPECIFIED., .F., .F., .F. ) 
 B_SPLINE_SURFACE_WITH_KNOTS ( ( 4, 4 ),
 ( 3, 3 ),
 ( 5.759586531581281754, 6.283185307179585344 ),
 ( 0.000000000000000000, 1.000000000000000000 ),
 .UNSPECIFIED. ) 
 GEOMETRIC_REPRESENTATION_ITEM ( )  RATIONAL_B_SPLINE_SURFACE ( (
 ( 1.000000000000000000, 0.9238795325112860723, 1.000000000000000000),
 ( 1.000000000000000000, 0.9431762688450401333, 1.000000000000000000),
 ( 1.000000000000000000, 0.9530363760089649583, 1.000000000000000000),
 ( 1.000000000000000000, 0.9530206138714234498, 1.000000000000000000) ) ) 
 REPRESENTATION_ITEM ( '' )  SURFACE ( )  );
#1838 = CARTESIAN_POINT ( 'NONE',  ( 5.764308935877128448, -0.7214909372568456547, -34.77850906274314724 ) ) ;
#1839 = VERTEX_POINT ( 'NONE', #1589 ) ;
#1840 = DIRECTION ( 'NONE',  ( -1.000000000000000000, -0.000000000000000000, -0.000000000000000000 ) ) ;
#1841 = AXIS2_PLACEMENT_3D ( 'NONE', #1745, #553, #310 ) ;
#1842 = COORDINATED_UNIVERSAL_TIME_OFFSET ( 8, 0, .BEHIND. ) ;
#1843 = CARTESIAN_POINT ( 'NONE',  ( 27.15773924834937958, -0.5513928258691748185, -34.81649658092770494 ) ) ;
#1844 = LINE ( 'NONE', #2790, #1121 ) ;
#1845 = ORIENTED_EDGE ( 'NONE', *, *, #1116, .F. ) ;
#1846 = LOCAL_TIME ( 20, 50, 50.00000000000000000, #1831 ) ;
#1847 = AXIS2_PLACEMENT_3D ( 'NONE', #2470, #98, #1749 ) ;
#1848 = CYLINDRICAL_SURFACE ( 'NONE', #1591, 2.000000000000001332 ) ;
#1849 = EDGE_CURVE ( 'NONE', #1173, #740, #1138, .T. ) ;
#1850 = ADVANCED_FACE ( 'NONE', ( #1345 ), #399, .F. ) ;
#1851 = ORIENTED_EDGE ( 'NONE', *, *, #1085, .T. ) ;
#1852 = DIRECTION ( 'NONE',  ( 1.000000000000000000, -0.000000000000000000, 5.782411586589358625E-16 ) ) ;
#1853 = DIRECTION ( 'NONE',  ( -0.5773502691896256200, 0.5773502691896285066, 0.5773502691896230665 ) ) ;
#1854 = EDGE_LOOP ( 'NONE', ( #2144, #1915, #727, #2051 ) ) ;
#1855 = AXIS2_PLACEMENT_3D ( 'NONE', #86, #1032, #339 ) ;
#1856 = COORDINATED_UNIVERSAL_TIME_OFFSET ( 8, 0, .BEHIND. ) ;
#1857 = CARTESIAN_POINT ( 'NONE',  ( 26.47867965644034172, -0.7928932188134372172, -34.70710678118655323 ) ) ;
#1858 = CARTESIAN_POINT ( 'NONE',  ( 1.000000000000003109, 0.000000000000000000, -6.000000000000000000 ) ) ;
#1859 = CIRCLE ( 'NONE', #528, 1.000000000000000888 ) ;
#1860 = ORIENTED_EDGE ( 'NONE', *, *, #955, .T. ) ;
#1861 = CARTESIAN_POINT ( 'NONE',  ( 7.000000000000000000, 4.750000000000000888, -5.999999999999998224 ) ) ;
#1862 = PLANE ( 'NONE',  #1351 ) ;
#1863 = CARTESIAN_POINT ( 'NONE',  ( 1.000000000000003109, 12.25000000000000000, -6.000000000000000000 ) ) ;
#1864 = ORIENTED_EDGE ( 'NONE', *, *, #1830, .F. ) ;
#1865 = ADVANCED_FACE ( 'NONE', ( #658 ), #574, .T. ) ;
#1866 = EDGE_CURVE ( 'NONE', #732, #3010, #2994, .T. ) ;
#1867 = CIRCLE ( 'NONE', #2362, 0.9000000000000014655 ) ;
#1868 = FACE_OUTER_BOUND ( 'NONE', #1053, .T. ) ;
#1869 = VECTOR ( 'NONE', #1540, 1000.000000000000000 ) ;
#1870 = VERTEX_POINT ( 'NONE', #1833 ) ;
#1871 = LINE ( 'NONE', #266, #2662 ) ;
#1872 = LINE ( 'NONE', #2102, #429 ) ;
#1873 = ORIENTED_EDGE ( 'NONE', *, *, #1577, .F. ) ;
#1874 = CARTESIAN_POINT ( 'NONE',  ( 1.000000000000003109, 12.25000000000000000, -6.000000000000000000 ) ) ;
#1875 = CARTESIAN_POINT ( 'NONE',  ( 27.18578643762689850, 12.25000000000000000, -35.00000000000000000 ) ) ;
#1876 = DIRECTION ( 'NONE',  ( -0.000000000000000000, -0.000000000000000000, 1.000000000000000000 ) ) ;
#1877 = EDGE_LOOP ( 'NONE', ( #569, #2939, #12, #442, #1090 ) ) ;
#1878 = CARTESIAN_POINT ( 'NONE',  ( 7.000000000000000000, 12.25000000000000000, 0.000000000000000000 ) ) ;
#1879 = CYLINDRICAL_SURFACE ( 'NONE', #2572, 0.9000000000000014655 ) ;
#1880 = AXIS2_PLACEMENT_3D ( 'NONE', #3056, #2593, #1711 ) ;
#1881 = CARTESIAN_POINT ( 'NONE',  ( 32.56163657231414987, -0.3899447185179550912, -13.98601197108855665 ) ) ;
#1882 = EDGE_CURVE ( 'NONE', #2405, #2131, #1563, .T. ) ;
#1883 = CARTESIAN_POINT ( 'NONE',  ( 1.000000000000003109, 12.25000000000000000, -6.000000000000000000 ) ) ;
#1884 = ORIENTED_EDGE ( 'NONE', *, *, #588, .T. ) ;
#1885 = CARTESIAN_POINT ( 'NONE',  ( 3.914213562373095812, -1.585786437626907075, -31.08578643762690774 ) ) ;
#1886 = LINE ( 'NONE', #995, #1453 ) ;
#1887 = ORIENTED_EDGE ( 'NONE', *, *, #711, .T. ) ;
#1888 = DIRECTION ( 'NONE',  ( 1.508455196501571429E-16, -4.936846192823245457E-16, 1.000000000000000000 ) ) ;
#1889 = CARTESIAN_POINT ( 'NONE',  ( 28.60000000000000497, 12.25000000000000000, -31.00000000000000355 ) ) ;
#1890 = AXIS2_PLACEMENT_3D ( 'NONE', #1986, #2929, #354 ) ;
#1891 = LINE ( 'NONE', #1450, #2366 ) ;
#1892 = ORIENTED_EDGE ( 'NONE', *, *, #1225, .T. ) ;
#1893 = CLOSED_SHELL ( 'NONE', ( #2445, #1850, #1774, #1418, #942, #1000, #1942, #2515, #2851, #1760, #431, #1397, #1143, #2318, #1077, #1736, #2188, #2171, #1319, #1529, #833, #2811, #2867, #662, #2128, #1363, #2403, #3052, #483, #3002, #2602, #1798, #175, #2740, #284, #2339, #2464, #2601, #1669, #134, #1212, #996, #174, #774, #1438, #2269, #95, #1560, #885, #1184, #1302, #413, #418, #2682, #1525, #444, #1266, #1668, #792, #1043, #1900, #349, #1501, #1865, #190, #1379, #2642, #2283, #2072, #1078, #73, #2729, #2304, #827, #2355, #1835, #1203, #842, #2663, #2548, #712, #1626, #2073, #1961, #611, #2968, #2580, #1625, #2486, #2890, #2002, #2724, #2265, #362, #1524, #308, #1587 ) ) ;
#1894 = CARTESIAN_POINT ( 'NONE',  ( -3.799999999999999822, 6.125000000000000000, -12.12500000000000000 ) ) ;
#1895 = FACE_OUTER_BOUND ( 'NONE', #1251, .T. ) ;
#1896 = AXIS2_PLACEMENT_3D ( 'NONE', #1282, #329, #2210 ) ;
#1897 = DIRECTION ( 'NONE',  ( 0.000000000000000000, -0.000000000000000000, -1.000000000000000000 ) ) ;
#1898 = LINE ( 'NONE', #1144, #2587 ) ;
#1899 = VERTEX_POINT ( 'NONE', #1322 ) ;
#1900 = ADVANCED_FACE ( 'NONE', ( #2268 ), #155, .T. ) ;
#1901 = EDGE_CURVE ( 'NONE', #2386, #1678, #2064, .T. ) ;
#1902 = CIRCLE ( 'NONE', #2346, 6.125000000000000000 ) ;
#1903 = CARTESIAN_POINT ( 'NONE',  ( 32.10000000000000142, 6.125000000000000000, -12.12500000000000000 ) ) ;
#1904 = CARTESIAN_POINT ( 'NONE',  ( 26.27157287525382401, -6.000000000000000000, -28.67157287525382614 ) ) ;
#1905 = ORIENTED_EDGE ( 'NONE', *, *, #1901, .T. ) ;
#1906 = AXIS2_PLACEMENT_3D ( 'NONE', #2153, #34, #1918 ) ;
#1907 = DIRECTION ( 'NONE',  ( 0.000000000000000000, -0.000000000000000000, -1.000000000000000000 ) ) ;
#1908 = CARTESIAN_POINT ( 'NONE',  ( 26.10000000000000142, 0.4622641509433954021, -9.790680462359709679 ) ) ;
#1909 = CARTESIAN_POINT ( 'NONE',  ( 32.91824789737295021, 0.09585582464966853344, -11.00300619323486728 ) ) ;
#1910 = EDGE_LOOP ( 'NONE', ( #2029, #2759, #1447, #720 ) ) ;
#1911 = DIRECTION ( 'NONE',  ( -0.000000000000000000, -1.000000000000000000, -0.000000000000000000 ) ) ;
#1912 = ORIENTED_EDGE ( 'NONE', *, *, #2797, .T. ) ;
#1913 = DIRECTION ( 'NONE',  ( 0.000000000000000000, 0.000000000000000000, 1.000000000000000000 ) ) ;
#1914 = PLANE ( 'NONE',  #1592 ) ;
#1915 = ORIENTED_EDGE ( 'NONE', *, *, #3016, .F. ) ;
#1916 = FACE_OUTER_BOUND ( 'NONE', #613, .T. ) ;
#1917 = ORIENTED_EDGE ( 'NONE', *, *, #1419, .F. ) ;
#1918 = DIRECTION ( 'NONE',  ( 0.000000000000000000, 0.000000000000000000, -1.000000000000000000 ) ) ;
#1919 = EDGE_LOOP ( 'NONE', ( #2639, #202, #2168, #245, #1994, #1047, #1752, #2980, #2693, #1764 ) ) ;
#1920 = CARTESIAN_POINT ( 'NONE',  ( 18.50000000000000711, 0.000000000000000000, -29.00000000000000355 ) ) ;
#1921 = DIRECTION ( 'NONE',  ( 0.000000000000000000, 0.000000000000000000, -1.000000000000000000 ) ) ;
#1922 = CARTESIAN_POINT ( 'NONE',  ( 32.60000000000000142, -0.08578643762689659724, -9.819190635332178729 ) ) ;
#1923 = EDGE_CURVE ( 'NONE', #226, #751, #1766, .T. ) ;
#1924 = EDGE_CURVE ( 'NONE', #2185, #487, #3019, .T. ) ;
#1925 = ORIENTED_EDGE ( 'NONE', *, *, #524, .T. ) ;
#1926 = CARTESIAN_POINT ( 'NONE',  ( 32.30710678118655466, -0.7928932188134357739, -13.01946499073049246 ) ) ;
#1927 = LINE ( 'NONE', #2873, #807 ) ;
#1928 = ORIENTED_EDGE ( 'NONE', *, *, #363, .T. ) ;
#1929 = CARTESIAN_POINT ( 'NONE',  ( 28.60000000000000497, 7.250000000000000000, -30.10000000000000853 ) ) ;
#1930 = VECTOR ( 'NONE', #1641, 1000.000000000000000 ) ;
#1931 = CARTESIAN_POINT ( 'NONE',  ( 32.60000000000000142, 2.774999999999999467, -17.84060364266104060 ) ) ;
#1932 = ORIENTED_EDGE ( 'NONE', *, *, #2463, .F. ) ;
#1933 = CARTESIAN_POINT ( 'NONE',  ( 32.30710678118654755, 0.6213203435596510449, -30.29289321881346808 ) ) ;
#1934 = EDGE_LOOP ( 'NONE', ( #745, #63, #200, #695 ) ) ;
#1935 = DIRECTION ( 'NONE',  ( 0.7071067811865456854, -0.7071067811865493491, 0.000000000000000000 ) ) ;
#1936 = ORIENTED_EDGE ( 'NONE', *, *, #2621, .F. ) ;
#1937 = LINE ( 'NONE', #1035, #13 ) ;
#1938 = DIRECTION ( 'NONE',  ( -0.000000000000000000, -0.000000000000000000, 1.000000000000000000 ) ) ;
#1939 = CARTESIAN_POINT ( 'NONE',  ( 32.09999997270760019, 0.3032495659368563135, -10.20789599799202563 ) ) ;
#1940 = EDGE_LOOP ( 'NONE', ( #2557, #1276, #2524, #1125 ) ) ;
#1941 = EDGE_CURVE ( 'NONE', #2734, #2655, #1844, .T. ) ;
#1942 = ADVANCED_FACE ( 'NONE', ( #1600 ), #436, .F. ) ;
#1944 = VECTOR ( 'NONE', #6, 1000.000000000000000 ) ;
#1943 = DIRECTION ( 'NONE',  ( -0.000000000000000000, 1.000000000000000000, 0.000000000000000000 ) ) ;
#1945 = DIRECTION ( 'NONE',  ( 0.5773502691896247319, -0.5773502691896277295, 0.5773502691896247319 ) ) ;
#1946 = AXIS2_PLACEMENT_3D ( 'NONE', #855, #1787, #656 ) ;
#1947 = ORIENTED_EDGE ( 'NONE', *, *, #348, .F. ) ;
#1948 = VECTOR ( 'NONE', #2883, 1000.000000000000000 ) ;
#1949 = CARTESIAN_POINT ( 'NONE',  ( 25.59999999999999787, 12.25000000000000000, -29.00000000000000355 ) ) ;
#1950 = DIRECTION ( 'NONE',  ( -0.000000000000000000, 1.000000000000000000, -0.000000000000000000 ) ) ;
#1951 = LINE ( 'NONE', #1751, #2458 ) ;
#1952 = ORIENTED_EDGE ( 'NONE', *, *, #2906, .F. ) ;
#1953 = FACE_OUTER_BOUND ( 'NONE', #1934, .T. ) ;
#1954 = ORIENTED_EDGE ( 'NONE', *, *, #1284, .T. ) ;
#1955 = CYLINDRICAL_SURFACE ( 'NONE', #2934, 0.5000000000000000000 ) ;
#1956 = DIRECTION ( 'NONE',  ( 0.000000000000000000, 1.000000000000000000, 0.000000000000000000 ) ) ;
#1957 = CARTESIAN_POINT ( 'NONE',  ( 25.59999999999999787, 12.25000000000000000, -29.00000000000000355 ) ) ;
#1958 = CARTESIAN_POINT ( 'NONE',  ( 25.60000000000000142, 0.4622641509433949580, -14.45931953764028854 ) ) ;
#1959 = CARTESIAN_POINT ( 'NONE',  ( 5.603682253354610232, 0.1036822533546095521, -35.00000000000000000 ) ) ;
#1960 = EDGE_CURVE ( 'NONE', #1899, #2592, #527, .T. ) ;
#1961 = ADVANCED_FACE ( 'NONE', ( #2119 ), #2258, .T. ) ;
#1962 = EDGE_LOOP ( 'NONE', ( #989, #710, #2918, #2264 ) ) ;
#1963 = CARTESIAN_POINT ( 'NONE',  ( 32.30710678118655466, -0.7928932188134393266, -13.01946499073048713 ) ) ;
#1964 = DATE_TIME_ROLE ( 'classification_date' ) ;
#1965 = DIRECTION ( 'NONE',  ( 0.000000000000000000, 0.000000000000000000, -1.000000000000000000 ) ) ;
#1966 = CIRCLE ( 'NONE', #2417, 6.625000000000000888 ) ;
#1967 = EDGE_LOOP ( 'NONE', ( #766, #541, #3013 ) ) ;
#1968 = CARTESIAN_POINT ( 'NONE',  ( 28.60000000000000853, 12.25000000000000000, -2.099999999999999645 ) ) ;
#1969 = EDGE_LOOP ( 'NONE', ( #2068, #126, #1992 ) ) ;
#1970 = CIRCLE ( 'NONE', #640, 3.750000000000000000 ) ;
#1971 =( BOUNDED_SURFACE ( )  B_SPLINE_SURFACE ( 3, 2, ( 
 ( #1348, #1824, #673 ),
 ( #2752, #637, #2767 ),
 ( #2508, #388, #1567 ),
 ( #734, #271, #2373 ),
 ( #2174, #2342, #2157 ),
 ( #2836, #1181, #500 ) ),
 .UNSPECIFIED., .F., .F., .F. ) 
 B_SPLINE_SURFACE_WITH_KNOTS ( ( 4, 2, 4 ),
 ( 3, 3 ),
 ( 2.617993877991497520, 3.141592653589798001, 3.665191429188098482 ),
 ( 0.000000000000000000, 1.000000000000000000 ),
 .UNSPECIFIED. ) 
 GEOMETRIC_REPRESENTATION_ITEM ( )  RATIONAL_B_SPLINE_SURFACE ( (
 ( 1.000000000000000000, 0.9238795325112871826, 1.000000000000000000),
 ( 1.000000000000000000, 0.9431881070349326102, 1.000000000000000000),
 ( 1.000000000000000000, 0.9530206138714222286, 1.000000000000000000),
 ( 1.000000000000000000, 0.9530206138714222286, 1.000000000000000000),
 ( 1.000000000000000000, 0.9431881070349316110, 1.000000000000000000),
 ( 1.000000000000000000, 0.9238795325112856283, 1.000000000000000000) ) ) 
 REPRESENTATION_ITEM ( '' )  SURFACE ( )  );
#1972 = CARTESIAN_POINT ( 'NONE',  ( 1.000000000000003109, 12.25000000000000000, -6.000000000000000000 ) ) ;
#1973 = LINE ( 'NONE', #2653, #461 ) ;
#1974 = LINE ( 'NONE', #1294, #1041 ) ;
#1975 = AXIS2_PLACEMENT_3D ( 'NONE', #1215, #1002, #485 ) ;
#1976 = VERTEX_POINT ( 'NONE', #1 ) ;
#1977 = FACE_OUTER_BOUND ( 'NONE', #1332, .T. ) ;
#1978 = VERTEX_POINT ( 'NONE', #286 ) ;
#1979 = FACE_BOUND ( 'NONE', #2019, .T. ) ;
#1980 = LINE ( 'NONE', #334, #325 ) ;
#1981 = EDGE_CURVE ( 'NONE', #1572, #65, #1886, .T. ) ;
#1982 = EDGE_CURVE ( 'NONE', #1361, #1839, #722, .T. ) ;
#1983 = LINE ( 'NONE', #529, #82 ) ;
#1984 = ORIENTED_EDGE ( 'NONE', *, *, #1096, .T. ) ;
#1985 = ORIENTED_EDGE ( 'NONE', *, *, #2705, .T. ) ;
#1986 = CARTESIAN_POINT ( 'NONE',  ( 26.09999999999999787, 6.125000000000000000, -21.77500000000000213 ) ) ;
#1987 = DIRECTION ( 'NONE',  ( -0.000000000000000000, -0.000000000000000000, 1.000000000000000000 ) ) ;
#1988 = CARTESIAN_POINT ( 'NONE',  ( 32.60000000000000142, 2.774999999999999467, -18.42500000000000071 ) ) ;
#1989 = ORIENTED_EDGE ( 'NONE', *, *, #1131, .T. ) ;
#1990 = CARTESIAN_POINT ( 'NONE',  ( 25.67253622590932594, 0.4011236014158018892, -14.31100106157376040 ) ) ;
#1991 = CARTESIAN_POINT ( 'NONE',  ( 7.000000000000000000, 12.25000000000000000, 0.000000000000000000 ) ) ;
#1992 = ORIENTED_EDGE ( 'NONE', *, *, #2715, .T. ) ;
#1993 = B_SPLINE_CURVE_WITH_KNOTS ( 'NONE', 3,
 ( #1229, #765, #963, #1664, #1382, #1631 ),
 .UNSPECIFIED., .F., .F.,
 ( 4, 2, 4 ),
 ( -4.814816512306048903E-06, 0.0004175979433682720831, 0.0008400107032488502963 ),
 .UNSPECIFIED. ) ;
#1994 = ORIENTED_EDGE ( 'NONE', *, *, #2951, .F. ) ;
#1995 = VECTOR ( 'NONE', #2233, 1000.000000000000000 ) ;
#1996 = CARTESIAN_POINT ( 'NONE',  ( 21.25000000000000000, 12.25000000000000000, 0.000000000000000000 ) ) ;
#1997 = DIRECTION ( 'NONE',  ( 1.000000000000000000, 0.000000000000000000, 0.000000000000000000 ) ) ;
#1998 = AXIS2_PLACEMENT_3D ( 'NONE', #557, #2892, #2452 ) ;
#1999 = DIRECTION ( 'NONE',  ( -0.000000000000000000, -1.000000000000000000, -0.000000000000000000 ) ) ;
#2000 = ORIENTED_EDGE ( 'NONE', *, *, #2928, .T. ) ;
#2001 = EDGE_CURVE ( 'NONE', #1834, #2379, #2600, .T. ) ;
#2002 = ADVANCED_FACE ( 'NONE', ( #1703 ), #1191, .T. ) ;
#2003 = DIRECTION ( 'NONE',  ( 1.508455196501571429E-16, -4.936846192823245457E-16, 1.000000000000000000 ) ) ;
#2004 = LINE ( 'NONE', #2251, #2499 ) ;
#2005 = ORIENTED_EDGE ( 'NONE', *, *, #2058, .F. ) ;
#2006 = CARTESIAN_POINT ( 'NONE',  ( 27.17157287525382614, -4.000000000000000000, 0.000000000000000000 ) ) ;
#2007 = LINE ( 'NONE', #359, #140 ) ;
#2008 = VERTEX_POINT ( 'NONE', #730 ) ;
#2009 = AXIS2_PLACEMENT_3D ( 'NONE', #2895, #2667, #1242 ) ;
#2010 = FACE_OUTER_BOUND ( 'NONE', #1854, .T. ) ;
#2011 = LINE ( 'NONE', #1103, #645 ) ;
#2012 = DIRECTION ( 'NONE',  ( -1.000000000000000000, 0.000000000000000000, 0.000000000000000000 ) ) ;
#2013 = EDGE_CURVE ( 'NONE', #2859, #1073, #714, .T. ) ;
#2014 = ORIENTED_EDGE ( 'NONE', *, *, #2906, .T. ) ;
#2015 = EDGE_CURVE ( 'NONE', #420, #2799, #1872, .T. ) ;
#2016 = APPLICATION_PROTOCOL_DEFINITION ( 'international standard', 'config_control_design', 1994, #1490 ) ;
#2017 = CARTESIAN_POINT ( 'NONE',  ( 25.71914773111548058, 0.04499768778803227981, -11.28806778229545671 ) ) ;
#2018 = FACE_OUTER_BOUND ( 'NONE', #1969, .T. ) ;
#2019 = EDGE_LOOP ( 'NONE', ( #665, #446 ) ) ;
#2020 = SPHERICAL_SURFACE ( 'NONE', #120, 2.000000000000000000 ) ;
#2021 = CC_DESIGN_PERSON_AND_ORGANIZATION_ASSIGNMENT ( #1092, #1805, ( #1544 ) ) ;
#2022 = EDGE_CURVE ( 'NONE', #1378, #2440, #1993, .T. ) ;
#2023 = AXIS2_PLACEMENT_3D ( 'NONE', #19, #786, #2733 ) ;
#2024 = CARTESIAN_POINT ( 'NONE',  ( 0.000000000000000000, -0.08578643762689394658, 0.000000000000000000 ) ) ;
#2025 = ORIENTED_EDGE ( 'NONE', *, *, #2723, .F. ) ;
#2026 = PLANE ( 'NONE',  #2162 ) ;
#2027 = CARTESIAN_POINT ( 'NONE',  ( 32.60000000000000142, 12.25000000000000178, -29.58578643762691840 ) ) ;
#2028 = DIRECTION ( 'NONE',  ( -0.000000000000000000, -1.000000000000000000, -0.000000000000000000 ) ) ;
#2029 = ORIENTED_EDGE ( 'NONE', *, *, #883, .F. ) ;
#2030 = ORIENTED_EDGE ( 'NONE', *, *, #2533, .F. ) ;
#2031 = CALENDAR_DATE ( 2026, 28, 7 ) ;
#2032 = CARTESIAN_POINT ( 'NONE',  ( 32.41649658092773478, -0.3045660371092580587, -29.80456603710927155 ) ) ;
#2033 = AXIS2_PLACEMENT_3D ( 'NONE', #2840, #2623, #2397 ) ;
#2034 = CARTESIAN_POINT ( 'NONE',  ( 26.27157287525382756, -4.000000000000001776, -28.67157287525382614 ) ) ;
#2035 = ORIENTED_EDGE ( 'NONE', *, *, #2549, .F. ) ;
#2036 = EDGE_CURVE ( 'NONE', #1177, #1466, #1429, .T. ) ;
#2037 = CARTESIAN_POINT ( 'NONE',  ( 25.59999999999999787, 0.000000000000000000, -29.00000000000000355 ) ) ;
#2038 = CYLINDRICAL_SURFACE ( 'NONE', #2990, 1.999999999999999112 ) ;
#2039 = ORIENTED_EDGE ( 'NONE', *, *, #2211, .F. ) ;
#2040 = EDGE_CURVE ( 'NONE', #5, #552, #1648, .T. ) ;
#2041 = EDGE_CURVE ( 'NONE', #841, #2183, #927, .T. ) ;
#2042 = CARTESIAN_POINT ( 'NONE',  ( 25.83361116220493514, 0.03741403625020857382, -11.34091704949828383 ) ) ;
#2043 = LINE ( 'NONE', #1604, #2664 ) ;
#2044 = AXIS2_PLACEMENT_3D ( 'NONE', #1505, #75, #328 ) ;
#2045 = CYLINDRICAL_SURFACE ( 'NONE', #629, 2.000000000000000000 ) ;
#2046 = ORIENTED_EDGE ( 'NONE', *, *, #2915, .F. ) ;
#2047 = ORIENTED_EDGE ( 'NONE', *, *, #31, .T. ) ;
#2048 = AXIS2_PLACEMENT_3D ( 'NONE', #1146, #1629, #2116 ) ;
#2049 = CARTESIAN_POINT ( 'NONE',  ( 26.77001099000944251, -0.4421449048604090271, -35.00000000000000000 ) ) ;
#2050 = DIRECTION ( 'NONE',  ( 1.000000000000000000, 0.000000000000000000, 0.000000000000000000 ) ) ;
#2051 = ORIENTED_EDGE ( 'NONE', *, *, #2532, .F. ) ;
#2052 = AXIS2_PLACEMENT_3D ( 'NONE', #1165, #749, #2618 ) ;
#2053 = CARTESIAN_POINT ( 'NONE',  ( 6.328427124746176524, -6.000000000000000000, -28.67157287525382614 ) ) ;
#2054 =( BOUNDED_CURVE ( )  B_SPLINE_CURVE ( 3, ( #1518, #1706, #2475, #535 ),
 .UNSPECIFIED., .F., .F. ) 
 B_SPLINE_CURVE_WITH_KNOTS ( ( 4, 4 ),
 ( 2.617993877991489526, 3.665191429188085603 ),
 .UNSPECIFIED. ) 
 CURVE ( )  GEOMETRIC_REPRESENTATION_ITEM ( )  RATIONAL_B_SPLINE_CURVE ( ( 1.000000000000000000, 0.9106836025229593234, 0.9106836025229593234, 1.000000000000000000 ) ) 
 REPRESENTATION_ITEM ( '' )  );
#2055 = FACE_OUTER_BOUND ( 'NONE', #1919, .T. ) ;
#2056 = VERTEX_POINT ( 'NONE', #479 ) ;
#2057 = VECTOR ( 'NONE', #2437, 1000.000000000000000 ) ;
#2058 = EDGE_CURVE ( 'NONE', #729, #437, #1411, .T. ) ;
#2059 = VECTOR ( 'NONE', #2762, 1000.000000000000000 ) ;
#2060 = DIRECTION ( 'NONE',  ( -0.000000000000000000, 0.000000000000000000, 1.000000000000000000 ) ) ;
#2061 = ORIENTED_EDGE ( 'NONE', *, *, #1115, .T. ) ;
#2062 = VERTEX_POINT ( 'NONE', #1904 ) ;
#2063 = DIRECTION ( 'NONE',  ( -1.000000000000000000, 0.000000000000000000, 0.000000000000000000 ) ) ;
#2064 = LINE ( 'NONE', #857, #918 ) ;
#2065 = ORIENTED_EDGE ( 'NONE', *, *, #2792, .T. ) ;
#2066 = CARTESIAN_POINT ( 'NONE',  ( 21.25000000000000355, 12.25000000000000000, -35.00000000000000000 ) ) ;
#2067 = FACE_OUTER_BOUND ( 'NONE', #1305, .T. ) ;
#2068 = ORIENTED_EDGE ( 'NONE', *, *, #1133, .F. ) ;
#2069 = CARTESIAN_POINT ( 'NONE',  ( 26.10000000000000142, 0.4622641509433966234, -9.790680462359709679 ) ) ;
#2070 = CARTESIAN_POINT ( 'NONE',  ( 0.000000000000000000, -6.000000000000000000, 0.000000000000000000 ) ) ;
#2071 = ORIENTED_EDGE ( 'NONE', *, *, #1115, .F. ) ;
#2072 = ADVANCED_FACE ( 'NONE', ( #2848 ), #1210, .T. ) ;
#2073 = ADVANCED_FACE ( 'NONE', ( #268 ), #2703, .T. ) ;
#2074 = DIRECTION ( 'NONE',  ( 0.000000000000000000, 0.000000000000000000, -1.000000000000000000 ) ) ;
#2075 = CARTESIAN_POINT ( 'NONE',  ( 26.69282579206932837, -0.08578643759329697416, -35.00000000000000000 ) ) ;
#2076 = DIRECTION ( 'NONE',  ( 0.000000000000000000, 0.7071067811865506814, 0.7071067811865445751 ) ) ;
#2077 = VERTEX_POINT ( 'NONE', #2631 ) ;
#2078 = DIRECTION ( 'NONE',  ( -0.5773502691896247319, -0.5773502691896277295, 0.5773502691896247319 ) ) ;
#2079 = DIRECTION ( 'NONE',  ( -0.7071067811865471286, -0.7071067811865479058, 0.000000000000000000 ) ) ;
#2080 = ORIENTED_EDGE ( 'NONE', *, *, #588, .F. ) ;
#2081 = APPLICATION_CONTEXT ( 'configuration controlled 3d designs of mechanical parts and assemblies' ) ;
#2082 = CARTESIAN_POINT ( 'NONE',  ( 37.04771525016915490, 6.776142374915385957, -22.72385762508470108 ) ) ;
#2083 = EDGE_LOOP ( 'NONE', ( #1892, #2276, #2165, #635 ) ) ;
#2084 = CIRCLE ( 'NONE', #1841, 0.9000000000000005773 ) ;
#2085 = CALENDAR_DATE ( 2026, 28, 7 ) ;
#2086 = CARTESIAN_POINT ( 'NONE',  ( 25.72112149148368943, 4.667473822831355257, -6.000000000000004441 ) ) ;
#2087 = DIRECTION ( 'NONE',  ( -1.000000000000000000, 0.000000000000000000, 0.000000000000000000 ) ) ;
#2088 = EDGE_CURVE ( 'NONE', #1177, #2438, #823, .T. ) ;
#2089 = EDGE_CURVE ( 'NONE', #1161, #2414, #1598, .T. ) ;
#2090 = ORIENTED_EDGE ( 'NONE', *, *, #401, .F. ) ;
#2091 = AXIS2_PLACEMENT_3D ( 'NONE', #2306, #852, #2060 ) ;
#2092 = AXIS2_PLACEMENT_3D ( 'NONE', #1018, #1484, #2220 ) ;
#2093 = CARTESIAN_POINT ( 'NONE',  ( 28.68578643762690561, -1.585786437626907963, -31.08578643762690774 ) ) ;
#2094 = DIRECTION ( 'NONE',  ( 0.000000000000000000, 0.000000000000000000, 1.000000000000000000 ) ) ;
#2095 = DIRECTION ( 'NONE',  ( -0.000000000000000000, 1.000000000000000000, -0.000000000000000000 ) ) ;
#2096 = EDGE_LOOP ( 'NONE', ( #2433, #586, #2787, #2702, #2320, #782, #1478, #1523, #2061, #1145, #1375 ) ) ;
#2097 = CARTESIAN_POINT ( 'NONE',  ( 21.25000000000000000, 12.25000000000000000, -29.00000000000000355 ) ) ;
#2098 = CARTESIAN_POINT ( 'NONE',  ( 31.95355339059315725, 0.05608204560765998881, -12.95195819897640810 ) ) ;
#2099 = ORIENTED_EDGE ( 'NONE', *, *, #381, .F. ) ;
#2100 = CIRCLE ( 'NONE', #2208, 2.000000000000001776 ) ;
#2101 = CARTESIAN_POINT ( 'NONE',  ( 25.60000000000000142, 3.600123765409470433, -6.000000000000003553 ) ) ;
#2102 = CARTESIAN_POINT ( 'NONE',  ( 31.29999999999993321, 12.25000000000000000, -31.30000000000008598 ) ) ;
#2103 = EDGE_LOOP ( 'NONE', ( #101, #2612, #1230, #46, #1632, #1496, #1554, #2000, #411, #2780, #3024, #450, #1649, #2159, #132, #2603, #2687, #407, #1917, #2204 ) ) ;
#2104 = DIRECTION ( 'NONE',  ( 0.000000000000000000, -1.000000000000000000, -4.936846192823245457E-16 ) ) ;
#2105 = CARTESIAN_POINT ( 'NONE',  ( 26.10000000000000142, 3.274999999999999911, -17.54654267713535631 ) ) ;
#2106 = VERTEX_POINT ( 'NONE', #2203 ) ;
#2107 = VECTOR ( 'NONE', #594, 1000.000000000000000 ) ;
#2108 = EDGE_CURVE ( 'NONE', #1839, #301, #1513, .T. ) ;
#2109 = DIRECTION ( 'NONE',  ( 0.000000000000000000, 0.000000000000000000, -1.000000000000000000 ) ) ;
#2110 = CARTESIAN_POINT ( 'NONE',  ( 0.000000000000000000, 12.25000000000000000, 0.000000000000000000 ) ) ;
#2111 = CIRCLE ( 'NONE', #926, 0.8999999999999980238 ) ;
#2112 = CARTESIAN_POINT ( 'NONE',  ( 32.60000000000000142, -0.08578643762689568131, -14.43080936466782127 ) ) ;
#2113 = DIRECTION ( 'NONE',  ( 0.9908437476558802359, 0.000000000000000000, 0.1350135835064399936 ) ) ;
#2114 = AXIS2_PLACEMENT_3D ( 'NONE', #3050, #2885, #2837 ) ;
#2115 = ORIENTED_EDGE ( 'NONE', *, *, #177, .F. ) ;
#2116 = DIRECTION ( 'NONE',  ( 1.000000000000000000, 0.000000000000000000, 0.000000000000000000 ) ) ;
#2117 = DATE_AND_TIME ( #2085, #860 ) ;
#2118 = CARTESIAN_POINT ( 'NONE',  ( 0.000000000000000000, 0.6213203435596592605, -29.58578643762691840 ) ) ;
#2119 = FACE_OUTER_BOUND ( 'NONE', #1910, .T. ) ;
#2120 = EDGE_LOOP ( 'NONE', ( #780, #2212, #151, #2659 ) ) ;
#2121 = CARTESIAN_POINT ( 'NONE',  ( 25.59999999999999787, 2.775000000000004796, -29.00000000000000711 ) ) ;
#2122 = LINE ( 'NONE', #452, #2588 ) ;
#2123 = CYLINDRICAL_SURFACE ( 'NONE', #1728, 1.499999999999999556 ) ;
#2124 = VERTEX_POINT ( 'NONE', #547 ) ;
#2125 = CARTESIAN_POINT ( 'NONE',  ( 4.500000000000001776, 4.750000000000000888, 0.000000000000000000 ) ) ;
#2126 = DIRECTION ( 'NONE',  ( 1.000000000000000000, 0.000000000000000000, 3.469446951953611033E-15 ) ) ;
#2127 = EDGE_CURVE ( 'NONE', #2124, #977, #317, .T. ) ;
#2128 = ADVANCED_FACE ( 'NONE', ( #1953 ), #1465, .F. ) ;
#2129 = CARTESIAN_POINT ( 'NONE',  ( 32.60000000000000142, -6.000000000000000000, -30.00000000000001421 ) ) ;
#2130 = LINE ( 'NONE', #459, #265 ) ;
#2131 = VERTEX_POINT ( 'NONE', #1968 ) ;
#2132 = DIRECTION ( 'NONE',  ( -1.000000000000000000, 0.000000000000000000, -0.000000000000000000 ) ) ;
#2133 = EDGE_LOOP ( 'NONE', ( #1873, #2527, #1663, #2862 ) ) ;
#2134 = DIRECTION ( 'NONE',  ( 0.000000000000000000, 0.000000000000000000, 1.000000000000000000 ) ) ;
#2135 = ORIENTED_EDGE ( 'NONE', *, *, #3053, .T. ) ;
#2136 = VECTOR ( 'NONE', #935, 1000.000000000000000 ) ;
#2137 = CARTESIAN_POINT ( 'NONE',  ( 25.59999999999999787, 0.000000000000000000, -29.00000000000000355 ) ) ;
#2138 = CARTESIAN_POINT ( 'NONE',  ( 32.37918575735827176, -0.7208142426417294413, -29.23907453729894712 ) ) ;
#2139 = AXIS2_PLACEMENT_3D ( 'NONE', #1065, #817, #1762 ) ;
#2140 = CYLINDRICAL_SURFACE ( 'NONE', #1975, 1.000000000000000888 ) ;
#2141 = ORIENTED_EDGE ( 'NONE', *, *, #1559, .F. ) ;
#2142 = LINE ( 'NONE', #227, #2447 ) ;
#2143 = CARTESIAN_POINT ( 'NONE',  ( 27.89289321881344463, 12.25000000000000000, -34.70710678118654613 ) ) ;
#2144 = ORIENTED_EDGE ( 'NONE', *, *, #203, .F. ) ;
#2145 = CIRCLE ( 'NONE', #1755, 1.000000000000000888 ) ;
#2146 = CARTESIAN_POINT ( 'NONE',  ( 5.414213562373103805, 12.25000000000000000, -35.00000000000000000 ) ) ;
#2147 = EDGE_CURVE ( 'NONE', #1978, #1819, #3040, .T. ) ;
#2148 = DIRECTION ( 'NONE',  ( 0.000000000000000000, 0.000000000000000000, -1.000000000000000000 ) ) ;
#2149 = EDGE_LOOP ( 'NONE', ( #2307, #2065, #642, #1336, #269, #1761, #1800, #2503, #1985, #149, #1394 ) ) ;
#2150 = EDGE_CURVE ( 'NONE', #2438, #698, #2912, .T. ) ;
#2151 = CARTESIAN_POINT ( 'NONE',  ( 1.000000000000000000, -0.08578643762689394658, 0.000000000000000000 ) ) ;
#2152 = VERTEX_POINT ( 'NONE', #2679 ) ;
#2153 = CARTESIAN_POINT ( 'NONE',  ( 6.328427124746176524, -4.000000000000000000, -28.67157287525382614 ) ) ;
#2154 = VERTEX_POINT ( 'NONE', #560 ) ;
#2155 = AXIS2_PLACEMENT_3D ( 'NONE', #516, #1446, #2408 ) ;
#2156 = LINE ( 'NONE', #451, #1586 ) ;
#2157 = CARTESIAN_POINT ( 'NONE',  ( 0.2215704817767845669, 0.2647066584782094001, -30.22157048177680139 ) ) ;
#2158 = FACE_OUTER_BOUND ( 'NONE', #796, .T. ) ;
#2159 = ORIENTED_EDGE ( 'NONE', *, *, #1482, .T. ) ;
#2160 = CARTESIAN_POINT ( 'NONE',  ( 28.60000000000000853, 7.250000000000000000, -3.900000000000000799 ) ) ;
#2161 = FACE_OUTER_BOUND ( 'NONE', #165, .T. ) ;
#2162 = AXIS2_PLACEMENT_3D ( 'NONE', #1042, #2904, #2739 ) ;
#2163 = DIRECTION ( 'NONE',  ( 0.000000000000000000, 4.936846192823245457E-16, -1.000000000000000000 ) ) ;
#2164 = CARTESIAN_POINT ( 'NONE',  ( 0.000000000000000000, 12.25000000000000000, -30.00000000000001421 ) ) ;
#2165 = ORIENTED_EDGE ( 'NONE', *, *, #736, .F. ) ;
#2166 =( BOUNDED_CURVE ( )  B_SPLINE_CURVE ( 3, ( #2647, #2216, #84, #100 ),
 .UNSPECIFIED., .F., .F. ) 
 B_SPLINE_CURVE_WITH_KNOTS ( ( 4, 4 ),
 ( 2.617993877991496188, 3.665191429188094929 ),
 .UNSPECIFIED. ) 
 CURVE ( )  GEOMETRIC_REPRESENTATION_ITEM ( )  RATIONAL_B_SPLINE_CURVE ( ( 1.000000000000000000, 0.9106836025229588794, 0.9106836025229588794, 1.000000000000000000 ) ) 
 REPRESENTATION_ITEM ( '' )  );
#2167 = CARTESIAN_POINT ( 'NONE',  ( 0.000000000000000000, -0.08578643762689568131, -34.00000000000000000 ) ) ;
#2168 = ORIENTED_EDGE ( 'NONE', *, *, #2127, .F. ) ;
#2169 = CARTESIAN_POINT ( 'NONE',  ( 31.95355339060169086, -0.4393398282117567111, -11.23053500923869308 ) ) ;
#2170 = ORIENTED_EDGE ( 'NONE', *, *, #2303, .F. ) ;
#2171 = ADVANCED_FACE ( 'NONE', ( #1497 ), #492, .F. ) ;
#2172 = EDGE_CURVE ( 'NONE', #2440, #1135, #1221, .T. ) ;
#2173 = CARTESIAN_POINT ( 'NONE',  ( -3.799999999999999822, 6.125000000000000000, -12.12500000000000000 ) ) ;
#2174 = CARTESIAN_POINT ( 'NONE',  ( 0.000000000000000000, 0.4071742079306717721, -29.58578643759311433 ) ) ;
#2175 = CARTESIAN_POINT ( 'NONE',  ( 26.27157287525382401, -4.000000000000000000, -8.000000000000000000 ) ) ;
#2176 = DIRECTION ( 'NONE',  ( -0.000000000000000000, 1.000000000000000000, -0.000000000000000000 ) ) ;
#2177 = DIRECTION ( 'NONE',  ( 0.000000000000000000, 0.000000000000000000, 1.000000000000000000 ) ) ;
#2178 = CARTESIAN_POINT ( 'NONE',  ( 31.60000000000000142, 0.6213203435596510449, -29.58578643762691840 ) ) ;
#2179 = DIRECTION ( 'NONE',  ( -1.000000000000000000, -1.734723475976807341E-16, 0.000000000000000000 ) ) ;
#2180 = AXIS2_PLACEMENT_3D ( 'NONE', #755, #2641, #504 ) ;
#2181 = CARTESIAN_POINT ( 'NONE',  ( 4.500000000000001776, 3.250000000000001332, 0.000000000000000000 ) ) ;
#2182 = CARTESIAN_POINT ( 'NONE',  ( 6.328427124746178301, -5.414213562373093147, -30.08578643762692906 ) ) ;
#2183 = VERTEX_POINT ( 'NONE', #2146 ) ;
#2184 = DIRECTION ( 'NONE',  ( 0.000000000000000000, 0.000000000000000000, 1.000000000000000000 ) ) ;
#2185 = VERTEX_POINT ( 'NONE', #707 ) ;
#2186 = FACE_OUTER_BOUND ( 'NONE', #1637, .T. ) ;
#2187 = EDGE_CURVE ( 'NONE', #1819, #1978, #288, .T. ) ;
#2188 = ADVANCED_FACE ( 'NONE', ( #1424 ), #1441, .F. ) ;
#2189 = CARTESIAN_POINT ( 'NONE',  ( 26.18578643762689495, -0.7928932188134393266, -34.70710678118655323 ) ) ;
#2190 = LINE ( 'NONE', #551, #197 ) ;
#2192 = CARTESIAN_POINT ( 'NONE',  ( 25.71387148978917736, 0.3324119849317669351, -14.12651255116711191 ) ) ;
#2191 = AXIS2_PLACEMENT_3D ( 'NONE', #1180, #1617, #2341 ) ;
#2193 = CARTESIAN_POINT ( 'NONE',  ( 26.27157287525382401, -4.000000000000000000, 0.000000000000000000 ) ) ;
#2194 = CARTESIAN_POINT ( 'NONE',  ( 0.000000000000000000, 0.9142135623731139082, -29.58578643762691840 ) ) ;
#2195 = CC_DESIGN_APPROVAL ( #2337, ( #2247 ) ) ;
#2196 = VERTEX_POINT ( 'NONE', #44 ) ;
#2197 = VECTOR ( 'NONE', #630, 1000.000000000000000 ) ;
#2198 = CIRCLE ( 'NONE', #1546, 0.8999999999999998002 ) ;
#2199 = CARTESIAN_POINT ( 'NONE',  ( 6.414213562373104693, -0.08578643762689568131, -35.00000000000000000 ) ) ;
#2200 = CYLINDRICAL_SURFACE ( 'NONE', #708, 1.999999999999998224 ) ;
#2201 = CARTESIAN_POINT ( 'NONE',  ( 5.195433962890751545, -0.3045660371092558938, -34.81649658092773336 ) ) ;
#2202 = ORIENTED_EDGE ( 'NONE', *, *, #661, .T. ) ;
#2203 = CARTESIAN_POINT ( 'NONE',  ( 32.10000000000000142, 12.25000000000000000, -21.27500000000000213 ) ) ;
#2204 = ORIENTED_EDGE ( 'NONE', *, *, #2481, .F. ) ;
#2205 = CARTESIAN_POINT ( 'NONE',  ( 26.09999999999999787, 2.774999999999999911, -18.42500000000000426 ) ) ;
#2206 = CARTESIAN_POINT ( 'NONE',  ( 25.65868051953999895, 4.059054412511051301E-12, -11.71391677594711567 ) ) ;
#2207 = CARTESIAN_POINT ( 'NONE',  ( 25.59999999999999787, 0.000000000000000000, -29.00000000000000355 ) ) ;
#2208 = AXIS2_PLACEMENT_3D ( 'NONE', #2034, #2281, #2087 ) ;
#2209 = PLANE ( 'NONE',  #371 ) ;
#2210 = DIRECTION ( 'NONE',  ( 1.000000000000000000, 0.000000000000000000, 0.000000000000000000 ) ) ;
#2211 = EDGE_CURVE ( 'NONE', #2271, #2457, #1034, .T. ) ;
#2212 = ORIENTED_EDGE ( 'NONE', *, *, #678, .T. ) ;
#2213 = EDGE_CURVE ( 'NONE', #1498, #1794, #1407, .T. ) ;
#2214 = DIRECTION ( 'NONE',  ( 1.000000000000000000, 0.000000000000000000, -1.508455196501571429E-16 ) ) ;
#2215 = CARTESIAN_POINT ( 'NONE',  ( 26.09999999999999787, 6.125000000000000000, -18.42500000000000071 ) ) ;
#2216 = CARTESIAN_POINT ( 'NONE',  ( 0.1434639734521106214, -0.6434639734520972709, -29.62582588324708510 ) ) ;
#2217 = VERTEX_POINT ( 'NONE', #2347 ) ;
#2218 = ORIENTED_EDGE ( 'NONE', *, *, #711, .F. ) ;
#2219 = LINE ( 'NONE', #1972, #1303 ) ;
#2220 = DIRECTION ( 'NONE',  ( 0.000000000000000000, 0.000000000000000000, 1.000000000000000000 ) ) ;
#2221 = DIRECTION ( 'NONE',  ( 0.000000000000000000, -1.000000000000000000, 0.000000000000000000 ) ) ;
#2222 = DIRECTION ( 'NONE',  ( -0.000000000000000000, 1.000000000000000000, -0.000000000000000000 ) ) ;
#2223 = CARTESIAN_POINT ( 'NONE',  ( 6.328427124746178301, -4.000000000000000000, -28.67157287525382614 ) ) ;
#2224 = EDGE_LOOP ( 'NONE', ( #1782, #2263, #496, #2323 ) ) ;
#2225 = EDGE_CURVE ( 'NONE', #1378, #1829, #1966, .T. ) ;
#2226 = CARTESIAN_POINT ( 'NONE',  ( 25.60000000000000142, 0.000000000000000000, -12.12500000000000000 ) ) ;
#2227 = EDGE_CURVE ( 'NONE', #183, #1870, #2359, .T. ) ;
#2228 = EDGE_CURVE ( 'NONE', #1829, #1129, #1770, .T. ) ;
#2229 = DIRECTION ( 'NONE',  ( 0.000000000000000000, 0.000000000000000000, 1.000000000000000000 ) ) ;
#2230 = LINE ( 'NONE', #113, #1646 ) ;
#2231 = ORIENTED_EDGE ( 'NONE', *, *, #627, .F. ) ;
#2232 = EDGE_LOOP ( 'NONE', ( #258, #292, #992, #1520 ) ) ;
#2233 = DIRECTION ( 'NONE',  ( 1.000000000000000000, -0.000000000000000000, -0.000000000000000000 ) ) ;
#2234 = CARTESIAN_POINT ( 'NONE',  ( 26.09999999999999787, 12.25000000000000000, -21.27500000000000213 ) ) ;
#2235 = FACE_OUTER_BOUND ( 'NONE', #2103, .T. ) ;
#2236 = ORIENTED_EDGE ( 'NONE', *, *, #1226, .T. ) ;
#2237 = CARTESIAN_POINT ( 'NONE',  ( 25.75090777936256359, 0.2155151253924407762, -13.74732045212060072 ) ) ;
#2238 = DIRECTION ( 'NONE',  ( -8.673617379884035472E-16, -1.000000000000000000, 0.000000000000000000 ) ) ;
#2239 = ORIENTED_EDGE ( 'NONE', *, *, #26, .F. ) ;
#2240 = CIRCLE ( 'NONE', #1110, 0.8999999999999998002 ) ;
#2241 = CYLINDRICAL_SURFACE ( 'NONE', #831, 0.5000000000000004441 ) ;
#2242 = CARTESIAN_POINT ( 'NONE',  ( 6.121320343559654376, -0.7928932188134381054, -34.70710678118655323 ) ) ;
#2243 = AXIS2_PLACEMENT_3D ( 'NONE', #2164, #61, #1008 ) ;
#2244 = EDGE_CURVE ( 'NONE', #2358, #1142, #1714, .T. ) ;
#2245 = LINE ( 'NONE', #2070, #1695 ) ;
#2246 = VERTEX_POINT ( 'NONE', #741 ) ;
#2247 = PRODUCT_DEFINITION ( 'UNKNOWN', '', #907, #683 ) ;
#2248 = EDGE_CURVE ( 'NONE', #1295, #1572, #2626, .T. ) ;
#2249 = AXIS2_PLACEMENT_3D ( 'NONE', #1023, #789, #2901 ) ;
#2250 = DIRECTION ( 'NONE',  ( -1.000000000000000000, 0.000000000000000000, -0.000000000000000000 ) ) ;
#2251 = CARTESIAN_POINT ( 'NONE',  ( 7.000000000000000000, 4.750000000000000888, -35.00100000000000477 ) ) ;
#2252 = DIRECTION ( 'NONE',  ( 1.000000000000000000, 0.000000000000000000, 0.000000000000000000 ) ) ;
#2253 = ORIENTED_EDGE ( 'NONE', *, *, #2950, .F. ) ;
#2254 = ADVANCED_BREP_SHAPE_REPRESENTATION ( 'Part4', ( #1376, #1946 ), #213 ) ;
#2255 = CYLINDRICAL_SURFACE ( 'NONE', #1688, 0.8999999999999980238 ) ;
#2256 = DIRECTION ( 'NONE',  ( 0.000000000000000000, 0.000000000000000000, 1.000000000000000000 ) ) ;
#2257 = ORIENTED_EDGE ( 'NONE', *, *, #1650, .F. ) ;
#2258 = TOROIDAL_SURFACE ( 'NONE', #2550, 6.625000000000000888, 0.5000000000000000000 ) ;
#2259 = CARTESIAN_POINT ( 'NONE',  ( 5.603682253354610232, 0.1036822533546094688, -35.00000000000000000 ) ) ;
#2260 = DIRECTION ( 'NONE',  ( -0.000000000000000000, -0.000000000000000000, -1.000000000000000000 ) ) ;
#2261 = CARTESIAN_POINT ( 'NONE',  ( 0.2928932188134538150, 12.25000000000000000, -30.29289321881346453 ) ) ;
#2262 = TOROIDAL_SURFACE ( 'NONE', #923, 6.625000000000000888, 0.5000000000000000000 ) ;
#2263 = ORIENTED_EDGE ( 'NONE', *, *, #400, .F. ) ;
#2264 = ORIENTED_EDGE ( 'NONE', *, *, #2187, .T. ) ;
#2265 = ADVANCED_FACE ( 'NONE', ( #1187 ), #972, .F. ) ;
#2266 = PERSON_AND_ORGANIZATION_ROLE ( 'design_supplier' ) ;
#2267 = CARTESIAN_POINT ( 'NONE',  ( 26.87290435226545782, -0.01973114102533392658, -35.00000000000000000 ) ) ;
#2268 = FACE_OUTER_BOUND ( 'NONE', #85, .T. ) ;
#2269 = ADVANCED_FACE ( 'NONE', ( #1238 ), #1676, .F. ) ;
#2270 = EDGE_CURVE ( 'NONE', #2938, #316, #542, .T. ) ;
#2271 = VERTEX_POINT ( 'NONE', #523 ) ;
#2272 = AXIS2_PLACEMENT_3D ( 'NONE', #1369, #2541, #2063 ) ;
#2273 = CARTESIAN_POINT ( 'NONE',  ( 32.75379245463506095, 0.2142355054327301223, -13.74826587488444929 ) ) ;
#2274 = AXIS2_PLACEMENT_3D ( 'NONE', #377, #2960, #364 ) ;
#2275 = CARTESIAN_POINT ( 'NONE',  ( 7.000000000000000000, 12.25000000000000000, -35.00100000000000477 ) ) ;
#2276 = ORIENTED_EDGE ( 'NONE', *, *, #1044, .F. ) ;
#2277 = FACE_OUTER_BOUND ( 'NONE', #3006, .T. ) ;
#2278 = CARTESIAN_POINT ( 'NONE',  ( 4.914213562373078048, -5.414213562373092259, 0.000000000000000000 ) ) ;
#2279 = ORIENTED_EDGE ( 'NONE', *, *, #1481, .F. ) ;
#2280 = CARTESIAN_POINT ( 'NONE',  ( 4.000000000000000000, 7.250000000000000000, -31.00000000000000355 ) ) ;
#2281 = DIRECTION ( 'NONE',  ( 0.000000000000000000, -0.000000000000000000, -1.000000000000000000 ) ) ;
#2282 = ORIENTED_EDGE ( 'NONE', *, *, #810, .T. ) ;
#2283 = ADVANCED_FACE ( 'NONE', ( #60 ), #1698, .T. ) ;
#2284 = EDGE_CURVE ( 'NONE', #1829, #375, #839, .T. ) ;
#2285 = FACE_OUTER_BOUND ( 'NONE', #760, .T. ) ;
#2286 = CARTESIAN_POINT ( 'NONE',  ( 32.30710678118655466, -0.7928932188134393266, -13.01946499073048713 ) ) ;
#2287 = ORIENTED_EDGE ( 'NONE', *, *, #1285, .T. ) ;
#2288 = CARTESIAN_POINT ( 'NONE',  ( 26.07942371582123897, 0.3159353108390401954, -10.17275800343626102 ) ) ;
#2289 = CIRCLE ( 'NONE', #2652, 1.000000000000000888 ) ;
#2290 = CIRCLE ( 'NONE', #2689, 3.750000000000000000 ) ;
#2291 = CARTESIAN_POINT ( 'NONE',  ( 32.10000000000000142, 0.3829521614392861761, -14.25678601639100584 ) ) ;
#2292 = VERTEX_POINT ( 'NONE', #1086 ) ;
#2293 = CIRCLE ( 'NONE', #958, 1.000000000000000888 ) ;
#2294 = PERSON_AND_ORGANIZATION_ROLE ( 'design_owner' ) ;
#2295 = CARTESIAN_POINT ( 'NONE',  ( 1.000000000000003109, 0.000000000000000000, -6.000000000000000000 ) ) ;
#2296 = CARTESIAN_POINT ( 'NONE',  ( 32.60000000000000142, -0.3126833113596884095, -29.42944192462310582 ) ) ;
#2297 = ORIENTED_EDGE ( 'NONE', *, *, #2248, .T. ) ;
#2298 = CIRCLE ( 'NONE', #21, 1.999999999999999112 ) ;
#2299 = DIRECTION ( 'NONE',  ( 2.325446631588298331E-16, 0.3811133939004557880, -0.9245283018867925806 ) ) ;
#2300 = FACE_OUTER_BOUND ( 'NONE', #1967, .T. ) ;
#2301 = ORIENTED_EDGE ( 'NONE', *, *, #1481, .T. ) ;
#2302 = VECTOR ( 'NONE', #337, 1000.000000000000000 ) ;
#2303 = EDGE_CURVE ( 'NONE', #2730, #2154, #350, .T. ) ;
#2304 = ADVANCED_FACE ( 'NONE', ( #1273 ), #1526, .F. ) ;
#2305 = VECTOR ( 'NONE', #634, 1000.000000000000000 ) ;
#2306 = CARTESIAN_POINT ( 'NONE',  ( 32.60000000000000142, -6.000000000000000000, 0.000000000000000000 ) ) ;
#2307 = ORIENTED_EDGE ( 'NONE', *, *, #1288, .T. ) ;
#2308 = DIRECTION ( 'NONE',  ( 1.000000000000000000, 0.000000000000000000, 0.000000000000000000 ) ) ;
#2309 = AXIS2_PLACEMENT_3D ( 'NONE', #1555, #1102, #1606 ) ;
#2310 = CARTESIAN_POINT ( 'NONE',  ( 31.95355339060292010, 0.05608204561156866774, -11.29804180099486111 ) ) ;
#2311 = CARTESIAN_POINT ( 'NONE',  ( 26.47867965644034172, -0.08578643762689383556, -35.00000000000000000 ) ) ;
#2312 = ORIENTED_EDGE ( 'NONE', *, *, #2826, .F. ) ;
#2313 = DIRECTION ( 'NONE',  ( 0.000000000000000000, 0.000000000000000000, 1.000000000000000000 ) ) ;
#2314 = CARTESIAN_POINT ( 'NONE',  ( 5.906948773623486915, -0.08578643759319447282, -35.00000000000000000 ) ) ;
#2315 = ORIENTED_EDGE ( 'NONE', *, *, #1882, .F. ) ;
#2316 = AXIS2_PLACEMENT_3D ( 'NONE', #1504, #324, #1264 ) ;
#2317 = EDGE_CURVE ( 'NONE', #623, #2707, #93, .T. ) ;
#2318 = ADVANCED_FACE ( 'NONE', ( #1979, #1299 ), #2026, .T. ) ;
#2319 = DIRECTION ( 'NONE',  ( -0.000000000000000000, -1.000000000000000000, -0.000000000000000000 ) ) ;
#2320 = ORIENTED_EDGE ( 'NONE', *, *, #2827, .T. ) ;
#2321 = CARTESIAN_POINT ( 'NONE',  ( 27.89289321881344463, 0.6213203435596651447, -34.70710678118654613 ) ) ;
#2322 = CARTESIAN_POINT ( 'NONE',  ( 4.000000000000000000, 7.250000000000000000, -31.00000000000000355 ) ) ;
#2323 = ORIENTED_EDGE ( 'NONE', *, *, #731, .F. ) ;
#2324 = CARTESIAN_POINT ( 'NONE',  ( 32.60000000000000142, -0.08578643762689720786, -28.87867965644036516 ) ) ;
#2325 = AXIS2_PLACEMENT_3D ( 'NONE', #2378, #540, #294 ) ;
#2326 = CYLINDRICAL_SURFACE ( 'NONE', #1780, 1.999999999999999778 ) ;
#2327 = ORIENTED_EDGE ( 'NONE', *, *, #111, .F. ) ;
#2328 = EDGE_CURVE ( 'NONE', #183, #1601, #1622, .T. ) ;
#2329 = FACE_OUTER_BOUND ( 'NONE', #1260, .T. ) ;
#2330 = ORIENTED_EDGE ( 'NONE', *, *, #2868, .F. ) ;
#2331 = AXIS2_PLACEMENT_3D ( 'NONE', #1231, #103, #2427 ) ;
#2332 = DIRECTION ( 'NONE',  ( -0.000000000000000000, -1.000000000000000000, -0.000000000000000000 ) ) ;
#2333 = ORIENTED_EDGE ( 'NONE', *, *, #2797, .F. ) ;
#2334 = DIRECTION ( 'NONE',  ( -1.000000000000000000, 0.000000000000000000, 0.000000000000000000 ) ) ;
#2335 = EDGE_LOOP ( 'NONE', ( #131, #2650 ) ) ;
#2336 = APPROVAL_PERSON_ORGANIZATION ( #1136, #1693, #897 ) ;
#2337 = APPROVAL ( #1122, 'UNSPECIFIED' ) ;
#2339 = ADVANCED_FACE ( 'NONE', ( #1795 ), #1511, .F. ) ;
#2338 = VECTOR ( 'NONE', #2028, 1000.000000000000000 ) ;
#2340 = VECTOR ( 'NONE', #2700, 1000.000000000000000 ) ;
#2341 = DIRECTION ( 'NONE',  ( 0.000000000000000000, 0.000000000000000000, 1.000000000000000000 ) ) ;
#2342 = CARTESIAN_POINT ( 'NONE',  ( 1.079519744029997489E-13, 0.3299890099905085639, -29.94214490486003299 ) ) ;
#2343 = CARTESIAN_POINT ( 'NONE',  ( 31.60000000000000142, -6.000000000000000000, -29.58578643762691840 ) ) ;
#2344 = EDGE_LOOP ( 'NONE', ( #1947, #2327 ) ) ;
#2345 = CARTESIAN_POINT ( 'NONE',  ( 28.60000000000000853, 7.250000000000000000, -3.000000000000000000 ) ) ;
#2346 = AXIS2_PLACEMENT_3D ( 'NONE', #2745, #1785, #2538 ) ;
#2347 = CARTESIAN_POINT ( 'NONE',  ( 26.10000000000000142, 6.125000000000000888, -6.000000000000000000 ) ) ;
#2348 = LINE ( 'NONE', #1883, #1155 ) ;
#2349 = ORIENTED_EDGE ( 'NONE', *, *, #221, .T. ) ;
#2350 = DIRECTION ( 'NONE',  ( 0.000000000000000000, 0.000000000000000000, -1.000000000000000000 ) ) ;
#2351 = CARTESIAN_POINT ( 'NONE',  ( 26.10000000000000142, 6.125000000000000000, -12.12500000000000000 ) ) ;
#2352 = ORIENTED_EDGE ( 'NONE', *, *, #30, .T. ) ;
#2353 = DIRECTION ( 'NONE',  ( 1.000000000000000000, 0.000000000000000000, -0.000000000000000000 ) ) ;
#2354 = EDGE_CURVE ( 'NONE', #1353, #1474, #626, .T. ) ;
#2355 = ADVANCED_FACE ( 'NONE', ( #2010 ), #2241, .T. ) ;
#2356 = CARTESIAN_POINT ( 'NONE',  ( 25.59999999999999787, 6.125000000000000000, -18.42500000000000071 ) ) ;
#2357 = LINE ( 'NONE', #932, #1330 ) ;
#2358 = VERTEX_POINT ( 'NONE', #376 ) ;
#2359 = CIRCLE ( 'NONE', #975, 1.000000000000000000 ) ;
#2360 = FACE_OUTER_BOUND ( 'NONE', #830, .T. ) ;
#2361 = DIRECTION ( 'NONE',  ( 0.000000000000000000, -0.7071067811865462405, -0.7071067811865487940 ) ) ;
#2362 = AXIS2_PLACEMENT_3D ( 'NONE', #1662, #495, #246 ) ;
#2363 = DIRECTION ( 'NONE',  ( 0.000000000000000000, -0.3480466965536313517, 0.9374771981323622994 ) ) ;
#2364 =( BOUNDED_SURFACE ( )  B_SPLINE_SURFACE ( 3, 2, ( 
 ( #1959, #1746, #2691 ),
 ( #1040, #1507, #1152 ),
 ( #2314, #1360, #1838 ),
 ( #1581, #1141, #440 ) ),
 .UNSPECIFIED., .F., .F., .F. ) 
 B_SPLINE_SURFACE_WITH_KNOTS ( ( 4, 4 ),
 ( 3, 3 ),
 ( 1.084202172485504434E-16, 0.5235987755983024794 ),
 ( 0.000000000000000000, 1.000000000000000000 ),
 .UNSPECIFIED. ) 
 GEOMETRIC_REPRESENTATION_ITEM ( )  RATIONAL_B_SPLINE_SURFACE ( (
 ( 1.000000000000000000, 0.9530206138714228947, 1.000000000000000000),
 ( 1.000000000000000000, 0.9530363760089685110, 1.000000000000000000),
 ( 1.000000000000000000, 0.9431762688450365806, 1.000000000000000000),
 ( 1.000000000000000000, 0.9238795325112864054, 1.000000000000000000) ) ) 
 REPRESENTATION_ITEM ( '' )  SURFACE ( )  );
#2365 = DIRECTION ( 'NONE',  ( -0.1337995966674130066, -0.1337995966673239390, 0.9819344865434248559 ) ) ;
#2366 = VECTOR ( 'NONE', #719, 1000.000000000000000 ) ;
#2367 = VERTEX_POINT ( 'NONE', #1996 ) ;
#2368 = CALENDAR_DATE ( 2026, 28, 7 ) ;
#2369 = CARTESIAN_POINT ( 'NONE',  ( 3.914213562373095812, -1.585786437626906187, -31.08578643762690774 ) ) ;
#2370 = CARTESIAN_POINT ( 'NONE',  ( 27.68578643762692337, -5.414213562373093147, 0.000000000000000000 ) ) ;
#2371 = EDGE_LOOP ( 'NONE', ( #480, #794, #138, #974 ) ) ;
#2372 = LINE ( 'NONE', #1874, #759 ) ;
#2373 = CARTESIAN_POINT ( 'NONE',  ( 0.1835034190722680814, -0.05773924834937270434, -30.05139282586913652 ) ) ;
#2374 = FACE_OUTER_BOUND ( 'NONE', #2833, .T. ) ;
#2375 = ORIENTED_EDGE ( 'NONE', *, *, #279, .T. ) ;
#2376 = EDGE_CURVE ( 'NONE', #437, #1834, #2941, .T. ) ;
#2377 = EDGE_CURVE ( 'NONE', #729, #2292, #821, .T. ) ;
#2378 = CARTESIAN_POINT ( 'NONE',  ( 0.000000000000000000, -6.000000000000000000, -29.50000000000001776 ) ) ;
#2379 = VERTEX_POINT ( 'NONE', #79 ) ;
#2380 = EDGE_CURVE ( 'NONE', #2847, #1870, #249, .T. ) ;
#2381 = CARTESIAN_POINT ( 'NONE',  ( 5.414213562373105582, 0.6213203435596512669, -34.00000000000000000 ) ) ;
#2382 = DIRECTION ( 'NONE',  ( 0.000000000000000000, 0.000000000000000000, -1.000000000000000000 ) ) ;
#2383 = ORIENTED_EDGE ( 'NONE', *, *, #1578, .F. ) ;
#2384 =( BOUNDED_SURFACE ( )  B_SPLINE_SURFACE ( 3, 2, ( 
 ( #1325, #1566, #660 ),
 ( #414, #439, #1580 ),
 ( #1602, #2273, #1081 ),
 ( #2794, #2531, #1809 ),
 ( #387, #1140, #184 ),
 ( #157, #171, #903 ) ),
 .UNSPECIFIED., .F., .F., .F. ) 
 B_SPLINE_SURFACE_WITH_KNOTS ( ( 4, 2, 4 ),
 ( 3, 3 ),
 ( 0.000000000000000000, 0.0007321682039050222621, 0.001464336407810044524 ),
 ( 0.000000000000000000, 1.000000000000000000 ),
 .UNSPECIFIED. ) 
 GEOMETRIC_REPRESENTATION_ITEM ( )  RATIONAL_B_SPLINE_SURFACE ( (
 ( 1.000000000000000000, 0.7071067811865475727, 1.000000000000000000),
 ( 1.000000000000000000, 0.6505138594225260418, 1.000000000000000000),
 ( 1.000000000000000000, 0.5935934528198894000, 1.000000000000000000),
 ( 1.000000000000000000, 0.4839812144859954590, 1.000000000000000000),
 ( 1.000000000000000000, 0.4310185846945931432, 1.000000000000000000),
 ( 1.000000000000000000, 0.3868899500736552866, 1.000000000000000000) ) ) 
 REPRESENTATION_ITEM ( '' )  SURFACE ( )  );
#2385 = CARTESIAN_POINT ( 'NONE',  ( 32.22610236747149770, -0.8738976325284952829, -11.82501383706445353 ) ) ;
#2386 = VERTEX_POINT ( 'NONE', #2451 ) ;
#2387 = EDGE_LOOP ( 'NONE', ( #332, #2257, #1543, #893 ) ) ;
#2388 = CIRCLE ( 'NONE', #2331, 1.000000000000000000 ) ;
#2389 = AXIS2_PLACEMENT_3D ( 'NONE', #1198, #2177, #23 ) ;
#2390 = LINE ( 'NONE', #2121, #1254 ) ;
#2391 = PLANE ( 'NONE',  #1642 ) ;
#2392 = VECTOR ( 'NONE', #549, 1000.000000000000000 ) ;
#2393 = CARTESIAN_POINT ( 'NONE',  ( 32.02239814510848248, 0.1283811001690509379, -10.85760755881356765 ) ) ;
#2394 = CIRCLE ( 'NONE', #666, 2.850000000000001865 ) ;
#2395 = ORIENTED_EDGE ( 'NONE', *, *, #1607, .T. ) ;
#2396 = CYLINDRICAL_SURFACE ( 'NONE', #859, 0.9000000000000005773 ) ;
#2397 = DIRECTION ( 'NONE',  ( 1.000000000000000000, 0.000000000000000000, 0.000000000000000000 ) ) ;
#2398 = CARTESIAN_POINT ( 'NONE',  ( 32.30710678118655466, -0.7928932188134393266, 0.000000000000000000 ) ) ;
#2399 = ORIENTED_EDGE ( 'NONE', *, *, #937, .F. ) ;
#2400 = AXIS2_PLACEMENT_3D ( 'NONE', #591, #571, #2736 ) ;
#2401 = CARTESIAN_POINT ( 'NONE',  ( 32.10000000000000142, 3.275000000000000355, -18.42500000000000071 ) ) ;
#2402 = EDGE_CURVE ( 'NONE', #1794, #671, #2959, .T. ) ;
#2403 = ADVANCED_FACE ( 'NONE', ( #1027 ), #188, .F. ) ;
#2404 = CARTESIAN_POINT ( 'NONE',  ( 32.59999999999927667, 0.3297562081711652993, -29.94209867306508244 ) ) ;
#2405 = VERTEX_POINT ( 'NONE', #3039 ) ;
#2406 = CARTESIAN_POINT ( 'NONE',  ( 28.60000000000000853, 12.25000000000000000, -3.000000000000000000 ) ) ;
#2407 = EDGE_LOOP ( 'NONE', ( #592, #845, #1516, #676 ) ) ;
#2408 = DIRECTION ( 'NONE',  ( 0.000000000000000000, 0.000000000000000000, 1.000000000000000000 ) ) ;
#2409 = ORIENTED_EDGE ( 'NONE', *, *, #901, .T. ) ;
#2410 = TOROIDAL_SURFACE ( 'NONE', #1354, 3.350000000000000977, 0.5000000000000000000 ) ;
#2411 = CARTESIAN_POINT ( 'NONE',  ( 27.89289321881344108, 0.6213203435596510449, -34.70710678118655323 ) ) ;
#2412 = DIRECTION ( 'NONE',  ( 1.000000000000000000, 0.000000000000000000, 0.000000000000000000 ) ) ;
#2413 = DIRECTION ( 'NONE',  ( -1.000000000000000000, 0.000000000000000000, -0.000000000000000000 ) ) ;
#2414 = VERTEX_POINT ( 'NONE', #161 ) ;
#2415 = CARTESIAN_POINT ( 'NONE',  ( 32.10000000000000142, 3.274999999999999911, -17.54654267713535631 ) ) ;
#2416 = CARTESIAN_POINT ( 'NONE',  ( 32.60000000000000142, 2.774999999999991029, 4.332082534202394095E-15 ) ) ;
#2417 = AXIS2_PLACEMENT_3D ( 'NONE', #725, #990, #295 ) ;
#2418 = ORIENTED_EDGE ( 'NONE', *, *, #1716, .F. ) ;
#2419 = DIRECTION ( 'NONE',  ( 0.000000000000000000, 0.000000000000000000, 1.000000000000000000 ) ) ;
#2420 = CARTESIAN_POINT ( 'NONE',  ( 32.41649658096329034, -0.05726264991921749259, -30.05186942422819385 ) ) ;
#2421 = EDGE_CURVE ( 'NONE', #1129, #2440, #1460, .T. ) ;
#2422 = EDGE_CURVE ( 'NONE', #1474, #2196, #2570, .T. ) ;
#2423 = PLANE ( 'NONE',  #468 ) ;
#2424 = ORIENTED_EDGE ( 'NONE', *, *, #2928, .F. ) ;
#2425 = DIRECTION ( 'NONE',  ( 0.000000000000000000, 1.000000000000000000, 0.000000000000000000 ) ) ;
#2426 = EDGE_LOOP ( 'NONE', ( #2025, #799, #1744, #2927 ) ) ;
#2427 = DIRECTION ( 'NONE',  ( -5.204170427930421283E-15, -1.000000000000000000, 0.000000000000000000 ) ) ;
#2428 = CARTESIAN_POINT ( 'NONE',  ( 6.328427124746177412, -4.000000000000000000, -8.000000000000000000 ) ) ;
#2429 = DIRECTION ( 'NONE',  ( -0.000000000000000000, -0.000000000000000000, 1.000000000000000000 ) ) ;
#2430 = VERTEX_POINT ( 'NONE', #2781 ) ;
#2431 = LINE ( 'NONE', #198, #417 ) ;
#2432 = CARTESIAN_POINT ( 'NONE',  ( 31.60000000000000142, -0.08578643762689362740, -28.87867965644036872 ) ) ;
#2433 = ORIENTED_EDGE ( 'NONE', *, *, #1595, .T. ) ;
#2434 = CARTESIAN_POINT ( 'NONE',  ( 1.000000000000001776, 12.25000000000000000, -29.00000000000000355 ) ) ;
#2435 = VECTOR ( 'NONE', #1675, 1000.000000000000000 ) ;
#2436 = FACE_OUTER_BOUND ( 'NONE', #78, .T. ) ;
#2437 = DIRECTION ( 'NONE',  ( 1.000000000000000000, 0.000000000000000000, 0.000000000000000000 ) ) ;
#2438 = VERTEX_POINT ( 'NONE', #2608 ) ;
#2439 = CARTESIAN_POINT ( 'NONE',  ( 3.914213562373094923, -1.585786437626906631, -31.08578643762691129 ) ) ;
#2440 = VERTEX_POINT ( 'NONE', #2415 ) ;
#2441 = CARTESIAN_POINT ( 'NONE',  ( 17.12385762508464282, -14.56192881254232141, -20.93807118745774432 ) ) ;
#2442 = CARTESIAN_POINT ( 'NONE',  ( 26.07967405402713013, 0.3166536078462204862, -10.17064348151005859 ) ) ;
#2443 = PLANE ( 'NONE',  #2316 ) ;
#2444 = CC_DESIGN_PERSON_AND_ORGANIZATION_ASSIGNMENT ( #1320, #632, ( #907 ) ) ;
#2445 = ADVANCED_FACE ( 'NONE', ( #2360 ), #1185, .T. ) ;
#2447 = VECTOR ( 'NONE', #1404, 1000.000000000000000 ) ;
#2446 = CARTESIAN_POINT ( 'NONE',  ( 27.89289321881344108, 0.6213203435596510449, -34.70710678118655323 ) ) ;
#2448 = DIRECTION ( 'NONE',  ( 0.000000000000000000, 1.000000000000000000, 0.000000000000000000 ) ) ;
#2449 = VERTEX_POINT ( 'NONE', #1004 ) ;
#2450 = VECTOR ( 'NONE', #2786, 1000.000000000000000 ) ;
#2451 = CARTESIAN_POINT ( 'NONE',  ( 32.10000000000000142, 12.25000000000000000, -6.000000000000008882 ) ) ;
#2452 = DIRECTION ( 'NONE',  ( 0.000000000000000000, 0.000000000000000000, -1.000000000000000000 ) ) ;
#2453 = CIRCLE ( 'NONE', #2052, 0.9000000000000005773 ) ;
#2454 = CARTESIAN_POINT ( 'NONE',  ( 5.603682253354612008, 0.1036822533546082475, -35.00000000000000000 ) ) ;
#2455 = ORIENTED_EDGE ( 'NONE', *, *, #752, .F. ) ;
#2456 = CARTESIAN_POINT ( 'NONE',  ( 31.95355339059315725, 0.05608204560765998881, -12.95195819897640810 ) ) ;
#2457 = VERTEX_POINT ( 'NONE', #22 ) ;
#2458 = VECTOR ( 'NONE', #580, 1000.000000000000000 ) ;
#2459 = DIRECTION ( 'NONE',  ( -0.000000000000000000, -0.000000000000000000, 1.000000000000000000 ) ) ;
#2460 = CARTESIAN_POINT ( 'NONE',  ( 0.000000000000000000, 12.25000000000000000, -35.00000000000000000 ) ) ;
#2461 = DIRECTION ( 'NONE',  ( 0.000000000000000000, 0.000000000000000000, -1.000000000000000000 ) ) ;
#2462 = AXIS2_PLACEMENT_3D ( 'NONE', #2169, #2832, #233 ) ;
#2463 = EDGE_CURVE ( 'NONE', #1154, #1142, #3055, .T. ) ;
#2464 = ADVANCED_FACE ( 'NONE', ( #1391 ), #692, .T. ) ;
#2465 = CARTESIAN_POINT ( 'NONE',  ( 27.74346397345210136, -0.1258258832470584843, -34.85653602654789296 ) ) ;
#2466 = DIRECTION ( 'NONE',  ( -0.000000000000000000, 1.000000000000000000, -0.000000000000000000 ) ) ;
#2467 = ORIENTED_EDGE ( 'NONE', *, *, #322, .T. ) ;
#2468 = VERTEX_POINT ( 'NONE', #704 ) ;
#2469 = CARTESIAN_POINT ( 'NONE',  ( 25.65817448483540986, 5.015442563508426416E-34, -12.32077833730695637 ) ) ;
#2470 = CARTESIAN_POINT ( 'NONE',  ( 32.10000000000000142, 6.125000000000000000, -18.42500000000000071 ) ) ;
#2471 = FACE_OUTER_BOUND ( 'NONE', #2945, .T. ) ;
#2472 = ORIENTED_EDGE ( 'NONE', *, *, #2987, .T. ) ;
#2473 = VERTEX_POINT ( 'NONE', #503 ) ;
#2474 = CARTESIAN_POINT ( 'NONE',  ( 28.60000000000000497, 7.250000000000000000, -31.89999999999999858 ) ) ;
#2475 = CARTESIAN_POINT ( 'NONE',  ( 0.000000000000000000, -0.08578643762689036611, -29.32696739252439500 ) ) ;
#2476 = DIRECTION ( 'NONE',  ( 0.000000000000000000, 0.000000000000000000, 1.000000000000000000 ) ) ;
#2477 = ORIENTED_EDGE ( 'NONE', *, *, #643, .F. ) ;
#2478 = CARTESIAN_POINT ( 'NONE',  ( 27.22582588324706165, -0.6434639734520979371, -34.85653602654789296 ) ) ;
#2479 = CARTESIAN_POINT ( 'NONE',  ( 0.000000000000000000, 12.25000000000000000, 0.000000000000000000 ) ) ;
#2480 = EDGE_LOOP ( 'NONE', ( #366, #1605, #573, #2894 ) ) ;
#2481 = EDGE_CURVE ( 'NONE', #65, #787, #390, .T. ) ;
#2482 = ORIENTED_EDGE ( 'NONE', *, *, #3034, .F. ) ;
#2483 = CARTESIAN_POINT ( 'NONE',  ( 25.60000000000000142, 6.125000000000000000, -12.12500000000000000 ) ) ;
#2484 = FACE_OUTER_BOUND ( 'NONE', #1196, .T. ) ;
#2485 = CC_DESIGN_PERSON_AND_ORGANIZATION_ASSIGNMENT ( #886, #2772, ( #2247 ) ) ;
#2486 = ADVANCED_FACE ( 'NONE', ( #1452 ), #2262, .T. ) ;
#2487 = FACE_OUTER_BOUND ( 'NONE', #2232, .T. ) ;
#2488 = ORIENTED_EDGE ( 'NONE', *, *, #2376, .F. ) ;
#2489 = PERSON_AND_ORGANIZATION ( #598, #1692 ) ;
#2490 = CARTESIAN_POINT ( 'NONE',  ( 25.60000000000000142, 2.168404344971008868E-16, -12.12499999999999822 ) ) ;
#2491 = DIRECTION ( 'NONE',  ( -0.000000000000000000, -1.000000000000000000, -0.000000000000000000 ) ) ;
#2492 = EDGE_LOOP ( 'NONE', ( #2903, #581, #606, #2506 ) ) ;
#2493 = CARTESIAN_POINT ( 'NONE',  ( 25.60000000000000142, -1.521942274235511860E-16, -14.44542265707493733 ) ) ;
#2494 = ORIENTED_EDGE ( 'NONE', *, *, #1651, .T. ) ;
#2495 = CIRCLE ( 'NONE', #617, 1.999999999999999334 ) ;
#2496 = DIRECTION ( 'NONE',  ( 0.000000000000000000, 0.000000000000000000, 1.000000000000000000 ) ) ;
#2497 = DIRECTION ( 'NONE',  ( 0.000000000000000000, 1.000000000000000000, 0.000000000000000000 ) ) ;
#2498 = VECTOR ( 'NONE', #1425, 1000.000000000000000 ) ;
#2499 = VECTOR ( 'NONE', #1987, 1000.000000000000000 ) ;
#2500 = EDGE_CURVE ( 'NONE', #2592, #215, #2576, .T. ) ;
#2501 = EDGE_CURVE ( 'NONE', #360, #2674, #783, .T. ) ;
#2502 = DIRECTION ( 'NONE',  ( -0.000000000000000000, 0.000000000000000000, 1.000000000000000000 ) ) ;
#2503 = ORIENTED_EDGE ( 'NONE', *, *, #2905, .T. ) ;
#2504 = CARTESIAN_POINT ( 'NONE',  ( 32.60000000000000142, -0.2484966928401105002, -10.03832380866080598 ) ) ;
#2505 = DIRECTION ( 'NONE',  ( 1.000000000000000000, 0.000000000000000000, 0.000000000000000000 ) ) ;
#2506 = ORIENTED_EDGE ( 'NONE', *, *, #1398, .T. ) ;
#2507 = DIRECTION ( 'NONE',  ( -0.000000000000000000, -1.000000000000000000, -0.000000000000000000 ) ) ;
#2508 = CARTESIAN_POINT ( 'NONE',  ( 0.000000000000000000, -0.01973114102532766423, -29.27290435226548837 ) ) ;
#2509 = ORIENTED_EDGE ( 'NONE', *, *, #2581, .F. ) ;
#2510 =( BOUNDED_CURVE ( )  B_SPLINE_CURVE ( 3, ( #2944, #2712, #2877, #763 ),
 .UNSPECIFIED., .F., .F. ) 
 B_SPLINE_CURVE_WITH_KNOTS ( ( 4, 4 ),
 ( 5.759586531581283531, 6.283185307179586232 ),
 .UNSPECIFIED. ) 
 CURVE ( )  GEOMETRIC_REPRESENTATION_ITEM ( )  RATIONAL_B_SPLINE_CURVE ( ( 1.000000000000000000, 0.9772838841927118381, 0.9772838841927118381, 1.000000000000000000 ) ) 
 REPRESENTATION_ITEM ( '' )  );
#2511 = LINE ( 'NONE', #391, #2563 ) ;
#2512 = CARTESIAN_POINT ( 'NONE',  ( 0.000000000000000000, 12.25000000000000000, 0.000000000000000000 ) ) ;
#2513 = AXIS2_PLACEMENT_3D ( 'NONE', #2823, #2872, #1623 ) ;
#2514 = ORIENTED_EDGE ( 'NONE', *, *, #302, .F. ) ;
#2515 = ADVANCED_FACE ( 'NONE', ( #1639 ), #2396, .F. ) ;
#2516 = PERSON_AND_ORGANIZATION ( #598, #1692 ) ;
#2517 = CARTESIAN_POINT ( 'NONE',  ( 26.47867965644034172, -0.08578643762689308616, -35.00000000000000000 ) ) ;
#2518 = DIRECTION ( 'NONE',  ( -1.000000000000000000, -0.000000000000000000, 7.975740119433596573E-16 ) ) ;
#2519 = EDGE_LOOP ( 'NONE', ( #655, #2770 ) ) ;
#2520 = AXIS2_PLACEMENT_3D ( 'NONE', #2369, #1647, #728 ) ;
#2521 = CARTESIAN_POINT ( 'NONE',  ( 21.25000000000000355, 12.25000000000000000, -35.00000000000000000 ) ) ;
#2522 = VECTOR ( 'NONE', #356, 1000.000000000000000 ) ;
#2523 = PLANE ( 'NONE',  #179 ) ;
#2524 = ORIENTED_EDGE ( 'NONE', *, *, #731, .T. ) ;
#2525 = DIRECTION ( 'NONE',  ( 0.000000000000000000, 0.000000000000000000, 1.000000000000000000 ) ) ;
#2526 = ORIENTED_EDGE ( 'NONE', *, *, #1982, .T. ) ;
#2527 = ORIENTED_EDGE ( 'NONE', *, *, #1026, .T. ) ;
#2528 = DIRECTION ( 'NONE',  ( -1.000000000000000000, -0.000000000000000000, 1.508455196501571429E-16 ) ) ;
#2529 = CARTESIAN_POINT ( 'NONE',  ( 32.37850906274279339, -0.7214909372571991497, -29.23569106412255536 ) ) ;
#2530 = EDGE_LOOP ( 'NONE', ( #2628, #2418, #192, #1313 ) ) ;
#2531 = CARTESIAN_POINT ( 'NONE',  ( 32.91770142172007496, 0.09608360044121461163, -13.24839021227818847 ) ) ;
#2532 = EDGE_CURVE ( 'NONE', #2152, #1119, #2142, .T. ) ;
#2533 = EDGE_CURVE ( 'NONE', #876, #1738, #1689, .T. ) ;
#2534 = DIRECTION ( 'NONE',  ( 0.000000000000000000, 0.000000000000000000, 1.000000000000000000 ) ) ;
#2535 = ORIENTED_EDGE ( 'NONE', *, *, #3003, .F. ) ;
#2536 = CIRCLE ( 'NONE', #66, 0.5000000000000004441 ) ;
#2537 = AXIS2_PLACEMENT_3D ( 'NONE', #2728, #667, #2525 ) ;
#2538 = DIRECTION ( 'NONE',  ( 0.000000000000000000, 0.000000000000000000, 1.000000000000000000 ) ) ;
#2539 = ORIENTED_EDGE ( 'NONE', *, *, #2328, .T. ) ;
#2540 =( NAMED_UNIT ( * ) SI_UNIT ( $, .STERADIAN. ) SOLID_ANGLE_UNIT ( ) );
#2541 = DIRECTION ( 'NONE',  ( -0.000000000000000000, -0.000000000000000000, 1.000000000000000000 ) ) ;
#2542 = CARTESIAN_POINT ( 'NONE',  ( 4.000000000000000000, 12.25000000000000000, -30.10000000000000497 ) ) ;
#2543 = ORIENTED_EDGE ( 'NONE', *, *, #2564, .T. ) ;
#2544 = VECTOR ( 'NONE', #2805, 1000.000000000000000 ) ;
#2545 = LINE ( 'NONE', #2037, #562 ) ;
#2546 = LINE ( 'NONE', #878, #2544 ) ;
#2547 = ORIENTED_EDGE ( 'NONE', *, *, #240, .T. ) ;
#2548 = ADVANCED_FACE ( 'NONE', ( #951 ), #2577, .T. ) ;
#2549 = EDGE_CURVE ( 'NONE', #1828, #1310, #1009, .T. ) ;
#2550 = AXIS2_PLACEMENT_3D ( 'NONE', #2351, #945, #15 ) ;
#2551 = CARTESIAN_POINT ( 'NONE',  ( 32.10000000000000142, 0.3829521614392861761, -14.25678601639100584 ) ) ;
#2552 = ORIENTED_EDGE ( 'NONE', *, *, #2957, .F. ) ;
#2553 = VECTOR ( 'NONE', #1252, 1000.000000000000000 ) ;
#2554 = SHAPE_DEFINITION_REPRESENTATION ( #1620, #2254 ) ;
#2555 = CARTESIAN_POINT ( 'NONE',  ( 27.18578643762689495, 0.6213203435596599267, -35.00000000000000000 ) ) ;
#2556 = DIRECTION ( 'NONE',  ( 0.000000000000000000, 0.000000000000000000, -1.000000000000000000 ) ) ;
#2557 = ORIENTED_EDGE ( 'NONE', *, *, #1097, .T. ) ;
#2558 = DIRECTION ( 'NONE',  ( 0.000000000000000000, -0.7071067811865454633, -0.7071067811865497932 ) ) ;
#2559 = DIRECTION ( 'NONE',  ( 0.000000000000000000, -1.000000000000000000, 6.133173666733487678E-16 ) ) ;
#2560 = DIRECTION ( 'NONE',  ( 0.000000000000000000, 0.000000000000000000, -1.000000000000000000 ) ) ;
#2561 = ORIENTED_EDGE ( 'NONE', *, *, #1439, .T. ) ;
#2562 = EDGE_CURVE ( 'NONE', #876, #2405, #2084, .T. ) ;
#2563 = VECTOR ( 'NONE', #1813, 1000.000000000000000 ) ;
#2564 = EDGE_CURVE ( 'NONE', #881, #2921, #1422, .T. ) ;
#2565 = CARTESIAN_POINT ( 'NONE',  ( 1.000000000000000000, -0.08578643762689394658, 0.000000000000000000 ) ) ;
#2566 = VERTEX_POINT ( 'NONE', #2006 ) ;
#2567 = DIRECTION ( 'NONE',  ( -1.000000000000000000, 0.000000000000000000, 0.000000000000000000 ) ) ;
#2568 = CARTESIAN_POINT ( 'NONE',  ( 32.41649658096242348, -0.5518694242287682794, -29.55726264992036079 ) ) ;
#2569 = ORIENTED_EDGE ( 'NONE', *, *, #1462, .T. ) ;
#2570 = B_SPLINE_CURVE_WITH_KNOTS ( 'NONE', 3,
 ( #3014, #2754, #2042, #894, #1130, #2288, #3000, #2069 ),
 .UNSPECIFIED., .F., .F.,
 ( 4, 2, 2, 4 ),
 ( -1.565335536076788850E-05, 0.001215025961163384563, 0.001830365619425460824, 0.002445705277687537302 ),
 .UNSPECIFIED. ) ;
#2571 = LINE ( 'NONE', #1414, #1494 ) ;
#2572 = AXIS2_PLACEMENT_3D ( 'NONE', #276, #705, #988 ) ;
#2573 = DIRECTION ( 'NONE',  ( 1.508455196501571429E-16, 0.000000000000000000, 1.000000000000000000 ) ) ;
#2574 = CARTESIAN_POINT ( 'NONE',  ( 0.000000000000000000, 0.000000000000000000, 0.000000000000000000 ) ) ;
#2575 = VERTEX_POINT ( 'NONE', #91 ) ;
#2576 = LINE ( 'NONE', #1878, #1324 ) ;
#2577 =( BOUNDED_SURFACE ( )  B_SPLINE_SURFACE ( 3, 2, ( 
 ( #1657, #1436, #1197 ),
 ( #968, #1673, #40 ),
 ( #275, #987, #1217 ),
 ( #1926, #1534, #1487 ) ),
 .UNSPECIFIED., .F., .F., .F. ) 
 B_SPLINE_SURFACE_WITH_KNOTS ( ( 4, 4 ),
 ( 3, 3 ),
 ( 3.006165482101689435, 3.277019825073369752 ),
 ( 0.000000000000000000, 1.000000000000000000 ),
 .UNSPECIFIED. ) 
 GEOMETRIC_REPRESENTATION_ITEM ( )  RATIONAL_B_SPLINE_SURFACE ( (
 ( 1.000000000000000000, 0.3868899500740951014, 1.000000000000000000),
 ( 1.000000000000000000, 0.3812868484963833349, 1.000000000000000000),
 ( 1.000000000000000000, 0.3812868484962858573, 1.000000000000000000),
 ( 1.000000000000000000, 0.3868899500738158248, 1.000000000000000000) ) ) 
 REPRESENTATION_ITEM ( '' )  SURFACE ( )  );
#2578 = CARTESIAN_POINT ( 'NONE',  ( 32.10000000000000142, 2.774999999999999911, -18.42500000000000071 ) ) ;
#2579 = EDGE_LOOP ( 'NONE', ( #691, #2680, #530, #2315 ) ) ;
#2580 = ADVANCED_FACE ( 'NONE', ( #2888 ), #1551, .T. ) ;
#2581 = EDGE_CURVE ( 'NONE', #2607, #2062, #1435, .T. ) ;
#2582 = AXIS2_PLACEMENT_3D ( 'NONE', #427, #1359, #2313 ) ;
#2583 = DIRECTION ( 'NONE',  ( 0.000000000000000000, 0.000000000000000000, 1.000000000000000000 ) ) ;
#2584 = CARTESIAN_POINT ( 'NONE',  ( 0.000000000000000000, 12.25000000000000000, -35.00000000000000000 ) ) ;
#2585 = ORIENTED_EDGE ( 'NONE', *, *, #2150, .F. ) ;
#2586 = CC_DESIGN_SECURITY_CLASSIFICATION ( #1544, ( #907 ) ) ;
#2587 = VECTOR ( 'NONE', #1627, 1000.000000000000000 ) ;
#2588 = VECTOR ( 'NONE', #1938, 1000.000000000000000 ) ;
#2589 = FACE_OUTER_BOUND ( 'NONE', #2407, .T. ) ;
#2590 = LINE ( 'NONE', #1449, #713 ) ;
#2591 = CARTESIAN_POINT ( 'NONE',  ( 32.60000000000000142, -0.08578643762689568131, -9.819190635332178729 ) ) ;
#2592 = VERTEX_POINT ( 'NONE', #1311 ) ;
#2593 = DIRECTION ( 'NONE',  ( -0.000000000000000000, 1.000000000000000000, -0.000000000000000000 ) ) ;
#2594 = AXIS2_PLACEMENT_3D ( 'NONE', #597, #1720, #315 ) ;
#2595 = DIRECTION ( 'NONE',  ( -3.361026734705095694E-15, -1.000000000000000000, 3.361026734705066901E-15 ) ) ;
#2596 = PLANE ( 'NONE',  #1255 ) ;
#2597 = CIRCLE ( 'NONE', #28, 6.125000000000001776 ) ;
#2598 = ORIENTED_EDGE ( 'NONE', *, *, #1482, .F. ) ;
#2599 = DIRECTION ( 'NONE',  ( 0.000000000000000000, 1.000000000000000000, 0.000000000000000000 ) ) ;
#2600 = LINE ( 'NONE', #2879, #1316 ) ;
#2601 = ADVANCED_FACE ( 'NONE', ( #2704 ), #2255, .F. ) ;
#2602 = ADVANCED_FACE ( 'NONE', ( #141, #1977 ), #2209, .T. ) ;
#2603 = ORIENTED_EDGE ( 'NONE', *, *, #9, .F. ) ;
#2604 = PLANE ( 'NONE',  #261 ) ;
#2605 = CARTESIAN_POINT ( 'NONE',  ( 32.60000000000000142, 12.25000000000000000, 0.000000000000000000 ) ) ;
#2606 = DIRECTION ( 'NONE',  ( 0.000000000000000000, 0.000000000000000000, 1.000000000000000000 ) ) ;
#2607 = VERTEX_POINT ( 'NONE', #106 ) ;
#2608 = CARTESIAN_POINT ( 'NONE',  ( 2.499999999999997780, -2.999999999999998668, -31.08578643762690774 ) ) ;
#2609 = FACE_OUTER_BOUND ( 'NONE', #910, .T. ) ;
#2610 = DIRECTION ( 'NONE',  ( 1.000000000000000000, -3.361026734705063745E-15, 0.000000000000000000 ) ) ;
#2611 = LINE ( 'NONE', #957, #1111 ) ;
#2612 = ORIENTED_EDGE ( 'NONE', *, *, #254, .F. ) ;
#2613 = DIRECTION ( 'NONE',  ( 5.656706986880891627E-17, 0.000000000000000000, 1.000000000000000000 ) ) ;
#2614 = EDGE_LOOP ( 'NONE', ( #318, #2713, #986, #743 ) ) ;
#2615 = CARTESIAN_POINT ( 'NONE',  ( 0.6094757082487303190, -6.304737854124366159, -29.19526214587565605 ) ) ;
#2616 = ORIENTED_EDGE ( 'NONE', *, *, #567, .F. ) ;
#2617 = LINE ( 'NONE', #700, #1386 ) ;
#2618 = DIRECTION ( 'NONE',  ( 0.000000000000000000, 0.000000000000000000, 1.000000000000000000 ) ) ;
#2619 = DIRECTION ( 'NONE',  ( -0.000000000000000000, -0.000000000000000000, 1.000000000000000000 ) ) ;
#2620 = ORIENTED_EDGE ( 'NONE', *, *, #849, .F. ) ;
#2621 = EDGE_CURVE ( 'NONE', #698, #1073, #2954, .T. ) ;
#2622 = EDGE_CURVE ( 'NONE', #2457, #2438, #2431, .T. ) ;
#2623 = DIRECTION ( 'NONE',  ( 0.000000000000000000, 0.000000000000000000, 1.000000000000000000 ) ) ;
#2624 = CARTESIAN_POINT ( 'NONE',  ( 3.000000000000001776, 4.750000000000000888, 0.000000000000000000 ) ) ;
#2625 = ORIENTED_EDGE ( 'NONE', *, *, #1364, .T. ) ;
#2626 = LINE ( 'NONE', #757, #2757 ) ;
#2627 = CARTESIAN_POINT ( 'NONE',  ( 32.37850906274297813, 0.2643089358768996311, -30.22149093725703750 ) ) ;
#2628 = ORIENTED_EDGE ( 'NONE', *, *, #1923, .F. ) ;
#2629 = CARTESIAN_POINT ( 'NONE',  ( 1.000000000000001776, 12.25000000000000000, -29.00000000000000355 ) ) ;
#2630 = ORIENTED_EDGE ( 'NONE', *, *, #2213, .F. ) ;
#2631 = CARTESIAN_POINT ( 'NONE',  ( 1.000000000000001776, 0.000000000000000000, -29.00000000000000355 ) ) ;
#2632 = ORIENTED_EDGE ( 'NONE', *, *, #2228, .F. ) ;
#2633 = VECTOR ( 'NONE', #1400, 1000.000000000000000 ) ;
#2634 = LINE ( 'NONE', #2137, #212 ) ;
#2635 = CARTESIAN_POINT ( 'NONE',  ( 25.60000000000000142, 0.4622641509433955131, -9.790680462359707903 ) ) ;
#2636 = CC_DESIGN_APPROVAL ( #1693, ( #907 ) ) ;
#2637 = CARTESIAN_POINT ( 'NONE',  ( 32.30710678119530144, -0.7928932188046924345, -11.23053500923745140 ) ) ;
#2638 = AXIS2_PLACEMENT_3D ( 'NONE', #1366, #2365, #2113 ) ;
#2639 = ORIENTED_EDGE ( 'NONE', *, *, #322, .F. ) ;
#2640 = DIRECTION ( 'NONE',  ( -0.000000000000000000, 1.000000000000000000, -0.000000000000000000 ) ) ;
#2641 = DIRECTION ( 'NONE',  ( 0.000000000000000000, 1.000000000000000000, 0.000000000000000000 ) ) ;
#2642 = ADVANCED_FACE ( 'NONE', ( #2765 ), #2020, .T. ) ;
#2643 = EDGE_CURVE ( 'NONE', #2896, #2876, #861, .T. ) ;
#2644 = ORIENTED_EDGE ( 'NONE', *, *, #412, .F. ) ;
#2645 = DIRECTION ( 'NONE',  ( 1.000000000000000000, 0.000000000000000000, 0.000000000000000000 ) ) ;
#2646 = CARTESIAN_POINT ( 'NONE',  ( 32.60000000000000853, 0.6213203435596545976, -30.00000000000000000 ) ) ;
#2647 = CARTESIAN_POINT ( 'NONE',  ( 0.2928932188134489301, -0.7928932188134389936, -28.87867965644037227 ) ) ;
#2648 = ORIENTED_EDGE ( 'NONE', *, *, #240, .F. ) ;
#2649 = DIRECTION ( 'NONE',  ( -0.5773502691896262862, 0.5773502691896267303, -0.5773502691896243988 ) ) ;
#2650 = ORIENTED_EDGE ( 'NONE', *, *, #1577, .T. ) ;
#2651 = LINE ( 'NONE', #534, #122 ) ;
#2652 = AXIS2_PLACEMENT_3D ( 'NONE', #311, #2466, #1066 ) ;
#2653 = CARTESIAN_POINT ( 'NONE',  ( 5.414213562373103805, 12.25000000000000000, -35.00000000000000000 ) ) ;
#2654 = CARTESIAN_POINT ( 'NONE',  ( 31.60000000000000142, -0.08578643762689568131, 0.000000000000000000 ) ) ;
#2655 = VERTEX_POINT ( 'NONE', #2053 ) ;
#2656 = CARTESIAN_POINT ( 'NONE',  ( 25.60000000000001918, 3.821894005791933060E-14, -13.82052877983829831 ) ) ;
#2657 = DIRECTION ( 'NONE',  ( -0.000000000000000000, -0.000000000000000000, 1.000000000000000000 ) ) ;
#2658 = AXIS2_PLACEMENT_3D ( 'NONE', #1894, #1168, #2109 ) ;
#2659 = ORIENTED_EDGE ( 'NONE', *, *, #566, .F. ) ;
#2660 = CARTESIAN_POINT ( 'NONE',  ( 0.000000000000000000, -4.000000000000000000, -28.67157287525382614 ) ) ;
#2661 = CARTESIAN_POINT ( 'NONE',  ( 26.10000000000000142, 3.274999999999999911, -17.54654267713535631 ) ) ;
#2662 = VECTOR ( 'NONE', #1410, 1000.000000000000000 ) ;
#2663 = ADVANCED_FACE ( 'NONE', ( #2285 ), #2384, .T. ) ;
#2664 = VECTOR ( 'NONE', #2560, 1000.000000000000000 ) ;
#2665 = LINE ( 'NONE', #1528, #2057 ) ;
#2666 = ORIENTED_EDGE ( 'NONE', *, *, #980, .F. ) ;
#2667 = DIRECTION ( 'NONE',  ( 0.000000000000000000, -0.000000000000000000, 1.000000000000000000 ) ) ;
#2668 = ORIENTED_EDGE ( 'NONE', *, *, #2812, .T. ) ;
#2669 = CARTESIAN_POINT ( 'NONE',  ( 25.59999999999999787, 0.000000000000000000, -29.00000000000000355 ) ) ;
#2670 = CARTESIAN_POINT ( 'NONE',  ( 32.10000000000000142, 12.25000000000000000, -5.500000000000007994 ) ) ;
#2671 = FACE_OUTER_BOUND ( 'NONE', #1723, .T. ) ;
#2672 = CARTESIAN_POINT ( 'NONE',  ( 25.71741367160631242, 1.479335545701366081E-15, -12.52013944079210361 ) ) ;
#2673 = CARTESIAN_POINT ( 'NONE',  ( 27.18578643762689850, 0.6213203435596589275, -34.00000000000000000 ) ) ;
#2674 = VERTEX_POINT ( 'NONE', #1347 ) ;
#2675 = DIRECTION ( 'NONE',  ( 0.5773502691896247319, 0.5773502691896277295, -0.5773502691896247319 ) ) ;
#2676 = CARTESIAN_POINT ( 'NONE',  ( 26.27157287525382401, -4.000000000000000000, 0.000000000000000000 ) ) ;
#2677 = CARTESIAN_POINT ( 'NONE',  ( 5.000000000000013323, 0.6213203435596539315, -35.00000000000000711 ) ) ;
#2678 = ORIENTED_EDGE ( 'NONE', *, *, #936, .T. ) ;
#2679 = CARTESIAN_POINT ( 'NONE',  ( 32.60000000000000142, 12.25000000000000000, -21.77500000000000213 ) ) ;
#2680 = ORIENTED_EDGE ( 'NONE', *, *, #2533, .T. ) ;
#2681 = EDGE_CURVE ( 'NONE', #156, #1353, #2783, .T. ) ;
#2682 = ADVANCED_FACE ( 'NONE', ( #3011 ), #1848, .T. ) ;
#2683 = CARTESIAN_POINT ( 'NONE',  ( 7.000000000000000000, 12.25000000000000000, -5.999999999999998224 ) ) ;
#2684 = CARTESIAN_POINT ( 'NONE',  ( 25.83403029537560158, 0.03755731697141666270, -11.33950779223363092 ) ) ;
#2685 = CARTESIAN_POINT ( 'NONE',  ( 32.10000000000000142, 6.125000000000000888, -6.000000000000000000 ) ) ;
#2686 =( BOUNDED_CURVE ( )  B_SPLINE_CURVE ( 3, ( #3030, #2815, #2385, #744 ),
 .UNSPECIFIED., .F., .F. ) 
 B_SPLINE_CURVE_WITH_KNOTS ( ( 4, 4 ),
 ( 3.006165482106216924, 3.277019825077979398 ),
 .UNSPECIFIED. ) 
 CURVE ( )  GEOMETRIC_REPRESENTATION_ITEM ( )  RATIONAL_B_SPLINE_CURVE ( ( 1.000000000000000000, 0.9938958317703747714, 0.9938958317703747714, 1.000000000000000000 ) ) 
 REPRESENTATION_ITEM ( '' )  );
#2687 = ORIENTED_EDGE ( 'NONE', *, *, #2500, .F. ) ;
#2688 = AXIS2_PLACEMENT_3D ( 'NONE', #1236, #970, #58 ) ;
#2690 = CARTESIAN_POINT ( 'NONE',  ( 26.09999997439446773, 0.3843469669436399561, -14.27030324232239700 ) ) ;
#2689 = AXIS2_PLACEMENT_3D ( 'NONE', #2173, #1017, #813 ) ;
#2691 = CARTESIAN_POINT ( 'NONE',  ( 5.195433962890747992, -0.3045660371092528962, -34.81649658092773336 ) ) ;
#2692 = ORIENTED_EDGE ( 'NONE', *, *, #589, .T. ) ;
#2693 = ORIENTED_EDGE ( 'NONE', *, *, #2741, .F. ) ;
#2694 = CARTESIAN_POINT ( 'NONE',  ( 26.01754045129006698, 0.1998577094524639219, -13.68998320485746767 ) ) ;
#2695 = CARTESIAN_POINT ( 'NONE',  ( 32.41649658092773478, -0.3045660371092538954, -29.80456603710926800 ) ) ;
#2696 = FACE_OUTER_BOUND ( 'NONE', #1825, .T. ) ;
#2697 = ORIENTED_EDGE ( 'NONE', *, *, #627, .T. ) ;
#2698 = CARTESIAN_POINT ( 'NONE',  ( 21.25000000000000000, 12.25000000000000000, -6.000000000000000000 ) ) ;
#2699 = EDGE_CURVE ( 'NONE', #1310, #2921, #1372, .T. ) ;
#2700 = DIRECTION ( 'NONE',  ( 0.000000000000000000, -1.000000000000000000, 0.000000000000000000 ) ) ;
#2701 = DIRECTION ( 'NONE',  ( -0.5773502691896255090, -0.5773502691896287287, -0.5773502691896228445 ) ) ;
#2702 = ORIENTED_EDGE ( 'NONE', *, *, #2041, .F. ) ;
#2703 = TOROIDAL_SURFACE ( 'NONE', #2155, 6.625000000000000888, 0.5000000000000000000 ) ;
#2704 = FACE_OUTER_BOUND ( 'NONE', #1962, .T. ) ;
#2705 = EDGE_CURVE ( 'NONE', #548, #2896, #1823, .T. ) ;
#2706 = CARTESIAN_POINT ( 'NONE',  ( 32.60000000000000142, 0.6213203435596506008, -29.58578643762691840 ) ) ;
#2707 = VERTEX_POINT ( 'NONE', #2751 ) ;
#2708 = VERTEX_POINT ( 'NONE', #2324 ) ;
#2709 = VECTOR ( 'NONE', #2640, 1000.000000000000000 ) ;
#2710 = CARTESIAN_POINT ( 'NONE',  ( 32.10000000000000142, 6.125000000000000000, -21.77500000000000213 ) ) ;
#2711 = LINE ( 'NONE', #2574, #687 ) ;
#2712 = CARTESIAN_POINT ( 'NONE',  ( 32.37918575735826465, 0.2609254627010660355, -30.22081424264175098 ) ) ;
#2713 = ORIENTED_EDGE ( 'NONE', *, *, #2172, .F. ) ;
#2714 = ORIENTED_EDGE ( 'NONE', *, *, #257, .T. ) ;
#2715 = EDGE_CURVE ( 'NONE', #2707, #732, #2545, .T. ) ;
#2716 = DIRECTION ( 'NONE',  ( 0.000000000000000000, 1.000000000000000000, 0.000000000000000000 ) ) ;
#2717 = FACE_OUTER_BOUND ( 'NONE', #2426, .T. ) ;
#2718 = CARTESIAN_POINT ( 'NONE',  ( 32.60000000000000142, -0.02116219553235340611, -29.27147329775844753 ) ) ;
#2719 = ORIENTED_EDGE ( 'NONE', *, *, #1026, .F. ) ;
#2720 = CARTESIAN_POINT ( 'NONE',  ( 25.59999999999997300, -2.285542419040882102E-14, -13.60818962972737189 ) ) ;
#2721 = DIRECTION ( 'NONE',  ( 0.000000000000000000, 1.000000000000000000, 0.000000000000000000 ) ) ;
#2722 = ORIENTED_EDGE ( 'NONE', *, *, #1364, .F. ) ;
#2723 = EDGE_CURVE ( 'NONE', #29, #2386, #2536, .T. ) ;
#2724 = ADVANCED_FACE ( 'NONE', ( #1337 ), #877, .T. ) ;
#2725 = CARTESIAN_POINT ( 'NONE',  ( 6.328427124746177412, -4.000000000000000000, -8.000000000000000000 ) ) ;
#2726 = CARTESIAN_POINT ( 'NONE',  ( 26.27157287525382401, -4.000000000000000000, -8.000000000000000000 ) ) ;
#2727 = CIRCLE ( 'NONE', #2033, 0.8999999999999998002 ) ;
#2728 = CARTESIAN_POINT ( 'NONE',  ( 32.60000000000000142, 6.125000000000000000, -12.12500000000000000 ) ) ;
#2729 = ADVANCED_FACE ( 'NONE', ( #3022 ), #2970, .T. ) ;
#2730 = VERTEX_POINT ( 'NONE', #3033 ) ;
#2731 = APPROVAL_ROLE ( '' ) ;
#2732 = CARTESIAN_POINT ( 'NONE',  ( 27.41241636717003871, 0.07029113109635842793, -35.00000000000000711 ) ) ;
#2733 = DIRECTION ( 'NONE',  ( 0.000000000000000000, -0.000000000000000000, 1.000000000000000000 ) ) ;
#2734 = VERTEX_POINT ( 'NONE', #947 ) ;
#2735 = DIRECTION ( 'NONE',  ( 0.000000000000000000, 0.000000000000000000, 1.000000000000000000 ) ) ;
#2736 = DIRECTION ( 'NONE',  ( 0.000000000000000000, -0.000000000000000000, -1.000000000000000000 ) ) ;
#2737 = ORIENTED_EDGE ( 'NONE', *, *, #892, .F. ) ;
#2738 = VECTOR ( 'NONE', #1472, 1000.000000000000000 ) ;
#2739 = DIRECTION ( 'NONE',  ( 0.000000000000000000, -0.000000000000000000, 1.000000000000000000 ) ) ;
#2740 = ADVANCED_FACE ( 'NONE', ( #2853 ), #3, .F. ) ;
#2741 = EDGE_CURVE ( 'NONE', #1498, #740, #2372, .T. ) ;
#2742 = CARTESIAN_POINT ( 'NONE',  ( 1.000000000000000000, 12.25000000000000000, -29.58578643762691840 ) ) ;
#2743 = LOCAL_TIME ( 20, 50, 50.00000000000000000, #1856 ) ;
#2744 = CIRCLE ( 'NONE', #374, 0.8999999999999945821 ) ;
#2745 = CARTESIAN_POINT ( 'NONE',  ( 32.10000000000000142, 6.125000000000000000, -12.12500000000000000 ) ) ;
#2746 = ORIENTED_EDGE ( 'NONE', *, *, #2905, .F. ) ;
#2747 = CARTESIAN_POINT ( 'NONE',  ( 32.10000000000000142, 0.3829521614392861761, -9.993213983608995932 ) ) ;
#2748 = CARTESIAN_POINT ( 'NONE',  ( 27.18578643759309088, 0.4071742079306682749, -35.00000000000000000 ) ) ;
#2749 = CARTESIAN_POINT ( 'NONE',  ( 31.60000000000000142, 0.1036822533546058606, -29.39631774664541197 ) ) ;
#2750 = ORIENTED_EDGE ( 'NONE', *, *, #401, .T. ) ;
#2751 = CARTESIAN_POINT ( 'NONE',  ( 25.60000000000000142, 0.000000000000000000, -9.600123765409481535 ) ) ;
#2752 = CARTESIAN_POINT ( 'NONE',  ( 0.000000000000000000, -0.08578643759329523943, -29.09282579206936248 ) ) ;
#2753 = ORIENTED_EDGE ( 'NONE', *, *, #133, .F. ) ;
#2754 = CARTESIAN_POINT ( 'NONE',  ( 25.71684726497700169, 0.000000000000000000, -11.73176638012886741 ) ) ;
#2755 = DIRECTION ( 'NONE',  ( 1.000000000000000000, 0.000000000000000000, 0.000000000000000000 ) ) ;
#2756 = CARTESIAN_POINT ( 'NONE',  ( 4.000000000000000000, 7.250000000000000000, -30.10000000000000497 ) ) ;
#2757 = VECTOR ( 'NONE', #243, 1000.000000000000000 ) ;
#2758 = ORIENTED_EDGE ( 'NONE', *, *, #1982, .F. ) ;
#2759 = ORIENTED_EDGE ( 'NONE', *, *, #773, .F. ) ;
#2760 = EDGE_CURVE ( 'NONE', #2379, #375, #2156, .T. ) ;
#2761 = DIRECTION ( 'NONE',  ( 1.000000000000000000, 0.000000000000000000, -0.000000000000000000 ) ) ;
#2762 = DIRECTION ( 'NONE',  ( -1.000000000000000000, -0.000000000000000000, -0.000000000000000000 ) ) ;
#2763 = ORIENTED_EDGE ( 'NONE', *, *, #2108, .T. ) ;
#2764 = AXIS2_PLACEMENT_3D ( 'NONE', #398, #168, #2761 ) ;
#2765 = FACE_OUTER_BOUND ( 'NONE', #2926, .T. ) ;
#2766 = AXIS2_PLACEMENT_3D ( 'NONE', #1957, #70, #815 ) ;
#2767 = CARTESIAN_POINT ( 'NONE',  ( 0.2215704817770448309, -0.7215704817770306478, -29.23529334152191339 ) ) ;
#2768 = ORIENTED_EDGE ( 'NONE', *, *, #303, .F. ) ;
#2769 = DIRECTION ( 'NONE',  ( 0.000000000000000000, 0.000000000000000000, -1.000000000000000000 ) ) ;
#2770 = ORIENTED_EDGE ( 'NONE', *, *, #2147, .F. ) ;
#2771 = VERTEX_POINT ( 'NONE', #1861 ) ;
#2772 = PERSON_AND_ORGANIZATION_ROLE ( 'creator' ) ;
#2773 = LINE ( 'NONE', #1356, #392 ) ;
#2774 = CARTESIAN_POINT ( 'NONE',  ( 28.60000000000000853, 7.250000000000000000, -2.099999999999999645 ) ) ;
#2775 = EDGE_CURVE ( 'NONE', #1161, #1443, #2617, .T. ) ;
#2776 = EDGE_CURVE ( 'NONE', #1682, #156, #2634, .T. ) ;
#2777 = ORIENTED_EDGE ( 'NONE', *, *, #1538, .T. ) ;
#2778 = CARTESIAN_POINT ( 'NONE',  ( 32.10000000000000142, 12.25000000000000000, -5.500000000000007994 ) ) ;
#2779 = DIRECTION ( 'NONE',  ( 5.366526958391782613E-16, 1.000000000000000000, -5.366526958391834875E-16 ) ) ;
#2780 = ORIENTED_EDGE ( 'NONE', *, *, #1612, .T. ) ;
#2781 = CARTESIAN_POINT ( 'NONE',  ( 0.000000000000000000, 12.25000000000000000, -29.58578643762691840 ) ) ;
#2782 =( BOUNDED_CURVE ( )  B_SPLINE_CURVE ( 3, ( #800, #107, #2971, #2706 ),
 .UNSPECIFIED., .F., .F. ) 
 B_SPLINE_CURVE_WITH_KNOTS ( ( 4, 4 ),
 ( 5.421010862427515268E-16, 0.5235987755983030345 ),
 .UNSPECIFIED. ) 
 CURVE ( )  GEOMETRIC_REPRESENTATION_ITEM ( )  RATIONAL_B_SPLINE_CURVE ( ( 1.000000000000000000, 0.9772838841927118381, 0.9772838841927118381, 1.000000000000000000 ) ) 
 REPRESENTATION_ITEM ( '' )  );
#2783 = CIRCLE ( 'NONE', #1750, 0.5000000000000001110 ) ;
#2784 = VECTOR ( 'NONE', #1062, 1000.000000000000000 ) ;
#2785 = AXIS2_PLACEMENT_3D ( 'NONE', #2578, #2798, #1157 ) ;
#2786 = DIRECTION ( 'NONE',  ( -0.000000000000000000, -1.000000000000000000, 0.000000000000000000 ) ) ;
#2787 = ORIENTED_EDGE ( 'NONE', *, *, #624, .T. ) ;
#2788 = DATE_AND_TIME ( #1307, #1802 ) ;
#2789 = CARTESIAN_POINT ( 'NONE',  ( 27.65139282586910952, -0.05773924834933037015, -34.81649658092776178 ) ) ;
#2790 = CARTESIAN_POINT ( 'NONE',  ( 6.328427124746177412, -6.000000000000000000, 0.000000000000000000 ) ) ;
#2791 = VERTEX_POINT ( 'NONE', #1448 ) ;
#2792 = EDGE_CURVE ( 'NONE', #1464, #659, #510, .T. ) ;
#2793 = CC_DESIGN_DATE_AND_TIME_ASSIGNMENT ( #2117, #1964, ( #1544 ) ) ;
#2794 = CARTESIAN_POINT ( 'NONE',  ( 32.02261626083339507, 0.1286451230832764969, -13.39373880039496711 ) ) ;
#2795 = CARTESIAN_POINT ( 'NONE',  ( 0.000000000000000000, 6.125000000000000000, -15.87500000000000000 ) ) ;
#2796 = EDGE_LOOP ( 'NONE', ( #1277, #1417 ) ) ;
#2797 = EDGE_CURVE ( 'NONE', #2430, #1149, #2835, .T. ) ;
#2798 = DIRECTION ( 'NONE',  ( 0.000000000000000000, 4.936846192823245457E-16, -1.000000000000000000 ) ) ;
#2799 = VERTEX_POINT ( 'NONE', #716 ) ;
#2800 = VECTOR ( 'NONE', #2675, 1000.000000000000227 ) ;
#2801 = DIRECTION ( 'NONE',  ( -1.000000000000000000, 0.000000000000000000, 5.656706986880891627E-17 ) ) ;
#2802 = CARTESIAN_POINT ( 'NONE',  ( 6.328427124746177412, -4.000000000000000000, -8.000000000000000000 ) ) ;
#2803 = VERTEX_POINT ( 'NONE', #1920 ) ;
#2804 = FACE_OUTER_BOUND ( 'NONE', #2371, .T. ) ;
#2805 = DIRECTION ( 'NONE',  ( 0.000000000000000000, 0.000000000000000000, -1.000000000000000000 ) ) ;
#2806 = AXIS2_PLACEMENT_3D ( 'NONE', #2670, #1588, #1575 ) ;
#2807 = CYLINDRICAL_SURFACE ( 'NONE', #2909, 1.000000000000000888 ) ;
#2808 = EDGE_LOOP ( 'NONE', ( #3032, #460, #42, #426 ) ) ;
#2809 = VECTOR ( 'NONE', #2429, 1000.000000000000000 ) ;
#2810 = DIRECTION ( 'NONE',  ( -1.508455196501571429E-16, 0.000000000000000000, -1.000000000000000000 ) ) ;
#2811 = ADVANCED_FACE ( 'NONE', ( #2589 ), #2604, .F. ) ;
#2812 = EDGE_CURVE ( 'NONE', #2367, #552, #466, .T. ) ;
#2813 = CARTESIAN_POINT ( 'NONE',  ( 18.50000000000000355, 0.000000000000000000, -6.000000000000000000 ) ) ;
#2814 = ORIENTED_EDGE ( 'NONE', *, *, #2244, .F. ) ;
#2815 = CARTESIAN_POINT ( 'NONE',  ( 32.22610236747010504, -0.8738976325298791759, -12.42498616290491498 ) ) ;
#2816 = DIRECTION ( 'NONE',  ( 1.000000000000000000, -0.000000000000000000, -0.000000000000000000 ) ) ;
#2817 = ORIENTED_EDGE ( 'NONE', *, *, #2915, .T. ) ;
#2818 = CARTESIAN_POINT ( 'NONE',  ( 26.09999999999999787, 12.25000000000000000, -21.77500000000000213 ) ) ;
#2819 = AXIS2_PLACEMENT_3D ( 'NONE', #2432, #2824, #2126 ) ;
#2820 = LINE ( 'NONE', #1001, #1948 ) ;
#2821 = DIRECTION ( 'NONE',  ( -1.000000000000000000, -1.775381057445011933E-15, 0.000000000000000000 ) ) ;
#2822 = ORIENTED_EDGE ( 'NONE', *, *, #2088, .T. ) ;
#2823 = CARTESIAN_POINT ( 'NONE',  ( 0.000000000000000000, 6.125000000000000000, -12.12500000000000000 ) ) ;
#2824 = DIRECTION ( 'NONE',  ( -3.469446951953605906E-15, 1.437091981433172403E-15, 1.000000000000000000 ) ) ;
#2825 = CARTESIAN_POINT ( 'NONE',  ( 1.000000000000001776, 12.25000000000000000, -29.00000000000000355 ) ) ;
#2826 = EDGE_CURVE ( 'NONE', #1399, #537, #17, .T. ) ;
#2827 = EDGE_CURVE ( 'NONE', #841, #2056, #2571, .T. ) ;
#2828 = DIRECTION ( 'NONE',  ( 0.000000000000000000, 1.000000000000000000, 0.000000000000000000 ) ) ;
#2829 = EDGE_LOOP ( 'NONE', ( #1318, #498, #1808, #160 ) ) ;
#2830 = VECTOR ( 'NONE', #403, 1000.000000000000000 ) ;
#2831 = CARTESIAN_POINT ( 'NONE',  ( 21.25000000000000000, 12.25000000000000000, 0.000000000000000000 ) ) ;
#2832 = DIRECTION ( 'NONE',  ( 0.1337995966739258802, 0.1337995966739257692, 0.9819344865416376189 ) ) ;
#2833 = EDGE_LOOP ( 'NONE', ( #1428, #2282 ) ) ;
#2834 = CIRCLE ( 'NONE', #458, 0.5000000000000004441 ) ;
#2835 = LINE ( 'NONE', #223, #664 ) ;
#2836 = CARTESIAN_POINT ( 'NONE',  ( 0.000000000000000000, 0.6213203435596594826, -29.58578643762691840 ) ) ;
#2837 = DIRECTION ( 'NONE',  ( -1.508455196501571429E-16, 0.000000000000000000, -1.000000000000000000 ) ) ;
#2838 = ORIENTED_EDGE ( 'NONE', *, *, #348, .T. ) ;
#2839 = VECTOR ( 'NONE', #185, 1000.000000000000000 ) ;
#2840 = CARTESIAN_POINT ( 'NONE',  ( 6.328427124746177412, -4.000000000000000000, 0.000000000000000000 ) ) ;
#2841 = AXIS2_PLACEMENT_3D ( 'NONE', #1227, #1701, #1477 ) ;
#2842 = DIRECTION ( 'NONE',  ( 1.000000000000000000, 0.000000000000000000, -1.508455196501571429E-16 ) ) ;
#2843 = CARTESIAN_POINT ( 'NONE',  ( -4.447715250169156143, 6.776142374915391287, -22.72385762508469398 ) ) ;
#2844 = VECTOR ( 'NONE', #1935, 1000.000000000000000 ) ;
#2845 = ORIENTED_EDGE ( 'NONE', *, *, #1147, .F. ) ;
#2846 = CARTESIAN_POINT ( 'NONE',  ( 25.67987830025826312, 4.455649719587616353, -6.000000000000001776 ) ) ;
#2847 = VERTEX_POINT ( 'NONE', #208 ) ;
#2848 = FACE_OUTER_BOUND ( 'NONE', #2999, .T. ) ;
#2849 = EDGE_LOOP ( 'NONE', ( #2526, #599, #1211, #230 ) ) ;
#2850 = EDGE_CURVE ( 'NONE', #1828, #1834, #2495, .T. ) ;
#2851 = ADVANCED_FACE ( 'NONE', ( #916, #1193 ), #1683, .F. ) ;
#2852 = AXIS2_PLACEMENT_3D ( 'NONE', #2483, #2214, #97 ) ;
#2853 = FACE_OUTER_BOUND ( 'NONE', #248, .T. ) ;
#2854 = CARTESIAN_POINT ( 'NONE',  ( 25.60000000000000142, -6.740754805355325486E-31, -9.600123765409481535 ) ) ;
#2855 = CARTESIAN_POINT ( 'NONE',  ( 32.10000000000000142, 0.3829521614392846773, -9.993213983608995932 ) ) ;
#2856 = EDGE_LOOP ( 'NONE', ( #2913, #2972, #1430, #808, #1536 ) ) ;
#2857 = DIRECTION ( 'NONE',  ( 1.000000000000000000, 0.000000000000000000, -1.508455196501571429E-16 ) ) ;
#2858 = PLANE ( 'NONE',  #2325 ) ;
#2859 = VERTEX_POINT ( 'NONE', #1384 ) ;
#2860 = CARTESIAN_POINT ( 'NONE',  ( 0.000000000000000000, 12.25000000000000000, -30.00000000000001421 ) ) ;
#2861 = CARTESIAN_POINT ( 'NONE',  ( -3.799999999999999822, 6.125000000000000000, -15.87500000000000000 ) ) ;
#2862 = ORIENTED_EDGE ( 'NONE', *, *, #1608, .F. ) ;
#2863 = CARTESIAN_POINT ( 'NONE',  ( 26.10000000000000142, 6.125000000000000888, -6.000000000000000000 ) ) ;
#2864 = ORIENTED_EDGE ( 'NONE', *, *, #2211, .T. ) ;
#2865 = ORIENTED_EDGE ( 'NONE', *, *, #432, .F. ) ;
#2866 = CARTESIAN_POINT ( 'NONE',  ( 7.228427124746176879, -4.000000000000000000, -8.000000000000000000 ) ) ;
#2867 = ADVANCED_FACE ( 'NONE', ( #2804 ), #733, .F. ) ;
#2868 = EDGE_CURVE ( 'NONE', #806, #2414, #2390, .T. ) ;
#2869 = LINE ( 'NONE', #3048, #2988 ) ;
#2870 = FACE_OUTER_BOUND ( 'NONE', #1346, .T. ) ;
#2871 = ORIENTED_EDGE ( 'NONE', *, *, #189, .T. ) ;
#2872 = DIRECTION ( 'NONE',  ( -1.000000000000000000, 0.000000000000000000, -0.000000000000000000 ) ) ;
#2873 = CARTESIAN_POINT ( 'NONE',  ( -3.799999999999999822, 6.125000000000000888, -8.375000000000000000 ) ) ;
#2874 = CARTESIAN_POINT ( 'NONE',  ( 32.10000000000000142, -0.08578643762689568131, -14.43080936466782127 ) ) ;
#2875 = FACE_OUTER_BOUND ( 'NONE', #2983, .T. ) ;
#2876 = VERTEX_POINT ( 'NONE', #1162 ) ;
#2877 = CARTESIAN_POINT ( 'NONE',  ( 32.41649658092773478, -0.05487713933533976129, -30.05425493488319333 ) ) ;
#2878 = ORIENTED_EDGE ( 'NONE', *, *, #773, .T. ) ;
#2879 = CARTESIAN_POINT ( 'NONE',  ( 38.46192881254225426, 5.361928812542293699, -22.72385762508469753 ) ) ;
#2880 = EDGE_LOOP ( 'NONE', ( #2236, #1283, #2758, #649 ) ) ;
#2881 = AXIS2_PLACEMENT_3D ( 'NONE', #1792, #619, #2353 ) ;
#2882 = LINE ( 'NONE', #2474, #2784 ) ;
#2883 = DIRECTION ( 'NONE',  ( -0.000000000000000000, -1.000000000000000000, -0.000000000000000000 ) ) ;
#2884 = AXIS2_PLACEMENT_3D ( 'NONE', #135, #2074, #2250 ) ;
#2885 = DIRECTION ( 'NONE',  ( 1.000000000000000000, 0.000000000000000000, -1.508455196501571429E-16 ) ) ;
#2886 = AXIS2_PLACEMENT_3D ( 'NONE', #2082, #3026, #909 ) ;
#2887 = EDGE_LOOP ( 'NONE', ( #2477, #2383, #593, #1694 ) ) ;
#2888 = FACE_OUTER_BOUND ( 'NONE', #180, .T. ) ;
#2889 = DIRECTION ( 'NONE',  ( -0.5773502691896252870, -0.5773502691896297279, -0.5773502691896225114 ) ) ;
#2890 = ADVANCED_FACE ( 'NONE', ( #2186 ), #1955, .T. ) ;
#2891 = DIRECTION ( 'NONE',  ( 0.000000000000000000, 1.000000000000000000, 0.000000000000000000 ) ) ;
#2892 = DIRECTION ( 'NONE',  ( 0.000000000000000000, -1.000000000000000000, 0.000000000000000000 ) ) ;
#2893 = DIRECTION ( 'NONE',  ( -0.000000000000000000, 1.000000000000000000, -0.000000000000000000 ) ) ;
#2894 = ORIENTED_EDGE ( 'NONE', *, *, #158, .F. ) ;
#2895 = CARTESIAN_POINT ( 'NONE',  ( 26.09999999999999787, 2.774999999999999467, -18.42500000000000071 ) ) ;
#2896 = VERTEX_POINT ( 'NONE', #88 ) ;
#2897 = CARTESIAN_POINT ( 'NONE',  ( 32.10000000000000142, 6.125000000000000000, -21.27500000000000213 ) ) ;
#2898 = CARTESIAN_POINT ( 'NONE',  ( 25.60000000000077236, 2.168404344971008868E-16, -11.69751146050165147 ) ) ;
#2899 = CARTESIAN_POINT ( 'NONE',  ( 32.60000000000000142, 12.25000000000000000, -29.58578643762691840 ) ) ;
#2900 = CARTESIAN_POINT ( 'NONE',  ( 25.71914773111330277, 0.04499768778750998233, -12.96193221770462856 ) ) ;
#2901 = DIRECTION ( 'NONE',  ( 0.000000000000000000, 0.000000000000000000, -1.000000000000000000 ) ) ;
#2902 = VECTOR ( 'NONE', #2163, 1000.000000000000000 ) ;
#2903 = ORIENTED_EDGE ( 'NONE', *, *, #1096, .F. ) ;
#2904 = DIRECTION ( 'NONE',  ( -0.000000000000000000, 1.000000000000000000, 0.000000000000000000 ) ) ;
#2905 = EDGE_CURVE ( 'NONE', #2799, #548, #319, .T. ) ;
#2906 = EDGE_CURVE ( 'NONE', #1443, #2440, #1705, .T. ) ;
#2907 = CARTESIAN_POINT ( 'NONE',  ( 31.60000000000000142, -0.08578643762689568131, 0.000000000000000000 ) ) ;
#2908 = CIRCLE ( 'NONE', #1569, 6.125000000000001776 ) ;
#2909 = AXIS2_PLACEMENT_3D ( 'NONE', #2742, #1768, #1527 ) ;
#2910 = CARTESIAN_POINT ( 'NONE',  ( 5.187316688640129847, 0.07055807537681155206, -35.00000000000000000 ) ) ;
#2911 = EDGE_LOOP ( 'NONE', ( #470, #770, #1479, #1845 ) ) ;
#2912 = LINE ( 'NONE', #64, #386 ) ;
#2913 = ORIENTED_EDGE ( 'NONE', *, *, #2150, .T. ) ;
#2914 = CARTESIAN_POINT ( 'NONE',  ( 27.18578643762689850, 12.25000000000000000, -34.00000000000000000 ) ) ;
#2915 = EDGE_CURVE ( 'NONE', #1340, #1399, #2240, .T. ) ;
#2916 = CARTESIAN_POINT ( 'NONE',  ( 25.60000000000000142, 2.168404344971008868E-16, -12.12500000000000000 ) ) ;
#2917 = LINE ( 'NONE', #1064, #1826 ) ;
#2918 = ORIENTED_EDGE ( 'NONE', *, *, #1759, .T. ) ;
#2919 = CARTESIAN_POINT ( 'NONE',  ( 0.000000000000000000, 12.25000000000000000, 0.000000000000000000 ) ) ;
#2920 = DIRECTION ( 'NONE',  ( -0.000000000000000000, -0.000000000000000000, 1.000000000000000000 ) ) ;
#2921 = VERTEX_POINT ( 'NONE', #2411 ) ;
#2922 = DIRECTION ( 'NONE',  ( -0.000000000000000000, -0.000000000000000000, 1.000000000000000000 ) ) ;
#2923 = CARTESIAN_POINT ( 'NONE',  ( 32.60000000000000142, 0.6213203435596537094, -29.58578643762691840 ) ) ;
#2924 = EDGE_CURVE ( 'NONE', #487, #1721, #2219, .T. ) ;
#2925 = DIRECTION ( 'NONE',  ( 0.000000000000000000, 0.000000000000000000, -1.000000000000000000 ) ) ;
#2926 = EDGE_LOOP ( 'NONE', ( #1167, #582, #2509 ) ) ;
#2927 = ORIENTED_EDGE ( 'NONE', *, *, #1901, .F. ) ;
#2928 = EDGE_CURVE ( 'NONE', #925, #729, #953, .T. ) ;
#2929 = DIRECTION ( 'NONE',  ( 0.000000000000000000, -1.000000000000000000, 0.000000000000000000 ) ) ;
#2930 = DIRECTION ( 'NONE',  ( 0.000000000000000000, 0.000000000000000000, 1.000000000000000000 ) ) ;
#2931 = PLANE ( 'NONE',  #2766 ) ;
#2932 = ORIENTED_EDGE ( 'NONE', *, *, #1061, .T. ) ;
#2933 = AXIS2_PLACEMENT_3D ( 'NONE', #1186, #255, #772 ) ;
#2935 = CARTESIAN_POINT ( 'NONE',  ( 25.60000000000005471, 4.684926066192742170E-14, -12.97461402082752180 ) ) ;
#2934 = AXIS2_PLACEMENT_3D ( 'NONE', #2205, #2003, #1262 ) ;
#2936 = VECTOR ( 'NONE', #1408, 1000.000000000000114 ) ;
#2937 = DIRECTION ( 'NONE',  ( 1.000000000000000000, 0.000000000000000000, 0.000000000000000000 ) ) ;
#2938 = VERTEX_POINT ( 'NONE', #289 ) ;
#2939 = ORIENTED_EDGE ( 'NONE', *, *, #133, .T. ) ;
#2940 = CIRCLE ( 'NONE', #2048, 1.499999999999999556 ) ;
#2941 = LINE ( 'NONE', #1783, #2800 ) ;
#2942 = PLANE ( 'NONE',  #2243 ) ;
#2943 = AXIS2_PLACEMENT_3D ( 'NONE', #689, #2982, #1339 ) ;
#2944 = CARTESIAN_POINT ( 'NONE',  ( 32.30710678118654755, 0.6213203435596510449, -30.29289321881346808 ) ) ;
#2945 = EDGE_LOOP ( 'NONE', ( #2494, #59, #2552, #2170 ) ) ;
#2946 = ORIENTED_EDGE ( 'NONE', *, *, #2775, .F. ) ;
#2947 = DIRECTION ( 'NONE',  ( -0.5773502691896263972, -0.5773502691896269523, 0.5773502691896239547 ) ) ;
#2948 = LINE ( 'NONE', #828, #1256 ) ;
#2949 = CARTESIAN_POINT ( 'NONE',  ( 18.50000000000000355, 0.000000000000000000, 0.000000000000000000 ) ) ;
#2950 = EDGE_CURVE ( 'NONE', #977, #787, #1937, .T. ) ;
#2951 = EDGE_CURVE ( 'NONE', #1721, #2771, #1245, .T. ) ;
#2952 = EDGE_LOOP ( 'NONE', ( #820, #575 ) ) ;
#2953 = VECTOR ( 'NONE', #1176, 1000.000000000000000 ) ;
#2954 = LINE ( 'NONE', #771, #2738 ) ;
#2955 = CARTESIAN_POINT ( 'NONE',  ( 18.50000000000000711, 0.000000000000000000, -29.00000000000000355 ) ) ;
#2956 = ORIENTED_EDGE ( 'NONE', *, *, #2380, .F. ) ;
#2957 = EDGE_CURVE ( 'NONE', #2154, #1466, #2388, .T. ) ;
#2958 = AXIS2_PLACEMENT_3D ( 'NONE', #228, #2179, #259 ) ;
#2959 = LINE ( 'NONE', #2434, #2553 ) ;
#2960 = DIRECTION ( 'NONE',  ( -1.000000000000000000, 0.000000000000000000, -5.782411586589356653E-16 ) ) ;
#2961 = LINE ( 'NONE', #1072, #2338 ) ;
#2962 = VERTEX_POINT ( 'NONE', #304 ) ;
#2963 = AXIS2_PLACEMENT_3D ( 'NONE', #2654, #2619, #2821 ) ;
#2964 = PLANE ( 'NONE',  #2884 ) ;
#2965 = CARTESIAN_POINT ( 'NONE',  ( 26.47867965644033461, -0.7928932188134421022, -34.70710678118654613 ) ) ;
#2966 = CARTESIAN_POINT ( 'NONE',  ( 32.10000000000000142, 2.774999999999999467, -18.42500000000000071 ) ) ;
#2967 = ORIENTED_EDGE ( 'NONE', *, *, #482, .T. ) ;
#2968 = ADVANCED_FACE ( 'NONE', ( #583 ), #1049, .T. ) ;
#2969 = EDGE_CURVE ( 'NONE', #2468, #1220, #2290, .T. ) ;
#2970 = PLANE ( 'NONE',  #2881 ) ;
#2971 = CARTESIAN_POINT ( 'NONE',  ( 32.60000000000000853, 0.4050834150445000170, -29.58578643762691840 ) ) ;
#2972 = ORIENTED_EDGE ( 'NONE', *, *, #2621, .T. ) ;
#2973 = CARTESIAN_POINT ( 'NONE',  ( 4.707106781186560340, 0.6213203435596530433, -34.70710678118655323 ) ) ;
#2974 = CARTESIAN_POINT ( 'NONE',  ( 32.30710678118654755, 0.9142135623731086902, -30.29289321881346808 ) ) ;
#2975 = DIRECTION ( 'NONE',  ( 0.000000000000000000, 0.000000000000000000, -1.000000000000000000 ) ) ;
#2976 = ORIENTED_EDGE ( 'NONE', *, *, #2562, .T. ) ;
#2977 = CARTESIAN_POINT ( 'NONE',  ( 32.60000000000000142, -0.08578643762689568131, 0.000000000000000000 ) ) ;
#2978 = DIRECTION ( 'NONE',  ( -5.782411586589358625E-16, -0.000000000000000000, 1.000000000000000000 ) ) ;
#2979 = CARTESIAN_POINT ( 'NONE',  ( 5.414213562373103805, 12.25000000000000000, -34.00000000000000000 ) ) ;
#2980 = ORIENTED_EDGE ( 'NONE', *, *, #1849, .T. ) ;
#2981 = DIRECTION ( 'NONE',  ( 1.508455196501571429E-16, 0.000000000000000000, 1.000000000000000000 ) ) ;
#2982 = DIRECTION ( 'NONE',  ( -0.000000000000000000, 0.3480466965536313517, 0.9374771981323622994 ) ) ;
#2983 = EDGE_LOOP ( 'NONE', ( #2141, #506, #196, #756 ) ) ;
#2984 = AXIS2_PLACEMENT_3D ( 'NONE', #1213, #2104, #270 ) ;
#2985 = DIRECTION ( 'NONE',  ( -0.000000000000000000, -0.000000000000000000, 1.000000000000000000 ) ) ;
#2987 = EDGE_CURVE ( 'NONE', #183, #2962, #1756, .T. ) ;
#2986 = VECTOR ( 'NONE', #1028, 1000.000000000000000 ) ;
#2988 = VECTOR ( 'NONE', #2412, 1000.000000000000000 ) ;
#2989 = CARTESIAN_POINT ( 'NONE',  ( 32.10000000000000142, 3.275000000000000355, -18.42500000000000071 ) ) ;
#2990 = AXIS2_PLACEMENT_3D ( 'NONE', #3012, #1326, #2079 ) ;
#2991 = ORIENTED_EDGE ( 'NONE', *, *, #204, .T. ) ;
#2992 =( LENGTH_UNIT ( ) NAMED_UNIT ( * ) SI_UNIT ( .MILLI., .METRE. ) );
#2993 = CARTESIAN_POINT ( 'NONE',  ( 25.59999999999999787, 2.774999999999999467, -17.84060364266107257 ) ) ;
#2994 = LINE ( 'NONE', #888, #281 ) ;
#2995 = ORIENTED_EDGE ( 'NONE', *, *, #2036, .T. ) ;
#2996 = CIRCLE ( 'NONE', #1812, 1.000000000000000000 ) ;
#2997 = CARTESIAN_POINT ( 'NONE',  ( 17.12385762508464282, -13.14771525016922915, -19.52385762508464495 ) ) ;
#2998 = CARTESIAN_POINT ( 'NONE',  ( 1.000000000000003109, 12.25000000000000000, -6.000000000000000000 ) ) ;
#2999 = EDGE_LOOP ( 'NONE', ( #1113, #2991, #2080 ) ) ;
#3000 = CARTESIAN_POINT ( 'NONE',  ( 26.10000000000000497, 0.3837452158205708064, -9.981156522547788512 ) ) ;
#3001 =( BOUNDED_SURFACE ( )  B_SPLINE_SURFACE ( 3, 2, ( 
 ( #501, #702, #2637 ),
 ( #469, #1433, #1182 ),
 ( #2393, #1909, #1416 ),
 ( #1195, #1685, #949 ),
 ( #1939, #306, #769 ),
 ( #2855, #272, #1922 ) ),
 .UNSPECIFIED., .F., .F., .F. ) 
 B_SPLINE_SURFACE_WITH_KNOTS ( ( 4, 2, 4 ),
 ( 3, 3 ),
 ( 0.003263809077119039781, 0.003994538533163847008, 0.004725267989208654235 ),
 ( 0.000000000000000000, 1.000000000000000000 ),
 .UNSPECIFIED. ) 
 GEOMETRIC_REPRESENTATION_ITEM ( )  RATIONAL_B_SPLINE_SURFACE ( (
 ( 1.000000000000000000, 0.3868899500797215452, 1.000000000000000000),
 ( 1.000000000000000000, 0.4312064462790784480, 1.000000000000000000),
 ( 1.000000000000000000, 0.4836592708273931285, 1.000000000000000000),
 ( 1.000000000000000000, 0.5929756950932260073, 1.000000000000000000),
 ( 1.000000000000000000, 0.6500222188233161225, 1.000000000000000000),
 ( 1.000000000000000000, 0.7071067811865472397, 1.000000000000000000) ) ) 
 REPRESENTATION_ITEM ( '' )  SURFACE ( )  );
#3002 = ADVANCED_FACE ( 'NONE', ( #320 ), #998, .F. ) ;
#3003 = EDGE_CURVE ( 'NONE', #239, #1786, #2882, .T. ) ;
#3004 = CARTESIAN_POINT ( 'NONE',  ( 5.414213562373103805, 12.25000000000000000, -34.00000000000000000 ) ) ;
#3005 = EDGE_LOOP ( 'NONE', ( #2750, #2666, #2039, #1258 ) ) ;
#3006 = EDGE_LOOP ( 'NONE', ( #2777, #638, #361, #944 ) ) ;
#3007 = CALENDAR_DATE ( 2026, 28, 7 ) ;
#3008 = PLANE ( 'NONE',  #147 ) ;
#3009 = CARTESIAN_POINT ( 'NONE',  ( 32.60000000000000142, 0.1036822533546065128, -29.39631774664541197 ) ) ;
#3010 = VERTEX_POINT ( 'NONE', #826 ) ;
#3011 = FACE_OUTER_BOUND ( 'NONE', #115, .T. ) ;
#3012 = CARTESIAN_POINT ( 'NONE',  ( 21.12385762508457532, 5.976142374915430544, -38.64771525016920606 ) ) ;
#3013 = ORIENTED_EDGE ( 'NONE', *, *, #2850, .F. ) ;
#3014 = CARTESIAN_POINT ( 'NONE',  ( 25.60000000000000142, 0.000000000000000000, -12.12500000000000000 ) ) ;
#3015 = ORIENTED_EDGE ( 'NONE', *, *, #254, .T. ) ;
#3016 = EDGE_CURVE ( 'NONE', #2791, #2106, #1773, .T. ) ;
#3017 = APPROVAL_STATUS ( 'not_yet_approved' ) ;
#3018 = CARTESIAN_POINT ( 'NONE',  ( 27.02970886890390645, -0.3124163671703146239, -35.00000000000000711 ) ) ;
#3019 = LINE ( 'NONE', #1335, #1071 ) ;
#3020 = ORIENTED_EDGE ( 'NONE', *, *, #2421, .T. ) ;
#3021 = EDGE_CURVE ( 'NONE', #552, #29, #2651, .T. ) ;
#3022 = FACE_OUTER_BOUND ( 'NONE', #2335, .T. ) ;
#3023 = CARTESIAN_POINT ( 'NONE',  ( 27.68578643762692337, -5.414213562373092259, -28.67157287525382614 ) ) ;
#3024 = ORIENTED_EDGE ( 'NONE', *, *, #2040, .T. ) ;
#3025 = AXIS2_PLACEMENT_3D ( 'NONE', #1734, #991, #778 ) ;
#3026 = DIRECTION ( 'NONE',  ( -0.5773502691896257311, -0.5773502691896288397, -0.5773502691896229555 ) ) ;
#3027 = ORIENTED_EDGE ( 'NONE', *, *, #1365, .F. ) ;
#3028 = CIRCLE ( 'NONE', #1640, 3.350000000000002309 ) ;
#3029 = UNCERTAINTY_MEASURE_WITH_UNIT (LENGTH_MEASURE( 1.000000000000000082E-05 ), #2992, 'distance_accuracy_value', 'NONE');
#3030 = CARTESIAN_POINT ( 'NONE',  ( 32.30710678118655466, -0.7928932188134393266, -13.01946499073048713 ) ) ;
#3031 = CARTESIAN_POINT ( 'NONE',  ( 30.10000000000000497, -2.999999999999999112, -31.08578643762690774 ) ) ;
#3032 = ORIENTED_EDGE ( 'NONE', *, *, #189, .F. ) ;
#3033 = CARTESIAN_POINT ( 'NONE',  ( 26.47867965644034172, -0.08578643762689383556, -35.00000000000000000 ) ) ;
#3034 = EDGE_CURVE ( 'NONE', #156, #1474, #1725, .T. ) ;
#3035 = EDGE_CURVE ( 'NONE', #1828, #2607, #1483, .T. ) ;
#3036 = DIRECTION ( 'NONE',  ( -8.673617379884039416E-16, -0.7071067811865462405, -0.7071067811865487940 ) ) ;
#3037 = CARTESIAN_POINT ( 'NONE',  ( 27.17157287525382614, -4.000000000000000000, -8.000000000000000000 ) ) ;
#3038 = ORIENTED_EDGE ( 'NONE', *, *, #2422, .F. ) ;
#3039 = CARTESIAN_POINT ( 'NONE',  ( 28.60000000000000853, 7.250000000000000000, -2.099999999999999645 ) ) ;
#3040 = CIRCLE ( 'NONE', #1710, 0.8999999999999980238 ) ;
#3041 = CARTESIAN_POINT ( 'NONE',  ( 21.12385762508457177, 4.561928812542335621, -40.06192881254229832 ) ) ;
#3042 = ORIENTED_EDGE ( 'NONE', *, *, #507, .F. ) ;
#3043 = AXIS2_PLACEMENT_3D ( 'NONE', #25, #1913, #474 ) ;
#3044 = DIRECTION ( 'NONE',  ( -0.000000000000000000, -0.000000000000000000, 1.000000000000000000 ) ) ;
#3045 = DIRECTION ( 'NONE',  ( -0.000000000000000000, 1.000000000000000000, -0.000000000000000000 ) ) ;
#3046 = VERTEX_POINT ( 'NONE', #646 ) ;
#3047 = DIRECTION ( 'NONE',  ( -0.000000000000000000, 1.000000000000000000, 0.000000000000000000 ) ) ;
#3048 = CARTESIAN_POINT ( 'NONE',  ( 1.000000000000001776, 0.000000000000000000, -29.00000000000000355 ) ) ;
#3049 = CIRCLE ( 'NONE', #788, 3.750000000000000000 ) ;
#3050 = CARTESIAN_POINT ( 'NONE',  ( 26.09999999999999787, 6.125000000000000000, -18.42500000000000071 ) ) ;
#3051 = ORIENTED_EDGE ( 'NONE', *, *, #2225, .T. ) ;
#3052 = ADVANCED_FACE ( 'NONE', ( #409 ), #2964, .F. ) ;
#3053 = EDGE_CURVE ( 'NONE', #16, #1839, #1179, .T. ) ;
#3054 = VECTOR ( 'NONE', #2095, 1000.000000000000000 ) ;
#3055 = LINE ( 'NONE', #471, #2709 ) ;
#3056 = CARTESIAN_POINT ( 'NONE',  ( 28.60000000000000497, 7.250000000000000000, -31.00000000000000355 ) ) ;
#3057 = CARTESIAN_POINT ( 'NONE',  ( 32.60000000000000142, -0.2487505486541987387, -14.21133430612712978 ) ) ;
#3058 = CARTESIAN_POINT ( 'NONE',  ( 32.10000000000000142, 0.2246657060403575989, -13.83043534511887351 ) ) ;
#3059 = ORIENTED_EDGE ( 'NONE', *, *, #1163, .F. ) ;
#3060 = PERSON_AND_ORGANIZATION ( #598, #1692 ) ;
#3061 = CARTESIAN_POINT ( 'NONE',  ( 25.98179583230415801, 5.711281275824961590, -6.000000000000000000 ) ) ;
ENDSEC;
END-ISO-10303-21;
