ISO-10303-21;
HEADER;
FILE_DESCRIPTION (( 'STEP AP203' ),
    '1' );
FILE_NAME ('Part6.STEP',
    '2026-07-30T03:24:37',
    ( '' ),
    ( '' ),
    'SwSTEP 2.0',
    'SolidWorks 2026',
    '' );
FILE_SCHEMA (( 'CONFIG_CONTROL_DESIGN' ));
ENDSEC;

DATA;
#1 = ORIENTED_EDGE ( 'NONE', *, *, #291, .T. ) ;
#2 = DIRECTION ( 'NONE',  ( 0.000000000000000000, 0.000000000000000000, -1.000000000000000000 ) ) ;
#3 = FACE_OUTER_BOUND ( 'NONE', #857, .T. ) ;
#4 = EDGE_CURVE ( 'NONE', #1369, #366, #253, .T. ) ;
#5 = EDGE_LOOP ( 'NONE', ( #894, #695, #584, #46 ) ) ;
#6 = FACE_OUTER_BOUND ( 'NONE', #1521, .T. ) ;
#7 = EDGE_CURVE ( 'NONE', #366, #1369, #434, .T. ) ;
#8 = AXIS2_PLACEMENT_3D ( 'NONE', #1089, #651, #83 ) ;
#9 = LINE ( 'NONE', #746, #419 ) ;
#10 = ADVANCED_FACE ( 'NONE', ( #649 ), #676, .T. ) ;
#11 = ORIENTED_EDGE ( 'NONE', *, *, #1599, .F. ) ;
#12 = DIRECTION ( 'NONE',  ( 0.000000000000000000, 1.000000000000000000, 0.000000000000000000 ) ) ;
#13 = CYLINDRICAL_SURFACE ( 'NONE', #1428, 1.750000000000133449 ) ;
#14 = EDGE_LOOP ( 'NONE', ( #570, #258 ) ) ;
#15 = DIRECTION ( 'NONE',  ( 0.000000000000000000, 1.000000000000000000, 0.000000000000000000 ) ) ;
#16 = AXIS2_PLACEMENT_3D ( 'NONE', #1040, #304, #1323 ) ;
#17 = CARTESIAN_POINT ( 'NONE',  ( -3.699999999999999734, 6.750000000000000000, -1.566352173265568970 ) ) ;
#18 = CARTESIAN_POINT ( 'NONE',  ( 3.516774092129233864, 4.128345090784913296, -1.719887524967167236 ) ) ;
#19 = ORGANIZATION ( 'UNSPECIFIED', 'UNSPECIFIED', '' ) ;
#20 = VECTOR ( 'NONE', #1720, 1000.000000000000000 ) ;
#21 = ORIENTED_EDGE ( 'NONE', *, *, #227, .T. ) ;
#22 = PERSON_AND_ORGANIZATION_ROLE ( 'creator' ) ;
#23 = DIRECTION ( 'NONE',  ( 0.5773502691896250649, -0.5773502691896272854, 0.5773502691896250649 ) ) ;
#24 = CARTESIAN_POINT ( 'NONE',  ( 0.000000000000000000, 8.750000000000000000, 20.00000000000000000 ) ) ;
#25 = ORIENTED_EDGE ( 'NONE', *, *, #1602, .F. ) ;
#26 = CARTESIAN_POINT ( 'NONE',  ( 2.290662031677691335, 5.372542584564661716, -7.963955338989070931 ) ) ;
#27 = CARTESIAN_POINT ( 'NONE',  ( -1.221450419903109817E-14, 8.249999999999877431, 21.75000000000013500 ) ) ;
#28 = CARTESIAN_POINT ( 'NONE',  ( 3.516117467203659697, 4.115344617990261078, -1.729198286369671544 ) ) ;
#29 = ADVANCED_FACE ( 'NONE', ( #505 ), #353, .T. ) ;
#30 = AXIS2_PLACEMENT_3D ( 'NONE', #1478, #1211, #1760 ) ;
#31 = ORIENTED_EDGE ( 'NONE', *, *, #38, .T. ) ;
#32 = DIRECTION ( 'NONE',  ( -0.000000000000000000, -1.000000000000000000, -0.000000000000000000 ) ) ;
#33 = CARTESIAN_POINT ( 'NONE',  ( -1.499999999999999778, 6.750000000000000000, -1.500000000000000444 ) ) ;
#34 = CIRCLE ( 'NONE', #1324, 0.2000000000000000944 ) ;
#35 = CC_DESIGN_PERSON_AND_ORGANIZATION_ASSIGNMENT ( #116, #22, ( #1145 ) ) ;
#36 = VERTEX_POINT ( 'NONE', #777 ) ;
#37 = CARTESIAN_POINT ( 'NONE',  ( -1.899999999999999689, 3.750000000000000000, -7.500000000000000000 ) ) ;
#38 = EDGE_CURVE ( 'NONE', #1591, #321, #526, .T. ) ;
#39 = DIRECTION ( 'NONE',  ( 0.000000000000000000, 0.000000000000000000, -1.000000000000000000 ) ) ;
#40 = CARTESIAN_POINT ( 'NONE',  ( 3.870348462704847670, 4.080014043292552017, -1.843269001355059000 ) ) ;
#41 = TOROIDAL_SURFACE ( 'NONE', #790, 1.500000000000000000, 0.5000000000000000000 ) ;
#42 = CIRCLE ( 'NONE', #1359, 0.5000000000000004441 ) ;
#43 = CARTESIAN_POINT ( 'NONE',  ( -6.999999999999999112, 6.750000000000000000, -1.499999999999999556 ) ) ;
#44 = DIRECTION ( 'NONE',  ( -0.000000000000000000, 1.000000000000000000, -0.000000000000000000 ) ) ;
#45 = DIRECTION ( 'NONE',  ( -0.000000000000000000, -1.000000000000000000, -0.000000000000000000 ) ) ;
#46 = ORIENTED_EDGE ( 'NONE', *, *, #650, .F. ) ;
#47 = CARTESIAN_POINT ( 'NONE',  ( 3.662664367738810878, 6.590511552695642372, -6.953255528712484868 ) ) ;
#48 = CARTESIAN_POINT ( 'NONE',  ( 0.000000000000000000, 8.603553390593274841, 10.10355339059340274 ) ) ;
#49 = AXIS2_PLACEMENT_3D ( 'NONE', #1560, #1184, #441 ) ;
#50 = CARTESIAN_POINT ( 'NONE',  ( 3.805631791904516170, 3.735495782999947778, -1.306995588753308679 ) ) ;
#51 = FACE_OUTER_BOUND ( 'NONE', #559, .T. ) ;
#52 = CARTESIAN_POINT ( 'NONE',  ( 3.009087954743518862E-16, 8.750000000000000000, 5.542893218813325085 ) ) ;
#53 = DIRECTION ( 'NONE',  ( 0.000000000000000000, 0.000000000000000000, 1.000000000000000000 ) ) ;
#54 = ORIENTED_EDGE ( 'NONE', *, *, #433, .F. ) ;
#55 = TOROIDAL_SURFACE ( 'NONE', #298, 4.399999999999999467, 0.5000000000000000000 ) ;
#56 = CARTESIAN_POINT ( 'NONE',  ( -1.937580094545472642, 6.750000000400090627, -6.999999999307030762 ) ) ;
#57 = CARTESIAN_POINT ( 'NONE',  ( 3.517661378266821348, 4.150074719853515504, -1.707165468610343906 ) ) ;
#58 = CYLINDRICAL_SURFACE ( 'NONE', #30, 1.750000000000001554 ) ;
#59 = CARTESIAN_POINT ( 'NONE',  ( -3.743542518410750475, 3.728944804899057441, -1.583793070034463790 ) ) ;
#60 = CONICAL_SURFACE ( 'NONE', #927, 3.500000000000011990, 0.7853981633974465026 ) ;
#61 = DIRECTION ( 'NONE',  ( 0.000000000000000000, 1.000000000000000000, 0.000000000000000000 ) ) ;
#62 = DIRECTION ( 'NONE',  ( -0.000000000000000000, 1.000000000000000000, -0.000000000000000000 ) ) ;
#63 = VERTEX_POINT ( 'NONE', #52 ) ;
#64 = CARTESIAN_POINT ( 'NONE',  ( 2.115389735758619771, 8.750000000000000000, 21.25000000000001066 ) ) ;
#65 = EDGE_CURVE ( 'NONE', #704, #731, #785, .T. ) ;
#66 =( NAMED_UNIT ( * ) PLANE_ANGLE_UNIT ( ) SI_UNIT ( $, .RADIAN. ) );
#67 = CARTESIAN_POINT ( 'NONE',  ( -3.662118919888786461, 3.820519143659143246, -2.314158197809720985 ) ) ;
#68 = DIRECTION ( 'NONE',  ( -0.000000000000000000, 1.000000000000000000, -0.000000000000000000 ) ) ;
#69 = DIRECTION ( 'NONE',  ( -0.000000000000000000, -1.000000000000000000, -0.000000000000000000 ) ) ;
#70 = CIRCLE ( 'NONE', #733, 0.2000000000000000944 ) ;
#71 = DIRECTION ( 'NONE',  ( 1.146924612216070931E-16, -0.000000000000000000, 1.000000000000000000 ) ) ;
#72 = CARTESIAN_POINT ( 'NONE',  ( 0.000000000000000000, 8.750000000000000000, 8.000000000000000000 ) ) ;
#73 = CARTESIAN_POINT ( 'NONE',  ( 0.000000000000000000, 8.250000000000007105, 8.000000000000000000 ) ) ;
#74 = ORIENTED_EDGE ( 'NONE', *, *, #338, .T. ) ;
#75 = LINE ( 'NONE', #1104, #1254 ) ;
#76 = DIRECTION ( 'NONE',  ( 0.7071067811865465735, 0.7071067811865483499, -7.666467083416902738E-17 ) ) ;
#77 = CARTESIAN_POINT ( 'NONE',  ( -3.750942678471100411, 3.889445745338554694, -2.126955049868169301 ) ) ;
#78 =( BOUNDED_CURVE ( )  B_SPLINE_CURVE ( 3, ( #595, #1032, #871, #182 ),
 .UNSPECIFIED., .F., .F. ) 
 B_SPLINE_CURVE_WITH_KNOTS ( ( 4, 4 ),
 ( 5.497787143782136177, 6.283185307179586232 ),
 .UNSPECIFIED. ) 
 CURVE ( )  GEOMETRIC_REPRESENTATION_ITEM ( )  RATIONAL_B_SPLINE_CURVE ( ( 1.000000000000000000, 0.9492530216741910110, 0.9492530216741910110, 1.000000000000000000 ) ) 
 REPRESENTATION_ITEM ( '' )  );
#79 = DIRECTION ( 'NONE',  ( -0.000000000000000000, -1.000000000000000000, -0.000000000000000000 ) ) ;
#80 = CARTESIAN_POINT ( 'NONE',  ( -3.646955377059007741, 3.773359639617066552, -1.989169486915751017 ) ) ;
#81 = AXIS2_PLACEMENT_3D ( 'NONE', #168, #15, #1314 ) ;
#82 = CARTESIAN_POINT ( 'NONE',  ( -4.171572875253816370, 8.750000000000000000, 21.25000000000001066 ) ) ;
#83 = DIRECTION ( 'NONE',  ( 0.000000000000000000, 0.000000000000000000, 1.000000000000000000 ) ) ;
#84 = ORIENTED_EDGE ( 'NONE', *, *, #1448, .T. ) ;
#85 = ADVANCED_FACE ( 'NONE', ( #1356 ), #1077, .T. ) ;
#86 = VERTEX_POINT ( 'NONE', #375 ) ;
#87 = CIRCLE ( 'NONE', #804, 1.750000000000133449 ) ;
#88 = CARTESIAN_POINT ( 'NONE',  ( 1.899999999999999689, 5.007825843511429120, -8.000000000000000000 ) ) ;
#89 = AXIS2_PLACEMENT_3D ( 'NONE', #883, #448, #2 ) ;
#90 = DIRECTION ( 'NONE',  ( 1.146924612216070931E-16, 0.000000000000000000, 1.000000000000000000 ) ) ;
#91 = CARTESIAN_POINT ( 'NONE',  ( 3.399999999999999911, 3.750000000000000444, -2.792848008753787248 ) ) ;
#92 = FACE_BOUND ( 'NONE', #673, .T. ) ;
#93 = CARTESIAN_POINT ( 'NONE',  ( -3.538414869324793433, 3.762772758601145462, -2.381748831582313208 ) ) ;
#94 = EDGE_CURVE ( 'NONE', #363, #510, #1222, .T. ) ;
#95 = CARTESIAN_POINT ( 'NONE',  ( 0.000000000000000000, 8.750000000000000000, 0.000000000000000000 ) ) ;
#96 = EDGE_CURVE ( 'NONE', #86, #1718, #944, .T. ) ;
#97 = DIRECTION ( 'NONE',  ( -1.000000000000000000, -0.000000000000000000, -0.000000000000000000 ) ) ;
#98 = CARTESIAN_POINT ( 'NONE',  ( -3.106913037190823790, 6.243549546208301493, -8.000000000000001776 ) ) ;
#99 = CARTESIAN_POINT ( 'NONE',  ( 3.486224889037137675, 3.878096250811658763, -2.090171917773528953 ) ) ;
#100 = CARTESIAN_POINT ( 'NONE',  ( -3.510042466019839491, 4.031108714819959360, -1.811938289771173327 ) ) ;
#101 = FACE_OUTER_BOUND ( 'NONE', #1167, .T. ) ;
#102 = B_SPLINE_CURVE_WITH_KNOTS ( 'NONE', 3,
 ( #1562, #855, #840, #689, #144, #850, #118, #724, #1820, #1705, #709, #1291 ),
 .UNSPECIFIED., .F., .F.,
 ( 4, 2, 2, 2, 2, 4 ),
 ( 0.000000000000000000, 0.0001661440714083275885, 0.0003322881428166551770, 0.0006645762856333103539, 0.0009968644284499654767, 0.001329152571266620708 ),
 .UNSPECIFIED. ) ;
#103 = CARTESIAN_POINT ( 'NONE',  ( 2.213525445116589996, 4.991391770508849746, -8.000000000000000000 ) ) ;
#104 = AXIS2_PLACEMENT_3D ( 'NONE', #234, #921, #53 ) ;
#105 = ORIENTED_EDGE ( 'NONE', *, *, #1171, .F. ) ;
#106 = VERTEX_POINT ( 'NONE', #43 ) ;
#107 = PERSON_AND_ORGANIZATION_ROLE ( 'creator' ) ;
#108 = CARTESIAN_POINT ( 'NONE',  ( -1.499999999999999556, 8.750000000000000000, -4.171572875253819923 ) ) ;
#109 = CARTESIAN_POINT ( 'NONE',  ( 2.143131898507867311E-16, 8.249999999999992895, 18.25000000000000000 ) ) ;
#110 = DIRECTION ( 'NONE',  ( -1.000000000000000000, 0.000000000000000000, 0.000000000000000000 ) ) ;
#111 = AXIS2_PLACEMENT_3D ( 'NONE', #1159, #1711, #1610 ) ;
#112 = CARTESIAN_POINT ( 'NONE',  ( 1.499999999999986899, 6.172649730810375601, -8.000000000000000000 ) ) ;
#113 = ORIENTED_EDGE ( 'NONE', *, *, #914, .T. ) ;
#114 = EDGE_LOOP ( 'NONE', ( #1014, #1482 ) ) ;
#115 = APPROVAL_PERSON_ORGANIZATION ( #281, #1366, #600 ) ;
#116 = PERSON_AND_ORGANIZATION ( #641, #19 ) ;
#117 = CARTESIAN_POINT ( 'NONE',  ( 0.6927878049865204835, 8.316043075943428065, 21.68395692405657726 ) ) ;
#118 = CARTESIAN_POINT ( 'NONE',  ( 3.489735076436368377, 3.889060720660562520, -2.056131650498119079 ) ) ;
#119 = EDGE_CURVE ( 'NONE', #1688, #560, #1021, .T. ) ;
#120 = DIRECTION ( 'NONE',  ( -1.000000000000000000, 0.000000000000000000, 1.084202172485504434E-16 ) ) ;
#121 = EDGE_CURVE ( 'NONE', #861, #1057, #201, .T. ) ;
#122 = CARTESIAN_POINT ( 'NONE',  ( 2.922778141331316082, 4.911700582864553688, -8.000000000000000000 ) ) ;
#123 = ORIENTED_EDGE ( 'NONE', *, *, #680, .F. ) ;
#124 = ORIENTED_EDGE ( 'NONE', *, *, #1665, .T. ) ;
#125 = ORIENTED_EDGE ( 'NONE', *, *, #146, .T. ) ;
#126 = PERSON_AND_ORGANIZATION ( #641, #19 ) ;
#127 = DIRECTION ( 'NONE',  ( 0.000000000000000000, 1.000000000000000000, 0.000000000000000000 ) ) ;
#128 = DIRECTION ( 'NONE',  ( 0.000000000000000000, 0.000000000000000000, -1.000000000000000000 ) ) ;
#129 = EDGE_CURVE ( 'NONE', #142, #1213, #302, .T. ) ;
#130 = CARTESIAN_POINT ( 'NONE',  ( 3.899999999999999911, 3.750000000000000000, -6.000000000000000000 ) ) ;
#131 = ORIENTED_EDGE ( 'NONE', *, *, #4, .T. ) ;
#132 = ORIENTED_EDGE ( 'NONE', *, *, #1526, .F. ) ;
#133 = VECTOR ( 'NONE', #1486, 1000.000000000000000 ) ;
#134 = VERTEX_POINT ( 'NONE', #403 ) ;
#135 = CIRCLE ( 'NONE', #1502, 1.750000000000133449 ) ;
#136 = COORDINATED_UNIVERSAL_TIME_OFFSET ( 8, 0, .BEHIND. ) ;
#137 = CARTESIAN_POINT ( 'NONE',  ( 0.000000000000000000, 3.750000000000000000, 0.000000000000000000 ) ) ;
#138 = CARTESIAN_POINT ( 'NONE',  ( -1.499999999999999778, 8.750000000000000000, -1.500000000000000444 ) ) ;
#139 = ORIENTED_EDGE ( 'NONE', *, *, #1133, .T. ) ;
#140 = AXIS2_PLACEMENT_3D ( 'NONE', #878, #1731, #1740 ) ;
#141 = EDGE_CURVE ( 'NONE', #435, #1309, #1669, .T. ) ;
#142 = VERTEX_POINT ( 'NONE', #1821 ) ;
#143 = CARTESIAN_POINT ( 'NONE',  ( 3.700000000000000178, 4.250000000000000000, -1.766352173265569370 ) ) ;
#144 = CARTESIAN_POINT ( 'NONE',  ( 3.509488913669825294, 4.023117344896261827, -1.819854606957204135 ) ) ;
#145 = CIRCLE ( 'NONE', #1838, 2.000000000000000000 ) ;
#146 = EDGE_CURVE ( 'NONE', #576, #408, #546, .T. ) ;
#147 = TOROIDAL_SURFACE ( 'NONE', #89, 1.500000000000000000, 0.5000000000000000000 ) ;
#148 = ADVANCED_FACE ( 'NONE', ( #824 ), #1346, .F. ) ;
#149 = ORIENTED_EDGE ( 'NONE', *, *, #959, .F. ) ;
#150 = DIRECTION ( 'NONE',  ( 0.000000000000000000, -1.000000000000000000, 0.000000000000000000 ) ) ;
#151 = ORIENTED_EDGE ( 'NONE', *, *, #1147, .F. ) ;
#152 = DIRECTION ( 'NONE',  ( 0.000000000000000000, 0.000000000000000000, 1.000000000000000000 ) ) ;
#153 = LINE ( 'NONE', #1593, #1165 ) ;
#154 = VERTEX_POINT ( 'NONE', #987 ) ;
#155 = CARTESIAN_POINT ( 'NONE',  ( 0.000000000000000000, 7.550000000000000711, 20.00000000000000000 ) ) ;
#156 = CARTESIAN_POINT ( 'NONE',  ( 3.617683392028141043, 3.786043418423889140, -2.407806689942729061 ) ) ;
#157 = ORIENTED_EDGE ( 'NONE', *, *, #1033, .F. ) ;
#158 = CARTESIAN_POINT ( 'NONE',  ( 1.500000000000000444, 8.164213562373092259, -5.585786437626917511 ) ) ;
#159 = VECTOR ( 'NONE', #995, 1000.000000000000000 ) ;
#160 = CARTESIAN_POINT ( 'NONE',  ( 3.899999999999999911, 3.750000000000000000, -8.000000000000000000 ) ) ;
#161 = CARTESIAN_POINT ( 'NONE',  ( 3.514714063940294064, 4.091108353180884727, -1.748820197925056164 ) ) ;
#162 = ORIENTED_EDGE ( 'NONE', *, *, #174, .F. ) ;
#163 = PERSON_AND_ORGANIZATION_ROLE ( 'classification_officer' ) ;
#164 = CARTESIAN_POINT ( 'NONE',  ( -2.083333333333303283, 15.83333333333334814, 14.16666666666668917 ) ) ;
#165 = CARTESIAN_POINT ( 'NONE',  ( 1.347111479062088257E-16, 6.750000000000000000, 21.10000000000000142 ) ) ;
#166 = EDGE_LOOP ( 'NONE', ( #378, #725, #1158, #1842 ) ) ;
#167 = ADVANCED_FACE ( 'NONE', ( #555 ), #968, .T. ) ;
#168 = CARTESIAN_POINT ( 'NONE',  ( 0.000000000000000000, 8.603553390593274841, 8.000000000000000000 ) ) ;
#169 = AXIS2_PLACEMENT_3D ( 'NONE', #1779, #367, #799 ) ;
#170 = CARTESIAN_POINT ( 'NONE',  ( 5.585786437626919287, 8.164213562373092259, -6.406475943897042749E-16 ) ) ;
#171 = CARTESIAN_POINT ( 'NONE',  ( 3.881693496543247690, 4.115344618682955868, -1.814232754338893416 ) ) ;
#172 = CIRCLE ( 'NONE', #1236, 3.899999999999999911 ) ;
#173 = EDGE_CURVE ( 'NONE', #1617, #1196, #1537, .T. ) ;
#174 = EDGE_CURVE ( 'NONE', #194, #1676, #373, .T. ) ;
#175 = CIRCLE ( 'NONE', #1201, 2.457106781186674915 ) ;
#176 = ORIENTED_EDGE ( 'NONE', *, *, #1528, .F. ) ;
#177 = DIRECTION ( 'NONE',  ( 1.000000000000000000, 0.000000000000000000, -1.084202172485504434E-16 ) ) ;
#178 = DIRECTION ( 'NONE',  ( 1.000000000000000000, 0.000000000000000000, 0.000000000000000000 ) ) ;
#179 = AXIS2_PLACEMENT_3D ( 'NONE', #1060, #1370, #490 ) ;
#180 = ORIENTED_EDGE ( 'NONE', *, *, #424, .T. ) ;
#181 = CARTESIAN_POINT ( 'NONE',  ( 0.000000000000000000, 7.550000000000000711, 8.000000000000000000 ) ) ;
#182 = CARTESIAN_POINT ( 'NONE',  ( 4.171572875253825252, 8.750000000000000000, 21.25000000000001066 ) ) ;
#183 = CARTESIAN_POINT ( 'NONE',  ( -4.171572875253818147, 8.750000000000000000, -1.500000000000000000 ) ) ;
#184 = ORIENTED_EDGE ( 'NONE', *, *, #1528, .T. ) ;
#185 = CARTESIAN_POINT ( 'NONE',  ( 0.000000000000000000, 8.750000000000000000, 20.00000000000000000 ) ) ;
#186 = CARTESIAN_POINT ( 'NONE',  ( 3.513589408753952537, 3.750000000000000888, -2.602358911467338221 ) ) ;
#187 = AXIS2_PLACEMENT_3D ( 'NONE', #1149, #288, #572 ) ;
#188 = EDGE_LOOP ( 'NONE', ( #1825, #740, #84, #139 ) ) ;
#189 = CARTESIAN_POINT ( 'NONE',  ( 1.899999999999999689, 5.007825843511429120, -8.000000000000000000 ) ) ;
#190 = CLOSED_SHELL ( 'NONE', ( #1207, #1804, #1001, #1824, #1394, #750, #148, #765, #1006, #231, #273, #1683, #1176, #203, #196, #1035, #167, #343, #85, #29, #943, #1285, #1368, #1208, #714, #404, #778, #289, #1476, #1231, #1774, #1416, #1055, #622, #1438, #1713, #1338, #652, #723, #1594, #565, #683, #1446, #587, #1800, #200, #235, #1819, #1042, #1468, #1267, #10, #427 ) ) ;
#191 = FACE_BOUND ( 'NONE', #14, .T. ) ;
#192 = CARTESIAN_POINT ( 'NONE',  ( 3.899999999999999911, 4.250000000000000000, -1.766352173265566261 ) ) ;
#193 = ORIENTED_EDGE ( 'NONE', *, *, #821, .T. ) ;
#194 = VERTEX_POINT ( 'NONE', #276 ) ;
#195 = CARTESIAN_POINT ( 'NONE',  ( 1.899999999999999689, 3.750000000000000000, -6.000000000000000000 ) ) ;
#196 = ADVANCED_FACE ( 'NONE', ( #1811 ), #547, .T. ) ;
#197 = PLANE ( 'NONE',  #692 ) ;
#198 = CARTESIAN_POINT ( 'NONE',  ( 3.518684938978799526, 4.182463180240551637, -1.692330912445743740 ) ) ;
#199 = CYLINDRICAL_SURFACE ( 'NONE', #613, 1.100000000000000311 ) ;
#200 = ADVANCED_FACE ( 'NONE', ( #1655 ), #41, .T. ) ;
#201 = LINE ( 'NONE', #1130, #965 ) ;
#202 = DIRECTION ( 'NONE',  ( -0.000000000000000000, 0.000000000000000000, 1.000000000000000000 ) ) ;
#203 = ADVANCED_FACE ( 'NONE', ( #1383, #101 ), #957, .T. ) ;
#204 = ORIENTED_EDGE ( 'NONE', *, *, #94, .T. ) ;
#205 = LINE ( 'NONE', #1226, #623 ) ;
#206 = CARTESIAN_POINT ( 'NONE',  ( -6.999999999999999112, 6.750000000000007105, -1.499999999999999556 ) ) ;
#207 = CARTESIAN_POINT ( 'NONE',  ( -3.517741118572279557, 4.142209527144969705, -1.706590414723271110 ) ) ;
#208 = CARTESIAN_POINT ( 'NONE',  ( 3.699999999999999734, 6.750000000000000000, -1.766352173265569148 ) ) ;
#209 = ADVANCED_BREP_SHAPE_REPRESENTATION ( 'Part6', ( #737, #660 ), #1138 ) ;
#210 = CARTESIAN_POINT ( 'NONE',  ( 1.500000000000000444, 6.750000000000000000, -1.500000000000000444 ) ) ;
#211 = AXIS2_PLACEMENT_3D ( 'NONE', #251, #916, #667 ) ;
#212 = CARTESIAN_POINT ( 'NONE',  ( -5.585786437626911294, 8.164213562373095812, 21.83578643762691840 ) ) ;
#213 = DIRECTION ( 'NONE',  ( 0.000000000000000000, 0.000000000000000000, -1.000000000000000000 ) ) ;
#214 = ORIENTED_EDGE ( 'NONE', *, *, #1308, .T. ) ;
#215 = DIRECTION ( 'NONE',  ( 1.146924612216070931E-16, -0.000000000000000000, 1.000000000000000000 ) ) ;
#216 = CARTESIAN_POINT ( 'NONE',  ( 0.000000000000000000, 7.550000000000000711, 20.00000000000000000 ) ) ;
#217 = CARTESIAN_POINT ( 'NONE',  ( -3.431058896868259378, 3.759213962511107621, -2.577140011546878995 ) ) ;
#218 = CARTESIAN_POINT ( 'NONE',  ( 1.741080552438455831, 8.675282977518362415, 21.32471702248165002 ) ) ;
#219 = CARTESIAN_POINT ( 'NONE',  ( -3.783392763931883618, 3.719343642811218320, -1.406581193484929493 ) ) ;
#220 = AXIS2_PLACEMENT_3D ( 'NONE', #254, #110, #1258 ) ;
#221 = CONICAL_SURFACE ( 'NONE', #1299, 1.750000000000133449, 0.7853981633974513876 ) ;
#222 = ORIENTED_EDGE ( 'NONE', *, *, #260, .F. ) ;
#223 = CARTESIAN_POINT ( 'NONE',  ( -1.499999999999999778, 6.750000000000000888, -1.500000000000000444 ) ) ;
#224 = ORIENTED_EDGE ( 'NONE', *, *, #317, .F. ) ;
#225 = CARTESIAN_POINT ( 'NONE',  ( 0.000000000000000000, 8.750000000000000000, 8.000000000000000000 ) ) ;
#226 = PRODUCT_DEFINITION_SHAPE ( 'NONE', 'NONE',  #1145 ) ;
#227 = EDGE_CURVE ( 'NONE', #1695, #1688, #561, .T. ) ;
#228 = CARTESIAN_POINT ( 'NONE',  ( -3.853943062680139864, 6.750000000000000000, -6.470810000156927089 ) ) ;
#229 = CARTESIAN_POINT ( 'NONE',  ( -3.862896100254100240, 4.055793836243256401, -1.862389057788848223 ) ) ;
#230 = DIRECTION ( 'NONE',  ( 0.000000000000000000, 0.000000000000000000, 1.000000000000000000 ) ) ;
#231 = ADVANCED_FACE ( 'NONE', ( #1111 ), #199, .F. ) ;
#232 = CARTESIAN_POINT ( 'NONE',  ( 0.000000000000000000, 8.250000000000000000, 20.00000000000000000 ) ) ;
#233 = DIRECTION ( 'NONE',  ( -0.7071067811865485719, 0.7071067811865464625, 8.109981708077363730E-17 ) ) ;
#234 = CARTESIAN_POINT ( 'NONE',  ( 0.000000000000000000, 8.250000000000007105, 8.000000000000000000 ) ) ;
#235 = ADVANCED_FACE ( 'NONE', ( #1769 ), #1613, .T. ) ;
#236 = ORIENTED_EDGE ( 'NONE', *, *, #1421, .T. ) ;
#237 = B_SPLINE_CURVE_WITH_KNOTS ( 'NONE', 3,
 ( #306, #472, #1305, #1603 ),
 .UNSPECIFIED., .F., .F.,
 ( 4, 4 ),
 ( 0.000000000000000000, 0.0004001280822353612361 ),
 .UNSPECIFIED. ) ;
#238 = VECTOR ( 'NONE', #76, 1000.000000000000114 ) ;
#239 = DIRECTION ( 'NONE',  ( 0.000000000000000000, 1.000000000000000000, 0.000000000000000000 ) ) ;
#240 = AXIS2_PLACEMENT_3D ( 'NONE', #33, #45, #310 ) ;
#241 = APPLICATION_PROTOCOL_DEFINITION ( 'international standard', 'config_control_design', 1994, #659 ) ;
#242 = CARTESIAN_POINT ( 'NONE',  ( 3.775855638340587905, 3.919002430666637338, -2.069780782923749562 ) ) ;
#243 = DIRECTION ( 'NONE',  ( 0.000000000000000000, 0.000000000000000000, -1.000000000000000000 ) ) ;
#244 = CARTESIAN_POINT ( 'NONE',  ( -3.603790156032003811, 3.771617481094065472, -2.150877622956100410 ) ) ;
#245 = DIRECTION ( 'NONE',  ( 0.000000000000000000, 0.000000000000000000, 1.000000000000000000 ) ) ;
#246 = CARTESIAN_POINT ( 'NONE',  ( -3.899999999999999911, 4.250000000000000000, -0.8831760866327811321 ) ) ;
#247 = ORIENTED_EDGE ( 'NONE', *, *, #1008, .T. ) ;
#248 = ORIENTED_EDGE ( 'NONE', *, *, #1470, .T. ) ;
#249 = ORIENTED_EDGE ( 'NONE', *, *, #1716, .F. ) ;
#250 = APPROVAL_ROLE ( '' ) ;
#251 = CARTESIAN_POINT ( 'NONE',  ( 1.899999999999999689, 4.250000000000000000, -7.500000000000000000 ) ) ;
#252 = CARTESIAN_POINT ( 'NONE',  ( -3.513973014560203723, 4.080014042922090134, -1.759047403292092415 ) ) ;
#253 = CIRCLE ( 'NONE', #1298, 1.100000000000000311 ) ;
#254 = CARTESIAN_POINT ( 'NONE',  ( 0.000000000000000000, 8.250000000000000000, 10.45710678118667580 ) ) ;
#255 = CARTESIAN_POINT ( 'NONE',  ( 1.857883529894813313, 5.017949191945172416, -8.000000000000000000 ) ) ;
#256 = VECTOR ( 'NONE', #1625, 1000.000000000000000 ) ;
#257 = ORIENTED_EDGE ( 'NONE', *, *, #1554, .F. ) ;
#258 = ORIENTED_EDGE ( 'NONE', *, *, #1099, .F. ) ;
#259 = CARTESIAN_POINT ( 'NONE',  ( 7.000000000000000888, 6.750000000000000000, -1.500000000000001332 ) ) ;
#260 = EDGE_CURVE ( 'NONE', #1718, #329, #1653, .T. ) ;
#261 = B_SPLINE_CURVE_WITH_KNOTS ( 'NONE', 3,
 ( #829, #401, #1398, #117, #1273, #1263, #411, #1544 ),
 .UNSPECIFIED., .F., .F.,
 ( 4, 2, 2, 4 ),
 ( 0.0003594772421511843318, 0.001189899047451250949, 0.001605109950101282767, 0.002020320852751314802 ),
 .UNSPECIFIED. ) ;
#262 = DIRECTION ( 'NONE',  ( 1.000000000000000000, -0.000000000000000000, 0.000000000000000000 ) ) ;
#263 = CARTESIAN_POINT ( 'NONE',  ( 3.519512195121950793, 3.750000000000000000, -1.680188652618468392 ) ) ;
#264 = AXIS2_PLACEMENT_3D ( 'NONE', #870, #1304, #330 ) ;
#265 = CARTESIAN_POINT ( 'NONE',  ( -3.898491777048612938, 4.209962817219057740, -1.770344340388715354 ) ) ;
#266 = EDGE_LOOP ( 'NONE', ( #1647, #345, #835, #1454 ) ) ;
#267 = EDGE_LOOP ( 'NONE', ( #1658, #1840, #280, #1054 ) ) ;
#268 = EDGE_CURVE ( 'NONE', #1531, #1695, #939, .T. ) ;
#269 = VERTEX_POINT ( 'NONE', #647 ) ;
#270 = LOCAL_TIME ( 20, 24, 37.00000000000000000, #136 ) ;
#271 = DATE_AND_TIME ( #1817, #504 ) ;
#272 = FACE_OUTER_BOUND ( 'NONE', #672, .T. ) ;
#273 = ADVANCED_FACE ( 'NONE', ( #928, #92, #638 ), #668, .F. ) ;
#274 = CIRCLE ( 'NONE', #1375, 1.100000000000000311 ) ;
#275 = CARTESIAN_POINT ( 'NONE',  ( -3.810833810241781361, 6.721821871523286696, -6.605287138130607971 ) ) ;
#276 = CARTESIAN_POINT ( 'NONE',  ( 0.000000000000000000, 8.750000000000000000, 10.45710678118667580 ) ) ;
#277 = CARTESIAN_POINT ( 'NONE',  ( -3.891478993186550994, 4.157715483548255264, -1.788789925654660218 ) ) ;
#278 =( BOUNDED_SURFACE ( )  B_SPLINE_SURFACE ( 3, 2, ( 
 ( #228, #1094, #1108 ),
 ( #789, #498, #1380 ),
 ( #1504, #98, #1071 ),
 ( #773, #951, #674 ),
 ( #56, #1484, #906 ),
 ( #1494, #1341, #532 ) ),
 .UNSPECIFIED., .F., .F., .F. ) 
 B_SPLINE_SURFACE_WITH_KNOTS ( ( 4, 2, 4 ),
 ( 3, 3 ),
 ( 0.001882195314884212807, 0.002945338294606357141, 0.004008481274328501258 ),
 ( 0.000000000000000000, 1.000000000000000000 ),
 .UNSPECIFIED. ) 
 GEOMETRIC_REPRESENTATION_ITEM ( )  RATIONAL_B_SPLINE_SURFACE ( (
 ( 1.000000000000000000, 0.7859405194028562525, 1.000000000000000000),
 ( 1.000000000000000000, 0.8100387339173311663, 1.000000000000000000),
 ( 1.000000000000000000, 0.8302715632228711007, 1.000000000000000000),
 ( 1.000000000000000000, 0.8583295296895095960, 1.000000000000000000),
 ( 1.000000000000000000, 0.8660869696619429847, 1.000000000000000000),
 ( 1.000000000000000000, 0.8660254037844393737, 1.000000000000000000) ) ) 
 REPRESENTATION_ITEM ( '' )  SURFACE ( )  );
#279 = EDGE_LOOP ( 'NONE', ( #1048, #970, #1814, #25 ) ) ;
#280 = ORIENTED_EDGE ( 'NONE', *, *, #4, .F. ) ;
#281 = PERSON_AND_ORGANIZATION ( #641, #19 ) ;
#282 = CARTESIAN_POINT ( 'NONE',  ( -1.499999999999999556, 5.017949192431025551, -6.000000000000000000 ) ) ;
#283 = CARTESIAN_POINT ( 'NONE',  ( 1.899999999999999689, 4.250000000000000000, -8.000000000000000000 ) ) ;
#284 = AXIS2_PLACEMENT_3D ( 'NONE', #1136, #728, #152 ) ;
#285 = CC_DESIGN_DATE_AND_TIME_ASSIGNMENT ( #1262, #562, ( #1778 ) ) ;
#286 = ORIENTED_EDGE ( 'NONE', *, *, #983, .T. ) ;
#287 = AXIS2_PLACEMENT_3D ( 'NONE', #1199, #729, #1160 ) ;
#288 = DIRECTION ( 'NONE',  ( 0.000000000000000000, -1.000000000000000000, 0.000000000000000000 ) ) ;
#289 = ADVANCED_FACE ( 'NONE', ( #51 ), #842, .F. ) ;
#290 = CARTESIAN_POINT ( 'NONE',  ( -3.767804246508487775, 6.683579952682391578, -6.725940204359594610 ) ) ;
#291 = EDGE_CURVE ( 'NONE', #861, #771, #1233, .T. ) ;
#292 = ORIENTED_EDGE ( 'NONE', *, *, #544, .T. ) ;
#293 = CIRCLE ( 'NONE', #1742, 1.499999999999999556 ) ;
#294 = DIRECTION ( 'NONE',  ( 0.000000000000000000, 0.000000000000000000, 1.000000000000000000 ) ) ;
#295 = ORIENTED_EDGE ( 'NONE', *, *, #341, .T. ) ;
#296 = DIRECTION ( 'NONE',  ( 0.000000000000000000, -0.000000000000000000, -1.000000000000000000 ) ) ;
#297 = CARTESIAN_POINT ( 'NONE',  ( -3.662663551373038562, 6.590510831102232459, -6.953257094514261993 ) ) ;
#298 = AXIS2_PLACEMENT_3D ( 'NONE', #1462, #1157, #1013 ) ;
#299 = EDGE_LOOP ( 'NONE', ( #1491, #1103, #11, #713 ) ) ;
#300 = FACE_OUTER_BOUND ( 'NONE', #624, .T. ) ;
#301 = CARTESIAN_POINT ( 'NONE',  ( 0.000000000000000000, 3.750000000000000000, -4.399999999999999467 ) ) ;
#302 = CIRCLE ( 'NONE', #395, 4.399999999999999467 ) ;
#303 = ORIENTED_EDGE ( 'NONE', *, *, #1150, .T. ) ;
#304 = DIRECTION ( 'NONE',  ( -0.000000000000000000, 1.000000000000000000, -0.000000000000000000 ) ) ;
#305 = CIRCLE ( 'NONE', #1068, 2.103553390593281058 ) ;
#306 = CARTESIAN_POINT ( 'NONE',  ( -1.899999999999999689, 5.007825843511430008, -8.000000000000000000 ) ) ;
#307 = CARTESIAN_POINT ( 'NONE',  ( 3.885201034988877478, 4.128345090032837561, -1.805155381825834349 ) ) ;
#308 = ORIENTED_EDGE ( 'NONE', *, *, #893, .T. ) ;
#309 = DIRECTION ( 'NONE',  ( 0.000000000000000000, 0.000000000000000000, 1.000000000000000000 ) ) ;
#310 = DIRECTION ( 'NONE',  ( 9.067872715333310170E-16, 0.000000000000000000, 1.000000000000000000 ) ) ;
#311 = ORIENTED_EDGE ( 'NONE', *, *, #866, .F. ) ;
#312 = CARTESIAN_POINT ( 'NONE',  ( 2.679343521687297169, 5.724319144326772246, -7.853064051696311942 ) ) ;
#313 = AXIS2_PLACEMENT_3D ( 'NONE', #1844, #545, #1007 ) ;
#314 = CARTESIAN_POINT ( 'NONE',  ( -5.585786437626916623, 8.164213562373094035, 6.406475943897038805E-16 ) ) ;
#315 = EDGE_CURVE ( 'NONE', #1203, #1585, #454, .T. ) ;
#316 = CARTESIAN_POINT ( 'NONE',  ( -1.899999999999999689, 4.250000000000000000, -8.000000000000000000 ) ) ;
#317 = EDGE_CURVE ( 'NONE', #1739, #1247, #1373, .T. ) ;
#318 = VERTEX_POINT ( 'NONE', #371 ) ;
#319 = DIRECTION ( 'NONE',  ( 0.000000000000000000, 0.000000000000000000, -1.000000000000000000 ) ) ;
#320 = CARTESIAN_POINT ( 'NONE',  ( 0.000000000000000000, 8.250000000000007105, 9.750000000000133227 ) ) ;
#321 = VERTEX_POINT ( 'NONE', #1642 ) ;
#322 = FACE_BOUND ( 'NONE', #1510, .T. ) ;
#323 = CARTESIAN_POINT ( 'NONE',  ( 0.000000000000000000, 8.750000000000000000, 8.000000000000000000 ) ) ;
#324 = CARTESIAN_POINT ( 'NONE',  ( 3.832444485430572367, 3.998332110844279530, -1.937208085680043990 ) ) ;
#325 = CIRCLE ( 'NONE', #474, 3.899999999999999911 ) ;
#326 = VERTEX_POINT ( 'NONE', #1062 ) ;
#327 = DIRECTION ( 'NONE',  ( 0.000000000000000000, 0.000000000000000000, 1.000000000000000000 ) ) ;
#328 = DIRECTION ( 'NONE',  ( 0.000000000000000000, 1.000000000000000000, 0.000000000000000000 ) ) ;
#329 = VERTEX_POINT ( 'NONE', #941 ) ;
#330 = DIRECTION ( 'NONE',  ( 0.000000000000000000, -0.000000000000000000, 1.000000000000000000 ) ) ;
#331 = CARTESIAN_POINT ( 'NONE',  ( 3.899999999999999911, 3.750000000000000000, -1.766352173265569148 ) ) ;
#332 = CARTESIAN_POINT ( 'NONE',  ( 3.894650434222468594, 4.073492242911164851, -0.9072275941888078288 ) ) ;
#333 = CARTESIAN_POINT ( 'NONE',  ( -4.709095079383197380, 8.750000000000000000, 21.25000000000001066 ) ) ;
#334 = CARTESIAN_POINT ( 'NONE',  ( 3.862892378131059790, 4.055784575454053353, -1.862398466769459970 ) ) ;
#335 = ORIENTED_EDGE ( 'NONE', *, *, #38, .F. ) ;
#336 = CYLINDRICAL_SURFACE ( 'NONE', #16, 1.750000000000001554 ) ;
#337 = FACE_OUTER_BOUND ( 'NONE', #166, .T. ) ;
#338 = EDGE_CURVE ( 'NONE', #1213, #1280, #1637, .T. ) ;
#339 = CIRCLE ( 'NONE', #1440, 1.100000000000000311 ) ;
#340 = CARTESIAN_POINT ( 'NONE',  ( 0.000000000000000000, 6.750000000000000000, 0.000000000000000000 ) ) ;
#341 = EDGE_CURVE ( 'NONE', #435, #715, #657, .T. ) ;
#342 = CARTESIAN_POINT ( 'NONE',  ( -2.016132557854854124, 8.750000000000000000, 21.25000000000001066 ) ) ;
#343 = ADVANCED_FACE ( 'NONE', ( #802 ), #60, .T. ) ;
#344 = CARTESIAN_POINT ( 'NONE',  ( 0.000000000000000000, 4.250000000000000000, -3.899999999999999911 ) ) ;
#345 = ORIENTED_EDGE ( 'NONE', *, *, #1665, .F. ) ;
#346 = DIRECTION ( 'NONE',  ( 1.000000000000000000, -0.000000000000000000, -0.000000000000000000 ) ) ;
#347 = CARTESIAN_POINT ( 'NONE',  ( -3.699999999999999734, 3.750000000000000000, -1.766352173265569148 ) ) ;
#348 = CIRCLE ( 'NONE', #499, 1.499999999999999556 ) ;
#349 = CARTESIAN_POINT ( 'NONE',  ( -3.498645004744059595, 3.932682732037606765, -1.955633201696687973 ) ) ;
#350 = CARTESIAN_POINT ( 'NONE',  ( 0.000000000000000000, 8.249999999999992895, 20.00000000000000000 ) ) ;
#351 = CARTESIAN_POINT ( 'NONE',  ( -3.823388432931941860, 3.983505985248309234, -1.958971626802760158 ) ) ;
#352 = AXIS2_PLACEMENT_3D ( 'NONE', #160, #1190, #1741 ) ;
#353 = PLANE ( 'NONE',  #580 ) ;
#354 = PLANE ( 'NONE',  #583 ) ;
#355 = TOROIDAL_SURFACE ( 'NONE', #807, 2.457106781186675359, 0.5000000000000000000 ) ;
#356 = ORIENTED_EDGE ( 'NONE', *, *, #1738, .T. ) ;
#357 = CARTESIAN_POINT ( 'NONE',  ( -1.499999999999999778, 8.164213562373092259, -1.500000000000000444 ) ) ;
#358 = DIRECTION ( 'NONE',  ( 0.000000000000000000, 1.000000000000000000, 0.000000000000000000 ) ) ;
#359 = CARTESIAN_POINT ( 'NONE',  ( -3.469318974209079975, 3.819790610956133481, -2.259082135202428621 ) ) ;
#360 = DIRECTION ( 'NONE',  ( -0.000000000000000000, -1.000000000000000000, -0.000000000000000000 ) ) ;
#361 = CARTESIAN_POINT ( 'NONE',  ( -3.618153801199699426, 3.773121981287911986, -2.098295229977037213 ) ) ;
#362 = AXIS2_PLACEMENT_3D ( 'NONE', #793, #68, #382 ) ;
#363 = VERTEX_POINT ( 'NONE', #813 ) ;
#364 = DIRECTION ( 'NONE',  ( 0.000000000000000000, 1.000000000000000000, 0.000000000000000000 ) ) ;
#365 = EDGE_CURVE ( 'NONE', #1196, #1183, #1724, .T. ) ;
#366 = VERTEX_POINT ( 'NONE', #629 ) ;
#367 = DIRECTION ( 'NONE',  ( 0.000000000000000000, 1.000000000000000000, 0.000000000000000000 ) ) ;
#368 = VECTOR ( 'NONE', #1566, 1000.000000000000000 ) ;
#369 = CARTESIAN_POINT ( 'NONE',  ( 0.000000000000000000, 8.250000000000000000, 8.000000000000000000 ) ) ;
#370 = CARTESIAN_POINT ( 'NONE',  ( -3.399999999999994582, 3.750000000000000000, -2.792848008753793909 ) ) ;
#371 = CARTESIAN_POINT ( 'NONE',  ( -3.519512195121951237, 6.750000000000000000, -1.680188652618468392 ) ) ;
#372 = CARTESIAN_POINT ( 'NONE',  ( -3.506595181956434715, 3.998332111380832998, -1.856260946434890924 ) ) ;
#373 = CIRCLE ( 'NONE', #220, 0.5000000000000004441 ) ;
#374 = AXIS2_PLACEMENT_3D ( 'NONE', #1633, #1063, #1622 ) ;
#375 = CARTESIAN_POINT ( 'NONE',  ( -3.899999999999999911, 4.250000000000000000, -1.766352173265569148 ) ) ;
#376 = CARTESIAN_POINT ( 'NONE',  ( 0.000000000000000000, 8.250000000000007105, 8.000000000000000000 ) ) ;
#377 = EDGE_LOOP ( 'NONE', ( #1206, #478, #1079, #608 ) ) ;
#378 = ORIENTED_EDGE ( 'NONE', *, *, #618, .F. ) ;
#379 = DIRECTION ( 'NONE',  ( -0.000000000000000000, 1.000000000000000000, -0.000000000000000000 ) ) ;
#380 = LINE ( 'NONE', #206, #238 ) ;
#381 = LINE ( 'NONE', #811, #1815 ) ;
#382 = DIRECTION ( 'NONE',  ( 0.000000000000000000, 0.000000000000000000, -1.000000000000000000 ) ) ;
#383 = CIRCLE ( 'NONE', #1192, 0.2000000000000000944 ) ;
#384 = CARTESIAN_POINT ( 'NONE',  ( -3.685009910908640052, 3.763880650289952445, -1.835713918043030413 ) ) ;
#385 = CARTESIAN_POINT ( 'NONE',  ( -1.899999999999999689, 4.250000000000000000, -6.000000000000000000 ) ) ;
#386 = FACE_OUTER_BOUND ( 'NONE', #702, .T. ) ;
#387 = VERTEX_POINT ( 'NONE', #484 ) ;
#388 = ORIENTED_EDGE ( 'NONE', *, *, #954, .T. ) ;
#389 = LOCAL_TIME ( 20, 24, 37.00000000000000000, #716 ) ;
#390 = DIRECTION ( 'NONE',  ( -0.000000000000000000, -1.000000000000000000, -0.000000000000000000 ) ) ;
#391 = CIRCLE ( 'NONE', #630, 0.5000000000000000000 ) ;
#392 = APPROVAL_DATE_TIME ( #271, #1366 ) ;
#393 = CARTESIAN_POINT ( 'NONE',  ( 3.899999999999999911, 6.750000000000000000, -6.000000000000000000 ) ) ;
#394 = CARTESIAN_POINT ( 'NONE',  ( -3.693536340346483371, 3.759880645833634905, -1.800123718378097371 ) ) ;
#395 = AXIS2_PLACEMENT_3D ( 'NONE', #1100, #1391, #1376 ) ;
#396 = DIRECTION ( 'NONE',  ( 0.000000000000000000, 0.000000000000000000, -1.000000000000000000 ) ) ;
#397 = CARTESIAN_POINT ( 'NONE',  ( 3.276448622220233808, 4.859970136215012282, -8.000000000000000000 ) ) ;
#398 = CC_DESIGN_PERSON_AND_ORGANIZATION_ASSIGNMENT ( #126, #163, ( #1778 ) ) ;
#399 = EDGE_LOOP ( 'NONE', ( #972, #1102, #1080, #946 ) ) ;
#400 = ORIENTED_EDGE ( 'NONE', *, *, #1010, .F. ) ;
#401 = CARTESIAN_POINT ( 'NONE',  ( 1.338616563917049751, 8.498125359564882686, 21.50187464043512975 ) ) ;
#402 = DIRECTION ( 'NONE',  ( 0.000000000000000000, 0.000000000000000000, 1.000000000000000000 ) ) ;
#403 = CARTESIAN_POINT ( 'NONE',  ( 2.143131898508032479E-16, 8.250000000000007105, 6.249999999999866773 ) ) ;
#404 = ADVANCED_FACE ( 'NONE', ( #1053 ), #58, .F. ) ;
#405 = CARTESIAN_POINT ( 'NONE',  ( -3.519512095006695152, 4.239684429510870878, -1.680188862331144950 ) ) ;
#406 = AXIS2_PLACEMENT_3D ( 'NONE', #1357, #1616, #1518 ) ;
#407 = ORIENTED_EDGE ( 'NONE', *, *, #954, .F. ) ;
#408 = VERTEX_POINT ( 'NONE', #183 ) ;
#409 = ORIENTED_EDGE ( 'NONE', *, *, #173, .T. ) ;
#410 = PERSON_AND_ORGANIZATION_ROLE ( 'design_owner' ) ;
#411 = CARTESIAN_POINT ( 'NONE',  ( 0.1402340016205750328, 8.249999999999978684, 21.75000000000003553 ) ) ;
#412 = CARTESIAN_POINT ( 'NONE',  ( -1.899999999999999689, 4.250000000000000000, -7.500000000000000000 ) ) ;
#413 = DIRECTION ( 'NONE',  ( -1.533293416683371426E-16, 6.649600213703334692E-32, -1.000000000000000000 ) ) ;
#414 = AXIS2_PLACEMENT_3D ( 'NONE', #948, #239, #1379 ) ;
#415 = CARTESIAN_POINT ( 'NONE',  ( 3.483694482696388039, 6.296581607924254698, -8.000000000000000000 ) ) ;
#416 = ORIENTED_EDGE ( 'NONE', *, *, #65, .T. ) ;
#417 = VERTEX_POINT ( 'NONE', #1715 ) ;
#418 = ORIENTED_EDGE ( 'NONE', *, *, #96, .T. ) ;
#419 = VECTOR ( 'NONE', #465, 1000.000000000000000 ) ;
#420 = APPROVAL_STATUS ( 'not_yet_approved' ) ;
#421 = DIRECTION ( 'NONE',  ( 0.000000000000000000, 1.000000000000000000, 0.000000000000000000 ) ) ;
#422 = AXIS2_PLACEMENT_3D ( 'NONE', #1583, #609, #1311 ) ;
#423 = DIRECTION ( 'NONE',  ( 0.000000000000000000, 0.000000000000000000, 1.000000000000000000 ) ) ;
#424 = EDGE_CURVE ( 'NONE', #1585, #1146, #606, .T. ) ;
#425 = VECTOR ( 'NONE', #615, 1000.000000000000000 ) ;
#426 = ORIENTED_EDGE ( 'NONE', *, *, #315, .F. ) ;
#427 = ADVANCED_FACE ( 'NONE', ( #337 ), #721, .T. ) ;
#428 = APPROVAL_DATE_TIME ( #1829, #809 ) ;
#429 = CARTESIAN_POINT ( 'NONE',  ( 0.000000000000000000, 8.750000000000000000, 6.899999999999999467 ) ) ;
#430 = EDGE_CURVE ( 'NONE', #36, #1441, #1316, .T. ) ;
#431 = CARTESIAN_POINT ( 'NONE',  ( 3.399999999999999911, 4.250000000000000000, -6.000000000000000000 ) ) ;
#432 = VECTOR ( 'NONE', #1118, 1000.000000000000000 ) ;
#433 = EDGE_CURVE ( 'NONE', #731, #1585, #1580, .T. ) ;
#434 = CIRCLE ( 'NONE', #1469, 1.100000000000000311 ) ;
#435 = VERTEX_POINT ( 'NONE', #938 ) ;
#436 = CARTESIAN_POINT ( 'NONE',  ( 3.699999999999999734, 3.750000000000000000, -1.766352173265569148 ) ) ;
#437 = ORIENTED_EDGE ( 'NONE', *, *, #1557, .F. ) ;
#438 = CARTESIAN_POINT ( 'NONE',  ( -5.585786437626916623, 8.164213562373094035, -1.499999999999999778 ) ) ;
#439 = CARTESIAN_POINT ( 'NONE',  ( 3.699999999999999734, 3.750000000000000000, -1.566352173265568970 ) ) ;
#440 = ORIENTED_EDGE ( 'NONE', *, *, #1033, .T. ) ;
#441 = DIRECTION ( 'NONE',  ( 0.000000000000000000, 0.000000000000000000, -1.000000000000000000 ) ) ;
#442 = DIRECTION ( 'NONE',  ( 0.000000000000000000, 0.000000000000000000, 1.000000000000000000 ) ) ;
#443 = ORIENTED_EDGE ( 'NONE', *, *, #1661, .F. ) ;
#444 = CARTESIAN_POINT ( 'NONE',  ( 2.576109926625621720E-16, 8.603553390593273065, 17.89644660940671983 ) ) ;
#445 = DIRECTION ( 'NONE',  ( 0.000000000000000000, 0.000000000000000000, -1.000000000000000000 ) ) ;
#446 = CARTESIAN_POINT ( 'NONE',  ( 3.894255467139504656, 4.173976543599304811, -1.781511308512594205 ) ) ;
#447 = ORIENTED_EDGE ( 'NONE', *, *, #141, .F. ) ;
#448 = DIRECTION ( 'NONE',  ( 0.000000000000000000, -1.000000000000000000, 0.000000000000000000 ) ) ;
#449 = DIRECTION ( 'NONE',  ( 0.000000000000000000, 0.000000000000000000, -1.000000000000000000 ) ) ;
#450 = EDGE_CURVE ( 'NONE', #86, #1441, #1725, .T. ) ;
#451 = ORIENTED_EDGE ( 'NONE', *, *, #7, .F. ) ;
#452 = CARTESIAN_POINT ( 'NONE',  ( 2.388121359638939012, 5.461380772445662224, -7.942174867097747892 ) ) ;
#453 = EDGE_CURVE ( 'NONE', #387, #1696, #1505, .T. ) ;
#454 = CIRCLE ( 'NONE', #362, 2.000000000000000000 ) ;
#455 = DIRECTION ( 'NONE',  ( 0.000000000000000000, 0.000000000000000000, 1.000000000000000000 ) ) ;
#456 = CARTESIAN_POINT ( 'NONE',  ( 3.844387818222120057, 3.802091421631398127, -1.133091416840154686 ) ) ;
#457 = ORIENTED_EDGE ( 'NONE', *, *, #841, .T. ) ;
#458 = LINE ( 'NONE', #164, #1076 ) ;
#459 = CARTESIAN_POINT ( 'NONE',  ( 3.792634947576846827, 3.932667699089784197, -2.032829421403631542 ) ) ;
#460 = EDGE_CURVE ( 'NONE', #408, #1591, #675, .T. ) ;
#461 = ORIENTED_EDGE ( 'NONE', *, *, #1692, .F. ) ;
#462 = LINE ( 'NONE', #1023, #1009 ) ;
#463 = AXIS2_PLACEMENT_3D ( 'NONE', #1221, #1632, #492 ) ;
#464 = AXIS2_PLACEMENT_3D ( 'NONE', #210, #69, #648 ) ;
#465 = DIRECTION ( 'NONE',  ( -0.000000000000000000, 0.000000000000000000, -1.000000000000000000 ) ) ;
#466 = CARTESIAN_POINT ( 'NONE',  ( 3.899998092536681060, 4.158748388943381613, -0.8831846637984508419 ) ) ;
#467 = ORIENTED_EDGE ( 'NONE', *, *, #1335, .F. ) ;
#468 = CARTESIAN_POINT ( 'NONE',  ( -1.499999999999999778, 8.750000000000000000, -1.500000000000000444 ) ) ;
#469 = CARTESIAN_POINT ( 'NONE',  ( 3.399999999999999911, 3.750000000000000000, -1.766352173265569148 ) ) ;
#470 = ORIENTED_EDGE ( 'NONE', *, *, #119, .F. ) ;
#471 = DIRECTION ( 'NONE',  ( -0.000000000000000000, -1.000000000000000000, -0.000000000000000000 ) ) ;
#472 = CARTESIAN_POINT ( 'NONE',  ( -1.766749611629402361, 5.014477665625319602, -8.000000000000000000 ) ) ;
#473 = CARTESIAN_POINT ( 'NONE',  ( 3.751653598587412652, 3.724572310188007052, -1.547922171717470263 ) ) ;
#474 = AXIS2_PLACEMENT_3D ( 'NONE', #1174, #751, #1320 ) ;
#475 = VERTEX_POINT ( 'NONE', #1095 ) ;
#476 = CARTESIAN_POINT ( 'NONE',  ( -3.519512195121950793, 3.750000000000000000, -1.680188652618468392 ) ) ;
#477 = ORIENTED_EDGE ( 'NONE', *, *, #1470, .F. ) ;
#478 = ORIENTED_EDGE ( 'NONE', *, *, #922, .T. ) ;
#479 = EDGE_CURVE ( 'NONE', #549, #321, #381, .T. ) ;
#480 = CARTESIAN_POINT ( 'NONE',  ( -3.842475303368723782, 6.750000000000000000, -6.476224417478335660 ) ) ;
#481 = EDGE_CURVE ( 'NONE', #435, #269, #1018, .T. ) ;
#482 = LINE ( 'NONE', #879, #425 ) ;
#483 = CARTESIAN_POINT ( 'NONE',  ( 3.510042466019839491, 4.031108714819959360, -1.811938289771173327 ) ) ;
#484 = CARTESIAN_POINT ( 'NONE',  ( -1.499999999999999556, 6.750000000000000000, -7.000000000000000000 ) ) ;
#485 = ORIENTED_EDGE ( 'NONE', *, *, #618, .T. ) ;
#486 = FACE_OUTER_BOUND ( 'NONE', #1677, .T. ) ;
#487 = ORIENTED_EDGE ( 'NONE', *, *, #541, .T. ) ;
#488 = CARTESIAN_POINT ( 'NONE',  ( 0.000000000000000000, 6.750000000000000000, 18.89999999999999858 ) ) ;
#489 = VECTOR ( 'NONE', #1088, 1000.000000000000000 ) ;
#490 = DIRECTION ( 'NONE',  ( 1.000000000000000000, 0.000000000000000000, 0.000000000000000000 ) ) ;
#491 = CARTESIAN_POINT ( 'NONE',  ( 3.470516006054470637, 3.750087108318067575, -2.595693827286626565 ) ) ;
#492 = DIRECTION ( 'NONE',  ( 0.000000000000000000, 0.000000000000000000, 1.000000000000000000 ) ) ;
#493 = CARTESIAN_POINT ( 'NONE',  ( -3.399999999999999911, 3.750000000000000444, -2.792848008753787248 ) ) ;
#494 = ORIENTED_EDGE ( 'NONE', *, *, #1845, .F. ) ;
#495 = CARTESIAN_POINT ( 'NONE',  ( 0.000000000000000000, 3.750000000000000000, 0.000000000000000000 ) ) ;
#496 = VERTEX_POINT ( 'NONE', #393 ) ;
#497 = LINE ( 'NONE', #520, #589 ) ;
#498 = CARTESIAN_POINT ( 'NONE',  ( -3.483648494066076129, 6.296569443145836331, -8.000000000000001776 ) ) ;
#499 = AXIS2_PLACEMENT_3D ( 'NONE', #1475, #1660, #1218 ) ;
#500 = CARTESIAN_POINT ( 'NONE',  ( 3.603790156032003811, 3.771617481094065472, -2.150877622956100410 ) ) ;
#501 = DIRECTION ( 'NONE',  ( 0.000000000000000000, 1.000000000000000000, 0.000000000000000000 ) ) ;
#502 = CARTESIAN_POINT ( 'NONE',  ( -3.456604443655334258, 3.782233275823278618, -2.380983353533234315 ) ) ;
#503 = EDGE_CURVE ( 'NONE', #329, #154, #1523, .T. ) ;
#504 = LOCAL_TIME ( 20, 24, 37.00000000000000000, #1543 ) ;
#505 = FACE_OUTER_BOUND ( 'NONE', #693, .T. ) ;
#506 = DIRECTION ( 'NONE',  ( 0.000000000000000000, 0.000000000000000000, 1.000000000000000000 ) ) ;
#507 = DIRECTION ( 'NONE',  ( 0.000000000000000000, 0.000000000000000000, 1.000000000000000000 ) ) ;
#508 = CIRCLE ( 'NONE', #663, 1.750000000000001554 ) ;
#509 = ORIENTED_EDGE ( 'NONE', *, *, #1524, .T. ) ;
#510 = VERTEX_POINT ( 'NONE', #108 ) ;
#511 = CARTESIAN_POINT ( 'NONE',  ( -4.171572875253818147, 6.750000000000000888, 4.784479602281566059E-16 ) ) ;
#512 = CARTESIAN_POINT ( 'NONE',  ( 3.399999999999999911, 3.750000000000000444, -2.792848008753787248 ) ) ;
#513 = CARTESIAN_POINT ( 'NONE',  ( 0.000000000000000000, 4.250000000000000000, -7.500000000000000000 ) ) ;
#514 = PRODUCT ( 'Part6', 'Part6', '', ( #1679 ) ) ;
#515 = CARTESIAN_POINT ( 'NONE',  ( -3.885201034988877478, 4.128345090032837561, -1.805155381825834349 ) ) ;
#516 = ORIENTED_EDGE ( 'NONE', *, *, #121, .T. ) ;
#517 = CARTESIAN_POINT ( 'NONE',  ( 3.842475303368723782, 6.750000000000000000, -6.476224417478336548 ) ) ;
#518 = ORIENTED_EDGE ( 'NONE', *, *, #1845, .T. ) ;
#519 = ORIENTED_EDGE ( 'NONE', *, *, #1661, .T. ) ;
#520 = CARTESIAN_POINT ( 'NONE',  ( 1.899999999999999689, 3.750000000000000000, -8.000000000000000000 ) ) ;
#521 = CIRCLE ( 'NONE', #1179, 2.103553390593402295 ) ;
#522 = CARTESIAN_POINT ( 'NONE',  ( -3.509488913669825294, 4.023117344896261827, -1.819854606957204135 ) ) ;
#523 = DIRECTION ( 'NONE',  ( 0.000000000000000000, 0.000000000000000000, 1.000000000000000000 ) ) ;
#524 = CARTESIAN_POINT ( 'NONE',  ( -3.870348462704847670, 4.080014043292551129, -1.843269001355057002 ) ) ;
#525 = EDGE_CURVE ( 'NONE', #771, #727, #305, .T. ) ;
#526 =( BOUNDED_CURVE ( )  B_SPLINE_CURVE ( 3, ( #82, #333, #1345, #212 ),
 .UNSPECIFIED., .F., .F. ) 
 B_SPLINE_CURVE_WITH_KNOTS ( ( 4, 4 ),
 ( 3.141592653589793116, 3.926990816987241839 ),
 .UNSPECIFIED. ) 
 CURVE ( )  GEOMETRIC_REPRESENTATION_ITEM ( )  RATIONAL_B_SPLINE_CURVE ( ( 1.000000000000000000, 0.9492530216741910110, 0.9492530216741910110, 1.000000000000000000 ) ) 
 REPRESENTATION_ITEM ( '' )  );
#527 = CARTESIAN_POINT ( 'NONE',  ( -0.2821077124117551405, 8.249999999999991118, 21.75000000000001066 ) ) ;
#528 = FACE_OUTER_BOUND ( 'NONE', #1833, .T. ) ;
#529 = VERTEX_POINT ( 'NONE', #259 ) ;
#530 = DIRECTION ( 'NONE',  ( -0.000000000000000000, -1.000000000000000000, -0.000000000000000000 ) ) ;
#531 = EDGE_LOOP ( 'NONE', ( #834, #1278, #869, #1420, #1763 ) ) ;
#532 = CARTESIAN_POINT ( 'NONE',  ( -1.500000000000000000, 5.017949192431126804, -8.000000000000000000 ) ) ;
#533 = DIRECTION ( 'NONE',  ( -1.000000000000000000, -0.000000000000000000, 0.000000000000000000 ) ) ;
#534 = CIRCLE ( 'NONE', #1567, 5.500000000000000000 ) ;
#535 = CARTESIAN_POINT ( 'NONE',  ( -3.771373719207498532, 3.719770426467965851, -1.460249669534686268 ) ) ;
#536 = CC_DESIGN_DATE_AND_TIME_ASSIGNMENT ( #1689, #1522, ( #1145 ) ) ;
#537 = CARTESIAN_POINT ( 'NONE',  ( -1.573173141829877331, 8.603553390596378136, 21.39644660940363607 ) ) ;
#538 = CARTESIAN_POINT ( 'NONE',  ( -3.897614242383398153, 4.200386543474170509, -1.772664425402281418 ) ) ;
#539 = EDGE_LOOP ( 'NONE', ( #311, #1563, #1777, #162 ) ) ;
#540 = ORIENTED_EDGE ( 'NONE', *, *, #950, .T. ) ;
#541 = EDGE_CURVE ( 'NONE', #1531, #727, #563, .T. ) ;
#542 = AXIS2_PLACEMENT_3D ( 'NONE', #601, #590, #177 ) ;
#543 = LINE ( 'NONE', #429, #432 ) ;
#544 = EDGE_CURVE ( 'NONE', #1280, #1617, #706, .T. ) ;
#545 = DIRECTION ( 'NONE',  ( 0.000000000000000000, 1.000000000000000000, -0.000000000000000000 ) ) ;
#546 = CIRCLE ( 'NONE', #1841, 2.000000000000000000 ) ;
#547 = PLANE ( 'NONE',  #556 ) ;
#548 = CARTESIAN_POINT ( 'NONE',  ( 1.499999999999985789, 6.750000000000000888, -7.000000000000006217 ) ) ;
#549 = VERTEX_POINT ( 'NONE', #1415 ) ;
#550 = EDGE_LOOP ( 'NONE', ( #1686, #1022, #877, #451 ) ) ;
#551 = EDGE_LOOP ( 'NONE', ( #1065, #1787, #1155, #1519 ) ) ;
#552 = COORDINATED_UNIVERSAL_TIME_OFFSET ( 8, 0, .BEHIND. ) ;
#553 = CYLINDRICAL_SURFACE ( 'NONE', #1244, 2.000000000000000000 ) ;
#554 = DIRECTION ( 'NONE',  ( 0.000000000000000000, 1.000000000000000000, 0.000000000000000000 ) ) ;
#555 = FACE_OUTER_BOUND ( 'NONE', #377, .T. ) ;
#556 = AXIS2_PLACEMENT_3D ( 'NONE', #1122, #233, #832 ) ;
#557 = CARTESIAN_POINT ( 'NONE',  ( -3.519074154354678186, 4.200386543140787410, -1.686635327494400594 ) ) ;
#558 = AXIS2_PLACEMENT_3D ( 'NONE', #831, #262, #128 ) ;
#559 = EDGE_LOOP ( 'NONE', ( #1039, #763, #123, #720 ) ) ;
#560 = VERTEX_POINT ( 'NONE', #686 ) ;
#561 = B_SPLINE_CURVE_WITH_KNOTS ( 'NONE', 3,
 ( #678, #527, #1252, #1674, #1805, #537 ),
 .UNSPECIFIED., .F., .F.,
 ( 4, 2, 4 ),
 ( 1.738629853326564465E-17, 0.0008344880403552149212, 0.001668976080710412495 ),
 .UNSPECIFIED. ) ;
#562 = DATE_TIME_ROLE ( 'classification_date' ) ;
#563 = LINE ( 'NONE', #1818, #1643 ) ;
#564 = DIRECTION ( 'NONE',  ( -1.146924612216070931E-16, 0.000000000000000000, -1.000000000000000000 ) ) ;
#565 = ADVANCED_FACE ( 'NONE', ( #862 ), #982, .T. ) ;
#566 = LINE ( 'NONE', #130, #1678 ) ;
#567 = ORIENTED_EDGE ( 'NONE', *, *, #1524, .F. ) ;
#568 = EDGE_CURVE ( 'NONE', #387, #971, #1087, .T. ) ;
#569 = ORIENTED_EDGE ( 'NONE', *, *, #759, .F. ) ;
#570 = ORIENTED_EDGE ( 'NONE', *, *, #889, .F. ) ;
#571 = VECTOR ( 'NONE', #605, 1000.000000000000000 ) ;
#572 = DIRECTION ( 'NONE',  ( 0.000000000000000000, 0.000000000000000000, -1.000000000000000000 ) ) ;
#573 = AXIS2_PLACEMENT_3D ( 'NONE', #1564, #1590, #1727 ) ;
#574 = CARTESIAN_POINT ( 'NONE',  ( -4.171572875253816370, 8.750000000000000000, 21.25000000000001066 ) ) ;
#575 = EDGE_CURVE ( 'NONE', #496, #1309, #1792, .T. ) ;
#576 = VERTEX_POINT ( 'NONE', #438 ) ;
#577 = ORIENTED_EDGE ( 'NONE', *, *, #1154, .T. ) ;
#578 = DIRECTION ( 'NONE',  ( 0.000000000000000000, -1.000000000000000000, 0.000000000000000000 ) ) ;
#579 = CARTESIAN_POINT ( 'NONE',  ( 1.500000000000000444, 5.017949192431126804, -8.000000000000000000 ) ) ;
#580 = AXIS2_PLACEMENT_3D ( 'NONE', #1488, #796, #1745 ) ;
#581 = VERTEX_POINT ( 'NONE', #1430 ) ;
#582 = CARTESIAN_POINT ( 'NONE',  ( 0.000000000000000000, 8.250000000000000000, 8.000000000000000000 ) ) ;
#583 = AXIS2_PLACEMENT_3D ( 'NONE', #1657, #202, #769 ) ;
#584 = ORIENTED_EDGE ( 'NONE', *, *, #708, .F. ) ;
#585 = CARTESIAN_POINT ( 'NONE',  ( 4.171572875253822588, 6.750000000000000888, -4.784479602281570004E-16 ) ) ;
#586 = CARTESIAN_POINT ( 'NONE',  ( -3.899999999999999911, 6.750000000000000000, -1.766352173265569148 ) ) ;
#587 = ADVANCED_FACE ( 'NONE', ( #1143 ), #553, .T. ) ;
#588 = ORIENTED_EDGE ( 'NONE', *, *, #1008, .F. ) ;
#589 = VECTOR ( 'NONE', #390, 1000.000000000000000 ) ;
#590 = DIRECTION ( 'NONE',  ( 1.533293416683370440E-16, 6.649600213703330313E-32, 1.000000000000000000 ) ) ;
#591 = CARTESIAN_POINT ( 'NONE',  ( 3.519512195121951237, 6.750000000000000000, -1.680188652618468392 ) ) ;
#592 = ORIENTED_EDGE ( 'NONE', *, *, #503, .T. ) ;
#593 = CARTESIAN_POINT ( 'NONE',  ( 1.899999999999999689, 3.750000000000000000, -7.500000000000000000 ) ) ;
#594 = VECTOR ( 'NONE', #899, 1000.000000000000000 ) ;
#595 = CARTESIAN_POINT ( 'NONE',  ( 5.585786437626921952, 8.164213562373092259, 21.83578643762691840 ) ) ;
#596 = CARTESIAN_POINT ( 'NONE',  ( 3.712532068629542437, 3.748819425383978388, -1.719347098274836005 ) ) ;
#597 = EDGE_CURVE ( 'NONE', #1049, #1369, #543, .T. ) ;
#598 = CONICAL_SURFACE ( 'NONE', #1141, 3.500000000000011990, 0.7853981633974465026 ) ;
#599 = EDGE_LOOP ( 'NONE', ( #485, #962, #1030, #694 ) ) ;
#600 = APPROVAL_ROLE ( '' ) ;
#601 = CARTESIAN_POINT ( 'NONE',  ( 4.171572875253819923, 6.750000000000001776, -1.500000000000000888 ) ) ;
#602 = ORIENTED_EDGE ( 'NONE', *, *, #984, .T. ) ;
#603 = CARTESIAN_POINT ( 'NONE',  ( 3.599713167961905658, 6.534950282166190227, -7.060802182967381491 ) ) ;
#604 = AXIS2_PLACEMENT_3D ( 'NONE', #208, #783, #1354 ) ;
#605 = DIRECTION ( 'NONE',  ( -1.146924612216070931E-16, 1.743152798421054148E-32, -1.000000000000000000 ) ) ;
#606 = LINE ( 'NONE', #316, #782 ) ;
#607 = AXIS2_PLACEMENT_3D ( 'NONE', #1680, #697, #1561 ) ;
#608 = ORIENTED_EDGE ( 'NONE', *, *, #1419, .T. ) ;
#609 = DIRECTION ( 'NONE',  ( 0.000000000000000000, 1.000000000000000000, -0.000000000000000000 ) ) ;
#610 = CARTESIAN_POINT ( 'NONE',  ( 0.000000000000000000, 2.600252531693790559, 8.000000000000000000 ) ) ;
#611 = ORIENTED_EDGE ( 'NONE', *, *, #1602, .T. ) ;
#612 = CARTESIAN_POINT ( 'NONE',  ( 0.000000000000000000, 7.550000000000000711, 8.000000000000000000 ) ) ;
#613 = AXIS2_PLACEMENT_3D ( 'NONE', #1202, #360, #1783 ) ;
#614 = VECTOR ( 'NONE', #1390, 1000.000000000000000 ) ;
#615 = DIRECTION ( 'NONE',  ( -0.000000000000000000, 1.000000000000000000, -0.000000000000000000 ) ) ;
#616 = CARTESIAN_POINT ( 'NONE',  ( 3.891478993186550994, 4.157715483548255264, -1.788789925654660218 ) ) ;
#617 = APPLICATION_CONTEXT ( 'configuration controlled 3d designs of mechanical parts and assemblies' ) ;
#618 = EDGE_CURVE ( 'NONE', #1617, #643, #34, .T. ) ;
#619 = CARTESIAN_POINT ( 'NONE',  ( -1.573173141829877331, 8.603553390596378136, 21.39644660940363607 ) ) ;
#620 = CARTESIAN_POINT ( 'NONE',  ( -3.899999999999999911, 4.250000000000000000, -1.766352173265569148 ) ) ;
#621 = CARTESIAN_POINT ( 'NONE',  ( 1.500000000000000444, 6.750000000000000000, -4.171572875253819923 ) ) ;
#622 = ADVANCED_FACE ( 'NONE', ( #272 ), #849, .F. ) ;
#623 = VECTOR ( 'NONE', #379, 1000.000000000000000 ) ;
#624 = EDGE_LOOP ( 'NONE', ( #400, #904, #1172, #1405 ) ) ;
#625 = DIRECTION ( 'NONE',  ( 0.000000000000000000, 0.000000000000000000, 1.000000000000000000 ) ) ;
#626 = DIRECTION ( 'NONE',  ( -0.000000000000000000, 1.000000000000000000, -0.000000000000000000 ) ) ;
#627 = CARTESIAN_POINT ( 'NONE',  ( 3.889969314173080228, 4.150074720229551595, -1.792736680989945652 ) ) ;
#628 = EDGE_CURVE ( 'NONE', #1676, #1773, #521, .T. ) ;
#629 = CARTESIAN_POINT ( 'NONE',  ( 1.347111479062088257E-16, 6.750000000000000000, 9.099999999999999645 ) ) ;
#630 = AXIS2_PLACEMENT_3D ( 'NONE', #1195, #1453, #178 ) ;
#631 = CARTESIAN_POINT ( 'NONE',  ( 5.000000000000014211, 8.750000000000000000, -5.734623061080370183E-16 ) ) ;
#632 = DIRECTION ( 'NONE',  ( -0.000000000000000000, 1.000000000000000000, -0.000000000000000000 ) ) ;
#633 = EDGE_LOOP ( 'NONE', ( #125, #1132, #1017, #787 ) ) ;
#634 = ORIENTED_EDGE ( 'NONE', *, *, #1735, .F. ) ;
#635 = AXIS2_PLACEMENT_3D ( 'NONE', #690, #977, #1245 ) ;
#636 = DIRECTION ( 'NONE',  ( 0.000000000000000000, 0.000000000000000000, -1.000000000000000000 ) ) ;
#637 = CARTESIAN_POINT ( 'NONE',  ( 3.771373719207495423, 3.719770426467964963, -1.460249669534686268 ) ) ;
#638 = FACE_OUTER_BOUND ( 'NONE', #826, .T. ) ;
#639 = CARTESIAN_POINT ( 'NONE',  ( -3.504782323757638540, 3.983505984829674329, -1.878932652017135219 ) ) ;
#640 = DIRECTION ( 'NONE',  ( 0.000000000000000000, 0.000000000000000000, 1.000000000000000000 ) ) ;
#641 = PERSON ( 'UNSPECIFIED', 'UNSPECIFIED', 'UNSPECIFIED', ('UNSPECIFIED'), ('UNSPECIFIED'), ('UNSPECIFIED') ) ;
#642 = CYLINDRICAL_SURFACE ( 'NONE', #792, 3.899999999999999911 ) ;
#643 = VERTEX_POINT ( 'NONE', #974 ) ;
#644 = DIRECTION ( 'NONE',  ( 1.000000000000000000, 0.000000000000000000, 0.000000000000000000 ) ) ;
#645 = CARTESIAN_POINT ( 'NONE',  ( 3.431536751235846339, 3.750000000000000444, -2.583205611920770917 ) ) ;
#646 = TOROIDAL_SURFACE ( 'NONE', #976, 2.457106781186555011, 0.5000000000000000000 ) ;
#647 = CARTESIAN_POINT ( 'NONE',  ( 1.500000000000000444, 5.017949192431126804, -8.000000000000000000 ) ) ;
#648 = DIRECTION ( 'NONE',  ( 0.000000000000000000, 0.000000000000000000, 1.000000000000000000 ) ) ;
#649 = FACE_OUTER_BOUND ( 'NONE', #299, .T. ) ;
#650 = EDGE_CURVE ( 'NONE', #326, #819, #1005, .T. ) ;
#651 = DIRECTION ( 'NONE',  ( -1.000000000000000000, 0.000000000000000000, 0.000000000000000000 ) ) ;
#652 = ADVANCED_FACE ( 'NONE', ( #1289 ), #1256, .T. ) ;
#653 = EDGE_LOOP ( 'NONE', ( #335, #867, #1569, #1271 ) ) ;
#654 = DIRECTION ( 'NONE',  ( 0.000000000000000000, 0.7071067811865453523, 0.7071067811865496822 ) ) ;
#655 = CARTESIAN_POINT ( 'NONE',  ( -1.899999999999999689, 4.250000000000000000, -6.000000000000000000 ) ) ;
#656 = CARTESIAN_POINT ( 'NONE',  ( 3.646955377059007741, 3.773359639617066552, -1.989169486915751017 ) ) ;
#657 = LINE ( 'NONE', #776, #700 ) ;
#658 = CARTESIAN_POINT ( 'NONE',  ( -3.849923954595144249, 4.031108715356513272, -1.894509910561132049 ) ) ;
#659 = APPLICATION_CONTEXT ( 'configuration controlled 3d designs of mechanical parts and assemblies' ) ;
#660 = AXIS2_PLACEMENT_3D ( 'NONE', #997, #853, #1397 ) ;
#661 = DIRECTION ( 'NONE',  ( -1.000000000000000000, 0.000000000000000000, 0.000000000000000000 ) ) ;
#662 = CYLINDRICAL_SURFACE ( 'NONE', #1572, 0.5000000000000000000 ) ;
#663 = AXIS2_PLACEMENT_3D ( 'NONE', #1472, #328, #442 ) ;
#664 = EDGE_LOOP ( 'NONE', ( #1813, #1636 ) ) ;
#665 = DIRECTION ( 'NONE',  ( -0.000000000000000000, -1.000000000000000000, -0.000000000000000000 ) ) ;
#666 = FACE_OUTER_BOUND ( 'NONE', #996, .T. ) ;
#667 = DIRECTION ( 'NONE',  ( 0.000000000000000000, 0.000000000000000000, -1.000000000000000000 ) ) ;
#668 = PLANE ( 'NONE',  #1185 ) ;
#669 = CARTESIAN_POINT ( 'NONE',  ( -3.517941542803941779, 4.157715484006486939, -1.703125293174403643 ) ) ;
#670 = CARTESIAN_POINT ( 'NONE',  ( -4.171572875253819035, 6.750000000000001776, -1.500000000000000000 ) ) ;
#671 = FACE_OUTER_BOUND ( 'NONE', #1542, .T. ) ;
#672 = EDGE_LOOP ( 'NONE', ( #592, #247, #418, #779 ) ) ;
#673 = EDGE_LOOP ( 'NONE', ( #1426, #214 ) ) ;
#674 = CARTESIAN_POINT ( 'NONE',  ( -2.213242189232735413, 4.991418356074055040, -8.000000000000000000 ) ) ;
#675 = LINE ( 'NONE', #1241, #1084 ) ;
#676 = TOROIDAL_SURFACE ( 'NONE', #1702, 4.399999999999999467, 0.5000000000000000000 ) ;
#677 = CARTESIAN_POINT ( 'NONE',  ( -3.606366009768594783, 3.782233275097120817, -2.429159581900145248 ) ) ;
#678 = CARTESIAN_POINT ( 'NONE',  ( -1.221450419903109817E-14, 8.249999999999877431, 21.75000000000013500 ) ) ;
#679 = CARTESIAN_POINT ( 'NONE',  ( 5.585786437626921952, 8.164213562373092259, 21.83578643762691840 ) ) ;
#680 = EDGE_CURVE ( 'NONE', #771, #1695, #261, .T. ) ;
#681 = ORIENTED_EDGE ( 'NONE', *, *, #1490, .F. ) ;
#682 = ORIENTED_EDGE ( 'NONE', *, *, #1389, .F. ) ;
#683 = ADVANCED_FACE ( 'NONE', ( #839 ), #1830, .T. ) ;
#684 = ORIENTED_EDGE ( 'NONE', *, *, #1093, .F. ) ;
#685 = CALENDAR_DATE ( 2026, 29, 7 ) ;
#686 = CARTESIAN_POINT ( 'NONE',  ( -2.115389735758620215, 8.750000000000000000, 21.25000000000001066 ) ) ;
#687 = EDGE_CURVE ( 'NONE', #1188, #417, #848, .T. ) ;
#688 = AXIS2_PLACEMENT_3D ( 'NONE', #612, #1168, #1592 ) ;
#689 = CARTESIAN_POINT ( 'NONE',  ( 3.512662385191390513, 4.056956550566409803, -1.777404181326482480 ) ) ;
#690 = CARTESIAN_POINT ( 'NONE',  ( 0.000000000000000000, 8.750000000000000000, -5.000000000000012434 ) ) ;
#691 = DIRECTION ( 'NONE',  ( 0.000000000000000000, 1.000000000000000000, 0.000000000000000000 ) ) ;
#692 = AXIS2_PLACEMENT_3D ( 'NONE', #216, #358, #1781 ) ;
#693 = EDGE_LOOP ( 'NONE', ( #1574, #1, #1216, #21, #1429, #176, #31, #1396, #1827, #1550, #1797 ) ) ;
#694 = ORIENTED_EDGE ( 'NONE', *, *, #173, .F. ) ;
#695 = ORIENTED_EDGE ( 'NONE', *, *, #317, .T. ) ;
#696 = PERSON_AND_ORGANIZATION_ROLE ( 'design_supplier' ) ;
#697 = DIRECTION ( 'NONE',  ( 1.000000000000000000, 0.000000000000000000, -0.000000000000000000 ) ) ;
#698 = LINE ( 'NONE', #1417, #614 ) ;
#699 = CARTESIAN_POINT ( 'NONE',  ( 0.000000000000000000, 8.249999999999992895, 20.00000000000000000 ) ) ;
#700 = VECTOR ( 'NONE', #918, 1000.000000000000000 ) ;
#701 = CARTESIAN_POINT ( 'NONE',  ( -3.519235484511034073, 4.209962817363017251, -1.684265496105417315 ) ) ;
#702 = EDGE_LOOP ( 'NONE', ( #1823, #1766, #947, #1115 ) ) ;
#703 = ORIENTED_EDGE ( 'NONE', *, *, #930, .T. ) ;
#704 = VERTEX_POINT ( 'NONE', #37 ) ;
#705 = PERSON_AND_ORGANIZATION ( #641, #19 ) ;
#706 = CIRCLE ( 'NONE', #187, 3.899999999999999911 ) ;
#707 = CARTESIAN_POINT ( 'NONE',  ( 0.000000000000000000, 8.603553390593274841, 8.000000000000000000 ) ) ;
#708 = EDGE_CURVE ( 'NONE', #819, #1247, #758, .T. ) ;
#709 = CARTESIAN_POINT ( 'NONE',  ( 3.416490135623209135, 3.750000000000001332, -2.683319586072124174 ) ) ;
#710 = CARTESIAN_POINT ( 'NONE',  ( -3.844387818222118725, 3.802091421631399903, -1.133091416840154686 ) ) ;
#711 = AXIS2_PLACEMENT_3D ( 'NONE', #138, #1257, #402 ) ;
#712 = VERTEX_POINT ( 'NONE', #480 ) ;
#713 = ORIENTED_EDGE ( 'NONE', *, *, #544, .F. ) ;
#714 = ADVANCED_FACE ( 'NONE', ( #6 ), #1189, .T. ) ;
#715 = VERTEX_POINT ( 'NONE', #158 ) ;
#716 = COORDINATED_UNIVERSAL_TIME_OFFSET ( 8, 0, .BEHIND. ) ;
#717 = DIRECTION ( 'NONE',  ( 0.000000000000000000, 1.000000000000000000, 0.000000000000000000 ) ) ;
#718 = CARTESIAN_POINT ( 'NONE',  ( -1.899999999999999689, 5.007825843511430008, -8.000000000000000000 ) ) ;
#719 = ORIENTED_EDGE ( 'NONE', *, *, #1581, .T. ) ;
#720 = ORIENTED_EDGE ( 'NONE', *, *, #525, .T. ) ;
#721 =( BOUNDED_SURFACE ( )  B_SPLINE_SURFACE ( 3, 2, ( 
 ( #1588, #1170, #192 ),
 ( #1326, #466, #774 ),
 ( #1439, #332, #900 ),
 ( #1306, #872, #907 ),
 ( #1467, #756, #1477 ),
 ( #198, #456, #1743 ),
 ( #767, #1342, #446 ),
 ( #1333, #1733, #616 ),
 ( #57, #50, #627 ),
 ( #18, #1200, #307 ),
 ( #28, #637, #171 ),
 ( #161, #473, #1043 ),
 ( #1459, #1752, #40 ),
 ( #1016, #1579, #739 ),
 ( #483, #596, #1034 ),
 ( #880, #747, #324 ),
 ( #1191, #1025, #1449 ),
 ( #1318, #1052, #1612 ),
 ( #1210, #656, #242 ),
 ( #99, #1652, #1512 ),
 ( #1802, #500, #1782 ),
 ( #801, #1061, #1250 ),
 ( #645, #491, #1631 ),
 ( #926, #512, #91 ) ),
 .UNSPECIFIED., .F., .F., .F. ) 
 B_SPLINE_SURFACE_WITH_KNOTS ( ( 4, 2, 2, 2, 2, 2, 2, 2, 2, 2, 2, 4 ),
 ( 3, 3 ),
 ( -8.978549240895583594E-19, 1.827568760328216385E-05, 3.655137520656522216E-05, 5.482706280984828048E-05, 7.310275041313133880E-05, 0.0001096541256196974554, 0.0001462055008262635721, 0.0002193082512393958053, 0.0002924110016525280657, 0.0004386165024787925322, 0.0005848220033050569987, 0.001169644006610114865 ),
 ( 0.000000000000000000, 1.000000000000000000 ),
 .UNSPECIFIED. ) 
 GEOMETRIC_REPRESENTATION_ITEM ( )  RATIONAL_B_SPLINE_SURFACE ( (
 ( 1.000000000000000000, 0.2208630521496932064, 1.000000000000000000),
 ( 1.000000000000000000, 0.2208514152420840704, 1.000000000000000000),
 ( 1.000000000000000000, 0.2237471989038509190, 1.000000000000000000),
 ( 1.000000000000000000, 0.2339795798733461663, 1.000000000000000000),
 ( 1.000000000000000000, 0.2413279890480085621, 1.000000000000000000),
 ( 1.000000000000000000, 0.2579020125266917596, 1.000000000000000000),
 ( 1.000000000000000000, 0.2672007763197469798, 1.000000000000000000),
 ( 1.000000000000000000, 0.2866584046642766670, 1.000000000000000000),
 ( 1.000000000000000000, 0.2966689234216099424, 1.000000000000000000),
 ( 1.000000000000000000, 0.3265448229417525217, 1.000000000000000000),
 ( 1.000000000000000000, 0.3463284122930594400, 1.000000000000000000),
 ( 1.000000000000000000, 0.3845341654852942881, 1.000000000000000000),
 ( 1.000000000000000000, 0.4028192168091531133, 1.000000000000000000),
 ( 1.000000000000000000, 0.4549341501962242962, 1.000000000000000000),
 ( 1.000000000000000000, 0.4863646461362490236, 1.000000000000000000),
 ( 1.000000000000000000, 0.5446061573840341730, 1.000000000000000000),
 ( 1.000000000000000000, 0.5714048724131308710, 1.000000000000000000),
 ( 1.000000000000000000, 0.6465731443364053366, 1.000000000000000000),
 ( 1.000000000000000000, 0.6893464977889449674, 1.000000000000000000),
 ( 1.000000000000000000, 0.7648969438342319016, 1.000000000000000000),
 ( 1.000000000000000000, 0.7976929281263378524, 1.000000000000000000),
 ( 1.000000000000000000, 0.9421307153264520950, 1.000000000000000000),
 ( 1.000000000000000000, 0.9980636103178927021, 1.000000000000000000),
 ( 1.000000000000000000, 1.000000000000000000, 1.000000000000000000) ) ) 
 REPRESENTATION_ITEM ( '' )  SURFACE ( )  );
#722 = CARTESIAN_POINT ( 'NONE',  ( 1.899999999999999689, 6.750000000000000000, -6.000000000000000000 ) ) ;
#723 = ADVANCED_FACE ( 'NONE', ( #1436 ), #1575, .T. ) ;
#724 = CARTESIAN_POINT ( 'NONE',  ( 3.469318974209079975, 3.819790610956133481, -2.259082135202428621 ) ) ;
#725 = ORIENTED_EDGE ( 'NONE', *, *, #1599, .T. ) ;
#726 = DIRECTION ( 'NONE',  ( 0.000000000000000000, 1.000000000000000000, 0.000000000000000000 ) ) ;
#727 = VERTEX_POINT ( 'NONE', #444 ) ;
#728 = DIRECTION ( 'NONE',  ( 0.000000000000000000, 1.000000000000000000, 0.000000000000000000 ) ) ;
#729 = DIRECTION ( 'NONE',  ( -0.000000000000000000, -1.000000000000000000, -0.000000000000000000 ) ) ;
#730 = CC_DESIGN_PERSON_AND_ORGANIZATION_ASSIGNMENT ( #1406, #107, ( #745 ) ) ;
#731 = VERTEX_POINT ( 'NONE', #593 ) ;
#732 = CARTESIAN_POINT ( 'NONE',  ( -1.899999999999999689, 4.250000000000000000, -8.000000000000000000 ) ) ;
#733 = AXIS2_PLACEMENT_3D ( 'NONE', #1399, #1283, #423 ) ;
#734 = EDGE_LOOP ( 'NONE', ( #470, #407, #1069, #1279, #1726 ) ) ;
#735 = DIRECTION ( 'NONE',  ( 0.000000000000000000, 0.000000000000000000, 1.000000000000000000 ) ) ;
#736 = EDGE_CURVE ( 'NONE', #417, #1188, #1479, .T. ) ;
#737 = MANIFOLD_SOLID_BREP ( 'Fillet9', #190 ) ;
#738 = FACE_OUTER_BOUND ( 'NONE', #550, .T. ) ;
#739 = CARTESIAN_POINT ( 'NONE',  ( 3.858353780465000771, 4.048993981888124871, -1.873556976603041768 ) ) ;
#740 = ORIENTED_EDGE ( 'NONE', *, *, #1663, .T. ) ;
#741 = CARTESIAN_POINT ( 'NONE',  ( 3.899999999999999911, 6.750000000000000000, -1.766352173265569148 ) ) ;
#742 = DIRECTION ( 'NONE',  ( 0.000000000000000000, 0.000000000000000000, -1.000000000000000000 ) ) ;
#743 = ORIENTED_EDGE ( 'NONE', *, *, #141, .T. ) ;
#744 = CARTESIAN_POINT ( 'NONE',  ( 1.996819863658243488, 5.099899688924425689, -8.000000000000000000 ) ) ;
#745 = PRODUCT_DEFINITION_FORMATION_WITH_SPECIFIED_SOURCE ( 'ANY', '', #514, .NOT_KNOWN. ) ;
#746 = CARTESIAN_POINT ( 'NONE',  ( 3.899999999999999911, 4.250000000000000000, -6.000000000000000000 ) ) ;
#747 = CARTESIAN_POINT ( 'NONE',  ( 3.693536340346493141, 3.759880645833634905, -1.800123718378097371 ) ) ;
#748 = AXIS2_PLACEMENT_3D ( 'NONE', #24, #1038, #449 ) ;
#749 = EDGE_LOOP ( 'NONE', ( #1295, #157, #846, #443 ) ) ;
#750 = ADVANCED_FACE ( 'NONE', ( #1600 ), #754, .F. ) ;
#751 = DIRECTION ( 'NONE',  ( 0.000000000000000000, -1.000000000000000000, 0.000000000000000000 ) ) ;
#752 = FACE_OUTER_BOUND ( 'NONE', #551, .T. ) ;
#753 = ORIENTED_EDGE ( 'NONE', *, *, #821, .F. ) ;
#754 = CYLINDRICAL_SURFACE ( 'NONE', #140, 1.750000000000133449 ) ;
#755 = FACE_OUTER_BOUND ( 'NONE', #188, .T. ) ;
#756 = CARTESIAN_POINT ( 'NONE',  ( 3.866263532317592677, 3.878064270962610749, -1.034818417774665100 ) ) ;
#757 = EDGE_CURVE ( 'NONE', #86, #935, #383, .T. ) ;
#758 = CIRCLE ( 'NONE', #998, 1.100000000000000311 ) ;
#759 = EDGE_CURVE ( 'NONE', #935, #1685, #462, .T. ) ;
#760 = CARTESIAN_POINT ( 'NONE',  ( -3.899999999999999911, 3.750000000000000000, -1.766352173265569148 ) ) ;
#761 = FACE_OUTER_BOUND ( 'NONE', #1659, .T. ) ;
#762 = FACE_OUTER_BOUND ( 'NONE', #749, .T. ) ;
#763 = ORIENTED_EDGE ( 'NONE', *, *, #1605, .F. ) ;
#764 = CARTESIAN_POINT ( 'NONE',  ( 2.870277781019995089, 5.893345714271059244, -7.762218668888374751 ) ) ;
#765 = ADVANCED_FACE ( 'NONE', ( #1197 ), #336, .F. ) ;
#766 = FACE_OUTER_BOUND ( 'NONE', #664, .T. ) ;
#767 = CARTESIAN_POINT ( 'NONE',  ( 3.518455209186732269, 4.173976543141073137, -1.695678418885294692 ) ) ;
#768 = ORIENTED_EDGE ( 'NONE', *, *, #433, .T. ) ;
#769 = DIRECTION ( 'NONE',  ( 1.000000000000000000, 0.000000000000000000, 0.000000000000000000 ) ) ;
#770 = CIRCLE ( 'NONE', #882, 1.100000000000000311 ) ;
#771 = VERTEX_POINT ( 'NONE', #905 ) ;
#772 = DIRECTION ( 'NONE',  ( -0.000000000000000000, -1.000000000000000000, -0.000000000000000000 ) ) ;
#773 = CARTESIAN_POINT ( 'NONE',  ( -2.370670791041087355, 6.750000001751233825, -6.946131075677870470 ) ) ;
#774 = CARTESIAN_POINT ( 'NONE',  ( 3.899999999999999911, 4.239684429402380772, -1.766352417704411204 ) ) ;
#775 = B_SPLINE_CURVE_WITH_KNOTS ( 'NONE', 3,
 ( #1186, #186, #156, #1020, #459, #1443, #334, #1584, #1328, #875 ),
 .UNSPECIFIED., .F., .F.,
 ( 4, 2, 2, 2, 4 ),
 ( -4.995603616447493078E-06, 0.0006603592562347163986, 0.0009930366861602979434, 0.001159375401123088336, 0.001325714116085878729 ),
 .UNSPECIFIED. ) ;
#776 = CARTESIAN_POINT ( 'NONE',  ( 1.500000000000000444, 6.750000000000006217, -7.000000000000000000 ) ) ;
#777 = CARTESIAN_POINT ( 'NONE',  ( -3.519512195121950793, 4.250000000000000000, -1.680188652618468392 ) ) ;
#778 = ADVANCED_FACE ( 'NONE', ( #322, #1455 ), #1586, .T. ) ;
#779 = ORIENTED_EDGE ( 'NONE', *, *, #260, .T. ) ;
#780 = FACE_OUTER_BOUND ( 'NONE', #653, .T. ) ;
#781 = CARTESIAN_POINT ( 'NONE',  ( -3.519512195121951237, 4.194298693498420327, -1.680188652618468170 ) ) ;
#782 = VECTOR ( 'NONE', #1181, 1000.000000000000000 ) ;
#783 = DIRECTION ( 'NONE',  ( 0.000000000000000000, 1.000000000000000000, 0.000000000000000000 ) ) ;
#784 = CARTESIAN_POINT ( 'NONE',  ( -3.661865056510404948, 3.771728412995878799, -1.930413172667376998 ) ) ;
#785 = LINE ( 'NONE', #932, #489 ) ;
#786 = CARTESIAN_POINT ( 'NONE',  ( 7.000000000000000000, 6.750000000000006217, -1.500000000000001332 ) ) ;
#787 = ORIENTED_EDGE ( 'NONE', *, *, #914, .F. ) ;
#788 = DIRECTION ( 'NONE',  ( 1.000000000000000000, 0.000000000000000000, -1.146924612216070931E-16 ) ) ;
#789 = CARTESIAN_POINT ( 'NONE',  ( -3.534524017660223283, 6.749999997329535262, -6.622071927193347918 ) ) ;
#790 = AXIS2_PLACEMENT_3D ( 'NONE', #385, #1401, #396 ) ;
#791 = CARTESIAN_POINT ( 'NONE',  ( -3.899999999999999911, 4.250000000000000000, -1.766352173265569148 ) ) ;
#792 = AXIS2_PLACEMENT_3D ( 'NONE', #495, #62, #507 ) ;
#793 = CARTESIAN_POINT ( 'NONE',  ( 1.899999999999999689, 4.250000000000000000, -6.000000000000000000 ) ) ;
#794 = EDGE_CURVE ( 'NONE', #1773, #1676, #1162, .T. ) ;
#795 = CARTESIAN_POINT ( 'NONE',  ( -3.516117467203659697, 4.115344617990261078, -1.729198286369671544 ) ) ;
#796 = DIRECTION ( 'NONE',  ( 0.000000000000000000, 0.7071067811865463515, 0.7071067811865487940 ) ) ;
#797 = CARTESIAN_POINT ( 'NONE',  ( 2.143131898507868544E-16, 7.550000000000000711, 18.25000000000000000 ) ) ;
#798 = ORIENTED_EDGE ( 'NONE', *, *, #1691, .F. ) ;
#799 = DIRECTION ( 'NONE',  ( 0.000000000000000000, 0.000000000000000000, 1.000000000000000000 ) ) ;
#800 = CYLINDRICAL_SURFACE ( 'NONE', #1717, 0.2000000000000000944 ) ;
#801 = CARTESIAN_POINT ( 'NONE',  ( 3.456604443655334258, 3.782233275823278618, -2.380983353533234315 ) ) ;
#802 = FACE_OUTER_BOUND ( 'NONE', #1330, .T. ) ;
#803 = DIRECTION ( 'NONE',  ( 0.000000000000000000, 0.000000000000000000, 1.000000000000000000 ) ) ;
#804 = AXIS2_PLACEMENT_3D ( 'NONE', #1732, #1332, #1325 ) ;
#805 = DIRECTION ( 'NONE',  ( 0.000000000000000000, 1.000000000000000000, 0.000000000000000000 ) ) ;
#806 = CARTESIAN_POINT ( 'NONE',  ( -7.000000000000000000, 6.750000000000000000, -7.000000000000000000 ) ) ;
#807 = AXIS2_PLACEMENT_3D ( 'NONE', #582, #1156, #868 ) ;
#808 = EDGE_LOOP ( 'NONE', ( #1286, #1148, #820, #1386, #1460 ) ) ;
#809 = APPROVAL ( #1310, 'UNSPECIFIED' ) ;
#810 = CARTESIAN_POINT ( 'NONE',  ( 5.585786437626916623, 8.164213562373094035, -1.500000000000001110 ) ) ;
#811 = CARTESIAN_POINT ( 'NONE',  ( 2.083333333333313941, 15.83333333333334458, 14.16666666666669450 ) ) ;
#812 = VECTOR ( 'NONE', #1327, 1000.000000000000000 ) ;
#813 = CARTESIAN_POINT ( 'NONE',  ( 1.500000000000000444, 8.750000000000000000, -4.171572875253819923 ) ) ;
#814 = CARTESIAN_POINT ( 'NONE',  ( -3.805631791904517947, 3.735495782999946890, -1.306995588753308679 ) ) ;
#815 = EDGE_CURVE ( 'NONE', #881, #1309, #1576, .T. ) ;
#816 = DIRECTION ( 'NONE',  ( 0.000000000000000000, 0.000000000000000000, 1.000000000000000000 ) ) ;
#817 = EDGE_CURVE ( 'NONE', #1322, #704, #348, .T. ) ;
#818 = CARTESIAN_POINT ( 'NONE',  ( 2.371003713877619656, 6.750000001758523105, -6.946072890750733642 ) ) ;
#819 = VERTEX_POINT ( 'NONE', #488 ) ;
#820 = ORIENTED_EDGE ( 'NONE', *, *, #503, .F. ) ;
#821 = EDGE_CURVE ( 'NONE', #731, #1260, #293, .T. ) ;
#822 = CARTESIAN_POINT ( 'NONE',  ( -3.899999999999999911, 3.750000000000000000, -6.000000000000000000 ) ) ;
#823 = CARTESIAN_POINT ( 'NONE',  ( -3.517661378266821348, 4.150074719853515504, -1.707165468610343906 ) ) ;
#824 = FACE_OUTER_BOUND ( 'NONE', #1313, .T. ) ;
#825 = CARTESIAN_POINT ( 'NONE',  ( 1.910845930774339729, 6.172649731028565512, -8.000000000000001776 ) ) ;
#826 = EDGE_LOOP ( 'NONE', ( #222, #1126, #540, #798, #1255, #1730, #1540, #1608, #1552, #1238, #1549, #1261, #903, #286 ) ) ;
#827 = EDGE_LOOP ( 'NONE', ( #131, #1798 ) ) ;
#828 = PERSON_AND_ORGANIZATION ( #641, #19 ) ;
#829 = CARTESIAN_POINT ( 'NONE',  ( 1.573173141822895138, 8.603553390593274841, 21.39644660940673759 ) ) ;
#830 = VECTOR ( 'NONE', #644, 1000.000000000000000 ) ;
#831 = CARTESIAN_POINT ( 'NONE',  ( -1.499999999999999556, 6.750000000000001776, -4.171572875253819923 ) ) ;
#832 = DIRECTION ( 'NONE',  ( -1.146924612216070931E-16, 0.000000000000000000, -1.000000000000000000 ) ) ;
#833 = CARTESIAN_POINT ( 'NONE',  ( -3.877450096703492832, 3.932089602478610946, -0.9845419869138724023 ) ) ;
#834 = ORIENTED_EDGE ( 'NONE', *, *, #1448, .F. ) ;
#835 = ORIENTED_EDGE ( 'NONE', *, *, #860, .T. ) ;
#836 = EDGE_CURVE ( 'NONE', #1393, #366, #1503, .T. ) ;
#837 = CIRCLE ( 'NONE', #240, 5.500000000000000000 ) ;
#838 = CALENDAR_DATE ( 2026, 29, 7 ) ;
#839 = FACE_OUTER_BOUND ( 'NONE', #531, .T. ) ;
#840 = CARTESIAN_POINT ( 'NONE',  ( 3.517741118572279557, 4.142209527144969705, -1.706590414723271110 ) ) ;
#841 = EDGE_CURVE ( 'NONE', #560, #861, #1395, .T. ) ;
#842 = CONICAL_SURFACE ( 'NONE', #1350, 1.750000000000001554, 0.7853981633974477239 ) ;
#843 = CARTESIAN_POINT ( 'NONE',  ( -3.833710567611578579, 3.777624704443033110, -1.181037746129666832 ) ) ;
#844 = EDGE_LOOP ( 'NONE', ( #1319, #1300, #54, #1748 ) ) ;
#845 = ORIENTED_EDGE ( 'NONE', *, *, #687, .T. ) ;
#846 = ORIENTED_EDGE ( 'NONE', *, *, #1090, .F. ) ;
#847 = PERSON_AND_ORGANIZATION ( #641, #19 ) ;
#848 = CIRCLE ( 'NONE', #1558, 1.750000000000133449 ) ;
#849 = PLANE ( 'NONE',  #607 ) ;
#850 = CARTESIAN_POINT ( 'NONE',  ( 3.498645004744059595, 3.932682732037606765, -1.955633201696687973 ) ) ;
#851 = VECTOR ( 'NONE', #1075, 1000.000000000000000 ) ;
#852 = ORIENTED_EDGE ( 'NONE', *, *, #950, .F. ) ;
#853 = DIRECTION ( 'NONE',  ( 0.000000000000000000, 0.000000000000000000, 1.000000000000000000 ) ) ;
#854 = DIRECTION ( 'NONE',  ( 0.000000000000000000, 0.000000000000000000, 1.000000000000000000 ) ) ;
#855 = CARTESIAN_POINT ( 'NONE',  ( 3.519512195121951237, 4.194298693498420327, -1.680188652618468170 ) ) ;
#856 = CIRCLE ( 'NONE', #1106, 2.000000000000000000 ) ;
#857 = EDGE_LOOP ( 'NONE', ( #149, #74, #684, #1473 ) ) ;
#858 = B_SPLINE_CURVE_WITH_KNOTS ( 'NONE', 3,
 ( #1700, #275, #290, #297, #1810, #1831, #1545, #1151, #1681, #718 ),
 .UNSPECIFIED., .F., .F.,
 ( 4, 2, 2, 2, 4 ),
 ( 0.000000000000000000, 0.0004003217626435882329, 0.0008006435252871764658, 0.001601287050574349896, 0.003202574101148696756 ),
 .UNSPECIFIED. ) ;
#859 = CARTESIAN_POINT ( 'NONE',  ( 0.000000000000000000, 7.550000000000000711, 21.75000000000000355 ) ) ;
#860 = EDGE_CURVE ( 'NONE', #1139, #1676, #1081, .T. ) ;
#861 = VERTEX_POINT ( 'NONE', #64 ) ;
#862 = FACE_OUTER_BOUND ( 'NONE', #808, .T. ) ;
#863 = AXIS2_PLACEMENT_3D ( 'NONE', #185, #32, #319 ) ;
#864 = DIRECTION ( 'NONE',  ( 0.000000000000000000, 0.000000000000000000, -1.000000000000000000 ) ) ;
#865 = EDGE_CURVE ( 'NONE', #881, #1585, #497, .T. ) ;
#866 = EDGE_CURVE ( 'NONE', #63, #194, #1424, .T. ) ;
#867 = ORIENTED_EDGE ( 'NONE', *, *, #460, .F. ) ;
#868 = DIRECTION ( 'NONE',  ( 0.000000000000000000, 0.000000000000000000, 1.000000000000000000 ) ) ;
#869 = ORIENTED_EDGE ( 'NONE', *, *, #865, .F. ) ;
#870 = CARTESIAN_POINT ( 'NONE',  ( 0.000000000000000000, 7.550000000000000711, 20.00000000000000000 ) ) ;
#871 = CARTESIAN_POINT ( 'NONE',  ( 4.709095079383206262, 8.750000000000000000, 21.25000000000001066 ) ) ;
#872 = CARTESIAN_POINT ( 'NONE',  ( 3.877450096703492388, 3.932089602478610946, -0.9845419869138724023 ) ) ;
#873 = ORIENTED_EDGE ( 'NONE', *, *, #1147, .T. ) ;
#874 = FACE_OUTER_BOUND ( 'NONE', #1114, .T. ) ;
#875 = CARTESIAN_POINT ( 'NONE',  ( 3.899999999999999911, 4.250000000000000000, -1.766352173265569148 ) ) ;
#876 = CIRCLE ( 'NONE', #1418, 0.5000000000000000000 ) ;
#877 = ORIENTED_EDGE ( 'NONE', *, *, #597, .T. ) ;
#878 = CARTESIAN_POINT ( 'NONE',  ( 0.000000000000000000, 2.600252531693790559, 8.000000000000000000 ) ) ;
#879 = CARTESIAN_POINT ( 'NONE',  ( 0.000000000000000000, 7.550000000000000711, 21.75000000000000355 ) ) ;
#880 = CARTESIAN_POINT ( 'NONE',  ( 3.506595181956434715, 3.998332111380832998, -1.856260946434890924 ) ) ;
#881 = VERTEX_POINT ( 'NONE', #88 ) ;
#882 = AXIS2_PLACEMENT_3D ( 'NONE', #1618, #1767, #1351 ) ;
#883 = CARTESIAN_POINT ( 'NONE',  ( 1.899999999999999689, 4.250000000000000000, -6.000000000000000000 ) ) ;
#884 = DIRECTION ( 'NONE',  ( 1.000000000000000000, -0.000000000000000000, 0.000000000000000000 ) ) ;
#885 = ORIENTED_EDGE ( 'NONE', *, *, #1419, .F. ) ;
#886 = EDGE_CURVE ( 'NONE', #971, #269, #1092, .T. ) ;
#887 = DIRECTION ( 'NONE',  ( -1.146924612216070931E-16, 0.000000000000000000, -1.000000000000000000 ) ) ;
#888 = CC_DESIGN_APPROVAL ( #809, ( #1778 ) ) ;
#889 = EDGE_CURVE ( 'NONE', #1049, #1393, #770, .T. ) ;
#890 = CYLINDRICAL_SURFACE ( 'NONE', #956, 1.100000000000000311 ) ;
#891 = AXIS2_PLACEMENT_3D ( 'NONE', #155, #12, #1452 ) ;
#892 = APPROVAL ( #973, 'UNSPECIFIED' ) ;
#893 = EDGE_CURVE ( 'NONE', #417, #134, #1799, .T. ) ;
#894 = ORIENTED_EDGE ( 'NONE', *, *, #1389, .T. ) ;
#895 = CARTESIAN_POINT ( 'NONE',  ( -1.899999999999999689, 6.750000000000000000, -6.000000000000000000 ) ) ;
#896 = CARTESIAN_POINT ( 'NONE',  ( 3.899999999999999911, 4.250000000000000000, -6.000000000000000000 ) ) ;
#897 = ORIENTED_EDGE ( 'NONE', *, *, #129, .T. ) ;
#898 = DIRECTION ( 'NONE',  ( 0.000000000000000000, 1.000000000000000000, -0.000000000000000000 ) ) ;
#899 = DIRECTION ( 'NONE',  ( -0.000000000000000000, -1.000000000000000000, 0.000000000000000000 ) ) ;
#900 = CARTESIAN_POINT ( 'NONE',  ( 3.899681882717508152, 4.229627374395890982, -1.767195636654422586 ) ) ;
#901 = DIRECTION ( 'NONE',  ( 0.000000000000000000, 1.000000000000000000, 0.000000000000000000 ) ) ;
#902 = LINE ( 'NONE', #469, #20 ) ;
#903 = ORIENTED_EDGE ( 'NONE', *, *, #1171, .T. ) ;
#904 = ORIENTED_EDGE ( 'NONE', *, *, #1125, .F. ) ;
#905 = CARTESIAN_POINT ( 'NONE',  ( 1.573173141822895138, 8.603553390593274841, 21.39644660940673759 ) ) ;
#906 = CARTESIAN_POINT ( 'NONE',  ( -1.857640904406339333, 5.017949191988154922, -8.000000000000000000 ) ) ;
#907 = CARTESIAN_POINT ( 'NONE',  ( 3.898491777048612938, 4.209962817219057740, -1.770344340388715354 ) ) ;
#908 = CARTESIAN_POINT ( 'NONE',  ( 2.015915940696048736, 8.750000000000001776, 21.25000000000000711 ) ) ;
#909 = CARTESIAN_POINT ( 'NONE',  ( 0.000000000000000000, 6.750000000000000000, 8.000000000000000000 ) ) ;
#910 = DIRECTION ( 'NONE',  ( 1.000000000000000000, 0.000000000000000000, 0.000000000000000000 ) ) ;
#911 = AXIS2_PLACEMENT_3D ( 'NONE', #585, #887, #1178 ) ;
#912 = ORIENTED_EDGE ( 'NONE', *, *, #453, .F. ) ;
#913 = CARTESIAN_POINT ( 'NONE',  ( 3.810833922729931267, 6.721821971698884290, -6.605286679301862307 ) ) ;
#914 = EDGE_CURVE ( 'NONE', #576, #1696, #1067, .T. ) ;
#915 = DIRECTION ( 'NONE',  ( 0.000000000000000000, 0.000000000000000000, 1.000000000000000000 ) ) ;
#916 = DIRECTION ( 'NONE',  ( 1.000000000000000000, 0.000000000000000000, 0.000000000000000000 ) ) ;
#917 = VECTOR ( 'NONE', #90, 1000.000000000000000 ) ;
#918 = DIRECTION ( 'NONE',  ( 0.000000000000000000, 0.7071067811865487940, 0.7071067811865463515 ) ) ;
#919 = CARTESIAN_POINT ( 'NONE',  ( -3.399999999999999911, 3.750000000000000444, -2.792848008753787248 ) ) ;
#920 = DIRECTION ( 'NONE',  ( 0.000000000000000000, -1.000000000000000000, 0.000000000000000000 ) ) ;
#921 = DIRECTION ( 'NONE',  ( 0.000000000000000000, 1.000000000000000000, 0.000000000000000000 ) ) ;
#922 = EDGE_CURVE ( 'NONE', #1696, #715, #75, .T. ) ;
#923 = ORIENTED_EDGE ( 'NONE', *, *, #650, .T. ) ;
#924 = CARTESIAN_POINT ( 'NONE',  ( -3.699999999999999734, 4.250000000000000000, -1.566352173265568970 ) ) ;
#925 = DIRECTION ( 'NONE',  ( -0.000000000000000000, 1.000000000000000000, -0.000000000000000000 ) ) ;
#926 = CARTESIAN_POINT ( 'NONE',  ( 3.399999999999999911, 3.750000000000000444, -2.792848008753787248 ) ) ;
#927 = AXIS2_PLACEMENT_3D ( 'NONE', #1514, #1621, #243 ) ;
#928 = FACE_BOUND ( 'NONE', #827, .T. ) ;
#929 = LINE ( 'NONE', #1770, #851 ) ;
#930 = EDGE_CURVE ( 'NONE', #1188, #1139, #205, .T. ) ;
#931 = AXIS2_PLACEMENT_3D ( 'NONE', #722, #127, #1423 ) ;
#932 = CARTESIAN_POINT ( 'NONE',  ( 1.899999999999999689, 3.750000000000000000, -7.500000000000000000 ) ) ;
#933 = DIRECTION ( 'NONE',  ( 0.000000000000000000, 0.000000000000000000, 1.000000000000000000 ) ) ;
#934 = ORIENTED_EDGE ( 'NONE', *, *, #481, .F. ) ;
#935 = VERTEX_POINT ( 'NONE', #924 ) ;
#936 = DIRECTION ( 'NONE',  ( -0.000000000000000000, -1.000000000000000000, -0.000000000000000000 ) ) ;
#937 = DIRECTION ( 'NONE',  ( 0.000000000000000000, 1.000000000000000000, 0.000000000000000000 ) ) ;
#938 = CARTESIAN_POINT ( 'NONE',  ( 1.500000000000000444, 6.750000000000000000, -7.000000000000000000 ) ) ;
#939 = CIRCLE ( 'NONE', #463, 1.750000000000001554 ) ;
#940 = CIRCLE ( 'NONE', #1187, 1.750000000000001554 ) ;
#941 = CARTESIAN_POINT ( 'NONE',  ( -3.899999999999999911, 6.750000000000000000, -6.000000000000000000 ) ) ;
#942 = CARTESIAN_POINT ( 'NONE',  ( -3.712532068629552651, 3.748819425383978388, -1.719347098274836005 ) ) ;
#943 = ADVANCED_FACE ( 'NONE', ( #780 ), #1493, .T. ) ;
#944 = LINE ( 'NONE', #760, #812 ) ;
#945 = DIRECTION ( 'NONE',  ( 0.000000000000000000, 1.000000000000000000, 0.000000000000000000 ) ) ;
#946 = ORIENTED_EDGE ( 'NONE', *, *, #860, .F. ) ;
#947 = ORIENTED_EDGE ( 'NONE', *, *, #1240, .F. ) ;
#948 = CARTESIAN_POINT ( 'NONE',  ( 0.000000000000000000, 8.603553390593273065, 20.00000000000000000 ) ) ;
#949 = VECTOR ( 'NONE', #654, 1000.000000000000000 ) ;
#950 = EDGE_CURVE ( 'NONE', #1685, #318, #985, .T. ) ;
#951 = CARTESIAN_POINT ( 'NONE',  ( -2.325341066308932891, 6.183486285290430651, -8.000000000000000000 ) ) ;
#952 = CARTESIAN_POINT ( 'NONE',  ( -3.457656590023156618, 3.794267641459967866, -2.363615446798869257 ) ) ;
#953 = DIRECTION ( 'NONE',  ( -1.000000000000000000, -0.000000000000000000, -0.000000000000000000 ) ) ;
#954 = EDGE_CURVE ( 'NONE', #727, #1688, #1334, .T. ) ;
#955 = CARTESIAN_POINT ( 'NONE',  ( -3.499088519937108011, 3.942170850294294038, -1.948054455912547223 ) ) ;
#956 = AXIS2_PLACEMENT_3D ( 'NONE', #323, #1578, #39 ) ;
#957 = PLANE ( 'NONE',  #1274 ) ;
#958 = DIRECTION ( 'NONE',  ( -1.000000000000000000, 0.000000000000000000, 0.000000000000000000 ) ) ;
#959 = EDGE_CURVE ( 'NONE', #1213, #1441, #1450, .T. ) ;
#960 = CIRCLE ( 'NONE', #422, 0.2000000000000000944 ) ;
#961 = ORIENTED_EDGE ( 'NONE', *, *, #1264, .T. ) ;
#962 = ORIENTED_EDGE ( 'NONE', *, *, #1557, .T. ) ;
#963 = CALENDAR_DATE ( 2026, 29, 7 ) ;
#964 = DIRECTION ( 'NONE',  ( 0.000000000000000000, 0.7071067811865487940, 0.7071067811865463515 ) ) ;
#965 = VECTOR ( 'NONE', #1547, 1000.000000000000000 ) ;
#966 = CARTESIAN_POINT ( 'NONE',  ( -3.775855638340587905, 3.919002430666637338, -2.069780782923749562 ) ) ;
#967 = DESIGN_CONTEXT ( 'detailed design', #617, 'design' ) ;
#968 = PLANE ( 'NONE',  #635 ) ;
#969 = CARTESIAN_POINT ( 'NONE',  ( 3.107110319408504129, 6.243574696055612883, -8.000000000000000000 ) ) ;
#970 = ORIENTED_EDGE ( 'NONE', *, *, #450, .T. ) ;
#971 = VERTEX_POINT ( 'NONE', #1019 ) ;
#972 = ORIENTED_EDGE ( 'NONE', *, *, #1361, .F. ) ;
#973 = APPROVAL_STATUS ( 'not_yet_approved' ) ;
#974 = CARTESIAN_POINT ( 'NONE',  ( 3.699999999999999734, 4.250000000000000000, -1.566352173265569192 ) ) ;
#975 = CARTESIAN_POINT ( 'NONE',  ( 4.171572875253822588, 8.750000000000000000, -4.784479602281570004E-16 ) ) ;
#976 = AXIS2_PLACEMENT_3D ( 'NONE', #232, #1355, #803 ) ;
#977 = DIRECTION ( 'NONE',  ( 0.000000000000000000, 0.7071067811865463515, -0.7071067811865487940 ) ) ;
#978 = CARTESIAN_POINT ( 'NONE',  ( -3.899681882717508152, 4.229627374395890982, -1.767195636654422586 ) ) ;
#979 = ORIENTED_EDGE ( 'NONE', *, *, #1064, .T. ) ;
#980 = ORIENTED_EDGE ( 'NONE', *, *, #1551, .F. ) ;
#981 = APPLICATION_PROTOCOL_DEFINITION ( 'international standard', 'config_control_design', 1994, #617 ) ;
#982 = CYLINDRICAL_SURFACE ( 'NONE', #1465, 2.000000000000000000 ) ;
#983 = EDGE_CURVE ( 'NONE', #712, #329, #856, .T. ) ;
#984 = EDGE_CURVE ( 'NONE', #712, #387, #534, .T. ) ;
#985 = CIRCLE ( 'NONE', #169, 0.2000000000000000944 ) ;
#986 = DIRECTION ( 'NONE',  ( 1.000000000000000000, 0.000000000000000000, 0.000000000000000000 ) ) ;
#987 = CARTESIAN_POINT ( 'NONE',  ( -3.899999999999999911, 4.250000000000000000, -6.000000000000000000 ) ) ;
#988 = CARTESIAN_POINT ( 'NONE',  ( -3.518455209186732269, 4.173976543141073137, -1.695678418885294692 ) ) ;
#989 = APPROVAL_PERSON_ORGANIZATION ( #705, #809, #1534 ) ;
#990 = ORIENTED_EDGE ( 'NONE', *, *, #1284, .T. ) ;
#991 = ORIENTED_EDGE ( 'NONE', *, *, #568, .F. ) ;
#992 = AXIS2_PLACEMENT_3D ( 'NONE', #621, #884, #742 ) ;
#993 = EDGE_LOOP ( 'NONE', ( #1721, #1595, #1532, #1835 ) ) ;
#994 = DIRECTION ( 'NONE',  ( 8.659560562354926695E-17, 0.7071067811865479058, -0.7071067811865470176 ) ) ;
#995 = DIRECTION ( 'NONE',  ( -0.000000000000000000, 1.000000000000000000, -0.000000000000000000 ) ) ;
#996 = EDGE_LOOP ( 'NONE', ( #980, #602, #1292, #634 ) ) ;
#997 = CARTESIAN_POINT ( 'NONE',  ( 0.000000000000000000, 0.000000000000000000, 0.000000000000000000 ) ) ;
#998 = AXIS2_PLACEMENT_3D ( 'NONE', #1445, #1031, #1296 ) ;
#999 = DIRECTION ( 'NONE',  ( 1.000000000000000000, 0.000000000000000000, 0.000000000000000000 ) ) ;
#1000 = DIRECTION ( 'NONE',  ( 0.000000000000000000, 0.000000000000000000, 1.000000000000000000 ) ) ;
#1001 = ADVANCED_FACE ( 'NONE', ( #1461 ), #1003, .T. ) ;
#1002 = ORIENTED_EDGE ( 'NONE', *, *, #268, .T. ) ;
#1003 = CYLINDRICAL_SURFACE ( 'NONE', #1712, 0.2000000000000000944 ) ;
#1004 = VERTEX_POINT ( 'NONE', #859 ) ;
#1005 = LINE ( 'NONE', #1809, #368 ) ;
#1006 = ADVANCED_FACE ( 'NONE', ( #1708 ), #1427, .F. ) ;
#1007 = DIRECTION ( 'NONE',  ( 0.000000000000000000, 0.000000000000000000, 1.000000000000000000 ) ) ;
#1008 = EDGE_CURVE ( 'NONE', #154, #86, #1293, .T. ) ;
#1009 = VECTOR ( 'NONE', #1015, 1000.000000000000000 ) ;
#1010 = EDGE_CURVE ( 'NONE', #63, #1773, #1750, .T. ) ;
#1011 = ORIENTED_EDGE ( 'NONE', *, *, #1738, .F. ) ;
#1012 = DIRECTION ( 'NONE',  ( 0.000000000000000000, 0.000000000000000000, -1.000000000000000000 ) ) ;
#1013 = DIRECTION ( 'NONE',  ( 0.000000000000000000, 0.000000000000000000, -1.000000000000000000 ) ) ;
#1014 = ORIENTED_EDGE ( 'NONE', *, *, #1125, .T. ) ;
#1015 = DIRECTION ( 'NONE',  ( -0.000000000000000000, 1.000000000000000000, -0.000000000000000000 ) ) ;
#1016 = CARTESIAN_POINT ( 'NONE',  ( 3.511678205672413622, 4.048993982629156108, -1.790268899104440203 ) ) ;
#1017 = ORIENTED_EDGE ( 'NONE', *, *, #1530, .F. ) ;
#1018 = CIRCLE ( 'NONE', #1266, 2.000000000000000000 ) ;
#1019 = CARTESIAN_POINT ( 'NONE',  ( -1.499999999999999556, 5.017949192431025551, -8.000000000000000000 ) ) ;
#1020 = CARTESIAN_POINT ( 'NONE',  ( 3.750929829200386312, 3.889432811856715411, -2.126983591865035716 ) ) ;
#1021 = B_SPLINE_CURVE_WITH_KNOTS ( 'NONE', 3,
 ( #619, #1193, #1615, #1471, #342, #1480 ),
 .UNSPECIFIED., .F., .F.,
 ( 4, 2, 4 ),
 ( 4.180073950106961038E-17, 0.0002924608771833519172, 0.0005849217543666620925 ),
 .UNSPECIFIED. ) ;
#1022 = ORIENTED_EDGE ( 'NONE', *, *, #1099, .T. ) ;
#1023 = CARTESIAN_POINT ( 'NONE',  ( -3.699999999999999734, 3.750000000000000000, -1.566352173265568970 ) ) ;
#1024 = CARTESIAN_POINT ( 'NONE',  ( 0.000000000000000000, 6.750000000000000000, 0.000000000000000000 ) ) ;
#1025 = CARTESIAN_POINT ( 'NONE',  ( 3.685009910908640052, 3.763880650289952445, -1.835713918043030413 ) ) ;
#1026 = EDGE_CURVE ( 'NONE', #643, #1703, #960, .T. ) ;
#1027 = ORIENTED_EDGE ( 'NONE', *, *, #1605, .T. ) ;
#1028 = DIRECTION ( 'NONE',  ( 0.000000000000000000, 0.000000000000000000, 1.000000000000000000 ) ) ;
#1029 = CARTESIAN_POINT ( 'NONE',  ( 3.399999999999999911, 3.750000000000000000, -6.000000000000000000 ) ) ;
#1030 = ORIENTED_EDGE ( 'NONE', *, *, #365, .F. ) ;
#1031 = DIRECTION ( 'NONE',  ( 0.000000000000000000, 1.000000000000000000, 0.000000000000000000 ) ) ;
#1032 = CARTESIAN_POINT ( 'NONE',  ( 5.205700842048696764, 8.544299157951316559, 21.45570084204868877 ) ) ;
#1033 = EDGE_CURVE ( 'NONE', #581, #363, #1287, .T. ) ;
#1034 = CARTESIAN_POINT ( 'NONE',  ( 3.849923954595144249, 4.031108715356513272, -1.894509910561132049 ) ) ;
#1035 = ADVANCED_FACE ( 'NONE', ( #874 ), #598, .T. ) ;
#1036 = ORIENTED_EDGE ( 'NONE', *, *, #736, .T. ) ;
#1037 = CARTESIAN_POINT ( 'NONE',  ( 1.500000000000000444, 8.750000000000000000, -1.500000000000000444 ) ) ;
#1038 = DIRECTION ( 'NONE',  ( -0.000000000000000000, -1.000000000000000000, -0.000000000000000000 ) ) ;
#1039 = ORIENTED_EDGE ( 'NONE', *, *, #541, .F. ) ;
#1040 = CARTESIAN_POINT ( 'NONE',  ( 0.000000000000000000, 7.550000000000000711, 20.00000000000000000 ) ) ;
#1041 = DIRECTION ( 'NONE',  ( 1.146924612216070931E-16, -0.000000000000000000, 1.000000000000000000 ) ) ;
#1042 = ADVANCED_FACE ( 'NONE', ( #761 ), #147, .T. ) ;
#1043 = CARTESIAN_POINT ( 'NONE',  ( 3.874251136720494593, 4.091108352488189048, -1.833330331517565526 ) ) ;
#1044 = VECTOR ( 'NONE', #506, 1000.000000000000000 ) ;
#1045 = DIRECTION ( 'NONE',  ( 0.000000000000000000, 0.000000000000000000, 1.000000000000000000 ) ) ;
#1046 = CARTESIAN_POINT ( 'NONE',  ( 3.899999999999999911, 6.750000000000000000, -8.000000000000000000 ) ) ;
#1047 = FACE_OUTER_BOUND ( 'NONE', #1451, .T. ) ;
#1048 = ORIENTED_EDGE ( 'NONE', *, *, #757, .F. ) ;
#1049 = VERTEX_POINT ( 'NONE', #1442 ) ;
#1050 = CARTESIAN_POINT ( 'NONE',  ( 3.767804551493826981, 6.683580223693832423, -6.725939345769273991 ) ) ;
#1051 = CARTESIAN_POINT ( 'NONE',  ( 3.899999999999999911, 4.250000000000000000, -1.766352173265569148 ) ) ;
#1052 = CARTESIAN_POINT ( 'NONE',  ( 3.661865056510404948, 3.771728412995878799, -1.930413172667376998 ) ) ;
#1053 = FACE_OUTER_BOUND ( 'NONE', #1435, .T. ) ;
#1054 = ORIENTED_EDGE ( 'NONE', *, *, #597, .F. ) ;
#1055 = ADVANCED_FACE ( 'NONE', ( #300 ), #355, .T. ) ;
#1056 = CARTESIAN_POINT ( 'NONE',  ( -3.399999999999994582, 3.750000000000000000, -2.792848008753793909 ) ) ;
#1057 = VERTEX_POINT ( 'NONE', #1433 ) ;
#1058 = VECTOR ( 'NONE', #564, 1000.000000000000000 ) ;
#1059 = CARTESIAN_POINT ( 'NONE',  ( 3.842475303368723782, 6.750000000000000000, -6.476224417478336548 ) ) ;
#1060 = CARTESIAN_POINT ( 'NONE',  ( -3.399999999999999911, 4.250000000000000000, 0.000000000000000000 ) ) ;
#1061 = CARTESIAN_POINT ( 'NONE',  ( 3.538414869324793433, 3.762772758601145462, -2.381748831582313208 ) ) ;
#1062 = CARTESIAN_POINT ( 'NONE',  ( 0.000000000000000000, 7.550000000000000711, 18.89999999999999858 ) ) ;
#1063 = DIRECTION ( 'NONE',  ( 0.000000000000000000, 1.000000000000000000, 0.000000000000000000 ) ) ;
#1064 = EDGE_CURVE ( 'NONE', #1463, #475, #458, .T. ) ;
#1065 = ORIENTED_EDGE ( 'NONE', *, *, #1526, .T. ) ;
#1066 = CARTESIAN_POINT ( 'NONE',  ( -1.899999999999999689, 3.750000000000000000, -8.000000000000000000 ) ) ;
#1067 = CIRCLE ( 'NONE', #1656, 4.085786437626916623 ) ;
#1069 = ORIENTED_EDGE ( 'NONE', *, *, #525, .F. ) ;
#1068 = AXIS2_PLACEMENT_3D ( 'NONE', #1672, #717, #1282 ) ;
#1070 = DIRECTION ( 'NONE',  ( 0.000000000000000000, 0.000000000000000000, 1.000000000000000000 ) ) ;
#1071 = CARTESIAN_POINT ( 'NONE',  ( -2.922591818576884215, 4.911726755400535716, -8.000000000000000000 ) ) ;
#1072 = CARTESIAN_POINT ( 'NONE',  ( -3.512662385191390513, 4.056956550566409803, -1.777404181326482480 ) ) ;
#1073 = APPROVAL_PERSON_ORGANIZATION ( #847, #892, #250 ) ;
#1074 = DIRECTION ( 'NONE',  ( 0.000000000000000000, -0.000000000000000000, 1.000000000000000000 ) ) ;
#1075 = DIRECTION ( 'NONE',  ( -1.146924612216070931E-16, -0.000000000000000000, -1.000000000000000000 ) ) ;
#1076 = VECTOR ( 'NONE', #23, 999.9999999999998863 ) ;
#1077 = PLANE ( 'NONE',  #1152 ) ;
#1078 = CARTESIAN_POINT ( 'NONE',  ( 3.399999999999999911, 4.250000000000000000, 0.000000000000000000 ) ) ;
#1079 = ORIENTED_EDGE ( 'NONE', *, *, #341, .F. ) ;
#1080 = ORIENTED_EDGE ( 'NONE', *, *, #794, .T. ) ;
#1081 = LINE ( 'NONE', #1757, #949 ) ;
#1082 = CARTESIAN_POINT ( 'NONE',  ( -3.489735076436368377, 3.889060720660562520, -2.056131650498119079 ) ) ;
#1083 = EDGE_CURVE ( 'NONE', #1004, #1539, #1839, .T. ) ;
#1084 = VECTOR ( 'NONE', #1790, 1000.000000000000000 ) ;
#1085 = DIRECTION ( 'NONE',  ( -1.000000000000000000, 0.000000000000000000, 0.000000000000000000 ) ) ;
#1086 = CARTESIAN_POINT ( 'NONE',  ( -3.751653598587410432, 3.724572310188007940, -1.547922171717470263 ) ) ;
#1087 = CIRCLE ( 'NONE', #1729, 2.000000000000000000 ) ;
#1088 = DIRECTION ( 'NONE',  ( 1.000000000000000000, 0.000000000000000000, -0.000000000000000000 ) ) ;
#1089 = CARTESIAN_POINT ( 'NONE',  ( 0.000000000000000000, 6.750000000000000888, -4.171572875253819923 ) ) ;
#1090 = EDGE_CURVE ( 'NONE', #1786, #581, #1402, .T. ) ;
#1091 = VERTEX_POINT ( 'NONE', #741 ) ;
#1092 = LINE ( 'NONE', #1628, #830 ) ;
#1093 = EDGE_CURVE ( 'NONE', #36, #1280, #325, .T. ) ;
#1094 = CARTESIAN_POINT ( 'NONE',  ( -3.811459512897528157, 6.382056654986753230, -8.000000000000000000 ) ) ;
#1095 = CARTESIAN_POINT ( 'NONE',  ( 7.000000000000003553, 6.750000000000000000, 23.25000000000000000 ) ) ;
#1096 = CIRCLE ( 'NONE', #287, 4.085786437626916623 ) ;
#1097 = CARTESIAN_POINT ( 'NONE',  ( 1.656083510212884802, 8.640819780516068249, 21.35918021948394596 ) ) ;
#1098 = CARTESIAN_POINT ( 'NONE',  ( -3.514714063940294064, 4.091108353180884727, -1.748820197925056164 ) ) ;
#1099 = EDGE_CURVE ( 'NONE', #1393, #1049, #274, .T. ) ;
#1100 = CARTESIAN_POINT ( 'NONE',  ( 0.000000000000000000, 3.750000000000000000, 0.000000000000000000 ) ) ;
#1101 = DIRECTION ( 'NONE',  ( 0.000000000000000000, 1.000000000000000000, 0.000000000000000000 ) ) ;
#1102 = ORIENTED_EDGE ( 'NONE', *, *, #1699, .T. ) ;
#1103 = ORIENTED_EDGE ( 'NONE', *, *, #129, .F. ) ;
#1104 = CARTESIAN_POINT ( 'NONE',  ( 0.000000000000000000, 8.164213562373092259, -5.585786437626917511 ) ) ;
#1105 =( BOUNDED_SURFACE ( )  B_SPLINE_SURFACE ( 3, 2, ( 
 ( #1403, #1538, #1410 ),
 ( #397, #415, #1667 ),
 ( #122, #969, #1384 ),
 ( #103, #1529, #818 ),
 ( #255, #825, #1392 ),
 ( #1812, #112, #548 ) ),
 .UNSPECIFIED., .F., .F., .F. ) 
 B_SPLINE_SURFACE_WITH_KNOTS ( ( 4, 2, 4 ),
 ( 3, 3 ),
 ( 0.002581294012759788488, 0.003646693088437178484, 0.004712092164114568479 ),
 ( 0.000000000000000000, 1.000000000000000000 ),
 .UNSPECIFIED. ) 
 GEOMETRIC_REPRESENTATION_ITEM ( )  RATIONAL_B_SPLINE_SURFACE ( (
 ( 1.000000000000000000, 0.7859406574293725800, 1.000000000000000000),
 ( 1.000000000000000000, 0.8100344768398307638, 1.000000000000000000),
 ( 1.000000000000000000, 0.8302614475413073736, 1.000000000000000000),
 ( 1.000000000000000000, 0.8583210696069240031, 1.000000000000000000),
 ( 1.000000000000000000, 0.8660862607355666043, 1.000000000000000000),
 ( 1.000000000000000000, 0.8660254037844393737, 1.000000000000000000) ) ) 
 REPRESENTATION_ITEM ( '' )  SURFACE ( )  );
#1106 = AXIS2_PLACEMENT_3D ( 'NONE', #895, #726, #309 ) ;
#1107 = EDGE_LOOP ( 'NONE', ( #961, #249, #1754, #588 ) ) ;
#1108 = CARTESIAN_POINT ( 'NONE',  ( -3.630989472887963920, 4.819034013621416257, -8.000000000000000000 ) ) ;
#1109 = DIRECTION ( 'NONE',  ( 0.000000000000000000, 1.734723475976807094E-15, -1.000000000000000000 ) ) ;
#1110 = CARTESIAN_POINT ( 'NONE',  ( -3.516774092129233864, 4.128345090784913296, -1.719887524967167236 ) ) ;
#1111 = FACE_OUTER_BOUND ( 'NONE', #267, .T. ) ;
#1112 = CARTESIAN_POINT ( 'NONE',  ( -3.518684938978799526, 4.182463180240551637, -1.692330912445743740 ) ) ;
#1113 = TOROIDAL_SURFACE ( 'NONE', #1516, 2.671572875253819035, 2.000000000000000000 ) ;
#1114 = EDGE_LOOP ( 'NONE', ( #518, #113, #912, #1808, #105 ) ) ;
#1115 = ORIENTED_EDGE ( 'NONE', *, *, #922, .F. ) ;
#1116 = ORIENTED_EDGE ( 'NONE', *, *, #1083, .T. ) ;
#1117 = SHAPE_DEFINITION_REPRESENTATION ( #226, #209 ) ;
#1118 = DIRECTION ( 'NONE',  ( -0.000000000000000000, -1.000000000000000000, -0.000000000000000000 ) ) ;
#1119 = VECTOR ( 'NONE', #661, 1000.000000000000000 ) ;
#1120 = DIRECTION ( 'NONE',  ( 0.000000000000000000, 0.000000000000000000, 1.000000000000000000 ) ) ;
#1121 = VECTOR ( 'NONE', #1388, 1000.000000000000000 ) ;
#1122 = CARTESIAN_POINT ( 'NONE',  ( -5.000000000000010658, 8.750000000000000000, 5.734623061080366239E-16 ) ) ;
#1123 = CARTESIAN_POINT ( 'NONE',  ( -3.899999999999999911, 4.250000000000000000, -1.766352173265566261 ) ) ;
#1124 = ORIENTED_EDGE ( 'NONE', *, *, #959, .T. ) ;
#1125 = EDGE_CURVE ( 'NONE', #194, #63, #175, .T. ) ;
#1126 = ORIENTED_EDGE ( 'NONE', *, *, #1554, .T. ) ;
#1127 = DIRECTION ( 'NONE',  ( 0.000000000000000000, 1.000000000000000000, -0.000000000000000000 ) ) ;
#1128 = CARTESIAN_POINT ( 'NONE',  ( 3.519512195121950793, 4.250000000000000000, -1.680188652618468392 ) ) ;
#1129 = CIRCLE ( 'NONE', #313, 0.2000000000000000944 ) ;
#1130 = CARTESIAN_POINT ( 'NONE',  ( 5.000000000000017764, 8.750000000000000000, 21.25000000000001066 ) ) ;
#1131 = CARTESIAN_POINT ( 'NONE',  ( -3.519512195121950793, 4.250000000000000000, -1.680188652618465284 ) ) ;
#1132 = ORIENTED_EDGE ( 'NONE', *, *, #1581, .F. ) ;
#1133 = EDGE_CURVE ( 'NONE', #496, #1091, #1214, .T. ) ;
#1134 = EDGE_LOOP ( 'NONE', ( #1116, #303 ) ) ;
#1135 = ORIENTED_EDGE ( 'NONE', *, *, #1771, .F. ) ;
#1136 = CARTESIAN_POINT ( 'NONE',  ( 1.899999999999999689, 3.750000000000000000, -6.000000000000000000 ) ) ;
#1137 = CYLINDRICAL_SURFACE ( 'NONE', #1734, 0.2000000000000000944 ) ;
#1138 =( GEOMETRIC_REPRESENTATION_CONTEXT ( 3 ) GLOBAL_UNCERTAINTY_ASSIGNED_CONTEXT ( ( #1666 ) ) GLOBAL_UNIT_ASSIGNED_CONTEXT ( ( #1789, #66, #1219 ) ) REPRESENTATION_CONTEXT ( 'NONE', 'WORKASPACE' ) );
#1139 = VERTEX_POINT ( 'NONE', #320 ) ;
#1140 = VERTEX_POINT ( 'NONE', #1294 ) ;
#1141 = AXIS2_PLACEMENT_3D ( 'NONE', #468, #150, #1012 ) ;
#1142 = DATE_AND_TIME ( #838, #270 ) ;
#1143 = FACE_OUTER_BOUND ( 'NONE', #1701, .T. ) ;
#1144 = CARTESIAN_POINT ( 'NONE',  ( -3.699999999999999734, 3.750000000000000000, -1.766352173265569148 ) ) ;
#1145 = PRODUCT_DEFINITION ( 'UNKNOWN', '', #745, #967 ) ;
#1146 = VERTEX_POINT ( 'NONE', #732 ) ;
#1147 = EDGE_CURVE ( 'NONE', #318, #36, #1321, .T. ) ;
#1148 = ORIENTED_EDGE ( 'NONE', *, *, #1796, .T. ) ;
#1149 = CARTESIAN_POINT ( 'NONE',  ( 0.000000000000000000, 4.250000000000000000, 0.000000000000000000 ) ) ;
#1150 = EDGE_CURVE ( 'NONE', #1539, #1004, #508, .T. ) ;
#1151 = CARTESIAN_POINT ( 'NONE',  ( -2.692991982041868848, 5.737193199110333985, -7.886419685982843930 ) ) ;
#1152 = AXIS2_PLACEMENT_3D ( 'NONE', #631, #1645, #71 ) ;
#1153 = CIRCLE ( 'NONE', #406, 1.100000000000000311 ) ;
#1154 = EDGE_CURVE ( 'NONE', #1260, #142, #902, .T. ) ;
#1155 = ORIENTED_EDGE ( 'NONE', *, *, #1235, .F. ) ;
#1156 = DIRECTION ( 'NONE',  ( 0.000000000000000000, 1.000000000000000000, 0.000000000000000000 ) ) ;
#1157 = DIRECTION ( 'NONE',  ( 0.000000000000000000, -1.000000000000000000, 0.000000000000000000 ) ) ;
#1158 = ORIENTED_EDGE ( 'NONE', *, *, #1235, .T. ) ;
#1159 = CARTESIAN_POINT ( 'NONE',  ( 3.699999999999999734, 3.750000000000000000, -1.766352173265569148 ) ) ;
#1160 = DIRECTION ( 'NONE',  ( 0.000000000000000000, 0.000000000000000000, 1.000000000000000000 ) ) ;
#1161 =( BOUNDED_SURFACE ( )  B_SPLINE_SURFACE ( 3, 2, ( 
 ( #1123, #246, #1131 ),
 ( #1675, #1548, #405 ),
 ( #978, #1269, #1806 ),
 ( #265, #833, #701 ),
 ( #538, #1822, #557 ),
 ( #1684, #710, #1112 ),
 ( #1277, #843, #988 ),
 ( #277, #1832, #669 ),
 ( #1793, #814, #823 ),
 ( #515, #219, #1110 ),
 ( #1243, #535, #795 ),
 ( #1365, #1086, #1098 ),
 ( #524, #59, #252 ),
 ( #1382, #1654, #1664 ),
 ( #658, #942, #100 ),
 ( #1784, #394, #372 ),
 ( #351, #384, #639 ),
 ( #1374, #784, #955 ),
 ( #966, #80, #1507 ),
 ( #1525, #361, #1515 ),
 ( #1230, #244, #1212 ),
 ( #677, #93, #502 ),
 ( #1251, #1761, #1644 ),
 ( #1803, #493, #919 ) ),
 .UNSPECIFIED., .F., .F., .F. ) 
 B_SPLINE_SURFACE_WITH_KNOTS ( ( 4, 2, 2, 2, 2, 2, 2, 2, 2, 2, 2, 4 ),
 ( 3, 3 ),
 ( -8.538092108323347418E-19, 1.827568760328220112E-05, 3.655137520656525605E-05, 5.482706280984831436E-05, 7.310275041313136590E-05, 0.0001096541256196974825, 0.0001462055008262635992, 0.0002193082512393958324, 0.0002924110016525280657, 0.0004386165024787925322, 0.0005848220033050569987, 0.001169644006610114865 ),
 ( 0.000000000000000000, 1.000000000000000000 ),
 .UNSPECIFIED. ) 
 GEOMETRIC_REPRESENTATION_ITEM ( )  RATIONAL_B_SPLINE_SURFACE ( (
 ( 1.000000000000000000, 0.2208630521496932064, 1.000000000000000000),
 ( 1.000000000000000000, 0.2208514152420843479, 1.000000000000000000),
 ( 1.000000000000000000, 0.2237471989038509190, 1.000000000000000000),
 ( 1.000000000000000000, 0.2339795798733461663, 1.000000000000000000),
 ( 1.000000000000000000, 0.2413279890480085621, 1.000000000000000000),
 ( 1.000000000000000000, 0.2579020125266917596, 1.000000000000000000),
 ( 1.000000000000000000, 0.2672007763197469798, 1.000000000000000000),
 ( 1.000000000000000000, 0.2866584046642766115, 1.000000000000000000),
 ( 1.000000000000000000, 0.2966689234216099424, 1.000000000000000000),
 ( 1.000000000000000000, 0.3265448229417525217, 1.000000000000000000),
 ( 1.000000000000000000, 0.3463284122930594400, 1.000000000000000000),
 ( 1.000000000000000000, 0.3845341654852942881, 1.000000000000000000),
 ( 1.000000000000000000, 0.4028192168091496161, 1.000000000000000000),
 ( 1.000000000000000000, 0.4549341501962319012, 1.000000000000000000),
 ( 1.000000000000000000, 0.4863646461362490236, 1.000000000000000000),
 ( 1.000000000000000000, 0.5446061573840341730, 1.000000000000000000),
 ( 1.000000000000000000, 0.5714048724131308710, 1.000000000000000000),
 ( 1.000000000000000000, 0.6465731443364053366, 1.000000000000000000),
 ( 1.000000000000000000, 0.6893464977889449674, 1.000000000000000000),
 ( 1.000000000000000000, 0.7648969438342319016, 1.000000000000000000),
 ( 1.000000000000000000, 0.7976929281263378524, 1.000000000000000000),
 ( 1.000000000000000000, 0.9421307153264520950, 1.000000000000000000),
 ( 1.000000000000000000, 0.9980636103178927021, 1.000000000000000000),
 ( 1.000000000000000000, 1.000000000000000000, 1.000000000000000000) ) ) 
 REPRESENTATION_ITEM ( '' )  SURFACE ( )  );
#1162 = CIRCLE ( 'NONE', #81, 2.103553390593402295 ) ;
#1163 = EDGE_LOOP ( 'NONE', ( #416, #193, #577, #897, #1124, #1598, #1626 ) ) ;
#1164 = CARTESIAN_POINT ( 'NONE',  ( -1.499999999999999778, 6.750000000000000000, -1.500000000000000444 ) ) ;
#1165 = VECTOR ( 'NONE', #1297, 1000.000000000000000 ) ;
#1166 = CARTESIAN_POINT ( 'NONE',  ( 1.500000000000000444, 6.750000000000000888, -1.500000000000000444 ) ) ;
#1167 = EDGE_LOOP ( 'NONE', ( #184, #457, #516, #1414, #440, #204, #719, #1638 ) ) ;
#1168 = DIRECTION ( 'NONE',  ( -0.000000000000000000, -1.000000000000000000, -0.000000000000000000 ) ) ;
#1169 = DIRECTION ( 'NONE',  ( 0.000000000000000000, 0.000000000000000000, -1.000000000000000000 ) ) ;
#1170 = CARTESIAN_POINT ( 'NONE',  ( 3.899999999999999911, 4.250000000000000000, -0.8831760866327811321 ) ) ;
#1171 = EDGE_CURVE ( 'NONE', #106, #712, #837, .T. ) ;
#1172 = ORIENTED_EDGE ( 'NONE', *, *, #174, .T. ) ;
#1173 = VECTOR ( 'NONE', #964, 1000.000000000000000 ) ;
#1174 = CARTESIAN_POINT ( 'NONE',  ( 0.000000000000000000, 4.250000000000000000, 0.000000000000000000 ) ) ;
#1175 = DIRECTION ( 'NONE',  ( 0.000000000000000000, 0.000000000000000000, 1.000000000000000000 ) ) ;
#1176 = ADVANCED_FACE ( 'NONE', ( #1302 ), #1434, .F. ) ;
#1177 = ORIENTED_EDGE ( 'NONE', *, *, #1335, .T. ) ;
#1178 = DIRECTION ( 'NONE',  ( -1.000000000000000000, 0.000000000000000000, 1.146924612216070931E-16 ) ) ;
#1179 = AXIS2_PLACEMENT_3D ( 'NONE', #707, #421, #1843 ) ;
#1180 = LINE ( 'NONE', #331, #594 ) ;
#1181 = DIRECTION ( 'NONE',  ( -1.000000000000000000, 0.000000000000000000, -0.000000000000000000 ) ) ;
#1182 = AXIS2_PLACEMENT_3D ( 'NONE', #513, #1085, #1242 ) ;
#1183 = VERTEX_POINT ( 'NONE', #1607 ) ;
#1184 = DIRECTION ( 'NONE',  ( -0.000000000000000000, 1.000000000000000000, -0.000000000000000000 ) ) ;
#1185 = AXIS2_PLACEMENT_3D ( 'NONE', #340, #501, #1074 ) ;
#1186 = CARTESIAN_POINT ( 'NONE',  ( 3.399999999999994582, 3.750000000000000000, -2.792848008753793909 ) ) ;
#1187 = AXIS2_PLACEMENT_3D ( 'NONE', #1568, #554, #1120 ) ;
#1188 = VERTEX_POINT ( 'NONE', #1597 ) ;
#1189 = CYLINDRICAL_SURFACE ( 'NONE', #911, 2.000000000000000000 ) ;
#1190 = DIRECTION ( 'NONE',  ( -1.000000000000000000, 0.000000000000000000, 0.000000000000000000 ) ) ;
#1191 = CARTESIAN_POINT ( 'NONE',  ( 3.504782323757638540, 3.983505984829674329, -1.878932652017135219 ) ) ;
#1192 = AXIS2_PLACEMENT_3D ( 'NONE', #1464, #898, #735 ) ;
#1193 = CARTESIAN_POINT ( 'NONE',  ( -1.655955440460418426, 8.640762215971971472, 21.35923778402067796 ) ) ;
#1194 = DIRECTION ( 'NONE',  ( -0.000000000000000000, -0.000000000000000000, 1.000000000000000000 ) ) ;
#1195 = CARTESIAN_POINT ( 'NONE',  ( -3.399999999999999911, 4.250000000000000000, -6.000000000000000000 ) ) ;
#1196 = VERTEX_POINT ( 'NONE', #591 ) ;
#1197 = FACE_OUTER_BOUND ( 'NONE', #1432, .T. ) ;
#1198 = LOCAL_TIME ( 20, 24, 37.00000000000000000, #552 ) ;
#1199 = CARTESIAN_POINT ( 'NONE',  ( 1.500000000000000444, 8.164213562373092259, -1.500000000000000444 ) ) ;
#1200 = CARTESIAN_POINT ( 'NONE',  ( 3.783392763931884950, 3.719343642811218320, -1.406581193484929493 ) ) ;
#1201 = AXIS2_PLACEMENT_3D ( 'NONE', #72, #1775, #1347 ) ;
#1202 = CARTESIAN_POINT ( 'NONE',  ( 0.000000000000000000, 8.750000000000000000, 8.000000000000000000 ) ) ;
#1203 = VERTEX_POINT ( 'NONE', #896 ) ;
#1204 = LINE ( 'NONE', #806, #1276 ) ;
#1205 = ORIENTED_EDGE ( 'NONE', *, *, #1706, .T. ) ;
#1206 = ORIENTED_EDGE ( 'NONE', *, *, #453, .T. ) ;
#1207 = ADVANCED_FACE ( 'NONE', ( #3 ), #55, .T. ) ;
#1208 = ADVANCED_FACE ( 'NONE', ( #762 ), #1113, .T. ) ;
#1209 = CARTESIAN_POINT ( 'NONE',  ( -7.000000000000000000, 6.750000000000000000, -7.000000000000000000 ) ) ;
#1210 = CARTESIAN_POINT ( 'NONE',  ( 3.494988130300034079, 3.919002430422400263, -1.995159970509602143 ) ) ;
#1211 = DIRECTION ( 'NONE',  ( -0.000000000000000000, 1.000000000000000000, -0.000000000000000000 ) ) ;
#1212 = CARTESIAN_POINT ( 'NONE',  ( -3.481550063736252199, 3.860384242525388920, -2.138227354907655364 ) ) ;
#1213 = VERTEX_POINT ( 'NONE', #301 ) ;
#1214 = LINE ( 'NONE', #1046, #1044 ) ;
#1215 = LINE ( 'NONE', #1246, #1533 ) ;
#1216 = ORIENTED_EDGE ( 'NONE', *, *, #680, .T. ) ;
#1217 = CIRCLE ( 'NONE', #558, 2.000000000000000000 ) ;
#1218 = DIRECTION ( 'NONE',  ( 0.000000000000000000, 0.000000000000000000, -1.000000000000000000 ) ) ;
#1219 =( NAMED_UNIT ( * ) SI_UNIT ( $, .STERADIAN. ) SOLID_ANGLE_UNIT ( ) );
#1220 = CARTESIAN_POINT ( 'NONE',  ( -3.889959353779319340, 4.140781570622364072, -1.793092565813485084 ) ) ;
#1221 = CARTESIAN_POINT ( 'NONE',  ( 0.000000000000000000, 8.249999999999992895, 20.00000000000000000 ) ) ;
#1222 = LINE ( 'NONE', #1634, #1119 ) ;
#1223 = CARTESIAN_POINT ( 'NONE',  ( 0.000000000000000000, 6.750000000000000000, 6.899999999999999467 ) ) ;
#1224 = AXIS2_PLACEMENT_3D ( 'NONE', #1511, #665, #1360 ) ;
#1225 = ORIENTED_EDGE ( 'NONE', *, *, #893, .F. ) ;
#1226 = CARTESIAN_POINT ( 'NONE',  ( 0.000000000000000000, 2.600252531693790559, 9.750000000000133227 ) ) ;
#1227 = CARTESIAN_POINT ( 'NONE',  ( -3.399999999999994582, 3.750000000000000000, -2.792848008753793909 ) ) ;
#1228 = AXIS2_PLACEMENT_3D ( 'NONE', #369, #937, #1362 ) ;
#1229 = DIRECTION ( 'NONE',  ( 0.000000000000000000, 1.000000000000000000, 0.000000000000000000 ) ) ;
#1230 = CARTESIAN_POINT ( 'NONE',  ( -3.714502148802008019, 3.860384242706925928, -2.204151777482678209 ) ) ;
#1231 = ADVANCED_FACE ( 'NONE', ( #1047 ), #13, .F. ) ;
#1232 = VECTOR ( 'NONE', #1194, 1000.000000000000000 ) ;
#1233 = B_SPLINE_CURVE_WITH_KNOTS ( 'NONE', 3,
 ( #1791, #908, #1496, #218, #1097, #1344 ),
 .UNSPECIFIED., .F., .F.,
 ( 4, 2, 4 ),
 ( 0.000000000000000000, 0.0002918632620329762164, 0.0005837265240659524328 ),
 .UNSPECIFIED. ) ;
#1234 = ORIENTED_EDGE ( 'NONE', *, *, #930, .F. ) ;
#1235 = EDGE_CURVE ( 'NONE', #142, #1703, #775, .T. ) ;
#1236 = AXIS2_PLACEMENT_3D ( 'NONE', #1024, #626, #1169 ) ;
#1237 = DIRECTION ( 'NONE',  ( -0.7071067811865463515, 0.7071067811865487940, 7.666467083416903971E-17 ) ) ;
#1238 = ORIENTED_EDGE ( 'NONE', *, *, #1497, .F. ) ;
#1239 = PRODUCT_RELATED_PRODUCT_CATEGORY ( 'detail', '', ( #514 ) ) ;
#1240 = EDGE_CURVE ( 'NONE', #715, #363, #1780, .T. ) ;
#1241 = CARTESIAN_POINT ( 'NONE',  ( -4.171572875253818147, 8.750000000000000000, 4.784479602281566059E-16 ) ) ;
#1242 = DIRECTION ( 'NONE',  ( 0.000000000000000000, 0.000000000000000000, 1.000000000000000000 ) ) ;
#1243 = CARTESIAN_POINT ( 'NONE',  ( -3.881693496543247690, 4.115344618682955868, -1.814232754338893416 ) ) ;
#1244 = AXIS2_PLACEMENT_3D ( 'NONE', #1553, #999, #1698 ) ;
#1245 = DIRECTION ( 'NONE',  ( 1.000000000000000000, 0.000000000000000000, 0.000000000000000000 ) ) ;
#1246 = CARTESIAN_POINT ( 'NONE',  ( -6.999999999999996447, 6.750000000000000000, 23.25000000000000000 ) ) ;
#1247 = VERTEX_POINT ( 'NONE', #165 ) ;
#1248 = DIRECTION ( 'NONE',  ( 0.000000000000000000, 0.000000000000000000, -1.000000000000000000 ) ) ;
#1249 = FACE_OUTER_BOUND ( 'NONE', #1671, .T. ) ;
#1250 = CARTESIAN_POINT ( 'NONE',  ( 3.606366009768594783, 3.782233275097120817, -2.429159581900145248 ) ) ;
#1251 = CARTESIAN_POINT ( 'NONE',  ( -3.508573623546848097, 3.750000000000000444, -2.610776787560070034 ) ) ;
#1252 = CARTESIAN_POINT ( 'NONE',  ( -0.5560920484422166021, 8.283985708065044307, 21.71601429193496813 ) ) ;
#1253 = ORIENTED_EDGE ( 'NONE', *, *, #1499, .F. ) ;
#1254 = VECTOR ( 'NONE', #346, 1000.000000000000000 ) ;
#1255 = ORIENTED_EDGE ( 'NONE', *, *, #365, .T. ) ;
#1256 = PLANE ( 'NONE',  #1411 ) ;
#1257 = DIRECTION ( 'NONE',  ( 0.000000000000000000, 1.000000000000000000, 0.000000000000000000 ) ) ;
#1258 = DIRECTION ( 'NONE',  ( 0.000000000000000000, 0.000000000000000000, 1.000000000000000000 ) ) ;
#1259 = FACE_OUTER_BOUND ( 'NONE', #279, .T. ) ;
#1260 = VERTEX_POINT ( 'NONE', #1029 ) ;
#1261 = ORIENTED_EDGE ( 'NONE', *, *, #1826, .F. ) ;
#1262 = DATE_AND_TIME ( #685, #389 ) ;
#1263 = CARTESIAN_POINT ( 'NONE',  ( 0.2792355180772898016, 8.258425000482541023, 21.74157499951747141 ) ) ;
#1264 = EDGE_CURVE ( 'NONE', #154, #1322, #391, .T. ) ;
#1265 = FACE_OUTER_BOUND ( 'NONE', #1834, .T. ) ;
#1266 = AXIS2_PLACEMENT_3D ( 'NONE', #1662, #533, #1109 ) ;
#1267 = ADVANCED_FACE ( 'NONE', ( #752 ), #662, .T. ) ;
#1268 = DIRECTION ( 'NONE',  ( 0.000000000000000000, 1.000000000000000000, 0.000000000000000000 ) ) ;
#1269 = CARTESIAN_POINT ( 'NONE',  ( -3.894650434222469038, 4.073492242911164851, -0.9072275941888078288 ) ) ;
#1270 = ORIENTED_EDGE ( 'NONE', *, *, #886, .F. ) ;
#1271 = ORIENTED_EDGE ( 'NONE', *, *, #1765, .F. ) ;
#1272 = COORDINATED_UNIVERSAL_TIME_OFFSET ( 8, 0, .BEHIND. ) ;
#1273 = CARTESIAN_POINT ( 'NONE',  ( 0.5548981465064963814, 8.291273497402604775, 21.70872650259740411 ) ) ;
#1274 = AXIS2_PLACEMENT_3D ( 'NONE', #95, #805, #1794 ) ;
#1275 = CARTESIAN_POINT ( 'NONE',  ( 2.143131898507867311E-16, 7.550000000000000711, 18.25000000000000000 ) ) ;
#1276 = VECTOR ( 'NONE', #97, 1000.000000000000000 ) ;
#1277 = CARTESIAN_POINT ( 'NONE',  ( -3.894255467139504656, 4.173976543599304811, -1.781511308512594205 ) ) ;
#1278 = ORIENTED_EDGE ( 'NONE', *, *, #315, .T. ) ;
#1279 = ORIENTED_EDGE ( 'NONE', *, *, #291, .F. ) ;
#1280 = VERTEX_POINT ( 'NONE', #344 ) ;
#1281 = CALENDAR_DATE ( 2026, 29, 7 ) ;
#1282 = DIRECTION ( 'NONE',  ( 0.000000000000000000, 0.000000000000000000, -1.000000000000000000 ) ) ;
#1283 = DIRECTION ( 'NONE',  ( 0.000000000000000000, 1.000000000000000000, 0.000000000000000000 ) ) ;
#1284 = EDGE_CURVE ( 'NONE', #529, #1786, #1795, .T. ) ;
#1285 = ADVANCED_FACE ( 'NONE', ( #1337 ), #1343, .T. ) ;
#1286 = ORIENTED_EDGE ( 'NONE', *, *, #1421, .F. ) ;
#1287 = CIRCLE ( 'NONE', #1601, 2.671572875253819035 ) ;
#1288 = EDGE_LOOP ( 'NONE', ( #1336, #1565, #494, #1710 ) ) ;
#1289 = FACE_OUTER_BOUND ( 'NONE', #1163, .T. ) ;
#1290 = VECTOR ( 'NONE', #1527, 1000.000000000000000 ) ;
#1291 = CARTESIAN_POINT ( 'NONE',  ( 3.399999999999994582, 3.750000000000000000, -2.792848008753793909 ) ) ;
#1292 = ORIENTED_EDGE ( 'NONE', *, *, #568, .T. ) ;
#1293 = LINE ( 'NONE', #620, #1232 ) ;
#1294 = CARTESIAN_POINT ( 'NONE',  ( -1.899999999999999689, 5.007825843511430008, -8.000000000000000000 ) ) ;
#1295 = ORIENTED_EDGE ( 'NONE', *, *, #1240, .T. ) ;
#1296 = DIRECTION ( 'NONE',  ( 0.000000000000000000, 0.000000000000000000, 1.000000000000000000 ) ) ;
#1297 = DIRECTION ( 'NONE',  ( 8.659560562354959975E-17, 0.7071067811865453523, -0.7071067811865496822 ) ) ;
#1298 = AXIS2_PLACEMENT_3D ( 'NONE', #909, #901, #640 ) ;
#1299 = AXIS2_PLACEMENT_3D ( 'NONE', #376, #945, #1509 ) ;
#1300 = ORIENTED_EDGE ( 'NONE', *, *, #424, .F. ) ;
#1301 = DIRECTION ( 'NONE',  ( 0.000000000000000000, 1.000000000000000000, 0.000000000000000000 ) ) ;
#1302 = FACE_OUTER_BOUND ( 'NONE', #1474, .T. ) ;
#1303 = ORIENTED_EDGE ( 'NONE', *, *, #1150, .F. ) ;
#1304 = DIRECTION ( 'NONE',  ( 0.000000000000000000, 1.000000000000000000, 0.000000000000000000 ) ) ;
#1305 = CARTESIAN_POINT ( 'NONE',  ( -1.633418735161124014, 5.017949192431126804, -8.000000000000000000 ) ) ;
#1306 = CARTESIAN_POINT ( 'NONE',  ( 3.519235484511034073, 4.209962817363017251, -1.684265496105417315 ) ) ;
#1307 = EDGE_CURVE ( 'NONE', #549, #475, #1215, .T. ) ;
#1308 = EDGE_CURVE ( 'NONE', #1247, #819, #1153, .T. ) ;
#1309 = VERTEX_POINT ( 'NONE', #517 ) ;
#1310 = APPROVAL_STATUS ( 'not_yet_approved' ) ;
#1311 = DIRECTION ( 'NONE',  ( 0.000000000000000000, 0.000000000000000000, 1.000000000000000000 ) ) ;
#1312 = CC_DESIGN_APPROVAL ( #892, ( #745 ) ) ;
#1313 = EDGE_LOOP ( 'NONE', ( #1736, #487, #388, #1624 ) ) ;
#1314 = DIRECTION ( 'NONE',  ( 0.000000000000000000, 0.000000000000000000, -1.000000000000000000 ) ) ;
#1315 = VECTOR ( 'NONE', #1237, 1000.000000000000000 ) ;
#1316 = B_SPLINE_CURVE_WITH_KNOTS ( 'NONE', 3,
 ( #1620, #781, #207, #1072, #522, #349, #1082, #359, #952, #217, #1641, #370 ),
 .UNSPECIFIED., .F., .F.,
 ( 4, 2, 2, 2, 2, 4 ),
 ( 0.000000000000000000, 0.0001661440714083275885, 0.0003322881428166551770, 0.0006645762856333103539, 0.0009968644284499654767, 0.001329152571266620708 ),
 .UNSPECIFIED. ) ;
#1317 = CARTESIAN_POINT ( 'NONE',  ( 3.699999999999999734, 6.750000000000000000, -1.766352173265569148 ) ) ;
#1318 = CARTESIAN_POINT ( 'NONE',  ( 3.499088519937108011, 3.942170850294294038, -1.948054455912547223 ) ) ;
#1319 = ORIENTED_EDGE ( 'NONE', *, *, #1629, .T. ) ;
#1320 = DIRECTION ( 'NONE',  ( 0.000000000000000000, 0.000000000000000000, -1.000000000000000000 ) ) ;
#1321 = LINE ( 'NONE', #476, #1456 ) ;
#1322 = VERTEX_POINT ( 'NONE', #1367 ) ;
#1323 = DIRECTION ( 'NONE',  ( 0.000000000000000000, 0.000000000000000000, 1.000000000000000000 ) ) ;
#1324 = AXIS2_PLACEMENT_3D ( 'NONE', #143, #1127, #1535 ) ;
#1325 = DIRECTION ( 'NONE',  ( 0.000000000000000000, 0.000000000000000000, 1.000000000000000000 ) ) ;
#1326 = CARTESIAN_POINT ( 'NONE',  ( 3.519512095006695152, 4.239684429510870878, -1.680188862331144950 ) ) ;
#1327 = DIRECTION ( 'NONE',  ( 0.000000000000000000, 1.000000000000000000, 0.000000000000000000 ) ) ;
#1328 = CARTESIAN_POINT ( 'NONE',  ( 3.899999999999999911, 4.193271751960188531, -1.766352173265569370 ) ) ;
#1329 = CONICAL_SURFACE ( 'NONE', #104, 1.750000000000133449, 0.7853981633974513876 ) ;
#1330 = EDGE_LOOP ( 'NONE', ( #295, #519, #1648, #681, #447 ) ) ;
#1331 = CARTESIAN_POINT ( 'NONE',  ( 3.224838629734497975, 6.205641225506179914, -7.513821724802169477 ) ) ;
#1332 = DIRECTION ( 'NONE',  ( 0.000000000000000000, 1.000000000000000000, 0.000000000000000000 ) ) ;
#1333 = CARTESIAN_POINT ( 'NONE',  ( 3.517941542803941779, 4.157715484006486939, -1.703125293174403643 ) ) ;
#1334 = CIRCLE ( 'NONE', #414, 2.103553390593281058 ) ;
#1335 = EDGE_CURVE ( 'NONE', #1539, #1531, #1489, .T. ) ;
#1336 = ORIENTED_EDGE ( 'NONE', *, *, #479, .T. ) ;
#1337 = FACE_OUTER_BOUND ( 'NONE', #633, .T. ) ;
#1338 = ADVANCED_FACE ( 'NONE', ( #528 ), #642, .F. ) ;
#1339 = ORIENTED_EDGE ( 'NONE', *, *, #1308, .F. ) ;
#1340 = DIRECTION ( 'NONE',  ( 0.000000000000000000, -1.000000000000000000, 0.000000000000000000 ) ) ;
#1341 = CARTESIAN_POINT ( 'NONE',  ( -1.499999999999999778, 6.172649730810375601, -8.000000000000000000 ) ) ;
#1342 = CARTESIAN_POINT ( 'NONE',  ( 3.833710567611579911, 3.777624704443030446, -1.181037746129666832 ) ) ;
#1343 = TOROIDAL_SURFACE ( 'NONE', #1630, 2.671572875253819035, 2.000000000000000000 ) ;
#1344 = CARTESIAN_POINT ( 'NONE',  ( 1.573173141822895138, 8.603553390593274841, 21.39644660940673759 ) ) ;
#1345 = CARTESIAN_POINT ( 'NONE',  ( -5.205700842048685217, 8.544299157951320112, 21.45570084204868877 ) ) ;
#1346 = CONICAL_SURFACE ( 'NONE', #1577, 1.750000000000001554, 0.7853981633974477239 ) ;
#1347 = DIRECTION ( 'NONE',  ( 0.000000000000000000, 0.000000000000000000, 1.000000000000000000 ) ) ;
#1348 = DIRECTION ( 'NONE',  ( 0.000000000000000000, 1.000000000000000000, 0.000000000000000000 ) ) ;
#1349 = ORIENTED_EDGE ( 'NONE', *, *, #886, .T. ) ;
#1350 = AXIS2_PLACEMENT_3D ( 'NONE', #350, #1229, #523 ) ;
#1351 = DIRECTION ( 'NONE',  ( 0.000000000000000000, 0.000000000000000000, 1.000000000000000000 ) ) ;
#1352 = CARTESIAN_POINT ( 'NONE',  ( -3.792644671784771493, 3.932680383706301352, -2.032806750370453663 ) ) ;
#1353 = B_SPLINE_CURVE_WITH_KNOTS ( 'NONE', 3,
 ( #579, #1693, #1408, #1673 ),
 .UNSPECIFIED., .F., .F.,
 ( 4, 4 ),
 ( 0.000000000000000000, 0.0004001280822353629708 ),
 .UNSPECIFIED. ) ;
#1354 = DIRECTION ( 'NONE',  ( 0.000000000000000000, 0.000000000000000000, 1.000000000000000000 ) ) ;
#1355 = DIRECTION ( 'NONE',  ( 0.000000000000000000, 1.000000000000000000, 0.000000000000000000 ) ) ;
#1356 = FACE_OUTER_BOUND ( 'NONE', #1404, .T. ) ;
#1357 = CARTESIAN_POINT ( 'NONE',  ( 0.000000000000000000, 6.750000000000000000, 20.00000000000000000 ) ) ;
#1358 = ORIENTED_EDGE ( 'NONE', *, *, #481, .T. ) ;
#1359 = AXIS2_PLACEMENT_3D ( 'NONE', #412, #986, #864 ) ;
#1360 = DIRECTION ( 'NONE',  ( 0.000000000000000000, 0.000000000000000000, 1.000000000000000000 ) ) ;
#1361 = EDGE_CURVE ( 'NONE', #134, #1139, #135, .T. ) ;
#1362 = DIRECTION ( 'NONE',  ( 0.000000000000000000, 0.000000000000000000, 1.000000000000000000 ) ) ;
#1363 = CARTESIAN_POINT ( 'NONE',  ( -3.899999999999999911, 4.193275253494957333, -1.766352173265569592 ) ) ;
#1364 = CARTESIAN_POINT ( 'NONE',  ( 1.347111479062088503E-16, 8.750000000000000000, 21.10000000000000142 ) ) ;
#1365 = CARTESIAN_POINT ( 'NONE',  ( -3.874251136720494593, 4.091108352488189048, -1.833330331517565526 ) ) ;
#1366 = APPROVAL ( #420, 'UNSPECIFIED' ) ;
#1367 = CARTESIAN_POINT ( 'NONE',  ( -3.399999999999999911, 3.750000000000000000, -6.000000000000000000 ) ) ;
#1368 = ADVANCED_FACE ( 'NONE', ( #386 ), #1764, .T. ) ;
#1369 = VERTEX_POINT ( 'NONE', #1223 ) ;
#1370 = DIRECTION ( 'NONE',  ( 0.000000000000000000, 0.000000000000000000, 1.000000000000000000 ) ) ;
#1371 = CARTESIAN_POINT ( 'NONE',  ( -1.499999999999999556, 6.750000000000006217, -7.000000000000000000 ) ) ;
#1372 = CC_DESIGN_APPROVAL ( #1366, ( #1145 ) ) ;
#1373 = LINE ( 'NONE', #1364, #1492 ) ;
#1374 = CARTESIAN_POINT ( 'NONE',  ( -3.795409299627794830, 3.942170849457026449, -2.025070499785388556 ) ) ;
#1375 = AXIS2_PLACEMENT_3D ( 'NONE', #1737, #1596, #327 ) ;
#1376 = DIRECTION ( 'NONE',  ( 1.776356839400250465E-15, 0.000000000000000000, -1.000000000000000000 ) ) ;
#1377 = CARTESIAN_POINT ( 'NONE',  ( 0.000000000000000000, 7.550000000000000711, 20.00000000000000000 ) ) ;
#1378 = ORIENTED_EDGE ( 'NONE', *, *, #1691, .T. ) ;
#1379 = DIRECTION ( 'NONE',  ( 0.000000000000000000, 0.000000000000000000, -1.000000000000000000 ) ) ;
#1380 = CARTESIAN_POINT ( 'NONE',  ( -3.276394763454049563, 4.859976313448456153, -8.000000000000000000 ) ) ;
#1381 = DIRECTION ( 'NONE',  ( 0.5773502691896252870, 0.5773502691896270633, -0.5773502691896250649 ) ) ;
#1382 = CARTESIAN_POINT ( 'NONE',  ( -3.858353780465001659, 4.048993981888127536, -1.873556976603047319 ) ) ;
#1383 = FACE_BOUND ( 'NONE', #114, .T. ) ;
#1384 = CARTESIAN_POINT ( 'NONE',  ( 3.169446220489502419, 6.749999998241476895, -6.756548943686582653 ) ) ;
#1385 = ORIENTED_EDGE ( 'NONE', *, *, #759, .T. ) ;
#1386 = ORIENTED_EDGE ( 'NONE', *, *, #983, .F. ) ;
#1387 = APPROVAL_DATE_TIME ( #1142, #892 ) ;
#1388 = DIRECTION ( 'NONE',  ( -0.000000000000000000, -1.000000000000000000, -0.000000000000000000 ) ) ;
#1389 = EDGE_CURVE ( 'NONE', #326, #1739, #339, .T. ) ;
#1390 = DIRECTION ( 'NONE',  ( 1.000000000000000000, 0.000000000000000000, 0.000000000000000000 ) ) ;
#1391 = DIRECTION ( 'NONE',  ( -0.000000000000000000, 1.000000000000000000, -0.000000000000000000 ) ) ;
#1392 = CARTESIAN_POINT ( 'NONE',  ( 1.937880797468922278, 6.750000000439309034, -6.999999999239102877 ) ) ;
#1393 = VERTEX_POINT ( 'NONE', #1646 ) ;
#1394 = ADVANCED_FACE ( 'NONE', ( #1635 ), #221, .F. ) ;
#1395 = CIRCLE ( 'NONE', #1224, 2.457106781186553679 ) ;
#1396 = ORIENTED_EDGE ( 'NONE', *, *, #479, .F. ) ;
#1397 = DIRECTION ( 'NONE',  ( 1.000000000000000000, 0.000000000000000000, 0.000000000000000000 ) ) ;
#1398 = CARTESIAN_POINT ( 'NONE',  ( 1.091386224710339636, 8.410072892421620594, 21.58992710757838651 ) ) ;
#1399 = CARTESIAN_POINT ( 'NONE',  ( -3.699999999999999734, 6.750000000000000000, -1.766352173265569148 ) ) ;
#1400 = VECTOR ( 'NONE', #445, 1000.000000000000000 ) ;
#1401 = DIRECTION ( 'NONE',  ( 0.000000000000000000, -1.000000000000000000, 0.000000000000000000 ) ) ;
#1402 = CIRCLE ( 'NONE', #542, 2.000000000000000000 ) ;
#1403 = CARTESIAN_POINT ( 'NONE',  ( 3.630987441794367943, 4.819034248136079057, -8.000000000000000000 ) ) ;
#1404 = EDGE_LOOP ( 'NONE', ( #990, #356, #979, #1582 ) ) ;
#1405 = ORIENTED_EDGE ( 'NONE', *, *, #794, .F. ) ;
#1406 = PERSON_AND_ORGANIZATION ( #641, #19 ) ;
#1407 = DIRECTION ( 'NONE',  ( 0.000000000000000000, 0.000000000000000000, 1.000000000000000000 ) ) ;
#1408 = CARTESIAN_POINT ( 'NONE',  ( 1.766749611629401917, 5.014477665625318714, -8.000000000000000000 ) ) ;
#1409 = AXIS2_PLACEMENT_3D ( 'NONE', #1506, #953, #230 ) ;
#1410 = CARTESIAN_POINT ( 'NONE',  ( 3.853941230054966471, 6.750000000000000000, -6.470810868002058847 ) ) ;
#1411 = AXIS2_PLACEMENT_3D ( 'NONE', #137, #578, #296 ) ;
#1412 = ORIENTED_EDGE ( 'NONE', *, *, #1093, .T. ) ;
#1413 = ORIENTED_EDGE ( 'NONE', *, *, #757, .T. ) ;
#1414 = ORIENTED_EDGE ( 'NONE', *, *, #1499, .T. ) ;
#1415 = CARTESIAN_POINT ( 'NONE',  ( -6.999999999999996447, 6.750000000000000000, 23.25000000000000000 ) ) ;
#1416 = ADVANCED_FACE ( 'NONE', ( #1481 ), #1329, .F. ) ;
#1417 = CARTESIAN_POINT ( 'NONE',  ( 5.000000000000017764, 8.750000000000000000, 21.25000000000001066 ) ) ;
#1418 = AXIS2_PLACEMENT_3D ( 'NONE', #431, #1425, #1536 ) ;
#1419 = EDGE_CURVE ( 'NONE', #435, #387, #1204, .T. ) ;
#1420 = ORIENTED_EDGE ( 'NONE', *, *, #815, .T. ) ;
#1421 = EDGE_CURVE ( 'NONE', #1146, #1140, #1755, .T. ) ;
#1422 = SECURITY_CLASSIFICATION_LEVEL ( 'unclassified' ) ;
#1423 = DIRECTION ( 'NONE',  ( 0.000000000000000000, 0.000000000000000000, 1.000000000000000000 ) ) ;
#1424 = CIRCLE ( 'NONE', #1623, 2.457106781186674915 ) ;
#1425 = DIRECTION ( 'NONE',  ( -0.000000000000000000, 0.000000000000000000, 1.000000000000000000 ) ) ;
#1426 = ORIENTED_EDGE ( 'NONE', *, *, #708, .T. ) ;
#1427 = CYLINDRICAL_SURFACE ( 'NONE', #863, 1.100000000000000311 ) ;
#1428 = AXIS2_PLACEMENT_3D ( 'NONE', #610, #1571, #1728 ) ;
#1429 = ORIENTED_EDGE ( 'NONE', *, *, #119, .T. ) ;
#1430 = CARTESIAN_POINT ( 'NONE',  ( 4.171572875253819035, 8.750000000000000000, -1.500000000000000888 ) ) ;
#1431 = LINE ( 'NONE', #1447, #1400 ) ;
#1432 = EDGE_LOOP ( 'NONE', ( #1303, #1177, #1002, #1444 ) ) ;
#1433 = CARTESIAN_POINT ( 'NONE',  ( 4.171572875253825252, 8.750000000000000000, 21.25000000000001066 ) ) ;
#1434 = CYLINDRICAL_SURFACE ( 'NONE', #748, 1.100000000000000311 ) ;
#1435 = EDGE_LOOP ( 'NONE', ( #467, #1520, #1205, #1027 ) ) ;
#1436 = FACE_OUTER_BOUND ( 'NONE', #1501, .T. ) ;
#1437 = CARTESIAN_POINT ( 'NONE',  ( 1.347111479062088257E-16, 7.550000000000000711, 21.10000000000000142 ) ) ;
#1438 = ADVANCED_FACE ( 'NONE', ( #671 ), #354, .F. ) ;
#1439 = CARTESIAN_POINT ( 'NONE',  ( 3.519453859293793396, 4.229627374251929695, -1.681049729037057849 ) ) ;
#1440 = AXIS2_PLACEMENT_3D ( 'NONE', #1377, #1101, #1776 ) ;
#1441 = VERTEX_POINT ( 'NONE', #1056 ) ;
#1442 = CARTESIAN_POINT ( 'NONE',  ( 0.000000000000000000, 7.550000000000000711, 6.899999999999999467 ) ) ;
#1443 = CARTESIAN_POINT ( 'NONE',  ( 3.846514004889599825, 4.022314380664125721, -1.903284938125187731 ) ) ;
#1444 = ORIENTED_EDGE ( 'NONE', *, *, #1706, .F. ) ;
#1445 = CARTESIAN_POINT ( 'NONE',  ( 0.000000000000000000, 6.750000000000000000, 20.00000000000000000 ) ) ;
#1446 = ADVANCED_FACE ( 'NONE', ( #486 ), #1105, .T. ) ;
#1447 = CARTESIAN_POINT ( 'NONE',  ( -3.399999999999999911, 3.750000000000000000, -6.000000000000000000 ) ) ;
#1448 = EDGE_CURVE ( 'NONE', #1203, #496, #566, .T. ) ;
#1449 = CARTESIAN_POINT ( 'NONE',  ( 3.823388432931941860, 3.983505985248309234, -1.958971626802760158 ) ) ;
#1450 = CIRCLE ( 'NONE', #49, 4.399999999999999467 ) ;
#1451 = EDGE_LOOP ( 'NONE', ( #1225, #1036, #703, #124 ) ) ;
#1452 = DIRECTION ( 'NONE',  ( 0.000000000000000000, 0.000000000000000000, 1.000000000000000000 ) ) ;
#1453 = DIRECTION ( 'NONE',  ( 0.000000000000000000, 0.000000000000000000, 1.000000000000000000 ) ) ;
#1454 = ORIENTED_EDGE ( 'NONE', *, *, #628, .T. ) ;
#1455 = FACE_OUTER_BOUND ( 'NONE', #1134, .T. ) ;
#1456 = VECTOR ( 'NONE', #1747, 1000.000000000000000 ) ;
#1457 = CARTESIAN_POINT ( 'NONE',  ( -1.573173141829877331, 8.603553390596378136, 21.39644660940363607 ) ) ;
#1458 = VECTOR ( 'NONE', #1041, 1000.000000000000000 ) ;
#1459 = CARTESIAN_POINT ( 'NONE',  ( 3.513973014560204167, 4.080014042922089246, -1.759047403292091971 ) ) ;
#1460 = ORIENTED_EDGE ( 'NONE', *, *, #1551, .T. ) ;
#1461 = FACE_OUTER_BOUND ( 'NONE', #599, .T. ) ;
#1462 = CARTESIAN_POINT ( 'NONE',  ( 0.000000000000000000, 4.250000000000000000, 0.000000000000000000 ) ) ;
#1463 = VERTEX_POINT ( 'NONE', #679 ) ;
#1464 = CARTESIAN_POINT ( 'NONE',  ( -3.699999999999999734, 4.250000000000000000, -1.766352173265569148 ) ) ;
#1465 = AXIS2_PLACEMENT_3D ( 'NONE', #1836, #1704, #1407 ) ;
#1466 = CARTESIAN_POINT ( 'NONE',  ( 2.576109926625773082E-16, 8.603553390593274841, 5.896446609406598149 ) ) ;
#1467 = CARTESIAN_POINT ( 'NONE',  ( 3.519074154354678186, 4.200386543140787410, -1.686635327494400594 ) ) ;
#1468 = ADVANCED_FACE ( 'NONE', ( #1259 ), #1161, .T. ) ;
#1469 = AXIS2_PLACEMENT_3D ( 'NONE', #1508, #61, #1045 ) ;
#1470 = EDGE_CURVE ( 'NONE', #1739, #326, #1762, .T. ) ;
#1471 = CARTESIAN_POINT ( 'NONE',  ( -1.920236577314627713, 8.729368167229786479, 21.27063183277021707 ) ) ;
#1472 = CARTESIAN_POINT ( 'NONE',  ( 0.000000000000000000, 7.550000000000000711, 20.00000000000000000 ) ) ;
#1473 = ORIENTED_EDGE ( 'NONE', *, *, #430, .T. ) ;
#1474 = EDGE_LOOP ( 'NONE', ( #224, #248, #923, #1339 ) ) ;
#1475 = CARTESIAN_POINT ( 'NONE',  ( -1.899999999999999689, 3.750000000000000000, -6.000000000000000000 ) ) ;
#1476 = ADVANCED_FACE ( 'NONE', ( #1487 ), #646, .T. ) ;
#1477 = CARTESIAN_POINT ( 'NONE',  ( 3.897614242383398153, 4.200386543474170509, -1.772664425402281418 ) ) ;
#1478 = CARTESIAN_POINT ( 'NONE',  ( 0.000000000000000000, 7.550000000000000711, 20.00000000000000000 ) ) ;
#1479 = CIRCLE ( 'NONE', #688, 1.750000000000133449 ) ;
#1480 = CARTESIAN_POINT ( 'NONE',  ( -2.115389735758620215, 8.750000000000000000, 21.25000000000001066 ) ) ;
#1481 = FACE_OUTER_BOUND ( 'NONE', #266, .T. ) ;
#1482 = ORIENTED_EDGE ( 'NONE', *, *, #866, .T. ) ;
#1483 = CARTESIAN_POINT ( 'NONE',  ( 2.143131898508031986E-16, 2.600252531693790559, 6.249999999999866773 ) ) ;
#1484 = CARTESIAN_POINT ( 'NONE',  ( -1.910565157428000260, 6.172649731008566398, -8.000000000000001776 ) ) ;
#1485 = CARTESIAN_POINT ( 'NONE',  ( -3.846519119674651321, 4.022324638890341753, -1.903272285541288467 ) ) ;
#1486 = DIRECTION ( 'NONE',  ( -0.000000000000000000, -0.000000000000000000, -1.000000000000000000 ) ) ;
#1487 = FACE_OUTER_BOUND ( 'NONE', #734, .T. ) ;
#1488 = CARTESIAN_POINT ( 'NONE',  ( 0.000000000000000000, 8.750000000000000000, 21.25000000000001066 ) ) ;
#1489 = LINE ( 'NONE', #797, #1828 ) ;
#1490 = EDGE_CURVE ( 'NONE', #1309, #529, #1614, .T. ) ;
#1491 = ORIENTED_EDGE ( 'NONE', *, *, #338, .F. ) ;
#1492 = VECTOR ( 'NONE', #79, 1000.000000000000000 ) ;
#1493 = CYLINDRICAL_SURFACE ( 'NONE', #1772, 2.000000000000000000 ) ;
#1494 = CARTESIAN_POINT ( 'NONE',  ( -1.499999999999999778, 6.750000000000000888, -7.000000000000006217 ) ) ;
#1495 = CARTESIAN_POINT ( 'NONE',  ( -3.614272437597258580, 3.794992942469017638, -2.409065174702234913 ) ) ;
#1496 = CARTESIAN_POINT ( 'NONE',  ( 1.921816718004426328, 8.729778689919029944, 21.27022131008098071 ) ) ;
#1497 = EDGE_CURVE ( 'NONE', #475, #529, #929, .T. ) ;
#1498 = LINE ( 'NONE', #975, #1058 ) ;
#1499 = EDGE_CURVE ( 'NONE', #1057, #581, #1498, .T. ) ;
#1500 = DIRECTION ( 'NONE',  ( 0.000000000000000000, 0.000000000000000000, -1.000000000000000000 ) ) ;
#1501 = EDGE_LOOP ( 'NONE', ( #437, #1807, #1135, #1589 ) ) ;
#1502 = AXIS2_PLACEMENT_3D ( 'NONE', #73, #1348, #1785 ) ;
#1503 = LINE ( 'NONE', #1788, #1687 ) ;
#1504 = CARTESIAN_POINT ( 'NONE',  ( -3.169250505018885278, 6.749999998248766175, -6.756616226291904503 ) ) ;
#1505 = LINE ( 'NONE', #1371, #1173 ) ;
#1506 = CARTESIAN_POINT ( 'NONE',  ( 0.000000000000000000, 4.250000000000000000, -4.399999999999999467 ) ) ;
#1507 = CARTESIAN_POINT ( 'NONE',  ( -3.494988130300034079, 3.919002430422400263, -1.995159970509602143 ) ) ;
#1508 = CARTESIAN_POINT ( 'NONE',  ( 0.000000000000000000, 6.750000000000000000, 8.000000000000000000 ) ) ;
#1509 = DIRECTION ( 'NONE',  ( 0.000000000000000000, 0.000000000000000000, 1.000000000000000000 ) ) ;
#1510 = EDGE_LOOP ( 'NONE', ( #682, #477 ) ) ;
#1511 = CARTESIAN_POINT ( 'NONE',  ( 0.000000000000000000, 8.750000000000000000, 20.00000000000000000 ) ) ;
#1512 = CARTESIAN_POINT ( 'NONE',  ( 3.735431741113853565, 3.878096250583119797, -2.159249869256722576 ) ) ;
#1513 = AXIS2_PLACEMENT_3D ( 'NONE', #1317, #1723, #455 ) ;
#1514 = CARTESIAN_POINT ( 'NONE',  ( 1.500000000000000444, 8.750000000000000000, -1.500000000000000444 ) ) ;
#1515 = CARTESIAN_POINT ( 'NONE',  ( -3.486224889037137675, 3.878096250811658763, -2.090171917773528953 ) ) ;
#1516 = AXIS2_PLACEMENT_3D ( 'NONE', #1166, #1709, #1175 ) ;
#1517 = CARTESIAN_POINT ( 'NONE',  ( 1.500000000000000444, 6.750000000000000000, -1.500000000000000444 ) ) ;
#1518 = DIRECTION ( 'NONE',  ( 0.000000000000000000, 0.000000000000000000, 1.000000000000000000 ) ) ;
#1519 = ORIENTED_EDGE ( 'NONE', *, *, #1154, .F. ) ;
#1520 = ORIENTED_EDGE ( 'NONE', *, *, #1083, .F. ) ;
#1521 = EDGE_LOOP ( 'NONE', ( #461, #1011, #1816, #1253 ) ) ;
#1522 = DATE_TIME_ROLE ( 'creation_date' ) ;
#1523 = LINE ( 'NONE', #822, #1121 ) ;
#1524 = EDGE_CURVE ( 'NONE', #269, #881, #1353, .T. ) ;
#1525 = CARTESIAN_POINT ( 'NONE',  ( -3.735431741113853565, 3.878096250583119797, -2.159249869256722576 ) ) ;
#1526 = EDGE_CURVE ( 'NONE', #1260, #1203, #876, .T. ) ;
#1527 = DIRECTION ( 'NONE',  ( -0.000000000000000000, 1.000000000000000000, -0.000000000000000000 ) ) ;
#1528 = EDGE_CURVE ( 'NONE', #1591, #560, #698, .T. ) ;
#1529 = CARTESIAN_POINT ( 'NONE',  ( 2.325659914162046427, 6.183501132615924156, -8.000000000000001776 ) ) ;
#1530 = EDGE_CURVE ( 'NONE', #1696, #510, #1217, .T. ) ;
#1531 = VERTEX_POINT ( 'NONE', #109 ) ;
#1532 = ORIENTED_EDGE ( 'NONE', *, *, #1629, .F. ) ;
#1533 = VECTOR ( 'NONE', #910, 1000.000000000000000 ) ;
#1534 = APPROVAL_ROLE ( '' ) ;
#1535 = DIRECTION ( 'NONE',  ( 0.000000000000000000, 0.000000000000000000, 1.000000000000000000 ) ) ;
#1536 = DIRECTION ( 'NONE',  ( 1.000000000000000000, 0.000000000000000000, 0.000000000000000000 ) ) ;
#1537 = LINE ( 'NONE', #263, #1290 ) ;
#1538 = CARTESIAN_POINT ( 'NONE',  ( 3.811457579066253043, 6.382056150678812934, -8.000000000000000000 ) ) ;
#1539 = VERTEX_POINT ( 'NONE', #1275 ) ;
#1540 = ORIENTED_EDGE ( 'NONE', *, *, #1133, .F. ) ;
#1541 = VECTOR ( 'NONE', #1650, 1000.000000000000000 ) ;
#1542 = EDGE_LOOP ( 'NONE', ( #1668, #180, #236, #1670, #1349, #509 ) ) ;
#1543 = COORDINATED_UNIVERSAL_TIME_OFFSET ( 8, 0, .BEHIND. ) ;
#1544 = CARTESIAN_POINT ( 'NONE',  ( -1.221450419903109817E-14, 8.249999999999877431, 21.75000000000013500 ) ) ;
#1545 = CARTESIAN_POINT ( 'NONE',  ( -3.224835644801745893, 6.205638609192704713, -7.513824426106134879 ) ) ;
#1546 = CIRCLE ( 'NONE', #1513, 0.2000000000000000944 ) ;
#1547 = DIRECTION ( 'NONE',  ( 1.000000000000000000, 0.000000000000000000, 0.000000000000000000 ) ) ;
#1548 = CARTESIAN_POINT ( 'NONE',  ( -3.899998092536686833, 4.158748388943382501, -0.8831846637984509529 ) ) ;
#1549 = ORIENTED_EDGE ( 'NONE', *, *, #1307, .F. ) ;
#1550 = ORIENTED_EDGE ( 'NONE', *, *, #1064, .F. ) ;
#1551 = EDGE_CURVE ( 'NONE', #712, #1140, #858, .T. ) ;
#1552 = ORIENTED_EDGE ( 'NONE', *, *, #1490, .T. ) ;
#1553 = CARTESIAN_POINT ( 'NONE',  ( 0.000000000000000000, 5.017949192431125915, -6.000000000000000000 ) ) ;
#1554 = EDGE_CURVE ( 'NONE', #1718, #1685, #70, .T. ) ;
#1555 = DIRECTION ( 'NONE',  ( -0.000000000000000000, 1.000000000000000000, -0.000000000000000000 ) ) ;
#1556 = CC_DESIGN_PERSON_AND_ORGANIZATION_ASSIGNMENT ( #1697, #696, ( #745 ) ) ;
#1557 = EDGE_CURVE ( 'NONE', #643, #1183, #1837, .T. ) ;
#1558 = AXIS2_PLACEMENT_3D ( 'NONE', #181, #471, #625 ) ;
#1559 = ORIENTED_EDGE ( 'NONE', *, *, #96, .F. ) ;
#1560 = CARTESIAN_POINT ( 'NONE',  ( 0.000000000000000000, 3.750000000000000000, 0.000000000000000000 ) ) ;
#1561 = DIRECTION ( 'NONE',  ( -0.000000000000000000, 0.000000000000000000, -1.000000000000000000 ) ) ;
#1562 = CARTESIAN_POINT ( 'NONE',  ( 3.519512195121950793, 4.250000000000000000, -1.680188652618468392 ) ) ;
#1563 = ORIENTED_EDGE ( 'NONE', *, *, #1010, .T. ) ;
#1564 = CARTESIAN_POINT ( 'NONE',  ( 3.009087954743517876E-16, 8.250000000000000000, 5.542893218813325085 ) ) ;
#1565 = ORIENTED_EDGE ( 'NONE', *, *, #1765, .T. ) ;
#1566 = DIRECTION ( 'NONE',  ( -0.000000000000000000, -1.000000000000000000, -0.000000000000000000 ) ) ;
#1567 = AXIS2_PLACEMENT_3D ( 'NONE', #1164, #1719, #1028 ) ;
#1568 = CARTESIAN_POINT ( 'NONE',  ( 0.000000000000000000, 8.249999999999992895, 20.00000000000000000 ) ) ;
#1569 = ORIENTED_EDGE ( 'NONE', *, *, #146, .F. ) ;
#1570 = DIRECTION ( 'NONE',  ( 0.000000000000000000, 0.000000000000000000, 1.000000000000000000 ) ) ;
#1571 = DIRECTION ( 'NONE',  ( -0.000000000000000000, 1.000000000000000000, -0.000000000000000000 ) ) ;
#1572 = AXIS2_PLACEMENT_3D ( 'NONE', #1078, #213, #958 ) ;
#1573 = CC_DESIGN_PERSON_AND_ORGANIZATION_ASSIGNMENT ( #828, #410, ( #514 ) ) ;
#1574 = ORIENTED_EDGE ( 'NONE', *, *, #121, .F. ) ;
#1575 = CYLINDRICAL_SURFACE ( 'NONE', #111, 0.2000000000000000944 ) ;
#1576 = B_SPLINE_CURVE_WITH_KNOTS ( 'NONE', 3,
 ( #189, #744, #1722, #26, #452, #312, #764, #1331, #1749, #603, #47, #1050, #913, #1059 ),
 .UNSPECIFIED., .F., .F.,
 ( 4, 2, 2, 2, 2, 2, 4 ),
 ( -8.949845267325625978E-06, 0.0003918804046961415024, 0.0007927106546596086054, 0.001594371154586543462, 0.002396031654513477993, 0.002796861904476947210, 0.003197692154440415994 ),
 .UNSPECIFIED. ) ;
#1577 = AXIS2_PLACEMENT_3D ( 'NONE', #699, #1268, #245 ) ;
#1578 = DIRECTION ( 'NONE',  ( -0.000000000000000000, -1.000000000000000000, -0.000000000000000000 ) ) ;
#1579 = CARTESIAN_POINT ( 'NONE',  ( 3.723398114514304691, 3.740938740149275521, -1.672313595841552702 ) ) ;
#1580 = CIRCLE ( 'NONE', #211, 0.5000000000000004441 ) ;
#1581 = EDGE_CURVE ( 'NONE', #510, #408, #1649, .T. ) ;
#1582 = ORIENTED_EDGE ( 'NONE', *, *, #1497, .T. ) ;
#1583 = CARTESIAN_POINT ( 'NONE',  ( 3.700000000000000178, 4.250000000000000000, -1.766352173265569370 ) ) ;
#1584 = CARTESIAN_POINT ( 'NONE',  ( 3.889958064107889246, 4.140775093137875729, -1.793095989701084081 ) ) ;
#1585 = VERTEX_POINT ( 'NONE', #283 ) ;
#1586 = PLANE ( 'NONE',  #264 ) ;
#1587 = LINE ( 'NONE', #314, #571 ) ;
#1588 = CARTESIAN_POINT ( 'NONE',  ( 3.519512195121950793, 4.250000000000000000, -1.680188652618465284 ) ) ;
#1589 = ORIENTED_EDGE ( 'NONE', *, *, #1744, .F. ) ;
#1590 = DIRECTION ( 'NONE',  ( 1.000000000000000000, -0.000000000000000000, 1.224646799147353207E-16 ) ) ;
#1591 = VERTEX_POINT ( 'NONE', #574 ) ;
#1592 = DIRECTION ( 'NONE',  ( 0.000000000000000000, 0.000000000000000000, 1.000000000000000000 ) ) ;
#1593 = CARTESIAN_POINT ( 'NONE',  ( 2.143131898508031986E-16, 8.250000000000007105, 6.249999999999866773 ) ) ;
#1594 = ADVANCED_FACE ( 'NONE', ( #1265 ), #1137, .T. ) ;
#1595 = ORIENTED_EDGE ( 'NONE', *, *, #1796, .F. ) ;
#1596 = DIRECTION ( 'NONE',  ( 0.000000000000000000, 1.000000000000000000, 0.000000000000000000 ) ) ;
#1597 = CARTESIAN_POINT ( 'NONE',  ( 0.000000000000000000, 7.550000000000000711, 9.750000000000133227 ) ) ;
#1598 = ORIENTED_EDGE ( 'NONE', *, *, #1716, .T. ) ;
#1599 = EDGE_CURVE ( 'NONE', #1617, #142, #102, .T. ) ;
#1600 = FACE_OUTER_BOUND ( 'NONE', #1609, .T. ) ;
#1601 = AXIS2_PLACEMENT_3D ( 'NONE', #1037, #1301, #294 ) ;
#1602 = EDGE_CURVE ( 'NONE', #935, #36, #1129, .T. ) ;
#1603 = CARTESIAN_POINT ( 'NONE',  ( -1.499999999999999556, 5.017949192431025551, -8.000000000000000000 ) ) ;
#1604 = AXIS2_PLACEMENT_3D ( 'NONE', #1517, #1682, #816 ) ;
#1605 = EDGE_CURVE ( 'NONE', #1695, #1531, #940, .T. ) ;
#1606 = CARTESIAN_POINT ( 'NONE',  ( 0.000000000000000000, 4.250000000000000000, 0.000000000000000000 ) ) ;
#1607 = CARTESIAN_POINT ( 'NONE',  ( 3.699999999999999734, 6.750000000000000000, -1.566352173265568970 ) ) ;
#1608 = ORIENTED_EDGE ( 'NONE', *, *, #575, .T. ) ;
#1609 = EDGE_LOOP ( 'NONE', ( #845, #308, #1707, #1234 ) ) ;
#1610 = DIRECTION ( 'NONE',  ( 0.000000000000000000, 0.000000000000000000, 1.000000000000000000 ) ) ;
#1611 = PLANE ( 'NONE',  #352 ) ;
#1612 = CARTESIAN_POINT ( 'NONE',  ( 3.795409299627794830, 3.942170849457026449, -2.025070499785388556 ) ) ;
#1613 = CYLINDRICAL_SURFACE ( 'NONE', #1182, 0.5000000000000004441 ) ;
#1614 = CIRCLE ( 'NONE', #464, 5.500000000000000000 ) ;
#1615 = CARTESIAN_POINT ( 'NONE',  ( -1.740719773425096539, 8.675107555681856653, 21.32489244431815578 ) ) ;
#1616 = DIRECTION ( 'NONE',  ( 0.000000000000000000, 1.000000000000000000, 0.000000000000000000 ) ) ;
#1617 = VERTEX_POINT ( 'NONE', #1128 ) ;
#1618 = CARTESIAN_POINT ( 'NONE',  ( 0.000000000000000000, 7.550000000000000711, 8.000000000000000000 ) ) ;
#1619 = FACE_OUTER_BOUND ( 'NONE', #1107, .T. ) ;
#1620 = CARTESIAN_POINT ( 'NONE',  ( -3.519512195121950793, 4.250000000000000000, -1.680188652618468392 ) ) ;
#1621 = DIRECTION ( 'NONE',  ( 0.000000000000000000, -1.000000000000000000, 0.000000000000000000 ) ) ;
#1622 = DIRECTION ( 'NONE',  ( 0.000000000000000000, 0.000000000000000000, 1.000000000000000000 ) ) ;
#1623 = AXIS2_PLACEMENT_3D ( 'NONE', #225, #936, #1639 ) ;
#1624 = ORIENTED_EDGE ( 'NONE', *, *, #227, .F. ) ;
#1625 = DIRECTION ( 'NONE',  ( 0.000000000000000000, 1.000000000000000000, 0.000000000000000000 ) ) ;
#1626 = ORIENTED_EDGE ( 'NONE', *, *, #817, .T. ) ;
#1627 = TOROIDAL_SURFACE ( 'NONE', #1228, 2.457106781186675359, 0.5000000000000000000 ) ;
#1628 = CARTESIAN_POINT ( 'NONE',  ( -3.899999999999999911, 5.017949192431125915, -8.000000000000000000 ) ) ;
#1629 = EDGE_CURVE ( 'NONE', #704, #1146, #42, .T. ) ;
#1630 = AXIS2_PLACEMENT_3D ( 'NONE', #223, #364, #933 ) ;
#1631 = CARTESIAN_POINT ( 'NONE',  ( 3.508573623579488210, 3.750000000000000444, -2.610776787579516256 ) ) ;
#1632 = DIRECTION ( 'NONE',  ( 0.000000000000000000, 1.000000000000000000, 0.000000000000000000 ) ) ;
#1633 = CARTESIAN_POINT ( 'NONE',  ( 0.000000000000000000, 7.550000000000000711, 20.00000000000000000 ) ) ;
#1634 = CARTESIAN_POINT ( 'NONE',  ( 0.000000000000000000, 8.750000000000000000, -4.171572875253819923 ) ) ;
#1635 = FACE_OUTER_BOUND ( 'NONE', #399, .T. ) ;
#1636 = ORIENTED_EDGE ( 'NONE', *, *, #736, .F. ) ;
#1637 = CIRCLE ( 'NONE', #1409, 0.5000000000000000000 ) ;
#1638 = ORIENTED_EDGE ( 'NONE', *, *, #460, .T. ) ;
#1639 = DIRECTION ( 'NONE',  ( 0.000000000000000000, 0.000000000000000000, 1.000000000000000000 ) ) ;
#1640 = CYLINDRICAL_SURFACE ( 'NONE', #179, 0.5000000000000000000 ) ;
#1641 = CARTESIAN_POINT ( 'NONE',  ( -3.416490135623209135, 3.750000000000001332, -2.683319586072124174 ) ) ;
#1642 = CARTESIAN_POINT ( 'NONE',  ( -5.585786437626911294, 8.164213562373095812, 21.83578643762691840 ) ) ;
#1643 = VECTOR ( 'NONE', #994, 1000.000000000000114 ) ;
#1644 = CARTESIAN_POINT ( 'NONE',  ( -3.431536751273061459, 3.750000000000000444, -2.583205611926355783 ) ) ;
#1645 = DIRECTION ( 'NONE',  ( 0.7071067811865489050, 0.7071067811865462405, -8.109981708077367428E-17 ) ) ;
#1646 = CARTESIAN_POINT ( 'NONE',  ( 1.347111479062088257E-16, 7.550000000000000711, 9.099999999999999645 ) ) ;
#1647 = ORIENTED_EDGE ( 'NONE', *, *, #1699, .F. ) ;
#1648 = ORIENTED_EDGE ( 'NONE', *, *, #1284, .F. ) ;
#1649 = CIRCLE ( 'NONE', #711, 2.671572875253819035 ) ;
#1650 = DIRECTION ( 'NONE',  ( -0.000000000000000000, 1.000000000000000000, -0.000000000000000000 ) ) ;
#1651 = DIRECTION ( 'NONE',  ( -0.000000000000000000, 1.000000000000000000, -0.000000000000000000 ) ) ;
#1652 = CARTESIAN_POINT ( 'NONE',  ( 3.618153801199699426, 3.773121981287911986, -2.098295229977037213 ) ) ;
#1653 = LINE ( 'NONE', #1753, #133 ) ;
#1654 = CARTESIAN_POINT ( 'NONE',  ( -3.723398114514309576, 3.740938740149294173, -1.672313595841544265 ) ) ;
#1655 = FACE_OUTER_BOUND ( 'NONE', #993, .T. ) ;
#1656 = AXIS2_PLACEMENT_3D ( 'NONE', #357, #530, #1070 ) ;
#1657 = CARTESIAN_POINT ( 'NONE',  ( -3.899999999999999911, 3.750000000000000000, -8.000000000000000000 ) ) ;
#1658 = ORIENTED_EDGE ( 'NONE', *, *, #889, .T. ) ;
#1659 = EDGE_LOOP ( 'NONE', ( #768, #426, #132, #753 ) ) ;
#1660 = DIRECTION ( 'NONE',  ( 0.000000000000000000, -1.000000000000000000, 0.000000000000000000 ) ) ;
#1661 = EDGE_CURVE ( 'NONE', #715, #1786, #1096, .T. ) ;
#1662 = CARTESIAN_POINT ( 'NONE',  ( 1.500000000000000444, 5.017949192431126804, -6.000000000000000000 ) ) ;
#1663 = EDGE_CURVE ( 'NONE', #1703, #1203, #9, .T. ) ;
#1664 = CARTESIAN_POINT ( 'NONE',  ( -3.511678205672414066, 4.048993982629154331, -1.790268899104441314 ) ) ;
#1665 = EDGE_CURVE ( 'NONE', #1139, #134, #87, .T. ) ;
#1666 = UNCERTAINTY_MEASURE_WITH_UNIT (LENGTH_MEASURE( 1.000000000000000082E-05 ), #1789, 'distance_accuracy_value', 'NONE');
#1667 = CARTESIAN_POINT ( 'NONE',  ( 3.534569556588570194, 6.749999997336369795, -6.622050217909177583 ) ) ;
#1668 = ORIENTED_EDGE ( 'NONE', *, *, #865, .T. ) ;
#1669 = CIRCLE ( 'NONE', #1604, 5.500000000000000000 ) ;
#1670 = ORIENTED_EDGE ( 'NONE', *, *, #1735, .T. ) ;
#1671 = EDGE_LOOP ( 'NONE', ( #1413, #1385, #257, #1559 ) ) ;
#1672 = CARTESIAN_POINT ( 'NONE',  ( 0.000000000000000000, 8.603553390593273065, 20.00000000000000000 ) ) ;
#1673 = CARTESIAN_POINT ( 'NONE',  ( 1.899999999999999689, 5.007825843511429120, -8.000000000000000000 ) ) ;
#1674 = CARTESIAN_POINT ( 'NONE',  ( -1.090277072138540859, 8.409623669163662996, 21.59037633083635299 ) ) ;
#1675 = CARTESIAN_POINT ( 'NONE',  ( -3.899999999999999911, 4.239684429402380772, -1.766352417704411204 ) ) ;
#1676 = VERTEX_POINT ( 'NONE', #48 ) ;
#1677 = EDGE_LOOP ( 'NONE', ( #1756, #567, #934, #743 ) ) ;
#1678 = VECTOR ( 'NONE', #691, 1000.000000000000000 ) ;
#1679 = MECHANICAL_CONTEXT ( 'NONE', #659, 'mechanical' ) ;
#1680 = CARTESIAN_POINT ( 'NONE',  ( -3.899999999999999911, 3.750000000000000000, -8.000000000000000000 ) ) ;
#1681 = CARTESIAN_POINT ( 'NONE',  ( -2.286788157651211240, 5.375654011095920559, -8.000000000000001776 ) ) ;
#1682 = DIRECTION ( 'NONE',  ( -0.000000000000000000, -1.000000000000000000, -0.000000000000000000 ) ) ;
#1683 = ADVANCED_FACE ( 'NONE', ( #738 ), #890, .F. ) ;
#1684 = CARTESIAN_POINT ( 'NONE',  ( -3.895499956834501010, 4.182463179907170314, -1.778237177098243693 ) ) ;
#1685 = VERTEX_POINT ( 'NONE', #17 ) ;
#1686 = ORIENTED_EDGE ( 'NONE', *, *, #836, .F. ) ;
#1687 = VECTOR ( 'NONE', #772, 1000.000000000000000 ) ;
#1688 = VERTEX_POINT ( 'NONE', #1457 ) ;
#1689 = DATE_AND_TIME ( #963, #1198 ) ;
#1690 = DIRECTION ( 'NONE',  ( -1.000000000000000000, 0.000000000000000000, 0.000000000000000000 ) ) ;
#1691 = EDGE_CURVE ( 'NONE', #1196, #318, #172, .T. ) ;
#1692 = EDGE_CURVE ( 'NONE', #1463, #1057, #78, .T. ) ;
#1693 = CARTESIAN_POINT ( 'NONE',  ( 1.633418735161125124, 5.017949192431126804, -8.000000000000000000 ) ) ;
#1694 = LOCAL_TIME ( 20, 24, 37.00000000000000000, #1272 ) ;
#1695 = VERTEX_POINT ( 'NONE', #27 ) ;
#1696 = VERTEX_POINT ( 'NONE', #1751 ) ;
#1697 = PERSON_AND_ORGANIZATION ( #641, #19 ) ;
#1698 = DIRECTION ( 'NONE',  ( 0.000000000000000000, 0.000000000000000000, -1.000000000000000000 ) ) ;
#1699 = EDGE_CURVE ( 'NONE', #134, #1773, #153, .T. ) ;
#1700 = CARTESIAN_POINT ( 'NONE',  ( -3.842475303368723782, 6.750000000000000000, -6.476224417478335660 ) ) ;
#1701 = EDGE_LOOP ( 'NONE', ( #1358, #1270, #991, #885 ) ) ;
#1702 = AXIS2_PLACEMENT_3D ( 'NONE', #1606, #920, #1500 ) ;
#1703 = VERTEX_POINT ( 'NONE', #1051 ) ;
#1704 = DIRECTION ( 'NONE',  ( 0.000000000000000000, 1.000000000000000000, 0.000000000000000000 ) ) ;
#1705 = CARTESIAN_POINT ( 'NONE',  ( 3.431058896868259378, 3.759213962511107621, -2.577140011546878995 ) ) ;
#1706 = EDGE_CURVE ( 'NONE', #1004, #1695, #482, .T. ) ;
#1707 = ORIENTED_EDGE ( 'NONE', *, *, #1361, .T. ) ;
#1708 = FACE_OUTER_BOUND ( 'NONE', #5, .T. ) ;
#1709 = DIRECTION ( 'NONE',  ( 0.000000000000000000, 1.000000000000000000, 0.000000000000000000 ) ) ;
#1710 = ORIENTED_EDGE ( 'NONE', *, *, #1826, .T. ) ;
#1711 = DIRECTION ( 'NONE',  ( -0.000000000000000000, 1.000000000000000000, -0.000000000000000000 ) ) ;
#1712 = AXIS2_PLACEMENT_3D ( 'NONE', #436, #44, #1570 ) ;
#1713 = ADVANCED_FACE ( 'NONE', ( #755 ), #1611, .F. ) ;
#1714 = LINE ( 'NONE', #170, #1458 ) ;
#1715 = CARTESIAN_POINT ( 'NONE',  ( 2.143131898508032479E-16, 7.550000000000000711, 6.249999999999866773 ) ) ;
#1716 = EDGE_CURVE ( 'NONE', #1441, #1322, #1431, .T. ) ;
#1717 = AXIS2_PLACEMENT_3D ( 'NONE', #347, #1651, #915 ) ;
#1718 = VERTEX_POINT ( 'NONE', #586 ) ;
#1719 = DIRECTION ( 'NONE',  ( -0.000000000000000000, -1.000000000000000000, -0.000000000000000000 ) ) ;
#1720 = DIRECTION ( 'NONE',  ( 0.000000000000000000, 0.000000000000000000, 1.000000000000000000 ) ) ;
#1721 = ORIENTED_EDGE ( 'NONE', *, *, #1264, .F. ) ;
#1722 = CARTESIAN_POINT ( 'NONE',  ( 2.095435594324297490, 5.192223545433556353, -7.992872882300657622 ) ) ;
#1723 = DIRECTION ( 'NONE',  ( 0.000000000000000000, 1.000000000000000000, 0.000000000000000000 ) ) ;
#1724 = CIRCLE ( 'NONE', #604, 0.2000000000000000944 ) ;
#1725 = B_SPLINE_CURVE_WITH_KNOTS ( 'NONE', 3,
 ( #791, #1363, #1220, #229, #1485, #1352, #77, #67, #1495, #1768, #1759, #1227 ),
 .UNSPECIFIED., .F., .F.,
 ( 4, 2, 2, 2, 2, 4 ),
 ( 0.000000000000000000, 0.0001691089354987004856, 0.0003382178709974009712, 0.0006764357419948023760, 0.001014653612992203998, 0.001352871483989606053 ),
 .UNSPECIFIED. ) ;
#1726 = ORIENTED_EDGE ( 'NONE', *, *, #841, .F. ) ;
#1727 = DIRECTION ( 'NONE',  ( 1.224646799147352468E-16, 0.000000000000000000, -1.000000000000000000 ) ) ;
#1728 = DIRECTION ( 'NONE',  ( 0.000000000000000000, 0.000000000000000000, 1.000000000000000000 ) ) ;
#1729 = AXIS2_PLACEMENT_3D ( 'NONE', #282, #1690, #854 ) ;
#1730 = ORIENTED_EDGE ( 'NONE', *, *, #1744, .T. ) ;
#1731 = DIRECTION ( 'NONE',  ( -0.000000000000000000, 1.000000000000000000, -0.000000000000000000 ) ) ;
#1732 = CARTESIAN_POINT ( 'NONE',  ( 0.000000000000000000, 8.250000000000007105, 8.000000000000000000 ) ) ;
#1733 = CARTESIAN_POINT ( 'NONE',  ( 3.814311102510749674, 3.744686271351904239, -1.268083647635003031 ) ) ;
#1734 = AXIS2_PLACEMENT_3D ( 'NONE', #1144, #1555, #1000 ) ;
#1735 = EDGE_CURVE ( 'NONE', #1140, #971, #237, .T. ) ;
#1736 = ORIENTED_EDGE ( 'NONE', *, *, #268, .F. ) ;
#1737 = CARTESIAN_POINT ( 'NONE',  ( 0.000000000000000000, 7.550000000000000711, 8.000000000000000000 ) ) ;
#1738 = EDGE_CURVE ( 'NONE', #1786, #1463, #1714, .T. ) ;
#1739 = VERTEX_POINT ( 'NONE', #1437 ) ;
#1740 = DIRECTION ( 'NONE',  ( 0.000000000000000000, 0.000000000000000000, 1.000000000000000000 ) ) ;
#1741 = DIRECTION ( 'NONE',  ( 0.000000000000000000, 0.000000000000000000, 1.000000000000000000 ) ) ;
#1742 = AXIS2_PLACEMENT_3D ( 'NONE', #195, #1340, #1248 ) ;
#1743 = CARTESIAN_POINT ( 'NONE',  ( 3.895499956834501010, 4.182463179907170314, -1.778237177098243693 ) ) ;
#1744 = EDGE_CURVE ( 'NONE', #1183, #1091, #1546, .T. ) ;
#1745 = DIRECTION ( 'NONE',  ( -1.000000000000000000, 0.000000000000000000, 0.000000000000000000 ) ) ;
#1746 = CC_DESIGN_SECURITY_CLASSIFICATION ( #1778, ( #745 ) ) ;
#1747 = DIRECTION ( 'NONE',  ( 0.000000000000000000, -1.000000000000000000, 0.000000000000000000 ) ) ;
#1748 = ORIENTED_EDGE ( 'NONE', *, *, #65, .F. ) ;
#1749 = CARTESIAN_POINT ( 'NONE',  ( 3.391741329357499612, 6.351876241039310145, -7.353518490901605809 ) ) ;
#1750 = CIRCLE ( 'NONE', #573, 0.5000000000000004441 ) ;
#1751 = CARTESIAN_POINT ( 'NONE',  ( -1.499999999999999556, 8.164213562373092259, -5.585786437626917511 ) ) ;
#1752 = CARTESIAN_POINT ( 'NONE',  ( 3.743542518410753139, 3.728944804899068988, -1.583793070034460015 ) ) ;
#1753 = CARTESIAN_POINT ( 'NONE',  ( -3.899999999999999911, 6.750000000000000000, -8.000000000000000000 ) ) ;
#1754 = ORIENTED_EDGE ( 'NONE', *, *, #450, .F. ) ;
#1755 = LINE ( 'NONE', #1066, #256 ) ;
#1756 = ORIENTED_EDGE ( 'NONE', *, *, #815, .F. ) ;
#1757 = CARTESIAN_POINT ( 'NONE',  ( 0.000000000000000000, 8.250000000000007105, 9.750000000000133227 ) ) ;
#1758 = FACE_OUTER_BOUND ( 'NONE', #539, .T. ) ;
#1759 = CARTESIAN_POINT ( 'NONE',  ( -3.457740568702255768, 3.750000000000001776, -2.696017248478207673 ) ) ;
#1760 = DIRECTION ( 'NONE',  ( 0.000000000000000000, 0.000000000000000000, 1.000000000000000000 ) ) ;
#1761 = CARTESIAN_POINT ( 'NONE',  ( -3.470516005977673846, 3.750087152263486434, -2.595693827469028658 ) ) ;
#1762 = CIRCLE ( 'NONE', #374, 1.100000000000000311 ) ;
#1763 = ORIENTED_EDGE ( 'NONE', *, *, #575, .F. ) ;
#1764 = CYLINDRICAL_SURFACE ( 'NONE', #8, 2.000000000000000000 ) ;
#1765 = EDGE_CURVE ( 'NONE', #321, #576, #1587, .T. ) ;
#1766 = ORIENTED_EDGE ( 'NONE', *, *, #94, .F. ) ;
#1767 = DIRECTION ( 'NONE',  ( 0.000000000000000000, 1.000000000000000000, 0.000000000000000000 ) ) ;
#1768 = CARTESIAN_POINT ( 'NONE',  ( -3.511679959840139365, 3.759620874743858643, -2.600742318602466963 ) ) ;
#1769 = FACE_OUTER_BOUND ( 'NONE', #844, .T. ) ;
#1770 = CARTESIAN_POINT ( 'NONE',  ( 7.000000000000000000, 6.750000000000000000, -7.000000000000000000 ) ) ;
#1771 = EDGE_CURVE ( 'NONE', #1091, #1703, #1180, .T. ) ;
#1772 = AXIS2_PLACEMENT_3D ( 'NONE', #511, #215, #788 ) ;
#1773 = VERTEX_POINT ( 'NONE', #1466 ) ;
#1774 = ADVANCED_FACE ( 'NONE', ( #191, #766 ), #197, .T. ) ;
#1775 = DIRECTION ( 'NONE',  ( -0.000000000000000000, -1.000000000000000000, -0.000000000000000000 ) ) ;
#1776 = DIRECTION ( 'NONE',  ( 0.000000000000000000, 0.000000000000000000, 1.000000000000000000 ) ) ;
#1777 = ORIENTED_EDGE ( 'NONE', *, *, #628, .F. ) ;
#1778 = SECURITY_CLASSIFICATION ( '', '', #1422 ) ;
#1779 = CARTESIAN_POINT ( 'NONE',  ( -3.699999999999999734, 6.750000000000000000, -1.766352173265569148 ) ) ;
#1780 = CIRCLE ( 'NONE', #992, 2.000000000000000000 ) ;
#1781 = DIRECTION ( 'NONE',  ( 0.000000000000000000, -0.000000000000000000, 1.000000000000000000 ) ) ;
#1782 = CARTESIAN_POINT ( 'NONE',  ( 3.714502148802008019, 3.860384242706925928, -2.204151777482678209 ) ) ;
#1783 = DIRECTION ( 'NONE',  ( 0.000000000000000000, 0.000000000000000000, -1.000000000000000000 ) ) ;
#1784 = CARTESIAN_POINT ( 'NONE',  ( -3.832444485430572367, 3.998332110844279530, -1.937208085680043990 ) ) ;
#1785 = DIRECTION ( 'NONE',  ( 0.000000000000000000, 0.000000000000000000, 1.000000000000000000 ) ) ;
#1786 = VERTEX_POINT ( 'NONE', #810 ) ;
#1787 = ORIENTED_EDGE ( 'NONE', *, *, #1663, .F. ) ;
#1788 = CARTESIAN_POINT ( 'NONE',  ( 1.347111479062088503E-16, 8.750000000000000000, 9.099999999999999645 ) ) ;
#1789 =( LENGTH_UNIT ( ) NAMED_UNIT ( * ) SI_UNIT ( .MILLI., .METRE. ) );
#1790 = DIRECTION ( 'NONE',  ( 1.146924612216070931E-16, -0.000000000000000000, 1.000000000000000000 ) ) ;
#1791 = CARTESIAN_POINT ( 'NONE',  ( 2.115389735758619771, 8.750000000000000000, 21.25000000000001066 ) ) ;
#1792 = CIRCLE ( 'NONE', #931, 2.000000000000000000 ) ;
#1793 = CARTESIAN_POINT ( 'NONE',  ( -3.889969314173080228, 4.150074720229551595, -1.792736680989945652 ) ) ;
#1794 = DIRECTION ( 'NONE',  ( 0.000000000000000000, -0.000000000000000000, 1.000000000000000000 ) ) ;
#1795 = LINE ( 'NONE', #786, #1315 ) ;
#1796 = EDGE_CURVE ( 'NONE', #1146, #154, #145, .T. ) ;
#1797 = ORIENTED_EDGE ( 'NONE', *, *, #1692, .T. ) ;
#1798 = ORIENTED_EDGE ( 'NONE', *, *, #7, .T. ) ;
#1799 = LINE ( 'NONE', #1483, #1541 ) ;
#1800 = ADVANCED_FACE ( 'NONE', ( #666 ), #278, .T. ) ;
#1801 = LINE ( 'NONE', #1209, #917 ) ;
#1802 = CARTESIAN_POINT ( 'NONE',  ( 3.481550063736252199, 3.860384242525388920, -2.138227354907655364 ) ) ;
#1803 = CARTESIAN_POINT ( 'NONE',  ( -3.399999999999999911, 3.750000000000000444, -2.792848008753787248 ) ) ;
#1804 = ADVANCED_FACE ( 'NONE', ( #1249 ), #800, .T. ) ;
#1805 = CARTESIAN_POINT ( 'NONE',  ( -1.338547690360545106, 8.498094402413162385, 21.50190559758684827 ) ) ;
#1806 = CARTESIAN_POINT ( 'NONE',  ( -3.519453859293793396, 4.229627374251929695, -1.681049729037057849 ) ) ;
#1807 = ORIENTED_EDGE ( 'NONE', *, *, #1026, .T. ) ;
#1808 = ORIENTED_EDGE ( 'NONE', *, *, #984, .F. ) ;
#1809 = CARTESIAN_POINT ( 'NONE',  ( 0.000000000000000000, 8.750000000000000000, 18.89999999999999858 ) ) ;
#1810 = CARTESIAN_POINT ( 'NONE',  ( -3.599712028556534271, 6.534949277308275128, -7.060804050460800951 ) ) ;
#1811 = FACE_OUTER_BOUND ( 'NONE', #1288, .T. ) ;
#1812 = CARTESIAN_POINT ( 'NONE',  ( 1.499999999999989120, 5.017949192431126804, -8.000000000000000000 ) ) ;
#1813 = ORIENTED_EDGE ( 'NONE', *, *, #687, .F. ) ;
#1814 = ORIENTED_EDGE ( 'NONE', *, *, #430, .F. ) ;
#1815 = VECTOR ( 'NONE', #1381, 1000.000000000000000 ) ;
#1816 = ORIENTED_EDGE ( 'NONE', *, *, #1090, .T. ) ;
#1817 = CALENDAR_DATE ( 2026, 29, 7 ) ;
#1818 = CARTESIAN_POINT ( 'NONE',  ( 2.143131898507868544E-16, 8.249999999999992895, 18.25000000000000000 ) ) ;
#1819 = ADVANCED_FACE ( 'NONE', ( #1619 ), #1640, .T. ) ;
#1820 = CARTESIAN_POINT ( 'NONE',  ( 3.457656590023156618, 3.794267641459967866, -2.363615446798869257 ) ) ;
#1821 = CARTESIAN_POINT ( 'NONE',  ( 3.399999999999994582, 3.750000000000000000, -2.792848008753793909 ) ) ;
#1822 = CARTESIAN_POINT ( 'NONE',  ( -3.866263532317592677, 3.878064270962609417, -1.034818417774665100 ) ) ;
#1823 = ORIENTED_EDGE ( 'NONE', *, *, #1530, .T. ) ;
#1824 = ADVANCED_FACE ( 'NONE', ( #1758 ), #1627, .T. ) ;
#1825 = ORIENTED_EDGE ( 'NONE', *, *, #1771, .T. ) ;
#1826 = EDGE_CURVE ( 'NONE', #106, #549, #1801, .T. ) ;
#1827 = ORIENTED_EDGE ( 'NONE', *, *, #1307, .T. ) ;
#1828 = VECTOR ( 'NONE', #632, 1000.000000000000000 ) ;
#1829 = DATE_AND_TIME ( #1281, #1694 ) ;
#1830 = CYLINDRICAL_SURFACE ( 'NONE', #284, 2.000000000000000000 ) ;
#1831 = CARTESIAN_POINT ( 'NONE',  ( -3.391739172006017711, 6.351874345677710032, -7.353520999718161200 ) ) ;
#1832 = CARTESIAN_POINT ( 'NONE',  ( -3.814311102510750562, 3.744686271351902906, -1.268083647635002809 ) ) ;
#1833 = EDGE_LOOP ( 'NONE', ( #873, #1412, #292, #409, #1378 ) ) ;
#1834 = EDGE_LOOP ( 'NONE', ( #569, #611, #151, #852 ) ) ;
#1835 = ORIENTED_EDGE ( 'NONE', *, *, #817, .F. ) ;
#1836 = CARTESIAN_POINT ( 'NONE',  ( -1.899999999999999689, 3.750000000000000000, -6.000000000000000000 ) ) ;
#1837 = LINE ( 'NONE', #439, #159 ) ;
#1838 = AXIS2_PLACEMENT_3D ( 'NONE', #655, #925, #636 ) ;
#1839 = CIRCLE ( 'NONE', #891, 1.750000000000001554 ) ;
#1840 = ORIENTED_EDGE ( 'NONE', *, *, #836, .T. ) ;
#1841 = AXIS2_PLACEMENT_3D ( 'NONE', #670, #413, #120 ) ;
#1842 = ORIENTED_EDGE ( 'NONE', *, *, #1026, .F. ) ;
#1843 = DIRECTION ( 'NONE',  ( 0.000000000000000000, 0.000000000000000000, -1.000000000000000000 ) ) ;
#1844 = CARTESIAN_POINT ( 'NONE',  ( -3.699999999999999734, 4.250000000000000000, -1.766352173265569148 ) ) ;
#1845 = EDGE_CURVE ( 'NONE', #106, #576, #380, .T. ) ;
ENDSEC;
END-ISO-10303-21;
