ISO-10303-21;
HEADER;
FILE_DESCRIPTION (( 'STEP AP203' ),
    '1' );
FILE_NAME ('Part5.STEP',
    '2026-07-30T03:03:17',
    ( '' ),
    ( '' ),
    'SwSTEP 2.0',
    'SolidWorks 2026',
    '' );
FILE_SCHEMA (( 'CONFIG_CONTROL_DESIGN' ));
ENDSEC;

DATA;
#1 = LINE ( 'NONE', #1518, #894 ) ;
#2 = CARTESIAN_POINT ( 'NONE',  ( 7.700000000000000178, 1.600000000000000089, -0.2999999999999999889 ) ) ;
#3 = CARTESIAN_POINT ( 'NONE',  ( 21.49763107293778930, -5.248815536468931953, 5.748815536468898202 ) ) ;
#4 = TOROIDAL_SURFACE ( 'NONE', #3016, 0.7999999999999999334, 0.5000000000000000000 ) ;
#5 = CARTESIAN_POINT ( 'NONE',  ( 27.13688786484105364, 1.840374091402081635, -2.415880707949243700 ) ) ;
#6 = VERTEX_POINT ( 'NONE', #2340 ) ;
#7 = DIRECTION ( 'NONE',  ( 0.000000000000000000, 0.000000000000000000, 1.000000000000000000 ) ) ;
#8 = EDGE_CURVE ( 'NONE', #366, #2155, #2291, .T. ) ;
#9 = AXIS2_PLACEMENT_3D ( 'NONE', #1919, #3850, #30 ) ;
#10 = LINE ( 'NONE', #1532, #1273 ) ;
#11 = CARTESIAN_POINT ( 'NONE',  ( 2.646963405073226472, -0.003871676570238666727, -24.04409061206739295 ) ) ;
#12 = EDGE_CURVE ( 'NONE', #1388, #4592, #3109, .T. ) ;
#13 = CARTESIAN_POINT ( 'NONE',  ( 7.700000000000000178, 0.000000000000000000, -0.2999999999999999889 ) ) ;
#14 = AXIS2_PLACEMENT_3D ( 'NONE', #3412, #1319, #2410 ) ;
#15 = CIRCLE ( 'NONE', #812, 0.9999999999999998890 ) ;
#16 = CARTESIAN_POINT ( 'NONE',  ( 29.60000000000000497, 0.000000000000000000, -35.00000000000000000 ) ) ;
#17 = VERTEX_POINT ( 'NONE', #59 ) ;
#18 = CARTESIAN_POINT ( 'NONE',  ( 5.000000000000004441, 5.500000000000000000, 0.000000000000000000 ) ) ;
#19 = AXIS2_PLACEMENT_3D ( 'NONE', #3630, #4023, #1729 ) ;
#20 = LINE ( 'NONE', #2679, #3679 ) ;
#21 = LINE ( 'NONE', #1094, #1146 ) ;
#22 = ORIENTED_EDGE ( 'NONE', *, *, #3011, .F. ) ;
#23 = ORIENTED_EDGE ( 'NONE', *, *, #742, .T. ) ;
#24 = CYLINDRICAL_SURFACE ( 'NONE', #84, 0.5000000000000009992 ) ;
#25 = TOROIDAL_SURFACE ( 'NONE', #3035, 0.7000000000000000666, 0.2999999999999999889 ) ;
#26 = DIRECTION ( 'NONE',  ( 0.5773502691896218453, -0.5773502691896267303, -0.5773502691896289507 ) ) ;
#27 = ORIENTED_EDGE ( 'NONE', *, *, #4922, .T. ) ;
#28 = CARTESIAN_POINT ( 'NONE',  ( 1.237352028970139406, 1.737352028970125195, -5.122826960627647530 ) ) ;
#29 = VECTOR ( 'NONE', #3419, 1000.000000000000000 ) ;
#30 = DIRECTION ( 'NONE',  ( 0.000000000000000000, 1.734723475976806503E-15, 1.000000000000000000 ) ) ;
#31 = DIRECTION ( 'NONE',  ( 0.5336654952351261860, 0.000000000000000000, 0.8456956540005674539 ) ) ;
#32 =( BOUNDED_SURFACE ( )  B_SPLINE_SURFACE ( 3, 2, ( 
 ( #4819, #4846, #974 ),
 ( #207, #622, #2132 ),
 ( #2185, #277, #227 ),
 ( #2954, #3669, #2881 ),
 ( #2479, #1788, #4063 ),
 ( #675, #3984, #3638 ) ),
 .UNSPECIFIED., .F., .F., .F. ) 
 B_SPLINE_SURFACE_WITH_KNOTS ( ( 4, 2, 4 ),
 ( 3, 3 ),
 ( 1.570796326794896558, 1.963495408493621364, 2.356194490192346169 ),
 ( 0.000000000000000000, 1.000000000000000000 ),
 .UNSPECIFIED. ) 
 GEOMETRIC_REPRESENTATION_ITEM ( )  RATIONAL_B_SPLINE_SURFACE ( (
 ( 1.000000000000000000, 1.000000000000000000, 1.000000000000000000),
 ( 1.000000000000000000, 1.000158598892032291, 1.000000000000000000),
 ( 1.000000000000000000, 0.9867291651255367668, 1.000000000000000000),
 ( 1.000000000000000000, 0.9386556746367760162, 1.000000000000000000),
 ( 1.000000000000000000, 0.9039896001661943403, 1.000000000000000000),
 ( 1.000000000000000000, 0.8660254037844383745, 1.000000000000000000) ) ) 
 REPRESENTATION_ITEM ( '' )  SURFACE ( )  );
#33 = COORDINATED_UNIVERSAL_TIME_OFFSET ( 8, 0, .BEHIND. ) ;
#34 = CARTESIAN_POINT ( 'NONE',  ( 19.59999999999999432, 0.000000000000000000, -7.000000000000002665 ) ) ;
#35 = CARTESIAN_POINT ( 'NONE',  ( 3.000000000000000000, 2.200000000000000622, -7.000000000000002665 ) ) ;
#36 = AXIS2_PLACEMENT_3D ( 'NONE', #1996, #2814, #3603 ) ;
#37 = EDGE_CURVE ( 'NONE', #1041, #3421, #3853, .T. ) ;
#38 = LINE ( 'NONE', #1138, #4126 ) ;
#39 = FACE_OUTER_BOUND ( 'NONE', #4268, .T. ) ;
#40 = CARTESIAN_POINT ( 'NONE',  ( 26.00750675417715030, 4.831576575793580908, -4.331576575793585349 ) ) ;
#41 = CIRCLE ( 'NONE', #2738, 1.000000000000000000 ) ;
#42 = ORIENTED_EDGE ( 'NONE', *, *, #2395, .F. ) ;
#43 = LINE ( 'NONE', #447, #2796 ) ;
#44 = CARTESIAN_POINT ( 'NONE',  ( 0.000000000000000000, 1.599999999999999867, -1.524264068711943310 ) ) ;
#45 = B_SPLINE_CURVE_WITH_KNOTS ( 'NONE', 3,
 ( #967, #4329, #2105, #1040, #3949, #1730 ),
 .UNSPECIFIED., .F., .F.,
 ( 4, 2, 4 ),
 ( 0.000000000000000000, 0.0004014316195180101876, 0.0008028632390360203753 ),
 .UNSPECIFIED. ) ;
#46 = AXIS2_PLACEMENT_3D ( 'NONE', #2817, #3259, #1349 ) ;
#47 = ORIENTED_EDGE ( 'NONE', *, *, #1471, .T. ) ;
#48 = ORIENTED_EDGE ( 'NONE', *, *, #3740, .F. ) ;
#49 = DIRECTION ( 'NONE',  ( -1.000000000000000000, 0.000000000000000000, 0.000000000000000000 ) ) ;
#50 = ORIENTED_EDGE ( 'NONE', *, *, #952, .T. ) ;
#51 = EDGE_CURVE ( 'NONE', #3414, #3841, #1353, .T. ) ;
#52 = DIRECTION ( 'NONE',  ( 0.000000000000000000, 0.000000000000000000, 1.000000000000000000 ) ) ;
#53 = VERTEX_POINT ( 'NONE', #2759 ) ;
#54 = CARTESIAN_POINT ( 'NONE',  ( 1.693927481995367357, 2.193927481995354700, -5.803370771242476245 ) ) ;
#55 = DIRECTION ( 'NONE',  ( 1.000000000000000000, 0.000000000000000000, 0.000000000000000000 ) ) ;
#56 = DIRECTION ( 'NONE',  ( -0.9840742769773898058, 0.1256937098494342042, -0.1256937098494338712 ) ) ;
#57 = PERSON_AND_ORGANIZATION ( #4792, #102 ) ;
#58 = CARTESIAN_POINT ( 'NONE',  ( 0.000000000000000000, 5.500000000000000000, -35.00000000000000000 ) ) ;
#59 = CARTESIAN_POINT ( 'NONE',  ( 21.10000000000000497, 1.300000000000000044, -6.005012562893382366 ) ) ;
#60 = LINE ( 'NONE', #4178, #4031 ) ;
#61 = EDGE_CURVE ( 'NONE', #4739, #2768, #964, .T. ) ;
#62 = DIRECTION ( 'NONE',  ( 0.000000000000000000, -0.000000000000000000, -1.000000000000000000 ) ) ;
#63 = CARTESIAN_POINT ( 'NONE',  ( 28.26424885884175708, 1.164248858841756995, -1.371355640028319112 ) ) ;
#64 = ORIENTED_EDGE ( 'NONE', *, *, #3402, .T. ) ;
#65 = FACE_OUTER_BOUND ( 'NONE', #1935, .T. ) ;
#66 = DIRECTION ( 'NONE',  ( 0.000000000000000000, 0.000000000000000000, 1.000000000000000000 ) ) ;
#67 = APPROVAL ( #1850, 'UNSPECIFIED' ) ;
#68 = EDGE_CURVE ( 'NONE', #88, #1852, #489, .T. ) ;
#69 = VERTEX_POINT ( 'NONE', #3482 ) ;
#70 = ORIENTED_EDGE ( 'NONE', *, *, #2264, .T. ) ;
#71 = CARTESIAN_POINT ( 'NONE',  ( 11.33993463423951731, 1.466666666666667007, -6.000000000000002665 ) ) ;
#72 = ORIENTED_EDGE ( 'NONE', *, *, #938, .F. ) ;
#73 = EDGE_CURVE ( 'NONE', #551, #81, #1130, .T. ) ;
#74 = ORIENTED_EDGE ( 'NONE', *, *, #978, .F. ) ;
#75 = ORIENTED_EDGE ( 'NONE', *, *, #4156, .T. ) ;
#76 = EDGE_CURVE ( 'NONE', #3524, #2116, #2231, .T. ) ;
#77 = DIRECTION ( 'NONE',  ( 1.000000000000000000, -3.550762114890023866E-15, 0.000000000000000000 ) ) ;
#78 = EDGE_CURVE ( 'NONE', #1689, #1888, #1751, .T. ) ;
#79 = DIRECTION ( 'NONE',  ( 0.000000000000000000, 0.000000000000000000, -1.000000000000000000 ) ) ;
#80 = CARTESIAN_POINT ( 'NONE',  ( 27.86081849680845579, 1.593392010237216549, -1.093392010237230982 ) ) ;
#81 = VERTEX_POINT ( 'NONE', #4673 ) ;
#82 = CARTESIAN_POINT ( 'NONE',  ( 3.982197750564964167, 1.000000000000000000, -1.017802249435043382 ) ) ;
#83 = CARTESIAN_POINT ( 'NONE',  ( 20.70289517070397878, 1.678524370405077626, -1.232072267822816869 ) ) ;
#84 = AXIS2_PLACEMENT_3D ( 'NONE', #4870, #3400, #3376 ) ;
#85 = LINE ( 'NONE', #3485, #4216 ) ;
#86 = CARTESIAN_POINT ( 'NONE',  ( 32.47378640637131753, 0.5894053745007865608, -5.162404093936037164 ) ) ;
#87 = CIRCLE ( 'NONE', #3251, 0.9000000000000014655 ) ;
#88 = VERTEX_POINT ( 'NONE', #3157 ) ;
#89 = LINE ( 'NONE', #1604, #4698 ) ;
#90 = CARTESIAN_POINT ( 'NONE',  ( 2.599999999999999201, -2.600000000000000089, -28.50000000000000000 ) ) ;
#91 = ORIENTED_EDGE ( 'NONE', *, *, #920, .T. ) ;
#92 = ORIENTED_EDGE ( 'NONE', *, *, #859, .T. ) ;
#93 = CARTESIAN_POINT ( 'NONE',  ( 11.29230264387910054, 1.506859157234415436, -6.006009760760982807 ) ) ;
#95 = VERTEX_POINT ( 'NONE', #1270 ) ;
#94 = CIRCLE ( 'NONE', #4214, 0.2999999999999999889 ) ;
#96 = FACE_OUTER_BOUND ( 'NONE', #3393, .T. ) ;
#97 = EDGE_CURVE ( 'NONE', #4793, #3209, #909, .T. ) ;
#98 = AXIS2_PLACEMENT_3D ( 'NONE', #2887, #4394, #626 ) ;
#99 = EDGE_CURVE ( 'NONE', #4111, #3942, #2411, .T. ) ;
#100 = ORIENTED_EDGE ( 'NONE', *, *, #2517, .T. ) ;
#101 = EDGE_LOOP ( 'NONE', ( #245, #696, #1390, #2937, #4041 ) ) ;
#102 = ORGANIZATION ( 'UNSPECIFIED', 'UNSPECIFIED', '' ) ;
#103 = CARTESIAN_POINT ( 'NONE',  ( 4.000000000000000000, 1.000000000000000000, -4.000000000000000000 ) ) ;
#104 = EDGE_CURVE ( 'NONE', #4810, #1464, #4132, .T. ) ;
#105 = SPHERICAL_SURFACE ( 'NONE', #429, 0.4000000000000000222 ) ;
#106 = CARTESIAN_POINT ( 'NONE',  ( 5.043093935963668173, 4.987773132610686666, -5.880860515782159403 ) ) ;
#107 = PERSON_AND_ORGANIZATION_ROLE ( 'classification_officer' ) ;
#108 = CARTESIAN_POINT ( 'NONE',  ( 26.81192771840044742, 2.307198616639735356, -2.794625134085444884 ) ) ;
#109 = AXIS2_PLACEMENT_3D ( 'NONE', #1087, #3653, #1854 ) ;
#110 = DIRECTION ( 'NONE',  ( 0.7071067811865441310, -0.7071067811865510144, 0.000000000000000000 ) ) ;
#111 = VERTEX_POINT ( 'NONE', #345 ) ;
#112 = CIRCLE ( 'NONE', #753, 1.000000000000000000 ) ;
#113 = DIRECTION ( 'NONE',  ( 0.000000000000000000, 0.000000000000000000, -1.000000000000000000 ) ) ;
#114 = DIRECTION ( 'NONE',  ( 1.000000000000000000, 0.000000000000000000, 0.000000000000000000 ) ) ;
#115 = CARTESIAN_POINT ( 'NONE',  ( 28.32759813075840682, 1.164248858841756107, -1.867326273985240537 ) ) ;
#116 = CARTESIAN_POINT ( 'NONE',  ( 20.29999999999999716, 0.5807611844574696036, -0.5050252531694159330 ) ) ;
#117 = CIRCLE ( 'NONE', #3763, 1.000000000000000000 ) ;
#118 = VERTEX_POINT ( 'NONE', #4504 ) ;
#119 = DIRECTION ( 'NONE',  ( -1.000000000000000000, 0.000000000000000000, -4.956352788505161296E-16 ) ) ;
#120 = CYLINDRICAL_SURFACE ( 'NONE', #519, 1.000000000000000000 ) ;
#121 = VECTOR ( 'NONE', #3303, 1000.000000000000000 ) ;
#122 = ORIENTED_EDGE ( 'NONE', *, *, #2681, .T. ) ;
#123 = AXIS2_PLACEMENT_3D ( 'NONE', #795, #1461, #1804 ) ;
#124 = CARTESIAN_POINT ( 'NONE',  ( 1.000000000000000000, 0.08578643762688700769, -35.00000000000000000 ) ) ;
#125 = EDGE_CURVE ( 'NONE', #3973, #1580, #817, .T. ) ;
#126 = CIRCLE ( 'NONE', #2103, 0.4999999999999999445 ) ;
#127 = ORIENTED_EDGE ( 'NONE', *, *, #4498, .F. ) ;
#128 = EDGE_CURVE ( 'NONE', #2948, #3164, #3733, .T. ) ;
#129 = ORIENTED_EDGE ( 'NONE', *, *, #292, .F. ) ;
#130 = DIRECTION ( 'NONE',  ( 0.000000000000000000, 0.000000000000000000, -1.000000000000000000 ) ) ;
#131 = CARTESIAN_POINT ( 'NONE',  ( 24.63660196661090396, 1.556412408500395417, -1.195350589089893223 ) ) ;
#132 = CARTESIAN_POINT ( 'NONE',  ( 27.97088293732668873, 5.129117062673326011, -6.071347934663804402 ) ) ;
#133 = CALENDAR_DATE ( 2026, 29, 7 ) ;
#134 = EDGE_LOOP ( 'NONE', ( #3528, #2941, #3236, #1379, #378, #3435, #173, #3375, #3240, #4382, #1413, #3983 ) ) ;
#135 = CARTESIAN_POINT ( 'NONE',  ( 24.90000000000000568, 1.812132034355963706, -1.312132034355979027 ) ) ;
#136 = CARTESIAN_POINT ( 'NONE',  ( 0.000000000000000000, 0.000000000000000000, 0.000000000000000000 ) ) ;
#137 = LINE ( 'NONE', #2453, #4845 ) ;
#138 = CARTESIAN_POINT ( 'NONE',  ( 4.707106781186552347, 0.4393398282201617100, -0.2928932188134534820 ) ) ;
#139 = EDGE_CURVE ( 'NONE', #1772, #1960, #3336, .T. ) ;
#140 = CARTESIAN_POINT ( 'NONE',  ( 5.414213562373099364, 0.000000000000000000, 0.000000000000000000 ) ) ;
#141 = DIRECTION ( 'NONE',  ( -1.000000000000000000, -0.000000000000000000, 0.000000000000000000 ) ) ;
#142 = EDGE_LOOP ( 'NONE', ( #1558, #4540, #4261, #2089 ) ) ;
#143 = EDGE_CURVE ( 'NONE', #2014, #932, #2783, .T. ) ;
#144 = CARTESIAN_POINT ( 'NONE',  ( 10.99999999999999822, 1.600000000000000089, 2.725994033677837973E-15 ) ) ;
#145 = ORIENTED_EDGE ( 'NONE', *, *, #1519, .T. ) ;
#146 = EDGE_LOOP ( 'NONE', ( #3663, #3408, #3585, #4106 ) ) ;
#147 = CARTESIAN_POINT ( 'NONE',  ( 27.89289321881347306, 5.207106781186545241, -35.00000000000000000 ) ) ;
#148 = DIRECTION ( 'NONE',  ( -2.478176394252580648E-16, 0.000000000000000000, 1.000000000000000000 ) ) ;
#149 = ORIENTED_EDGE ( 'NONE', *, *, #4191, .T. ) ;
#150 = VERTEX_POINT ( 'NONE', #2916 ) ;
#151 = EDGE_CURVE ( 'NONE', #3387, #3025, #4083, .T. ) ;
#152 = CARTESIAN_POINT ( 'NONE',  ( 8.399029119786368014, 1.821475626451024121, -1.532072269125060560 ) ) ;
#153 = CARTESIAN_POINT ( 'NONE',  ( 4.335751141158238120, 1.164248858841755219, -1.371355640028317113 ) ) ;
#154 = CARTESIAN_POINT ( 'NONE',  ( 26.17152311108382534, 5.207106781186546129, -4.707106781186552347 ) ) ;
#155 = ORIENTED_EDGE ( 'NONE', *, *, #1394, .T. ) ;
#156 = CARTESIAN_POINT ( 'NONE',  ( 2.599999999999999645, -2.335504019631980732, -17.69407519760282099 ) ) ;
#157 = ADVANCED_FACE ( 'NONE', ( #3392 ), #2626, .F. ) ;
#158 = CARTESIAN_POINT ( 'NONE',  ( 8.160065365760482692, 1.466666666666667007, -6.000000000000002665 ) ) ;
#159 = LINE ( 'NONE', #1718, #3739 ) ;
#160 = CARTESIAN_POINT ( 'NONE',  ( 20.60000000000000142, 0.5807611844574693816, -0.5050252531694160441 ) ) ;
#161 = CARTESIAN_POINT ( 'NONE',  ( 5.414213562373099364, 0.08578643762688700769, 0.000000000000000000 ) ) ;
#162 =( BOUNDED_SURFACE ( )  B_SPLINE_SURFACE ( 3, 2, ( 
 ( #464, #1487, #377 ),
 ( #2204, #3715, #3397 ),
 ( #4253, #4918, #322 ),
 ( #4485, #2973, #844 ),
 ( #1509, #4231, #2998 ),
 ( #1835, #2608, #4110 ),
 ( #719, #3857, #2228 ),
 ( #1974, #4509, #3486 ),
 ( #2180, #4321, #4273 ),
 ( #2365, #1670, #3922 ) ),
 .UNSPECIFIED., .F., .F., .F. ) 
 B_SPLINE_SURFACE_WITH_KNOTS ( ( 4, 2, 2, 2, 4 ),
 ( 3, 3 ),
 ( 3.141592653589793116, 3.534291735288517255, 3.926990816987241395, 4.319689898685965090, 4.712388980384689674 ),
 ( 0.000000000000000000, 1.000000000000000000 ),
 .UNSPECIFIED. ) 
 GEOMETRIC_REPRESENTATION_ITEM ( )  RATIONAL_B_SPLINE_SURFACE ( (
 ( 1.000000000000000000, 0.7071067811865473507, 1.000000000000000000),
 ( 1.000000000000000000, 0.7066757454026773022, 1.000000000000000000),
 ( 1.000000000000000000, 0.7265517544567828834, 1.000000000000000000),
 ( 1.000000000000000000, 0.7876784852404187243, 1.000000000000000000),
 ( 1.000000000000000000, 0.8282379410841129719, 1.000000000000000000),
 ( 1.000000000000000000, 0.9038128664847646654, 1.000000000000000000),
 ( 1.000000000000000000, 0.9386556601681833589, 1.000000000000000000),
 ( 1.000000000000000000, 0.9867291795941294241, 1.000000000000000000),
 ( 1.000000000000000000, 1.000158588025362505, 1.000000000000000000),
 ( 1.000000000000000000, 1.000000000000000000, 1.000000000000000000) ) ) 
 REPRESENTATION_ITEM ( '' )  SURFACE ( )  );
#163 = ADVANCED_FACE ( 'NONE', ( #689 ), #2883, .T. ) ;
#164 = ORIENTED_EDGE ( 'NONE', *, *, #4674, .T. ) ;
#165 = EDGE_CURVE ( 'NONE', #2396, #1980, #2860, .T. ) ;
#166 = FACE_OUTER_BOUND ( 'NONE', #3350, .T. ) ;
#167 = CIRCLE ( 'NONE', #9, 6.000000000000001776 ) ;
#168 = ORIENTED_EDGE ( 'NONE', *, *, #3579, .F. ) ;
#169 = ORIENTED_EDGE ( 'NONE', *, *, #595, .F. ) ;
#170 = LINE ( 'NONE', #4347, #2338 ) ;
#171 = LINE ( 'NONE', #197, #3599 ) ;
#172 = CARTESIAN_POINT ( 'NONE',  ( 20.92049450642885589, 1.266666666666666829, -6.000000000000002665 ) ) ;
#173 = ORIENTED_EDGE ( 'NONE', *, *, #929, .T. ) ;
#174 = AXIS2_PLACEMENT_3D ( 'NONE', #2385, #3064, #1971 ) ;
#175 = TOROIDAL_SURFACE ( 'NONE', #1590, 0.7000000000000000666, 0.2999999999999999889 ) ;
#176 = ORIENTED_EDGE ( 'NONE', *, *, #1863, .F. ) ;
#177 = CARTESIAN_POINT ( 'NONE',  ( 26.17152311108382889, 4.853553390593273953, -5.060660171779827188 ) ) ;
#178 = CARTESIAN_POINT ( 'NONE',  ( 30.72988310224845065, 2.370116897752484242, -4.522360656409964541 ) ) ;
#179 = LOCAL_TIME ( 20, 3, 17.00000000000000000, #1158 ) ;
#180 = ORIENTED_EDGE ( 'NONE', *, *, #4429, .T. ) ;
#181 = DIRECTION ( 'NONE',  ( -0.3590109871422982879, -0.9333333333333340143, 0.000000000000000000 ) ) ;
#182 = FACE_OUTER_BOUND ( 'NONE', #3444, .T. ) ;
#183 = FACE_OUTER_BOUND ( 'NONE', #2077, .T. ) ;
#184 = APPLICATION_CONTEXT ( 'configuration controlled 3d designs of mechanical parts and assemblies' ) ;
#185 = AXIS2_PLACEMENT_3D ( 'NONE', #1673, #3900, #1348 ) ;
#186 = DIRECTION ( 'NONE',  ( 0.000000000000000000, 0.000000000000000000, 1.000000000000000000 ) ) ;
#187 = CARTESIAN_POINT ( 'NONE',  ( 8.265685424949237969, 1.899999999999999245, -1.524264068711941977 ) ) ;
#188 = CIRCLE ( 'NONE', #4856, 0.5000000000000004441 ) ;
#189 = EDGE_CURVE ( 'NONE', #2116, #2902, #4212, .T. ) ;
#190 = VERTEX_POINT ( 'NONE', #3735 ) ;
#191 = ORIENTED_EDGE ( 'NONE', *, *, #1798, .F. ) ;
#192 = CIRCLE ( 'NONE', #4703, 0.5000000000000000000 ) ;
#193 =( BOUNDED_CURVE ( )  B_SPLINE_CURVE ( 3, ( #1776, #1011, #587, #216 ),
 .UNSPECIFIED., .F., .T. ) 
 B_SPLINE_CURVE_WITH_KNOTS ( ( 4, 4 ),
 ( 1.159007650839272818, 3.014552665653088326 ),
 .UNSPECIFIED. ) 
 CURVE ( )  GEOMETRIC_REPRESENTATION_ITEM ( )  RATIONAL_B_SPLINE_CURVE ( ( 1.000000000000000000, 0.7330787334324728732, 0.7330787334324728732, 1.000000000000000000 ) ) 
 REPRESENTATION_ITEM ( '' )  );
#194 = ORIENTED_EDGE ( 'NONE', *, *, #4651, .T. ) ;
#195 = VERTEX_POINT ( 'NONE', #4809 ) ;
#196 = CARTESIAN_POINT ( 'NONE',  ( 24.18228033681947764, 1.519371669380592982, -1.224264068711943043 ) ) ;
#197 = CARTESIAN_POINT ( 'NONE',  ( 0.000000000000000000, -2.600000000000000089, -13.60000000000000142 ) ) ;
#198 = DIRECTION ( 'NONE',  ( -0.6798692684790338392, 0.7333333333333372783, 0.000000000000000000 ) ) ;
#199 = DIRECTION ( 'NONE',  ( 0.000000000000000000, 0.000000000000000000, -1.000000000000000000 ) ) ;
#200 = EDGE_LOOP ( 'NONE', ( #619, #4099, #1313, #684 ) ) ;
#201 = CIRCLE ( 'NONE', #3522, 1.000000000000000000 ) ;
#202 = ORIENTED_EDGE ( 'NONE', *, *, #4156, .F. ) ;
#203 = EDGE_CURVE ( 'NONE', #17, #851, #1858, .T. ) ;
#204 = CARTESIAN_POINT ( 'NONE',  ( 27.73946438893336719, 4.853553390593273065, -5.970273702328224630 ) ) ;
#205 = AXIS2_PLACEMENT_3D ( 'NONE', #448, #3814, #4681 ) ;
#206 = VERTEX_POINT ( 'NONE', #3365 ) ;
#207 = CARTESIAN_POINT ( 'NONE',  ( 5.348751931328338927, 0.2167096997164629779, -1.013228529880888923E-16 ) ) ;
#208 = ADVANCED_FACE ( 'NONE', ( #1482 ), #2175, .T. ) ;
#209 = CARTESIAN_POINT ( 'NONE',  ( 27.18578643762689140, 0.08578643762688695218, -1.084202172485504434E-16 ) ) ;
#210 = DIRECTION ( 'NONE',  ( -1.000000000000000000, 0.000000000000000000, 0.000000000000000000 ) ) ;
#211 = CARTESIAN_POINT ( 'NONE',  ( 2.599999999999998312, -0.1821383476483398878, -24.77293929189298183 ) ) ;
#212 = CYLINDRICAL_SURFACE ( 'NONE', #3963, 1.000000000000000000 ) ;
#213 = DIRECTION ( 'NONE',  ( 0.000000000000000000, -0.7071067811865479058, 0.7071067811865472397 ) ) ;
#214 = EDGE_LOOP ( 'NONE', ( #4835, #424, #547, #4258 ) ) ;
#215 = VERTEX_POINT ( 'NONE', #1116 ) ;
#216 = CARTESIAN_POINT ( 'NONE',  ( 31.58219775056495848, 1.517802249435045381, -4.335751141158234567 ) ) ;
#217 = ORIENTED_EDGE ( 'NONE', *, *, #4356, .F. ) ;
#218 = CARTESIAN_POINT ( 'NONE',  ( 7.700000000000000178, 0.08578643762688700769, -1.000000000000000000 ) ) ;
#219 = CARTESIAN_POINT ( 'NONE',  ( 26.14592176163840165, 5.500000000000000000, -5.414213562373100253 ) ) ;
#220 = DIRECTION ( 'NONE',  ( -0.000000000000000000, -1.000000000000000000, -0.000000000000000000 ) ) ;
#221 = ORIENTED_EDGE ( 'NONE', *, *, #1554, .T. ) ;
#222 = ORIENTED_EDGE ( 'NONE', *, *, #4871, .F. ) ;
#223 = EDGE_CURVE ( 'NONE', #2795, #918, #1034, .T. ) ;
#224 = CARTESIAN_POINT ( 'NONE',  ( 7.939900047898622581, 1.578005180854338496, -1.241539150918471224 ) ) ;
#225 = CARTESIAN_POINT ( 'NONE',  ( 0.2928932188134519832, 0.000000000000000000, -4.707106781186565669 ) ) ;
#226 = ORIENTED_EDGE ( 'NONE', *, *, #4356, .T. ) ;
#227 = CARTESIAN_POINT ( 'NONE',  ( 5.152465634517038318, 0.2166604015549404849, -0.02602734134864126761 ) ) ;
#228 = DIRECTION ( 'NONE',  ( 0.000000000000000000, 0.000000000000000000, 1.000000000000000000 ) ) ;
#229 = EDGE_CURVE ( 'NONE', #3812, #2146, #4402, .T. ) ;
#230 = FACE_OUTER_BOUND ( 'NONE', #1421, .T. ) ;
#231 = CARTESIAN_POINT ( 'NONE',  ( 32.60000000000000142, 5.500000000000000000, -5.000000000000004441 ) ) ;
#232 = DIRECTION ( 'NONE',  ( -0.000000000000000000, -0.7071067811865465735, -0.7071067811865484609 ) ) ;
#233 = CARTESIAN_POINT ( 'NONE',  ( 24.60000000000000497, 0.08578643762688700769, -0.2999999999999999889 ) ) ;
#234 = VERTEX_POINT ( 'NONE', #3042 ) ;
#235 = CARTESIAN_POINT ( 'NONE',  ( 7.480196097281449852, 2.200000000000000622, -7.000000000000002665 ) ) ;
#236 = ORIENTED_EDGE ( 'NONE', *, *, #1088, .T. ) ;
#237 = CARTESIAN_POINT ( 'NONE',  ( 0.000000000000000000, -3.000000000000000000, -28.90000000000000213 ) ) ;
#238 = ORIENTED_EDGE ( 'NONE', *, *, #1567, .T. ) ;
#239 = DIRECTION ( 'NONE',  ( 0.000000000000000000, 0.000000000000000000, 1.000000000000000000 ) ) ;
#240 = CARTESIAN_POINT ( 'NONE',  ( 0.2003260337770807475, 0.7003260337770623734, -5.106943764348387482 ) ) ;
#241 = VECTOR ( 'NONE', #3204, 1000.000000000000000 ) ;
#242 = DIRECTION ( 'NONE',  ( 3.066586833366750248E-16, -0.7071067811865464625, -0.7071067811865486830 ) ) ;
#243 = LINE ( 'NONE', #4786, #1230 ) ;
#244 = ORIENTED_EDGE ( 'NONE', *, *, #666, .F. ) ;
#245 = ORIENTED_EDGE ( 'NONE', *, *, #2264, .F. ) ;
#246 = VECTOR ( 'NONE', #2955, 1000.000000000000000 ) ;
#247 = DIRECTION ( 'NONE',  ( 0.000000000000000000, -0.7071067811865465735, -0.7071067811865485719 ) ) ;
#248 = EDGE_CURVE ( 'NONE', #2437, #452, #4130, .T. ) ;
#249 = EDGE_CURVE ( 'NONE', #3349, #1710, #1522, .T. ) ;
#250 = CYLINDRICAL_SURFACE ( 'NONE', #1991, 0.4999999999999994449 ) ;
#251 = VECTOR ( 'NONE', #2758, 1000.000000000000000 ) ;
#252 = AXIS2_PLACEMENT_3D ( 'NONE', #2423, #4663, #874 ) ;
#253 = EDGE_CURVE ( 'NONE', #561, #2050, #3200, .T. ) ;
#254 = LINE ( 'NONE', #1736, #4613 ) ;
#255 = CARTESIAN_POINT ( 'NONE',  ( 2.599999999999999201, 0.000000000000000000, -28.50000000000000000 ) ) ;
#256 = AXIS2_PLACEMENT_3D ( 'NONE', #2928, #999, #2110 ) ;
#257 = DIRECTION ( 'NONE',  ( 1.000000000000000000, -0.000000000000000000, 0.000000000000000000 ) ) ;
#258 = CYLINDRICAL_SURFACE ( 'NONE', #3726, 2.000000000000000000 ) ;
#259 = CARTESIAN_POINT ( 'NONE',  ( 4.335751141158237232, 1.517802249435028061, -1.017802249435042938 ) ) ;
#260 = CARTESIAN_POINT ( 'NONE',  ( 26.67100135769256042, 5.438642630427025004, -4.971871272898384930 ) ) ;
#261 = DIRECTION ( 'NONE',  ( 0.7071067811865487940, -0.000000000000000000, -0.7071067811865463515 ) ) ;
#262 = EDGE_LOOP ( 'NONE', ( #2373, #1829, #512, #42 ) ) ;
#263 = ORIENTED_EDGE ( 'NONE', *, *, #1561, .T. ) ;
#264 = PLANE ( 'NONE',  #750 ) ;
#265 = ADVANCED_FACE ( 'NONE', ( #1619 ), #2060, .T. ) ;
#266 = LINE ( 'NONE', #4373, #3287 ) ;
#267 = AXIS2_PLACEMENT_3D ( 'NONE', #1191, #3488, #4207 ) ;
#268 = AXIS2_PLACEMENT_3D ( 'NONE', #1120, #796, #3447 ) ;
#269 = EDGE_LOOP ( 'NONE', ( #1351, #2268, #4894, #838, #2525, #4728, #263 ) ) ;
#270 = CARTESIAN_POINT ( 'NONE',  ( 20.51500888165174885, 1.755119195019229750, -1.255119195019245071 ) ) ;
#271 = DIRECTION ( 'NONE',  ( -1.000000000000000000, 0.000000000000000000, 0.000000000000000000 ) ) ;
#272 = DIRECTION ( 'NONE',  ( 0.000000000000000000, -1.000000000000000000, 0.000000000000000000 ) ) ;
#273 = EDGE_LOOP ( 'NONE', ( #3201, #2421, #4511, #3923 ) ) ;
#274 = DIRECTION ( 'NONE',  ( -0.2950835532617385182, -0.6756203433121421575, 0.6756203433121371615 ) ) ;
#275 = CARTESIAN_POINT ( 'NONE',  ( 4.000000000000000000, 4.999999999999999112, -4.000000000000000000 ) ) ;
#276 = AXIS2_PLACEMENT_3D ( 'NONE', #218, #542, #239 ) ;
#277 = CARTESIAN_POINT ( 'NONE',  ( 5.215494243418207887, 0.2845057565817474821, -0.01310357430006633093 ) ) ;
#278 = CARTESIAN_POINT ( 'NONE',  ( 27.89289321881346950, 5.207106781186547018, -6.428476888916184073 ) ) ;
#279 = AXIS2_PLACEMENT_3D ( 'NONE', #3286, #3235, #3211 ) ;
#280 = CARTESIAN_POINT ( 'NONE',  ( 21.10000000000000142, 1.300000000000000044, 1.045790438374589082E-14 ) ) ;
#281 = DIRECTION ( 'NONE',  ( -1.000000000000000000, 0.000000000000000000, 0.000000000000000000 ) ) ;
#282 = ADVANCED_FACE ( 'NONE', ( #1168, #1643 ), #3956, .T. ) ;
#283 = CARTESIAN_POINT ( 'NONE',  ( 26.17152311108377916, 5.207106781186611855, -4.707106781186483957 ) ) ;
#284 = DIRECTION ( 'NONE',  ( 0.000000000000000000, 0.7071067811865465735, 0.7071067811865484609 ) ) ;
#285 = AXIS2_PLACEMENT_3D ( 'NONE', #1179, #26, #2587 ) ;
#286 = VERTEX_POINT ( 'NONE', #578 ) ;
#287 = CARTESIAN_POINT ( 'NONE',  ( 8.153212203416080328, 1.466724704502342158, -6.911193365763168117 ) ) ;
#288 = EDGE_CURVE ( 'NONE', #1459, #2682, #644, .T. ) ;
#289 = ORIENTED_EDGE ( 'NONE', *, *, #1664, .F. ) ;
#290 = FACE_OUTER_BOUND ( 'NONE', #1884, .T. ) ;
#291 = CARTESIAN_POINT ( 'NONE',  ( 2.876201791486963533, 0.05962565546308001840, -22.36922091186924888 ) ) ;
#292 = EDGE_CURVE ( 'NONE', #2109, #4283, #1934, .T. ) ;
#293 = DIRECTION ( 'NONE',  ( -2.555489027805628494E-16, -0.7071067811865486830, 0.7071067811865464625 ) ) ;
#294 = ORIENTED_EDGE ( 'NONE', *, *, #3468, .T. ) ;
#295 = CARTESIAN_POINT ( 'NONE',  ( 27.18578643762689140, 0.08578643762688700769, 0.000000000000000000 ) ) ;
#296 = CARTESIAN_POINT ( 'NONE',  ( 6.318599640842458953, 5.474893225092202442, -5.155821588571534164 ) ) ;
#297 = CARTESIAN_POINT ( 'NONE',  ( 27.53933982822019644, 4.853553390593272177, -6.428476888916183185 ) ) ;
#298 = CARTESIAN_POINT ( 'NONE',  ( 32.59990744594584555, 0.1839549278949639544, -5.316045072105008096 ) ) ;
#299 = ORIENTED_EDGE ( 'NONE', *, *, #3579, .T. ) ;
#300 = ORIENTED_EDGE ( 'NONE', *, *, #3310, .T. ) ;
#301 = DIRECTION ( 'NONE',  ( 0.000000000000000000, -1.000000000000000000, 0.000000000000000000 ) ) ;
#302 = CARTESIAN_POINT ( 'NONE',  ( 6.428476888916176080, 5.207106781186546129, -4.707106781186552347 ) ) ;
#303 = DIRECTION ( 'NONE',  ( 0.000000000000000000, -1.000000000000000000, 0.000000000000000000 ) ) ;
#304 = LINE ( 'NONE', #3225, #818 ) ;
#305 = DIRECTION ( 'NONE',  ( 0.000000000000000000, -1.000000000000000000, 0.000000000000000000 ) ) ;
#306 = CARTESIAN_POINT ( 'NONE',  ( 12.49999999999999645, 44.12071982757441901, -7.000000000000002665 ) ) ;
#307 = CARTESIAN_POINT ( 'NONE',  ( 6.103334400569837115, 4.478049081012040133, -4.555881171218505443 ) ) ;
#308 = CARTESIAN_POINT ( 'NONE',  ( 26.78175434389878973, 5.500000000000000000, -5.147380814755533329 ) ) ;
#309 = CARTESIAN_POINT ( 'NONE',  ( 11.00000000000000000, 1.100000000000000089, -6.000000000000002665 ) ) ;
#310 = ORIENTED_EDGE ( 'NONE', *, *, #2771, .F. ) ;
#311 = VERTEX_POINT ( 'NONE', #3177 ) ;
#312 = EDGE_CURVE ( 'NONE', #1245, #3898, #792, .T. ) ;
#313 = CARTESIAN_POINT ( 'NONE',  ( 28.60000000000000142, 4.999999999999999112, -4.000000000000000000 ) ) ;
#314 = CARTESIAN_POINT ( 'NONE',  ( 2.999999999999999112, 0.1999999999999760303, -24.27014118898960859 ) ) ;
#315 = EDGE_CURVE ( 'NONE', #3451, #492, #4338, .T. ) ;
#316 = DIRECTION ( 'NONE',  ( 1.135313923248617074E-14, -0.2954898819821710765, 0.9553458691207927789 ) ) ;
#317 = EDGE_LOOP ( 'NONE', ( #3004, #2296, #4702, #1465 ) ) ;
#318 = EDGE_CURVE ( 'NONE', #111, #2987, #3135, .T. ) ;
#319 = CARTESIAN_POINT ( 'NONE',  ( 21.10000000000000497, 0.7999999999999999334, -6.000000000000002665 ) ) ;
#320 = CARTESIAN_POINT ( 'NONE',  ( 8.000000000000000000, 0.5807611844574698257, -0.5050252531694159330 ) ) ;
#321 = DIRECTION ( 'NONE',  ( 0.000000000000000000, 0.000000000000000000, -1.000000000000000000 ) ) ;
#322 = CARTESIAN_POINT ( 'NONE',  ( 11.50780820041311792, 1.404562975971616057, -1.217776810633740547 ) ) ;
#323 = ORIENTED_EDGE ( 'NONE', *, *, #4526, .F. ) ;
#324 =( BOUNDED_CURVE ( )  B_SPLINE_CURVE ( 3, ( #725, #356, #4570, #2236 ),
 .UNSPECIFIED., .F., .F. ) 
 B_SPLINE_CURVE_WITH_KNOTS ( ( 4, 4 ),
 ( 3.141592653589794004, 4.712388980384689674 ),
 .UNSPECIFIED. ) 
 CURVE ( )  GEOMETRIC_REPRESENTATION_ITEM ( )  RATIONAL_B_SPLINE_CURVE ( ( 1.000000000000000000, 0.8047378541243652705, 0.8047378541243652705, 1.000000000000000000 ) ) 
 REPRESENTATION_ITEM ( '' )  );
#325 = ORIENTED_EDGE ( 'NONE', *, *, #3496, .F. ) ;
#326 = VECTOR ( 'NONE', #4265, 1000.000000000000000 ) ;
#327 = CARTESIAN_POINT ( 'NONE',  ( 6.248840806196266584, 1.762157114610275022, -1.262157114610288788 ) ) ;
#328 = CARTESIAN_POINT ( 'NONE',  ( 7.200000000000001066, 3.499999999999999556, -35.00000000000000000 ) ) ;
#329 = CIRCLE ( 'NONE', #3097, 0.3999999999999993006 ) ;
#330 = CARTESIAN_POINT ( 'NONE',  ( 3.099240245364258683, 3.599240245364249802, -6.625066384352904514 ) ) ;
#331 = DIRECTION ( 'NONE',  ( 0.000000000000000000, -1.000000000000000000, 0.000000000000000000 ) ) ;
#332 = CARTESIAN_POINT ( 'NONE',  ( 6.300000000000000711, 3.499999999999999556, -29.00000000000000355 ) ) ;
#333 = CIRCLE ( 'NONE', #1838, 0.4000000000000001887 ) ;
#334 = FACE_OUTER_BOUND ( 'NONE', #4446, .T. ) ;
#335 = DIRECTION ( 'NONE',  ( 0.000000000000000000, 0.000000000000000000, -1.000000000000000000 ) ) ;
#336 = TOROIDAL_SURFACE ( 'NONE', #256, 6.400000000000003020, 0.4000000000000000222 ) ;
#337 = AXIS2_PLACEMENT_3D ( 'NONE', #103, #3909, #923 ) ;
#338 = EDGE_LOOP ( 'NONE', ( #325, #1148, #4775, #4292 ) ) ;
#339 = CARTESIAN_POINT ( 'NONE',  ( 5.828427124746196952, 2.200000000000000622, -35.00000000000000000 ) ) ;
#341 = DIRECTION ( 'NONE',  ( -0.000000000000000000, -1.000000000000000000, -0.000000000000000000 ) ) ;
#340 = VECTOR ( 'NONE', #2697, 1000.000000000000114 ) ;
#342 = EDGE_CURVE ( 'NONE', #1070, #2473, #2452, .T. ) ;
#343 = DIRECTION ( 'NONE',  ( 0.5773502691896270633, 0.5773502691896261751, -0.5773502691896242878 ) ) ;
#344 = EDGE_CURVE ( 'NONE', #95, #2262, #1134, .T. ) ;
#345 = CARTESIAN_POINT ( 'NONE',  ( 31.58219775056495848, 1.164248858841775203, -3.982197750564959726 ) ) ;
#346 = ORIENTED_EDGE ( 'NONE', *, *, #4062, .T. ) ;
#347 = CARTESIAN_POINT ( 'NONE',  ( 0.000000000000000000, 0.000000000000000000, -35.00000000000000000 ) ) ;
#348 = FACE_OUTER_BOUND ( 'NONE', #4245, .T. ) ;
#349 = DIRECTION ( 'NONE',  ( 1.000000000000000000, -0.000000000000000000, 0.000000000000000000 ) ) ;
#350 = TOROIDAL_SURFACE ( 'NONE', #3115, 2.649999999999997691, 0.5000000000000000000 ) ;
#351 = EDGE_LOOP ( 'NONE', ( #1056, #23, #955, #1023, #226, #3994, #4308, #496 ) ) ;
#352 = ORIENTED_EDGE ( 'NONE', *, *, #344, .T. ) ;
#353 = CIRCLE ( 'NONE', #3586, 0.2999999999999999889 ) ;
#354 = CARTESIAN_POINT ( 'NONE',  ( 2.599999999999998312, -0.1821383476483398878, -21.22706070810702172 ) ) ;
#355 =( BOUNDED_CURVE ( )  B_SPLINE_CURVE ( 3, ( #2793, #4345, #513, #3210 ),
 .UNSPECIFIED., .F., .T. ) 
 B_SPLINE_CURVE_WITH_KNOTS ( ( 4, 4 ),
 ( 3.926990816987243171, 4.712388980384689674 ),
 .UNSPECIFIED. ) 
 CURVE ( )  GEOMETRIC_REPRESENTATION_ITEM ( )  RATIONAL_B_SPLINE_CURVE ( ( 1.000000000000000000, 0.9492530216741912330, 0.9492530216741912330, 1.000000000000000000 ) ) 
 REPRESENTATION_ITEM ( '' )  );
#356 = CARTESIAN_POINT ( 'NONE',  ( 8.000000000000000000, 1.458578643762689087, -1.134314575050776153 ) ) ;
#357 = VERTEX_POINT ( 'NONE', #506 ) ;
#358 = CARTESIAN_POINT ( 'NONE',  ( 2.265669573856355701, 2.765669573856186059, -5.374458920468645040 ) ) ;
#359 = EDGE_CURVE ( 'NONE', #2375, #3099, #3529, .T. ) ;
#360 = CARTESIAN_POINT ( 'NONE',  ( 24.60000000000000497, 1.034314575050760743, -0.9585786437627061840 ) ) ;
#361 = CARTESIAN_POINT ( 'NONE',  ( 4.437285886934228429, 1.190206883470438681, -1.888386558115745517 ) ) ;
#362 = AXIS2_PLACEMENT_3D ( 'NONE', #1029, #4395, #3990 ) ;
#363 = PERSON_AND_ORGANIZATION_ROLE ( 'design_owner' ) ;
#364 = DIRECTION ( 'NONE',  ( -1.000000000000000000, 0.000000000000000000, 0.000000000000000000 ) ) ;
#365 = AXIS2_PLACEMENT_3D ( 'NONE', #722, #2232, #1098 ) ;
#366 = VERTEX_POINT ( 'NONE', #135 ) ;
#367 = CARTESIAN_POINT ( 'NONE',  ( 24.10000000000000853, 1.387867965644035584, -1.312132034355979471 ) ) ;
#368 = PLANE ( 'NONE',  #4297 ) ;
#369 = CIRCLE ( 'NONE', #3136, 0.5000000000000005551 ) ;
#370 = CARTESIAN_POINT ( 'NONE',  ( 26.62972629767178390, 4.853553390593271288, -4.860535611066648443 ) ) ;
#371 = CARTESIAN_POINT ( 'NONE',  ( 1.017802249435044049, 1.517802249435027839, -4.335751141158245225 ) ) ;
#372 = EDGE_CURVE ( 'NONE', #3693, #3841, #493, .T. ) ;
#373 = ORIENTED_EDGE ( 'NONE', *, *, #1499, .T. ) ;
#374 = CARTESIAN_POINT ( 'NONE',  ( 21.10000000000000497, 2.200000000000000622, -7.000000000000002665 ) ) ;
#375 = CARTESIAN_POINT ( 'NONE',  ( 1.724909030621591288, 1.000000000000000000, -3.982197750564971273 ) ) ;
#376 = CARTESIAN_POINT ( 'NONE',  ( 8.437167578755666142, 1.600000000000000311, -6.083484863184875024 ) ) ;
#377 = CARTESIAN_POINT ( 'NONE',  ( 11.49999999999999822, 1.334314575050760565, -1.258578643762704674 ) ) ;
#378 = ORIENTED_EDGE ( 'NONE', *, *, #2225, .F. ) ;
#379 = ORIENTED_EDGE ( 'NONE', *, *, #3527, .T. ) ;
#380 = CYLINDRICAL_SURFACE ( 'NONE', #1157, 1.000000000000000000 ) ;
#381 = DIRECTION ( 'NONE',  ( 1.000000000000000000, 0.000000000000000000, 0.000000000000000000 ) ) ;
#382 = ORIENTED_EDGE ( 'NONE', *, *, #565, .T. ) ;
#383 = EDGE_CURVE ( 'NONE', #1459, #1012, #2809, .T. ) ;
#384 = CARTESIAN_POINT ( 'NONE',  ( 2.384595512138979245, 2.884595512138786066, -5.511914363228805236 ) ) ;
#385 = FACE_OUTER_BOUND ( 'NONE', #634, .T. ) ;
#386 = LINE ( 'NONE', #2690, #2145 ) ;
#387 = CARTESIAN_POINT ( 'NONE',  ( 27.26413141612939839, 1.706413580345807590, -2.307195765016948119 ) ) ;
#388 = ORIENTED_EDGE ( 'NONE', *, *, #3473, .F. ) ;
#389 = CARTESIAN_POINT ( 'NONE',  ( 24.66009995210136907, 1.278005180854333789, -0.9415391509184843910 ) ) ;
#390 = DIRECTION ( 'NONE',  ( 0.000000000000000000, -1.000000000000000000, -0.000000000000000000 ) ) ;
#391 = DIRECTION ( 'NONE',  ( -0.000000000000000000, 1.000000000000000000, -0.000000000000000000 ) ) ;
#392 = CARTESIAN_POINT ( 'NONE',  ( 26.41214853577113786, 4.760888578692036965, -4.260888578692292761 ) ) ;
#393 = DIRECTION ( 'NONE',  ( -0.000000000000000000, 0.000000000000000000, 1.000000000000000000 ) ) ;
#394 = ORIENTED_EDGE ( 'NONE', *, *, #1246, .F. ) ;
#395 = CARTESIAN_POINT ( 'NONE',  ( 2.691755881686526131, 0.06259330874930288391, -23.60515386640514635 ) ) ;
#396 = CARTESIAN_POINT ( 'NONE',  ( 11.00000000000000000, 1.100000000000000089, -6.000000000000002665 ) ) ;
#397 = ORIENTED_EDGE ( 'NONE', *, *, #189, .F. ) ;
#398 = ORIENTED_EDGE ( 'NONE', *, *, #4492, .F. ) ;
#399 = DIRECTION ( 'NONE',  ( 1.000000000000000000, 2.669847849745552302E-15, 0.000000000000000000 ) ) ;
#400 = CARTESIAN_POINT ( 'NONE',  ( 5.414213562373100253, 5.500000000000000000, -6.241093483101493256 ) ) ;
#401 = ORIENTED_EDGE ( 'NONE', *, *, #1648, .F. ) ;
#402 = ADVANCED_FACE ( 'NONE', ( #1715 ), #336, .T. ) ;
#403 = FACE_OUTER_BOUND ( 'NONE', #1997, .T. ) ;
#404 = CARTESIAN_POINT ( 'NONE',  ( 27.18578643762692337, 5.500000000000003553, -6.241093483101507466 ) ) ;
#405 = FACE_OUTER_BOUND ( 'NONE', #4324, .T. ) ;
#406 = AXIS2_PLACEMENT_3D ( 'NONE', #4295, #1717, #2854 ) ;
#407 = PERSON_AND_ORGANIZATION ( #4792, #102 ) ;
#408 = ADVANCED_FACE ( 'NONE', ( #2505, #4092 ), #3617, .F. ) ;
#409 = LINE ( 'NONE', #2620, #738 ) ;
#410 = EDGE_LOOP ( 'NONE', ( #3244, #3212, #3127, #4564 ) ) ;
#411 = CARTESIAN_POINT ( 'NONE',  ( 8.000000000000000000, 0.000000000000000000, -0.2999999999999999889 ) ) ;
#412 = DIRECTION ( 'NONE',  ( -1.000000000000000000, 0.000000000000000000, 0.000000000000000000 ) ) ;
#413 = DIRECTION ( 'NONE',  ( -1.000000000000000000, 0.000000000000000000, 0.000000000000000000 ) ) ;
#414 = FACE_OUTER_BOUND ( 'NONE', #2746, .T. ) ;
#415 = VECTOR ( 'NONE', #1186, 1000.000000000000000 ) ;
#416 = AXIS2_PLACEMENT_3D ( 'NONE', #1209, #2062, #625 ) ;
#417 = EDGE_LOOP ( 'NONE', ( #695, #1435 ) ) ;
#418 = EDGE_CURVE ( 'NONE', #941, #656, #1210, .T. ) ;
#419 = DIRECTION ( 'NONE',  ( -1.000000000000000000, 0.000000000000000000, 0.000000000000000000 ) ) ;
#420 = AXIS2_PLACEMENT_3D ( 'NONE', #4740, #1050, #4359 ) ;
#421 = FACE_OUTER_BOUND ( 'NONE', #872, .T. ) ;
#422 = CARTESIAN_POINT ( 'NONE',  ( 8.000000000000000000, 0.5807611844574697146, -0.5050252531694158220 ) ) ;
#423 = APPROVAL_PERSON_ORGANIZATION ( #407, #2425, #3432 ) ;
#424 = ORIENTED_EDGE ( 'NONE', *, *, #3242, .F. ) ;
#425 = ORIENTED_EDGE ( 'NONE', *, *, #4696, .F. ) ;
#426 = DIRECTION ( 'NONE',  ( -0.000000000000000000, 1.000000000000000000, -0.000000000000000000 ) ) ;
#427 = EDGE_LOOP ( 'NONE', ( #2572, #236, #3816, #2677, #2765 ) ) ;
#428 = CARTESIAN_POINT ( 'NONE',  ( 24.75461725677475400, 1.693549495624419921, -1.225112325883735975 ) ) ;
#429 = AXIS2_PLACEMENT_3D ( 'NONE', #4909, #765, #3759 ) ;
#430 = ADVANCED_FACE ( 'NONE', ( #1368 ), #32, .T. ) ;
#431 = DIRECTION ( 'NONE',  ( -0.5773502691896241767, 0.5773502691896273964, -0.5773502691896258421 ) ) ;
#432 = AXIS2_PLACEMENT_3D ( 'NONE', #2435, #3896, #2064 ) ;
#433 = CARTESIAN_POINT ( 'NONE',  ( 2.794625134085443996, 2.307198616639734468, -5.788072281599554003 ) ) ;
#434 = TOROIDAL_SURFACE ( 'NONE', #1940, 1.500000000000000000, 1.000000000000000000 ) ;
#435 = CARTESIAN_POINT ( 'NONE',  ( 27.18578643762692337, 5.500000000000000000, -6.241093483101506578 ) ) ;
#436 = APPROVAL_ROLE ( '' ) ;
#437 = CARTESIAN_POINT ( 'NONE',  ( 28.16271411306586003, 1.190206883470647625, -1.888386558115736191 ) ) ;
#438 = ORIENTED_EDGE ( 'NONE', *, *, #2350, .T. ) ;
#439 = VECTOR ( 'NONE', #2065, 1000.000000000000000 ) ;
#440 = EDGE_CURVE ( 'NONE', #2769, #2661, #254, .T. ) ;
#441 = CARTESIAN_POINT ( 'NONE',  ( 32.30710678118654755, 0.4393398282201749216, -4.707106781186551459 ) ) ;
#442 = CARTESIAN_POINT ( 'NONE',  ( 0.000000000000000000, 0.000000000000000000, 0.000000000000000000 ) ) ;
#443 = CARTESIAN_POINT ( 'NONE',  ( 0.000000000000000000, 1.000000000000000000, 0.000000000000000000 ) ) ;
#444 = AXIS2_PLACEMENT_3D ( 'NONE', #124, #3476, #1943 ) ;
#445 = EDGE_CURVE ( 'NONE', #2109, #3218, #2789, .T. ) ;
#446 = ORIENTED_EDGE ( 'NONE', *, *, #4705, .T. ) ;
#447 = CARTESIAN_POINT ( 'NONE',  ( 0.000000000000000000, 1.599999999999999867, -1.224264068711943265 ) ) ;
#448 = CARTESIAN_POINT ( 'NONE',  ( 2.599999999999999645, -2.600000000000000089, -28.50000000000000000 ) ) ;
#449 = CIRCLE ( 'NONE', #3604, 0.7999999999999999334 ) ;
#450 = EDGE_CURVE ( 'NONE', #3025, #995, #2589, .T. ) ;
#451 = ORIENTED_EDGE ( 'NONE', *, *, #3185, .T. ) ;
#452 = VERTEX_POINT ( 'NONE', #4411 ) ;
#453 = EDGE_CURVE ( 'NONE', #1852, #3973, #3888, .T. ) ;
#454 = ORIENTED_EDGE ( 'NONE', *, *, #4274, .T. ) ;
#455 = CARTESIAN_POINT ( 'NONE',  ( 1.013228529880888923E-16, 0.2167096997164629779, -5.348751931328351361 ) ) ;
#456 = ORIENTED_EDGE ( 'NONE', *, *, #3150, .T. ) ;
#457 = ORIENTED_EDGE ( 'NONE', *, *, #3222, .F. ) ;
#458 = FACE_OUTER_BOUND ( 'NONE', #1287, .T. ) ;
#459 = LINE ( 'NONE', #3, #2778 ) ;
#460 = CARTESIAN_POINT ( 'NONE',  ( 28.47640911819694765, 2.348318963749500554, -1.848318963749513877 ) ) ;
#461 = CARTESIAN_POINT ( 'NONE',  ( 21.10000000000000497, 0.7999999999999999334, -7.000000000000002665 ) ) ;
#462 = LINE ( 'NONE', #82, #1748 ) ;
#463 = CARTESIAN_POINT ( 'NONE',  ( 21.07917813223158987, 1.448914314129925884, -1.262128148792050819 ) ) ;
#464 = CARTESIAN_POINT ( 'NONE',  ( 10.99999999999999822, 1.687867965644034740, -1.612132034355977961 ) ) ;
#465 = EDGE_CURVE ( 'NONE', #3870, #69, #3227, .T. ) ;
#466 = ORIENTED_EDGE ( 'NONE', *, *, #2308, .F. ) ;
#467 = DIRECTION ( 'NONE',  ( 0.000000000000000000, 0.000000000000000000, 1.000000000000000000 ) ) ;
#468 = CYLINDRICAL_SURFACE ( 'NONE', #1080, 0.2999999999999999334 ) ;
#469 = ADVANCED_FACE ( 'NONE', ( #4468 ), #647, .T. ) ;
#470 = EDGE_LOOP ( 'NONE', ( #2685, #764, #3093, #3261 ) ) ;
#471 = EDGE_LOOP ( 'NONE', ( #72, #2750, #1620, #70, #4286 ) ) ;
#472 = ORIENTED_EDGE ( 'NONE', *, *, #3378, .F. ) ;
#473 = CYLINDRICAL_SURFACE ( 'NONE', #2861, 0.2999999999999999889 ) ;
#474 = VERTEX_POINT ( 'NONE', #3298 ) ;
#475 = ORIENTED_EDGE ( 'NONE', *, *, #2645, .F. ) ;
#476 = CARTESIAN_POINT ( 'NONE',  ( 8.000000001533221550, 1.667399608785701259, -1.632600389045774980 ) ) ;
#477 = DIRECTION ( 'NONE',  ( 0.000000000000000000, -1.000000000000000000, 0.000000000000000000 ) ) ;
#478 = CARTESIAN_POINT ( 'NONE',  ( 26.91078058192606903, 2.140773829233845404, -2.659601249963758463 ) ) ;
#479 = ADVANCED_FACE ( 'NONE', ( #1415 ), #735, .T. ) ;
#480 = ORIENTED_EDGE ( 'NONE', *, *, #1953, .T. ) ;
#481 = CARTESIAN_POINT ( 'NONE',  ( 20.45108568901412127, 1.500468178334980029, -1.054016075752803872 ) ) ;
#482 = CIRCLE ( 'NONE', #4475, 1.000000000000000000 ) ;
#483 = CARTESIAN_POINT ( 'NONE',  ( 1.867326273985239427, 1.164248858841755219, -4.272401869241595485 ) ) ;
#484 = CARTESIAN_POINT ( 'NONE',  ( 2.999999999999999112, 0.000000000000000000, -35.00000000000000000 ) ) ;
#485 = AXIS2_PLACEMENT_3D ( 'NONE', #1846, #331, #4847 ) ;
#486 = ORIENTED_EDGE ( 'NONE', *, *, #2159, .T. ) ;
#487 =( BOUNDED_CURVE ( )  B_SPLINE_CURVE ( 3, ( #3964, #3206, #4631, #2834 ),
 .UNSPECIFIED., .F., .F. ) 
 B_SPLINE_CURVE_WITH_KNOTS ( ( 4, 4 ),
 ( 1.159007650839262826, 3.014552665653084773 ),
 .UNSPECIFIED. ) 
 CURVE ( )  GEOMETRIC_REPRESENTATION_ITEM ( )  RATIONAL_B_SPLINE_CURVE ( ( 1.000000000000000000, 0.7330787334324710969, 0.7330787334324710969, 1.000000000000000000 ) ) 
 REPRESENTATION_ITEM ( '' )  );
#488 = CARTESIAN_POINT ( 'NONE',  ( 27.53933982822016091, 0.4393398282201602667, -0.6464466094067258251 ) ) ;
#489 = CIRCLE ( 'NONE', #4209, 1.500000000000001332 ) ;
#490 = EDGE_CURVE ( 'NONE', #597, #2102, #4437, .T. ) ;
#491 = TOROIDAL_SURFACE ( 'NONE', #3338, 2.649999999999999467, 0.5000000000000000000 ) ;
#492 = VERTEX_POINT ( 'NONE', #727 ) ;
#493 = CIRCLE ( 'NONE', #3576, 0.3999999999999996891 ) ;
#494 = CARTESIAN_POINT ( 'NONE',  ( 11.06180702228585311, 1.600000000000000311, -6.083484858744468760 ) ) ;
#495 = PRODUCT_DEFINITION_FORMATION_WITH_SPECIFIED_SOURCE ( 'ANY', '', #544, .NOT_KNOWN. ) ;
#496 = ORIENTED_EDGE ( 'NONE', *, *, #2990, .T. ) ;
#497 = ORIENTED_EDGE ( 'NONE', *, *, #4289, .T. ) ;
#498 = EDGE_CURVE ( 'NONE', #1196, #851, #4853, .T. ) ;
#499 = CARTESIAN_POINT ( 'NONE',  ( 8.499999999948581575, 1.715640986128850853, -1.584359013871161626 ) ) ;
#500 = CARTESIAN_POINT ( 'NONE',  ( 24.71563597918671107, 1.421994819145665723, -1.006988986505403361 ) ) ;
#501 = VECTOR ( 'NONE', #2894, 1000.000000000000000 ) ;
#502 = FACE_OUTER_BOUND ( 'NONE', #2827, .T. ) ;
#503 = EDGE_CURVE ( 'NONE', #3387, #1907, #1446, .T. ) ;
#504 = ORIENTED_EDGE ( 'NONE', *, *, #2995, .F. ) ;
#505 = VECTOR ( 'NONE', #737, 1000.000000000000000 ) ;
#506 = CARTESIAN_POINT ( 'NONE',  ( 8.000000000000000000, 0.000000000000000000, -6.000000000000002665 ) ) ;
#507 = ORIENTED_EDGE ( 'NONE', *, *, #3881, .F. ) ;
#508 = DIRECTION ( 'NONE',  ( -0.000000000000000000, -1.000000000000000000, -0.000000000000000000 ) ) ;
#509 = CARTESIAN_POINT ( 'NONE',  ( 20.59999999999999787, 1.387867965644035140, -1.312132034355979471 ) ) ;
#510 = DIRECTION ( 'NONE',  ( 0.000000000000000000, -0.7071067811865465735, -0.7071067811865485719 ) ) ;
#511 = DIRECTION ( 'NONE',  ( -0.000000000000000000, 1.000000000000000000, -0.000000000000000000 ) ) ;
#512 = ORIENTED_EDGE ( 'NONE', *, *, #3198, .T. ) ;
#513 = CARTESIAN_POINT ( 'NONE',  ( 11.58499111834824191, 2.055119195019229572, -1.555119195019243561 ) ) ;
#514 = CARTESIAN_POINT ( 'NONE',  ( 28.60000000000000142, 0.000000000000000000, -4.000000000000000000 ) ) ;
#515 = AXIS2_PLACEMENT_3D ( 'NONE', #3657, #1726, #2819 ) ;
#516 = ADVANCED_FACE ( 'NONE', ( #3826 ), #4170, .F. ) ;
#517 = ORIENTED_EDGE ( 'NONE', *, *, #4101, .F. ) ;
#518 = ORIENTED_EDGE ( 'NONE', *, *, #4196, .F. ) ;
#519 = AXIS2_PLACEMENT_3D ( 'NONE', #1217, #1630, #1582 ) ;
#520 = CARTESIAN_POINT ( 'NONE',  ( 11.00000000000000000, 2.200000000000000622, -7.000000000000002665 ) ) ;
#521 = DIRECTION ( 'NONE',  ( 1.000000000000000000, 0.000000000000000000, -0.000000000000000000 ) ) ;
#522 = ORIENTED_EDGE ( 'NONE', *, *, #3354, .T. ) ;
#523 = ADVANCED_FACE ( 'NONE', ( #1472 ), #1496, .T. ) ;
#524 = CARTESIAN_POINT ( 'NONE',  ( 7.962135919919892224, 1.512545482171138156, -1.223142124845184364 ) ) ;
#525 = DIRECTION ( 'NONE',  ( -1.000000000000000000, -0.000000000000000000, -0.000000000000000000 ) ) ;
#526 = DIRECTION ( 'NONE',  ( 1.000000000000000000, -0.000000000000000000, 0.000000000000000000 ) ) ;
#527 = EDGE_CURVE ( 'NONE', #1174, #2033, #1, .T. ) ;
#528 = ORIENTED_EDGE ( 'NONE', *, *, #653, .T. ) ;
#529 = ADVANCED_FACE ( 'NONE', ( #403 ), #1917, .T. ) ;
#530 = CARTESIAN_POINT ( 'NONE',  ( 4.000000000000000000, 1.000000000000000000, -4.000000000000000000 ) ) ;
#531 = DIRECTION ( 'NONE',  ( 0.000000000000000000, 0.7071067811865485719, -0.7071067811865464625 ) ) ;
#532 = CARTESIAN_POINT ( 'NONE',  ( 26.30000000000000426, 3.499999999999999556, -29.00000000000000355 ) ) ;
#533 = DIRECTION ( 'NONE',  ( -0.000000000000000000, 1.000000000000000000, -0.000000000000000000 ) ) ;
#534 = CARTESIAN_POINT ( 'NONE',  ( 24.16164892454024482, 1.300000000000000044, -6.005012562893382366 ) ) ;
#535 = DIRECTION ( 'NONE',  ( 0.000000000000000000, 0.7071067811865464625, 0.7071067811865486830 ) ) ;
#536 = VERTEX_POINT ( 'NONE', #4084 ) ;
#537 = CARTESIAN_POINT ( 'NONE',  ( 24.10000000000000497, 1.387867965644035140, -1.312132034355979249 ) ) ;
#538 = FACE_OUTER_BOUND ( 'NONE', #3477, .T. ) ;
#539 =( BOUNDED_CURVE ( )  B_SPLINE_CURVE ( 3, ( #4508, #2607, #1566, #1172 ),
 .UNSPECIFIED., .F., .F. ) 
 B_SPLINE_CURVE_WITH_KNOTS ( ( 4, 4 ),
 ( 3.926990816987244504, 4.712388980384689674 ),
 .UNSPECIFIED. ) 
 CURVE ( )  GEOMETRIC_REPRESENTATION_ITEM ( )  RATIONAL_B_SPLINE_CURVE ( ( 1.000000000000000000, 0.9492530216741915661, 0.9492530216741915661, 1.000000000000000000 ) ) 
 REPRESENTATION_ITEM ( '' )  );
#540 = ORIENTED_EDGE ( 'NONE', *, *, #4022, .T. ) ;
#541 = ORIENTED_EDGE ( 'NONE', *, *, #2366, .T. ) ;
#542 = DIRECTION ( 'NONE',  ( -1.000000000000000000, 0.000000000000000000, 0.000000000000000000 ) ) ;
#543 = CARTESIAN_POINT ( 'NONE',  ( 1.084202172485504434E-16, 0.08578643762688696606, -5.414213562373112687 ) ) ;
#544 = PRODUCT ( 'Part5', 'Part5', '', ( #3461 ) ) ;
#545 = MANIFOLD_SOLID_BREP ( 'Fillet14', #1437 ) ;
#546 = EDGE_LOOP ( 'NONE', ( #4458, #3074 ) ) ;
#547 = ORIENTED_EDGE ( 'NONE', *, *, #2925, .T. ) ;
#548 = CARTESIAN_POINT ( 'NONE',  ( 2.999999999999999112, 44.12071982757441901, -28.50000000000000000 ) ) ;
#549 = CARTESIAN_POINT ( 'NONE',  ( 31.26832624144987349, 1.831673758550135034, -5.306255614415555932 ) ) ;
#550 = EDGE_CURVE ( 'NONE', #3592, #3652, #3029, .T. ) ;
#551 = VERTEX_POINT ( 'NONE', #3264 ) ;
#552 = CARTESIAN_POINT ( 'NONE',  ( 26.51793885679254004, 2.494327219827119357, -1.994327219827131570 ) ) ;
#553 = CARTESIAN_POINT ( 'NONE',  ( 0.000000000000000000, 0.08578643762688700769, -5.414213562373112687 ) ) ;
#554 = CARTESIAN_POINT ( 'NONE',  ( 4.335751141158238120, 1.000000000000000000, -1.371355640028317113 ) ) ;
#555 = DIRECTION ( 'NONE',  ( 0.000000000000000000, -1.000000000000000000, 0.000000000000000000 ) ) ;
#556 = EDGE_CURVE ( 'NONE', #2128, #4054, #649, .T. ) ;
#557 = DIRECTION ( 'NONE',  ( 1.000000000000000000, 0.000000000000000000, 0.000000000000000000 ) ) ;
#558 = CARTESIAN_POINT ( 'NONE',  ( 21.10000000000000497, 2.299999999999999822, -6.005012562893382366 ) ) ;
#559 = EDGE_LOOP ( 'NONE', ( #899, #4404, #686, #1568 ) ) ;
#561 = VERTEX_POINT ( 'NONE', #593 ) ;
#560 = TOROIDAL_SURFACE ( 'NONE', #1442, 0.7999999999999999334, 0.5000000000000000000 ) ;
#562 = CARTESIAN_POINT ( 'NONE',  ( 11.49999999999999822, 0.000000000000000000, -0.3000000000000000444 ) ) ;
#563 = DIRECTION ( 'NONE',  ( -0.000000000000000000, -0.000000000000000000, 1.000000000000000000 ) ) ;
#564 = AXIS2_PLACEMENT_3D ( 'NONE', #703, #2134, #4034 ) ;
#565 = EDGE_CURVE ( 'NONE', #2769, #1222, #969, .T. ) ;
#566 = ORIENTED_EDGE ( 'NONE', *, *, #4841, .T. ) ;
#567 = CARTESIAN_POINT ( 'NONE',  ( 27.45261918524448674, 4.999999999999999112, -5.818245656101223240 ) ) ;
#568 = DIRECTION ( 'NONE',  ( 1.000000000000000000, -0.000000000000000000, 2.478176394252580648E-16 ) ) ;
#569 = AXIS2_PLACEMENT_3D ( 'NONE', #2042, #4721, #1667 ) ;
#570 = DIRECTION ( 'NONE',  ( -0.7333333333333371673, -0.6798692684790339502, 1.916500918516771532E-14 ) ) ;
#571 = DIRECTION ( 'NONE',  ( 0.000000000000000000, 0.000000000000000000, -1.000000000000000000 ) ) ;
#572 = ORIENTED_EDGE ( 'NONE', *, *, #2240, .T. ) ;
#573 = VECTOR ( 'NONE', #2592, 1000.000000000000000 ) ;
#574 = ORIENTED_EDGE ( 'NONE', *, *, #4732, .T. ) ;
#575 = VECTOR ( 'NONE', #557, 1000.000000000000000 ) ;
#576 = CARTESIAN_POINT ( 'NONE',  ( 2.999999999999999112, 44.12071982757441901, -35.00000000000000000 ) ) ;
#577 = ORIENTED_EDGE ( 'NONE', *, *, #4104, .T. ) ;
#578 = CARTESIAN_POINT ( 'NONE',  ( 2.999999999999999112, -2.600000000000000089, -28.47503319286579426 ) ) ;
#579 = CARTESIAN_POINT ( 'NONE',  ( 27.49305623565152956, 0.7003260337770951249, -0.2003260337771134436 ) ) ;
#580 = CARTESIAN_POINT ( 'NONE',  ( 20.92049450642885589, 1.266666666666667052, -6.000000000000002665 ) ) ;
#581 = CARTESIAN_POINT ( 'NONE',  ( 1.017802249435043604, 2.752512626584667998, -3.982197750564972161 ) ) ;
#582 = AXIS2_PLACEMENT_3D ( 'NONE', #746, #4234, #4659 ) ;
#583 = CARTESIAN_POINT ( 'NONE',  ( 4.860535611066651107, 4.853553390593273065, -5.970273702328218413 ) ) ;
#584 = CARTESIAN_POINT ( 'NONE',  ( 8.499999999999998224, 1.744880804980768252, -1.555119195019244005 ) ) ;
#585 = ORIENTED_EDGE ( 'NONE', *, *, #527, .T. ) ;
#586 = ORIENTED_EDGE ( 'NONE', *, *, #3346, .F. ) ;
#587 = CARTESIAN_POINT ( 'NONE',  ( 31.33784288538971907, 1.762157114610289455, -6.248840806196251485 ) ) ;
#588 = EDGE_CURVE ( 'NONE', #2500, #2512, #1678, .T. ) ;
#589 = ORIENTED_EDGE ( 'NONE', *, *, #1201, .T. ) ;
#590 = CARTESIAN_POINT ( 'NONE',  ( 30.53442355238201600, 1.408603724017015946, -5.824531220121484942 ) ) ;
#591 = AXIS2_PLACEMENT_3D ( 'NONE', #4175, #4600, #1109 ) ;
#592 = ADVANCED_FACE ( 'NONE', ( #1356 ), #2921, .T. ) ;
#593 = CARTESIAN_POINT ( 'NONE',  ( 28.26424885884175708, 1.517802249435028950, -1.017802249435045381 ) ) ;
#594 = DIRECTION ( 'NONE',  ( -0.000000000000000000, -1.000000000000000000, -0.000000000000000000 ) ) ;
#595 = EDGE_CURVE ( 'NONE', #206, #2279, #2867, .T. ) ;
#596 = VECTOR ( 'NONE', #4326, 1000.000000000000000 ) ;
#597 = VERTEX_POINT ( 'NONE', #615 ) ;
#598 = CARTESIAN_POINT ( 'NONE',  ( 29.46771907596527740, 3.632280924035009129, -6.047503914566208394 ) ) ;
#599 = AXIS2_PLACEMENT_3D ( 'NONE', #2915, #1304, #2048 ) ;
#600 = VERTEX_POINT ( 'NONE', #4407 ) ;
#601 = LINE ( 'NONE', #3893, #3952 ) ;
#602 = LINE ( 'NONE', #3229, #966 ) ;
#603 = CARTESIAN_POINT ( 'NONE',  ( 26.35890651689850728, 5.500000000000000000, -5.414213562373100253 ) ) ;
#604 = DESIGN_CONTEXT ( 'detailed design', #2024, 'design' ) ;
#605 = CARTESIAN_POINT ( 'NONE',  ( 31.22864435997168897, 1.000000000000000000, -4.335751141158236344 ) ) ;
#606 = ORIENTED_EDGE ( 'NONE', *, *, #4057, .T. ) ;
#607 = CARTESIAN_POINT ( 'NONE',  ( 11.12692453752616473, 1.587395530871783533, -6.065294392080168073 ) ) ;
#608 = ORIENTED_EDGE ( 'NONE', *, *, #1681, .T. ) ;
#609 = CARTESIAN_POINT ( 'NONE',  ( 28.60000000000000142, 0.000000000000000000, -4.000000000000000000 ) ) ;
#610 = DIRECTION ( 'NONE',  ( -0.5336654952351327363, 1.467048104526335166E-15, -0.8456956540005634571 ) ) ;
#611 = EDGE_CURVE ( 'NONE', #2839, #1516, #3655, .T. ) ;
#612 = ORIENTED_EDGE ( 'NONE', *, *, #4107, .T. ) ;
#613 = DIRECTION ( 'NONE',  ( 0.000000000000000000, 0.000000000000000000, 1.000000000000000000 ) ) ;
#614 = CARTESIAN_POINT ( 'NONE',  ( 0.1109734861407961903, 0.5814029992205643760, -4.918597000779525885 ) ) ;
#615 = CARTESIAN_POINT ( 'NONE',  ( 2.599999999999999201, -2.600000000000000089, -28.90000000000000213 ) ) ;
#616 = EDGE_CURVE ( 'NONE', #2975, #4133, #3183, .T. ) ;
#617 = DIRECTION ( 'NONE',  ( 0.000000000000000000, -1.000000000000000000, 0.000000000000000000 ) ) ;
#618 = VERTEX_POINT ( 'NONE', #1781 ) ;
#619 = ORIENTED_EDGE ( 'NONE', *, *, #1739, .T. ) ;
#620 = DIRECTION ( 'NONE',  ( -3.504670666704848904E-16, -0.7071067811865485719, 0.7071067811865465735 ) ) ;
#621 = CYLINDRICAL_SURFACE ( 'NONE', #1045, 0.8999999999999998002 ) ;
#622 = CARTESIAN_POINT ( 'NONE',  ( 5.316045072105056057, 0.1839549278950438904, -9.255403918917428036E-05 ) ) ;
#623 = DIRECTION ( 'NONE',  ( 0.000000000000000000, 0.000000000000000000, -1.000000000000000000 ) ) ;
#624 = DIRECTION ( 'NONE',  ( 0.000000000000000000, -1.000000000000000000, 0.000000000000000000 ) ) ;
#625 = DIRECTION ( 'NONE',  ( 0.000000000000000000, 0.000000000000000000, -1.000000000000000000 ) ) ;
#626 = DIRECTION ( 'NONE',  ( 0.000000000000000000, 0.000000000000000000, 1.000000000000000000 ) ) ;
#627 = DIRECTION ( 'NONE',  ( -0.000000000000000000, 1.000000000000000000, -0.000000000000000000 ) ) ;
#628 = ORIENTED_EDGE ( 'NONE', *, *, #4498, .T. ) ;
#629 = DIRECTION ( 'NONE',  ( 1.000000000000000000, -0.000000000000000000, -3.097720492815727042E-17 ) ) ;
#630 = ORIENTED_EDGE ( 'NONE', *, *, #4526, .T. ) ;
#631 = DIRECTION ( 'NONE',  ( 0.000000000000000000, 0.000000000000000000, -1.000000000000000000 ) ) ;
#632 = LINE ( 'NONE', #2939, #2583 ) ;
#633 = ADVANCED_FACE ( 'NONE', ( #1433 ), #4052, .F. ) ;
#634 = EDGE_LOOP ( 'NONE', ( #1589, #1544, #2097, #1302 ) ) ;
#635 = CARTESIAN_POINT ( 'NONE',  ( 7.700000000000000178, 0.000000000000000000, 0.000000000000000000 ) ) ;
#636 = CARTESIAN_POINT ( 'NONE',  ( 11.00000000000000000, 1.600000000000000089, -6.083484861008834343 ) ) ;
#637 = ADVANCED_FACE ( 'NONE', ( #4455 ), #2125, .F. ) ;
#638 = AXIS2_PLACEMENT_3D ( 'NONE', #2, #4621, #1574 ) ;
#639 = LINE ( 'NONE', #1411, #3425 ) ;
#640 = FACE_OUTER_BOUND ( 'NONE', #4193, .T. ) ;
#641 = ORIENTED_EDGE ( 'NONE', *, *, #248, .F. ) ;
#642 = EDGE_LOOP ( 'NONE', ( #2333, #456 ) ) ;
#643 = DIRECTION ( 'NONE',  ( -3.097720492815727042E-17, -0.000000000000000000, -1.000000000000000000 ) ) ;
#644 = CIRCLE ( 'NONE', #3422, 1.000000000000000000 ) ;
#645 = AXIS2_PLACEMENT_3D ( 'NONE', #2357, #1546, #52 ) ;
#646 = EDGE_CURVE ( 'NONE', #2256, #3233, #639, .T. ) ;
#647 = CYLINDRICAL_SURFACE ( 'NONE', #4136, 0.5000000000000000000 ) ;
#648 = FACE_OUTER_BOUND ( 'NONE', #800, .T. ) ;
#649 = CIRCLE ( 'NONE', #3105, 0.3999999999999993006 ) ;
#650 = DIRECTION ( 'NONE',  ( 1.000000000000000000, -0.000000000000000000, -0.000000000000000000 ) ) ;
#651 = CARTESIAN_POINT ( 'NONE',  ( 5.353553390593276617, 0.08578643762688700769, 0.000000000000000000 ) ) ;
#652 = LOCAL_TIME ( 20, 3, 17.00000000000000000, #1293 ) ;
#653 = EDGE_CURVE ( 'NONE', #2576, #3524, #1052, .T. ) ;
#654 = CARTESIAN_POINT ( 'NONE',  ( 32.60100000000000620, -5.914213562373112687, -23.00000000000000355 ) ) ;
#655 = LINE ( 'NONE', #3360, #2253 ) ;
#656 = VERTEX_POINT ( 'NONE', #2549 ) ;
#657 = CARTESIAN_POINT ( 'NONE',  ( 8.205009365586363401, 1.515600034668746598, -6.814102332606362999 ) ) ;
#658 = ORIENTED_EDGE ( 'NONE', *, *, #1471, .F. ) ;
#659 = DIRECTION ( 'NONE',  ( -0.000000000000000000, -0.000000000000000000, -1.000000000000000000 ) ) ;
#660 = DIRECTION ( 'NONE',  ( -1.000000000000000000, 0.000000000000000000, 3.097720492815727042E-17 ) ) ;
#661 = AXIS2_PLACEMENT_3D ( 'NONE', #609, #4017, #631 ) ;
#662 = CIRCLE ( 'NONE', #2165, 0.2999999999999999889 ) ;
#663 = VERTEX_POINT ( 'NONE', #3690 ) ;
#664 = CARTESIAN_POINT ( 'NONE',  ( 1.371355640028318224, 1.164248858841755219, -4.335751141158245225 ) ) ;
#665 = DIRECTION ( 'NONE',  ( 0.000000000000000000, 0.000000000000000000, -1.000000000000000000 ) ) ;
#666 = EDGE_CURVE ( 'NONE', #1548, #2168, #821, .T. ) ;
#667 = CARTESIAN_POINT ( 'NONE',  ( 21.10000000000000497, 1.299999999999999822, -6.909546596626674919 ) ) ;
#668 =( BOUNDED_SURFACE ( )  B_SPLINE_SURFACE ( 3, 2, ( 
 ( #877, #1616, #1200 ),
 ( #2712, #476, #499 ),
 ( #2009, #3541, #901 ),
 ( #524, #2035, #152 ),
 ( #224, #2502, #2924 ),
 ( #3593, #996, #3220 ),
 ( #2130, #4817, #1044 ),
 ( #3565, #4737, #2553 ),
 ( #3634, #4761, #2526 ),
 ( #4384, #1733, #4004 ) ),
 .UNSPECIFIED., .F., .F., .T. ) 
 B_SPLINE_SURFACE_WITH_KNOTS ( ( 4, 2, 2, 2, 4 ),
 ( 3, 3 ),
 ( 3.141592653589793116, 3.534291735288517255, 3.926990816987241395, 4.319689898685965090, 4.712388980384689674 ),
 ( 0.000000000000000000, 1.000000000000000000 ),
 .UNSPECIFIED. ) 
 GEOMETRIC_REPRESENTATION_ITEM ( )  RATIONAL_B_SPLINE_SURFACE ( (
 ( 1.000000000000000000, 0.7071067811865475727, 1.000000000000000000),
 ( 1.000000000000000000, 0.7066757454026443286, 1.000000000000000000),
 ( 1.000000000000000000, 0.7265517544568275143, 1.000000000000000000),
 ( 1.000000000000000000, 0.7876784852403763137, 1.000000000000000000),
 ( 1.000000000000000000, 0.8282379410840916556, 1.000000000000000000),
 ( 1.000000000000000000, 0.9038128664847859817, 1.000000000000000000),
 ( 1.000000000000000000, 0.9386556601681833589, 1.000000000000000000),
 ( 1.000000000000000000, 0.9867291795941294241, 1.000000000000000000),
 ( 1.000000000000000000, 1.000158588025362505, 1.000000000000000000),
 ( 1.000000000000000000, 1.000000000000000000, 1.000000000000000000) ) ) 
 REPRESENTATION_ITEM ( '' )  SURFACE ( )  );
#669 = EDGE_LOOP ( 'NONE', ( #1099, #1651, #852, #3703, #1659, #3167 ) ) ;
#670 = AXIS2_PLACEMENT_3D ( 'NONE', #4069, #4881, #335 ) ;
#671 = CARTESIAN_POINT ( 'NONE',  ( 0.000000000000000000, 5.500000000000000000, 0.000000000000000000 ) ) ;
#672 = CARTESIAN_POINT ( 'NONE',  ( 0.000000000000000000, 0.08578643762688700769, -23.00000000000000355 ) ) ;
#673 = EDGE_CURVE ( 'NONE', #4283, #4793, #3610, .T. ) ;
#674 = VERTEX_POINT ( 'NONE', #2874 ) ;
#675 = CARTESIAN_POINT ( 'NONE',  ( 5.060660171779825411, 0.7928932188134351078, -0.2928932188134529824 ) ) ;
#676 = DIRECTION ( 'NONE',  ( -1.000000000000000000, 0.000000000000000000, 0.000000000000000000 ) ) ;
#677 = CIRCLE ( 'NONE', #1308, 1.000000000000000000 ) ;
#678 = FACE_OUTER_BOUND ( 'NONE', #2802, .T. ) ;
#679 = LINE ( 'NONE', #306, #573 ) ;
#680 = EDGE_CURVE ( 'NONE', #3142, #1548, #991, .T. ) ;
#681 = CARTESIAN_POINT ( 'NONE',  ( 26.66499146317703506, 4.953073595649086336, -4.941278380232427381 ) ) ;
#682 = EDGE_CURVE ( 'NONE', #2205, #4003, #2074, .T. ) ;
#683 = CARTESIAN_POINT ( 'NONE',  ( 11.49999999999999822, 1.600000000000000089, -0.3000000000000000444 ) ) ;
#684 = ORIENTED_EDGE ( 'NONE', *, *, #1658, .F. ) ;
#685 = CARTESIAN_POINT ( 'NONE',  ( 8.125769614381775696, 2.200000000000000622, -7.000000000000002665 ) ) ;
#686 = ORIENTED_EDGE ( 'NONE', *, *, #3770, .F. ) ;
#687 = FACE_OUTER_BOUND ( 'NONE', #2648, .T. ) ;
#688 = LINE ( 'NONE', #4045, #1389 ) ;
#689 = FACE_OUTER_BOUND ( 'NONE', #1030, .T. ) ;
#690 = ORIENTED_EDGE ( 'NONE', *, *, #4254, .F. ) ;
#691 = LINE ( 'NONE', #347, #3434 ) ;
#692 = CYLINDRICAL_SURFACE ( 'NONE', #123, 1.000000000000000000 ) ;
#693 = DIRECTION ( 'NONE',  ( 0.000000000000000000, 1.000000000000000000, 0.000000000000000000 ) ) ;
#694 = CARTESIAN_POINT ( 'NONE',  ( 0.000000000000000000, -3.000000000000000000, -28.90000000000000213 ) ) ;
#695 = ORIENTED_EDGE ( 'NONE', *, *, #3271, .F. ) ;
#696 = ORIENTED_EDGE ( 'NONE', *, *, #4237, .F. ) ;
#697 = CARTESIAN_POINT ( 'NONE',  ( 31.60000000000000142, 5.500000000000000000, -5.414213562373098476 ) ) ;
#698 = LINE ( 'NONE', #4843, #1355 ) ;
#699 =( BOUNDED_CURVE ( )  B_SPLINE_CURVE ( 3, ( #3771, #4838, #2633, #1234 ),
 .UNSPECIFIED., .F., .T. ) 
 B_SPLINE_CURVE_WITH_KNOTS ( ( 4, 4 ),
 ( 3.926990816987243171, 4.712388980384689674 ),
 .UNSPECIFIED. ) 
 CURVE ( )  GEOMETRIC_REPRESENTATION_ITEM ( )  RATIONAL_B_SPLINE_CURVE ( ( 1.000000000000000000, 0.9492530216741912330, 0.9492530216741912330, 1.000000000000000000 ) ) 
 REPRESENTATION_ITEM ( '' )  );
#700 = FACE_OUTER_BOUND ( 'NONE', #2862, .T. ) ;
#701 = CARTESIAN_POINT ( 'NONE',  ( 1.848318963749512545, 2.348318963749500110, -4.123590881803052000 ) ) ;
#702 = CARTESIAN_POINT ( 'NONE',  ( 5.047237551753443796, 4.999999999858593114, -5.881439789583700950 ) ) ;
#703 = CARTESIAN_POINT ( 'NONE',  ( 20.56148351928655771, 2.200000000000001066, -6.000000000000002665 ) ) ;
#704 = DIRECTION ( 'NONE',  ( -1.000000000000000000, 0.000000000000000000, 0.000000000000000000 ) ) ;
#705 = EDGE_CURVE ( 'NONE', #3539, #1123, #192, .T. ) ;
#706 = DATE_AND_TIME ( #2671, #179 ) ;
#707 = LINE ( 'NONE', #4368, #121 ) ;
#708 = ORIENTED_EDGE ( 'NONE', *, *, #3714, .F. ) ;
#709 = CARTESIAN_POINT ( 'NONE',  ( 8.302125339707934870, 1.570479767635413859, -6.754121424583243716 ) ) ;
#710 = DIRECTION ( 'NONE',  ( 0.000000000000000000, -1.000000000000000000, 0.000000000000000000 ) ) ;
#711 = FACE_OUTER_BOUND ( 'NONE', #559, .T. ) ;
#712 = B_SPLINE_CURVE_WITH_KNOTS ( 'NONE', 3,
 ( #3087, #1992, #4228, #766, #3483, #2293 ),
 .UNSPECIFIED., .F., .F.,
 ( 4, 2, 4 ),
 ( 0.000000000000000000, 0.0003368663628040580735, 0.0006737327256081161470 ),
 .UNSPECIFIED. ) ;
#713 = DIRECTION ( 'NONE',  ( 1.000000000000000000, 0.000000000000000000, 0.000000000000000000 ) ) ;
#714 = ORIENTED_EDGE ( 'NONE', *, *, #1401, .T. ) ;
#715 = LINE ( 'NONE', #2177, #3189 ) ;
#716 = LINE ( 'NONE', #3738, #1951 ) ;
#717 = DIRECTION ( 'NONE',  ( 0.2950835532617392398, -0.6756203433121402702, 0.6756203433121387159 ) ) ;
#718 = EDGE_CURVE ( 'NONE', #452, #3164, #2278, .T. ) ;
#719 = CARTESIAN_POINT ( 'NONE',  ( 11.39710482929601909, 1.978524370405085220, -1.532072267822818690 ) ) ;
#720 = ORIENTED_EDGE ( 'NONE', *, *, #1112, .F. ) ;
#721 = VERTEX_POINT ( 'NONE', #422 ) ;
#722 = CARTESIAN_POINT ( 'NONE',  ( 28.26424885884175708, 1.164248858841756995, -1.371355640028319112 ) ) ;
#723 = VECTOR ( 'NONE', #4141, 999.9999999999998863 ) ;
#724 = LINE ( 'NONE', #4790, #3424 ) ;
#725 = CARTESIAN_POINT ( 'NONE',  ( 8.000000000000000000, 1.334314575050760565, -1.258578643762704674 ) ) ;
#726 = VECTOR ( 'NONE', #4695, 1000.000000000000000 ) ;
#727 = CARTESIAN_POINT ( 'NONE',  ( 29.60000000000000497, 0.1999999999999779732, -7.000000000000002665 ) ) ;
#728 = CARTESIAN_POINT ( 'NONE',  ( 4.941278380232677847, 4.953073595648981531, -5.935008536822859782 ) ) ;
#729 = LINE ( 'NONE', #2188, #246 ) ;
#730 = DIRECTION ( 'NONE',  ( -1.000000000000000000, -0.000000000000000000, -0.000000000000000000 ) ) ;
#731 = CIRCLE ( 'NONE', #1282, 0.8999999999999998002 ) ;
#732 = EDGE_CURVE ( 'NONE', #663, #2146, #539, .T. ) ;
#733 = APPLICATION_PROTOCOL_DEFINITION ( 'international standard', 'config_control_design', 1994, #184 ) ;
#734 = CYLINDRICAL_SURFACE ( 'NONE', #1613, 0.4000000000000010214 ) ;
#735 = TOROIDAL_SURFACE ( 'NONE', #420, 0.7000000000000000666, 0.2999999999999999889 ) ;
#736 = ORIENTED_EDGE ( 'NONE', *, *, #3588, .F. ) ;
#737 = DIRECTION ( 'NONE',  ( -0.000000000000000000, 1.000000000000000000, -0.000000000000000000 ) ) ;
#739 = CARTESIAN_POINT ( 'NONE',  ( 4.000000000000000000, 0.000000000000000000, -4.000000000000000000 ) ) ;
#738 = VECTOR ( 'NONE', #4123, 1000.000000000000000 ) ;
#740 = CARTESIAN_POINT ( 'NONE',  ( 2.720073460708257951, 0.08573271673761030665, -22.69576147677754108 ) ) ;
#741 = APPROVAL ( #3175, 'UNSPECIFIED' ) ;
#742 = EDGE_CURVE ( 'NONE', #2029, #2780, #21, .T. ) ;
#743 = DIRECTION ( 'NONE',  ( -0.000000000000000000, -0.000000000000000000, -1.000000000000000000 ) ) ;
#744 = VERTEX_POINT ( 'NONE', #3741 ) ;
#745 = TOROIDAL_SURFACE ( 'NONE', #4225, 6.400000000000003020, 0.4000000000000000222 ) ;
#746 = CARTESIAN_POINT ( 'NONE',  ( 4.000000000000000000, -0.001000000000000132727, -4.000000000000000000 ) ) ;
#747 = DIRECTION ( 'NONE',  ( -0.8456956540005621248, 0.000000000000000000, -0.5336654952351348458 ) ) ;
#748 = EDGE_CURVE ( 'NONE', #2050, #3322, #3702, .T. ) ;
#749 = FACE_OUTER_BOUND ( 'NONE', #1268, .T. ) ;
#750 = AXIS2_PLACEMENT_3D ( 'NONE', #4502, #2198, #1775 ) ;
#751 = ORIENTED_EDGE ( 'NONE', *, *, #151, .T. ) ;
#752 = ORIENTED_EDGE ( 'NONE', *, *, #3158, .T. ) ;
#753 = AXIS2_PLACEMENT_3D ( 'NONE', #2653, #4154, #769 ) ;
#754 = CARTESIAN_POINT ( 'NONE',  ( 24.10000000000000497, 0.7999999999999999334, -7.000000000000002665 ) ) ;
#755 = ORIENTED_EDGE ( 'NONE', *, *, #2702, .F. ) ;
#756 = VECTOR ( 'NONE', #4417, 1000.000000000000000 ) ;
#757 = DIRECTION ( 'NONE',  ( -1.000000000000000000, -0.000000000000000000, -0.000000000000000000 ) ) ;
#758 = CARTESIAN_POINT ( 'NONE',  ( 24.72426406871193194, 1.480761184457487500, -0.9807611844575033766 ) ) ;
#759 = CYLINDRICAL_SURFACE ( 'NONE', #890, 1.000000000000000000 ) ;
#760 = CIRCLE ( 'NONE', #1627, 0.5999999999999998668 ) ;
#761 = CARTESIAN_POINT ( 'NONE',  ( 32.60000000000000142, 0.08578643762690349450, -5.414213562373098476 ) ) ;
#762 = DIRECTION ( 'NONE',  ( 1.000000000000000000, 0.000000000000000000, -0.000000000000000000 ) ) ;
#763 = CIRCLE ( 'NONE', #2663, 1.499999999999999556 ) ;
#764 = ORIENTED_EDGE ( 'NONE', *, *, #3968, .F. ) ;
#765 = DIRECTION ( 'NONE',  ( 0.000000000000000000, 1.000000000000000000, 0.000000000000000000 ) ) ;
#766 = CARTESIAN_POINT ( 'NONE',  ( 2.963369242961401806, -2.796876394898127227, -28.36310493054045168 ) ) ;
#767 = CARTESIAN_POINT ( 'NONE',  ( 2.999999999999999556, -5.914213562373112687, -23.00000000000000355 ) ) ;
#768 = AXIS2_PLACEMENT_3D ( 'NONE', #237, #4779, #1380 ) ;
#769 = DIRECTION ( 'NONE',  ( 0.000000000000000000, 0.000000000000000000, -1.000000000000000000 ) ) ;
#770 = CARTESIAN_POINT ( 'NONE',  ( 6.241093483101493256, 5.500000000000003553, -5.414213562373102029 ) ) ;
#771 = ORIENTED_EDGE ( 'NONE', *, *, #445, .F. ) ;
#772 = CARTESIAN_POINT ( 'NONE',  ( 1.505736191060662588, 0.9485747894878301389, -3.835751141158245225 ) ) ;
#773 = DIRECTION ( 'NONE',  ( -0.000000000000000000, -1.000000000000000000, -0.000000000000000000 ) ) ;
#774 = ADVANCED_FACE ( 'NONE', ( #3048 ), #2252, .T. ) ;
#775 = ADVANCED_FACE ( 'NONE', ( #749 ), #434, .T. ) ;
#776 = ORIENTED_EDGE ( 'NONE', *, *, #453, .T. ) ;
#777 = ORIENTED_EDGE ( 'NONE', *, *, #99, .T. ) ;
#778 = CARTESIAN_POINT ( 'NONE',  ( 25.40000000000000213, 3.499999999999999556, -29.00000000000000355 ) ) ;
#779 = EDGE_CURVE ( 'NONE', #3947, #1655, #3899, .T. ) ;
#780 = DIRECTION ( 'NONE',  ( -0.000000000000000000, 1.000000000000000000, -0.000000000000000000 ) ) ;
#781 = ORIENTED_EDGE ( 'NONE', *, *, #1554, .F. ) ;
#782 = CARTESIAN_POINT ( 'NONE',  ( 32.30710678118654755, 0.1464466094067192747, -4.707106781186550570 ) ) ;
#783 = CALENDAR_DATE ( 2026, 29, 7 ) ;
#784 = EDGE_CURVE ( 'NONE', #2146, #2109, #1486, .T. ) ;
#785 = FACE_OUTER_BOUND ( 'NONE', #2417, .T. ) ;
#786 = ORIENTED_EDGE ( 'NONE', *, *, #1739, .F. ) ;
#787 = CARTESIAN_POINT ( 'NONE',  ( 2.500000000000009770, 0.000000000000000000, -2.500000000000002665 ) ) ;
#788 = DIRECTION ( 'NONE',  ( -0.000000000000000000, -0.000000000000000000, 1.000000000000000000 ) ) ;
#789 = CARTESIAN_POINT ( 'NONE',  ( 20.65364122808684755, 1.377063844742828502, -1.247076002994594424 ) ) ;
#790 = EDGE_CURVE ( 'NONE', #3842, #2256, #4059, .T. ) ;
#791 = DIRECTION ( 'NONE',  ( 1.000000000000000000, 0.000000000000000000, 0.000000000000000000 ) ) ;
#792 = LINE ( 'NONE', #3202, #3342 ) ;
#793 = ORIENTED_EDGE ( 'NONE', *, *, #249, .F. ) ;
#794 = CYLINDRICAL_SURFACE ( 'NONE', #4625, 1.000000000000000000 ) ;
#795 = CARTESIAN_POINT ( 'NONE',  ( 0.000000000000000000, 4.500000000000000000, -5.414213562373100253 ) ) ;
#796 = DIRECTION ( 'NONE',  ( 0.000000000000000000, -1.000000000000000000, 0.000000000000000000 ) ) ;
#797 = ADVANCED_FACE ( 'NONE', ( #1862 ), #3395, .T. ) ;
#798 = ORIENTED_EDGE ( 'NONE', *, *, #342, .T. ) ;
#799 = CARTESIAN_POINT ( 'NONE',  ( 28.60000000000000142, -0.001000000000000132727, -5.099999999999999645 ) ) ;
#800 = EDGE_LOOP ( 'NONE', ( #1190, #2351, #244, #606 ) ) ;
#801 = CARTESIAN_POINT ( 'NONE',  ( 2.999999999999999556, 0.1999999999999779732, -21.26336741436279354 ) ) ;
#802 = ORIENTED_EDGE ( 'NONE', *, *, #2366, .F. ) ;
#803 = CC_DESIGN_PERSON_AND_ORGANIZATION_ASSIGNMENT ( #2756, #3567, ( #495 ) ) ;
#804 = CARTESIAN_POINT ( 'NONE',  ( 1.895837106094656166, 2.395837106094905966, -4.653967944455089878 ) ) ;
#805 = AXIS2_PLACEMENT_3D ( 'NONE', #3723, #4470, #1027 ) ;
#806 = DIRECTION ( 'NONE',  ( -1.000000000000000000, 0.000000000000000000, -0.000000000000000000 ) ) ;
#807 = EDGE_CURVE ( 'NONE', #4133, #826, #4501, .T. ) ;
#808 = AXIS2_PLACEMENT_3D ( 'NONE', #3464, #3065, #1954 ) ;
#809 = PERSON_AND_ORGANIZATION ( #4792, #102 ) ;
#810 = FACE_OUTER_BOUND ( 'NONE', #200, .T. ) ;
#811 = ORIENTED_EDGE ( 'NONE', *, *, #2172, .T. ) ;
#812 = AXIS2_PLACEMENT_3D ( 'NONE', #2443, #570, #198 ) ;
#813 = CARTESIAN_POINT ( 'NONE',  ( 32.59999999999999432, 0.2201669886592492464, -5.145452460308407971 ) ) ;
#814 =( BOUNDED_SURFACE ( )  B_SPLINE_SURFACE ( 3, 2, ( 
 ( #603, #308, #2166 ),
 ( #4745, #260, #2510 ),
 ( #2483, #3252, #681 ),
 ( #283, #4825, #4416 ) ),
 .UNSPECIFIED., .F., .F., .F. ) 
 B_SPLINE_SURFACE_WITH_KNOTS ( ( 4, 4 ),
 ( 3, 3 ),
 ( 0.001867648437176090649, 0.002302683185162000563 ),
 ( 0.000000000000000000, 1.000000000000000000 ),
 .UNSPECIFIED. ) 
 GEOMETRIC_REPRESENTATION_ITEM ( )  RATIONAL_B_SPLINE_SURFACE ( (
 ( 1.000000000000000000, 0.7071067811865475727, 1.000000000000000000),
 ( 1.000000000000000000, 0.7538578805181512799, 1.000000000000000000),
 ( 1.000000000000000000, 0.7848059478556272950, 1.000000000000000000),
 ( 1.000000000000000000, 0.8009428406336218664, 1.000000000000000000) ) ) 
 REPRESENTATION_ITEM ( '' )  SURFACE ( )  );
#815 = EDGE_CURVE ( 'NONE', #1962, #2987, #4895, .T. ) ;
#816 = CARTESIAN_POINT ( 'NONE',  ( 20.59999999999999787, 1.062087595571746146, -0.9308056233140746816 ) ) ;
#817 = CIRCLE ( 'NONE', #3571, 0.5000000000000004441 ) ;
#818 = VECTOR ( 'NONE', #228, 1000.000000000000000 ) ;
#819 = VERTEX_POINT ( 'NONE', #3307 ) ;
#820 = FACE_OUTER_BOUND ( 'NONE', #3373, .T. ) ;
#821 = CIRCLE ( 'NONE', #4217, 0.5000000000000006661 ) ;
#822 = CARTESIAN_POINT ( 'NONE',  ( 20.60000000000000142, 1.034314575050760965, -0.9585786437627064061 ) ) ;
#823 = ORIENTED_EDGE ( 'NONE', *, *, #104, .T. ) ;
#824 = VERTEX_POINT ( 'NONE', #4015 ) ;
#825 = DIRECTION ( 'NONE',  ( 0.7071067811865487940, 0.000000000000000000, -0.7071067811865463515 ) ) ;
#826 = VERTEX_POINT ( 'NONE', #339 ) ;
#827 = DIRECTION ( 'NONE',  ( 0.000000000000000000, 0.000000000000000000, -1.000000000000000000 ) ) ;
#828 = CIRCLE ( 'NONE', #3661, 1.000000000000000000 ) ;
#829 = ORIENTED_EDGE ( 'NONE', *, *, #3801, .F. ) ;
#830 = VECTOR ( 'NONE', #2214, 1000.000000000000000 ) ;
#831 = ORIENTED_EDGE ( 'NONE', *, *, #4629, .F. ) ;
#832 = CARTESIAN_POINT ( 'NONE',  ( 27.89289321881344108, 0.000000000000000000, -0.2928932188134558690 ) ) ;
#833 = DIRECTION ( 'NONE',  ( -1.000000000000000000, -0.000000000000000000, -0.000000000000000000 ) ) ;
#834 = PERSON_AND_ORGANIZATION ( #4792, #102 ) ;
#835 = EDGE_CURVE ( 'NONE', #2720, #3142, #2800, .T. ) ;
#836 = FACE_OUTER_BOUND ( 'NONE', #1778, .T. ) ;
#837 =( BOUNDED_CURVE ( )  B_SPLINE_CURVE ( 3, ( #2318, #813, #1163, #441 ),
 .UNSPECIFIED., .F., .T. ) 
 B_SPLINE_CURVE_WITH_KNOTS ( ( 4, 4 ),
 ( 1.570796326794896558, 2.356194490192347502 ),
 .UNSPECIFIED. ) 
 CURVE ( )  GEOMETRIC_REPRESENTATION_ITEM ( )  RATIONAL_B_SPLINE_CURVE ( ( 1.000000000000000000, 0.9492530216741907889, 0.9492530216741907889, 1.000000000000000000 ) ) 
 REPRESENTATION_ITEM ( '' )  );
#838 = ORIENTED_EDGE ( 'NONE', *, *, #2920, .F. ) ;
#839 = EDGE_CURVE ( 'NONE', #2033, #2437, #2326, .T. ) ;
#840 = AXIS2_PLACEMENT_3D ( 'NONE', #2392, #889, #4700 ) ;
#841 = LINE ( 'NONE', #2342, #1128 ) ;
#842 = LINE ( 'NONE', #4229, #4688 ) ;
#843 = ADVANCED_FACE ( 'NONE', ( #2988 ), #4447, .F. ) ;
#844 = CARTESIAN_POINT ( 'NONE',  ( 11.53786408008010334, 1.512545482171138378, -1.223142124845183698 ) ) ;
#845 = AXIS2_PLACEMENT_3D ( 'NONE', #3213, #1680, #665 ) ;
#846 = ORIENTED_EDGE ( 'NONE', *, *, #1606, .T. ) ;
#847 = DIRECTION ( 'NONE',  ( 0.5773502691896247319, 0.5773502691896262862, 0.5773502691896262862 ) ) ;
#848 = DIRECTION ( 'NONE',  ( 0.000000000000000000, 0.000000000000000000, -1.000000000000000000 ) ) ;
#849 = ORIENTED_EDGE ( 'NONE', *, *, #2660, .T. ) ;
#850 = EDGE_LOOP ( 'NONE', ( #2914, #1684, #2803, #1142 ) ) ;
#851 = VERTEX_POINT ( 'NONE', #4100 ) ;
#852 = ORIENTED_EDGE ( 'NONE', *, *, #1338, .F. ) ;
#853 = ORIENTED_EDGE ( 'NONE', *, *, #248, .T. ) ;
#854 = FACE_OUTER_BOUND ( 'NONE', #470, .T. ) ;
#855 = CYLINDRICAL_SURFACE ( 'NONE', #2784, 0.2999999999999999334 ) ;
#856 = ADVANCED_FACE ( 'NONE', ( #2571 ), #4072, .T. ) ;
#857 = CARTESIAN_POINT ( 'NONE',  ( 26.79662922875763797, 2.193927481995355144, -1.693927481995367801 ) ) ;
#858 = CARTESIAN_POINT ( 'NONE',  ( 10.99999999999999822, 1.334314575050760565, -1.258578643762704896 ) ) ;
#859 = EDGE_CURVE ( 'NONE', #3305, #3195, #4595, .T. ) ;
#860 = DIRECTION ( 'NONE',  ( -0.000000000000000000, 1.000000000000000000, -0.000000000000000000 ) ) ;
#861 = CARTESIAN_POINT ( 'NONE',  ( 2.600000000000000089, -2.600000000000000089, -14.00000000000000000 ) ) ;
#862 = DIRECTION ( 'NONE',  ( 0.000000000000000000, -1.000000000000000000, -0.000000000000000000 ) ) ;
#863 = CARTESIAN_POINT ( 'NONE',  ( 1.867326273985239427, -6.081118318204304707, -4.272401869241595485 ) ) ;
#864 =( BOUNDED_SURFACE ( )  B_SPLINE_SURFACE ( 3, 2, ( 
 ( #278, #1051, #2560 ),
 ( #4904, #2643, #1495 ),
 ( #2981, #3721, #2285 ),
 ( #404, #3356, #4494 ) ),
 .UNSPECIFIED., .F., .F., .T. ) 
 B_SPLINE_SURFACE_WITH_KNOTS ( ( 4, 4 ),
 ( 3, 3 ),
 ( 0.001900644807045034695, 0.002334411788892535276 ),
 ( 0.000000000000000000, 1.000000000000000000 ),
 .UNSPECIFIED. ) 
 GEOMETRIC_REPRESENTATION_ITEM ( )  RATIONAL_B_SPLINE_SURFACE ( (
 ( 1.000000000000000000, 0.8009428406336249751, 1.000000000000000000),
 ( 1.000000000000000000, 0.7848735576700773819, 1.000000000000000000),
 ( 1.000000000000000000, 0.7538547688008515602, 1.000000000000000000),
 ( 1.000000000000000000, 0.7071067811865475727, 1.000000000000000000) ) ) 
 REPRESENTATION_ITEM ( '' )  SURFACE ( )  );
#865 = ORIENTED_EDGE ( 'NONE', *, *, #1197, .F. ) ;
#866 = ADVANCED_FACE ( 'NONE', ( #3624 ), #3257, .T. ) ;
#867 = PLANE ( 'NONE',  #4456 ) ;
#868 = DIRECTION ( 'NONE',  ( -1.000000000000000000, 0.000000000000000000, 0.000000000000000000 ) ) ;
#869 = VERTEX_POINT ( 'NONE', #2963 ) ;
#870 = ORIENTED_EDGE ( 'NONE', *, *, #2010, .F. ) ;
#871 = CARTESIAN_POINT ( 'NONE',  ( 11.12477129008740739, 1.588136224165166421, -6.066050955315300364 ) ) ;
#872 = EDGE_LOOP ( 'NONE', ( #2194, #164, #2346, #2635, #1195 ) ) ;
#873 = ADVANCED_FACE ( 'NONE', ( #4477 ), #2649, .T. ) ;
#874 = DIRECTION ( 'NONE',  ( 0.000000000000000000, 0.000000000000000000, -1.000000000000000000 ) ) ;
#875 = ORIENTED_EDGE ( 'NONE', *, *, #3271, .T. ) ;
#876 = VERTEX_POINT ( 'NONE', #4398 ) ;
#877 = CARTESIAN_POINT ( 'NONE',  ( 8.000000000000000000, 1.334314575050760787, -1.258578643762704896 ) ) ;
#878 = DIRECTION ( 'NONE',  ( 0.000000000000000000, 0.000000000000000000, 1.000000000000000000 ) ) ;
#879 = CARTESIAN_POINT ( 'NONE',  ( 30.60211882618008872, 2.497881173820262646, -4.938684714867033421 ) ) ;
#880 = SECURITY_CLASSIFICATION_LEVEL ( 'unclassified' ) ;
#881 = ORIENTED_EDGE ( 'NONE', *, *, #1031, .F. ) ;
#882 = CARTESIAN_POINT ( 'NONE',  ( 26.39609695523758859, 2.660752007232978666, -2.160752007232989769 ) ) ;
#883 = CARTESIAN_POINT ( 'NONE',  ( 0.1028504210243398054, 0.6028504210243215145, -5.155681570674394365 ) ) ;
#884 = ORIENTED_EDGE ( 'NONE', *, *, #3807, .T. ) ;
#885 = DIRECTION ( 'NONE',  ( 1.000000000000000000, 0.000000000000000000, 0.000000000000000000 ) ) ;
#886 = EDGE_CURVE ( 'NONE', #4300, #4793, #2405, .T. ) ;
#887 = CARTESIAN_POINT ( 'NONE',  ( 21.09999999999999787, 1.387867965644035362, -1.312132034355979249 ) ) ;
#888 = AXIS2_PLACEMENT_3D ( 'NONE', #2721, #1579, #2270 ) ;
#889 = DIRECTION ( 'NONE',  ( 0.000000000000000000, 0.000000000000000000, -1.000000000000000000 ) ) ;
#890 = AXIS2_PLACEMENT_3D ( 'NONE', #1552, #477, #3800 ) ;
#891 = ORIENTED_EDGE ( 'NONE', *, *, #3443, .T. ) ;
#892 = CARTESIAN_POINT ( 'NONE',  ( 2.600000000000000089, -2.600000000000000089, -17.19664474737808391 ) ) ;
#893 = ORIENTED_EDGE ( 'NONE', *, *, #1707, .F. ) ;
#894 = VECTOR ( 'NONE', #4543, 1000.000000000000000 ) ;
#895 = CARTESIAN_POINT ( 'NONE',  ( 11.00000000000000000, 1.600000000000000311, -6.083484861008834343 ) ) ;
#896 = EDGE_CURVE ( 'NONE', #1888, #2328, #2036, .T. ) ;
#897 = CC_DESIGN_APPROVAL ( #67, ( #2708 ) ) ;
#898 = EDGE_CURVE ( 'NONE', #234, #721, #4301, .T. ) ;
#899 = ORIENTED_EDGE ( 'NONE', *, *, #2487, .T. ) ;
#900 = ORIENTED_EDGE ( 'NONE', *, *, #1359, .F. ) ;
#901 = CARTESIAN_POINT ( 'NONE',  ( 8.479178132231689702, 1.748914314129919489, -1.562128148792052418 ) ) ;
#902 = CARTESIAN_POINT ( 'NONE',  ( 31.22864435997168187, 1.164248858841775203, -4.335751141158233679 ) ) ;
#903 = AXIS2_PLACEMENT_3D ( 'NONE', #1823, #4478, #2143 ) ;
#904 = CARTESIAN_POINT ( 'NONE',  ( 31.58219775056495848, 1.517802249435045825, -4.335751141158231903 ) ) ;
#905 = PERSON_AND_ORGANIZATION ( #4792, #102 ) ;
#906 = EDGE_LOOP ( 'NONE', ( #2570, #4919, #3906, #3492 ) ) ;
#907 = VECTOR ( 'NONE', #3805, 1000.000000000000000 ) ;
#908 = DIRECTION ( 'NONE',  ( -0.000000000000000000, 1.000000000000000000, -0.000000000000000000 ) ) ;
#909 = LINE ( 'NONE', #136, #2066 ) ;
#910 = CARTESIAN_POINT ( 'NONE',  ( 3.000000000000000000, 0.000000000000000000, -7.000000000000002665 ) ) ;
#911 = CARTESIAN_POINT ( 'NONE',  ( 29.60000000000000497, 0.000000000000000000, -35.00000000000000000 ) ) ;
#912 = CARTESIAN_POINT ( 'NONE',  ( 0.000000000000000000, 5.500000000000000000, -5.000000000000004441 ) ) ;
#913 = CYLINDRICAL_SURFACE ( 'NONE', #36, 0.3999999999999993006 ) ;
#914 = AXIS2_PLACEMENT_3D ( 'NONE', #309, #1741, #3622 ) ;
#915 = ORIENTED_EDGE ( 'NONE', *, *, #3381, .F. ) ;
#916 = CARTESIAN_POINT ( 'NONE',  ( 4.414213562373093147, 1.614213562373087552, -35.00000000000000000 ) ) ;
#917 = LINE ( 'NONE', #2144, #2898 ) ;
#918 = VERTEX_POINT ( 'NONE', #411 ) ;
#919 = AXIS2_PLACEMENT_3D ( 'NONE', #3364, #1855, #2246 ) ;
#920 = EDGE_CURVE ( 'NONE', #826, #1206, #2399, .T. ) ;
#921 = ORIENTED_EDGE ( 'NONE', *, *, #2724, .T. ) ;
#922 = ORIENTED_EDGE ( 'NONE', *, *, #3214, .T. ) ;
#923 = DIRECTION ( 'NONE',  ( 0.000000000000000000, 0.000000000000000000, -1.000000000000000000 ) ) ;
#924 = CARTESIAN_POINT ( 'NONE',  ( 29.50075975463586531, 3.599240245364147661, -6.625066384352918725 ) ) ;
#925 = ORIENTED_EDGE ( 'NONE', *, *, #1409, .F. ) ;
#926 = CARTESIAN_POINT ( 'NONE',  ( 7.000000000000000000, 44.12071982757441901, -7.000000000000002665 ) ) ;
#927 = DIRECTION ( 'NONE',  ( 1.000000000000000000, 0.000000000000000000, -0.000000000000000000 ) ) ;
#928 = DIRECTION ( 'NONE',  ( 3.097720492815727042E-17, 0.000000000000000000, 1.000000000000000000 ) ) ;
#929 = EDGE_CURVE ( 'NONE', #1888, #2055, #2011, .T. ) ;
#930 = FACE_OUTER_BOUND ( 'NONE', #968, .T. ) ;
#931 = CARTESIAN_POINT ( 'NONE',  ( 0.6464466094067258251, 0.4393398282201602667, -5.060660171779839622 ) ) ;
#932 = VERTEX_POINT ( 'NONE', #4151 ) ;
#933 = SPHERICAL_SURFACE ( 'NONE', #46, 0.4000000000000000222 ) ;
#934 = ORIENTED_EDGE ( 'NONE', *, *, #4096, .T. ) ;
#935 = ORIENTED_EDGE ( 'NONE', *, *, #68, .T. ) ;
#936 = DIRECTION ( 'NONE',  ( 0.1266985438332976222, -0.9919412679138427391, 0.000000000000000000 ) ) ;
#937 = CARTESIAN_POINT ( 'NONE',  ( 24.63851648071345224, 2.200000000000000622, -7.000000000000002665 ) ) ;
#938 = EDGE_CURVE ( 'NONE', #4689, #2446, #4288, .T. ) ;
#939 = CARTESIAN_POINT ( 'NONE',  ( 0.000000000000000000, -3.000000000000000000, -17.19664474737808391 ) ) ;
#940 = CARTESIAN_POINT ( 'NONE',  ( 0.000000000000000000, -2.600000000000000089, -28.50000000000000000 ) ) ;
#941 = VERTEX_POINT ( 'NONE', #1927 ) ;
#942 = ORIENTED_EDGE ( 'NONE', *, *, #1100, .F. ) ;
#943 = CARTESIAN_POINT ( 'NONE',  ( 7.700000000000000178, 0.08578643762688700769, -1.000000000000000000 ) ) ;
#944 = CARTESIAN_POINT ( 'NONE',  ( 30.43924799276698323, 2.660752007233026628, -6.203903044762244079 ) ) ;
#945 = CC_DESIGN_DATE_AND_TIME_ASSIGNMENT ( #2779, #1969, ( #3827 ) ) ;
#946 = EDGE_CURVE ( 'NONE', #4782, #2768, #662, .T. ) ;
#947 = ORIENTED_EDGE ( 'NONE', *, *, #3832, .F. ) ;
#948 = DIRECTION ( 'NONE',  ( -0.000000000000000000, -1.000000000000000000, -0.000000000000000000 ) ) ;
#949 = CARTESIAN_POINT ( 'NONE',  ( 27.68940537450086836, 0.3375959060639225906, -0.1262135936287262228 ) ) ;
#950 = DIRECTION ( 'NONE',  ( -0.000000000000000000, 1.000000000000000000, -0.000000000000000000 ) ) ;
#951 = DIRECTION ( 'NONE',  ( 0.000000000000000000, 0.000000000000000000, -1.000000000000000000 ) ) ;
#952 = EDGE_CURVE ( 'NONE', #1683, #3196, #3440, .T. ) ;
#953 = FACE_OUTER_BOUND ( 'NONE', #1127, .T. ) ;
#954 = CARTESIAN_POINT ( 'NONE',  ( 8.113651186717948605, 1.980628330619406352, -1.524264068711941977 ) ) ;
#955 = ORIENTED_EDGE ( 'NONE', *, *, #1654, .F. ) ;
#956 = ADVANCED_FACE ( 'NONE', ( #2244 ), #105, .T. ) ;
#958 = ORIENTED_EDGE ( 'NONE', *, *, #3550, .F. ) ;
#957 = AXIS2_PLACEMENT_3D ( 'NONE', #177, #274, #1334 ) ;
#959 = DIRECTION ( 'NONE',  ( -0.000000000000000000, 1.000000000000000000, -0.000000000000000000 ) ) ;
#960 = ADVANCED_FACE ( 'NONE', ( #1503 ), #1048, .F. ) ;
#961 = AXIS2_PLACEMENT_3D ( 'NONE', #554, #4363, #1341 ) ;
#962 = ORIENTED_EDGE ( 'NONE', *, *, #4674, .F. ) ;
#963 = CARTESIAN_POINT ( 'NONE',  ( 11.00000000000000000, 2.600000000000000533, -6.083484861008834343 ) ) ;
#964 = CIRCLE ( 'NONE', #3026, 0.7000000000000000666 ) ;
#965 = CARTESIAN_POINT ( 'NONE',  ( 20.71365118671794292, 1.680628330619406530, -1.224264068711943265 ) ) ;
#966 = VECTOR ( 'NONE', #2787, 1000.000000000000000 ) ;
#967 = CARTESIAN_POINT ( 'NONE',  ( 27.89289321881347306, 5.207106781186545241, -6.428476888916184073 ) ) ;
#968 = EDGE_LOOP ( 'NONE', ( #2361, #4264, #2524, #2845, #3878, #1175, #4542 ) ) ;
#969 = CIRCLE ( 'NONE', #3823, 0.2999999999999999889 ) ;
#970 = ORIENTED_EDGE ( 'NONE', *, *, #3306, .T. ) ;
#971 = CIRCLE ( 'NONE', #2076, 0.5000000000000000000 ) ;
#972 = CARTESIAN_POINT ( 'NONE',  ( 21.01771966318052165, 1.519371669380592316, -1.224264068711943265 ) ) ;
#973 = ORIENTED_EDGE ( 'NONE', *, *, #742, .F. ) ;
#974 = CARTESIAN_POINT ( 'NONE',  ( 5.414213562373099364, 0.08578643762688697993, -1.084202172485504434E-16 ) ) ;
#975 = DIRECTION ( 'NONE',  ( 0.000000000000000000, 0.000000000000000000, -1.000000000000000000 ) ) ;
#976 = CARTESIAN_POINT ( 'NONE',  ( 28.60000000000000142, 5.500000000000000000, -4.000000000000000000 ) ) ;
#977 = DIRECTION ( 'NONE',  ( 0.000000000000000000, -1.000000000000000000, 0.000000000000000000 ) ) ;
#978 = EDGE_CURVE ( 'NONE', #3421, #3973, #2996, .T. ) ;
#979 = TOROIDAL_SURFACE ( 'NONE', #3751, 0.7999999999999999334, 0.5000000000000000000 ) ;
#980 = CYLINDRICAL_SURFACE ( 'NONE', #2239, 1.000000000000000000 ) ;
#981 = LINE ( 'NONE', #683, #1301 ) ;
#982 = VECTOR ( 'NONE', #3803, 1000.000000000000000 ) ;
#983 = PRODUCT_DEFINITION_SHAPE ( 'NONE', 'NONE',  #2708 ) ;
#984 = ORIENTED_EDGE ( 'NONE', *, *, #1676, .F. ) ;
#985 = ORIENTED_EDGE ( 'NONE', *, *, #1567, .F. ) ;
#986 = EDGE_CURVE ( 'NONE', #2029, #1774, #3866, .T. ) ;
#987 = CARTESIAN_POINT ( 'NONE',  ( 3.000000000000000000, 2.200000000000000622, -7.000000000000002665 ) ) ;
#988 = DIRECTION ( 'NONE',  ( -0.000000000000000000, -1.000000000000000000, 0.000000000000000000 ) ) ;
#989 = ORIENTED_EDGE ( 'NONE', *, *, #73, .T. ) ;
#990 = AXIS2_PLACEMENT_3D ( 'NONE', #940, #2444, #571 ) ;
#991 = LINE ( 'NONE', #4380, #4858 ) ;
#992 = DIRECTION ( 'NONE',  ( -6.051360962709795198E-15, 0.000000000000000000, -1.000000000000000000 ) ) ;
#993 = VERTEX_POINT ( 'NONE', #1860 ) ;
#994 = CIRCLE ( 'NONE', #3051, 0.5000000000000000000 ) ;
#995 = VERTEX_POINT ( 'NONE', #4425 ) ;
#996 = CARTESIAN_POINT ( 'NONE',  ( 8.008303338389124448, 1.784897685982256288, -1.503359620254715034 ) ) ;
#997 = FACE_OUTER_BOUND ( 'NONE', #3848, .T. ) ;
#998 = CIRCLE ( 'NONE', #4887, 1.099999999999999423 ) ;
#999 = DIRECTION ( 'NONE',  ( -1.000000000000000000, 0.000000000000000000, 3.097720492815727042E-17 ) ) ;
#1000 = CARTESIAN_POINT ( 'NONE',  ( 20.47573593128807801, 1.480761184457487500, -0.9807611844575033766 ) ) ;
#1001 = CARTESIAN_POINT ( 'NONE',  ( 24.27950549357115406, 1.266666666666667052, -6.000000000000002665 ) ) ;
#1002 = CARTESIAN_POINT ( 'NONE',  ( 20.86568542494923406, 1.599999999999999867, -1.224264068711943265 ) ) ;
#1003 = CARTESIAN_POINT ( 'NONE',  ( 4.538982748568435532, 1.543760589465264843, -1.043760589465279720 ) ) ;
#1004 = FACE_OUTER_BOUND ( 'NONE', #1333, .T. ) ;
#1005 = DIRECTION ( 'NONE',  ( 0.000000000000000000, 0.000000000000000000, 1.000000000000000000 ) ) ;
#1006 = ADVANCED_FACE ( 'NONE', ( #4506 ), #4050, .F. ) ;
#1007 = VERTEX_POINT ( 'NONE', #374 ) ;
#1008 = CARTESIAN_POINT ( 'NONE',  ( 8.160065365760484468, 1.466666666666668561, -6.000000000000002665 ) ) ;
#1009 = ORIENTED_EDGE ( 'NONE', *, *, #682, .T. ) ;
#1010 = DIRECTION ( 'NONE',  ( 0.000000000000000000, 0.000000000000000000, 1.000000000000000000 ) ) ;
#1011 = CARTESIAN_POINT ( 'NONE',  ( 29.66030386922921025, 3.439696130770795168, -7.200410149896095291 ) ) ;
#1012 = VERTEX_POINT ( 'NONE', #3018 ) ;
#1013 = CARTESIAN_POINT ( 'NONE',  ( 24.33431457505076878, 1.599999999999999867, -1.224264068711943265 ) ) ;
#1014 = CARTESIAN_POINT ( 'NONE',  ( 0.1262135936287661631, 0.5894053745009588674, -5.162404093936053151 ) ) ;
#1015 = EDGE_CURVE ( 'NONE', #2473, #2375, #691, .T. ) ;
#1016 = CARTESIAN_POINT ( 'NONE',  ( 2.600000000000000089, -2.600000000000000089, -14.00000000000000000 ) ) ;
#1017 = LINE ( 'NONE', #1357, #1696 ) ;
#1018 = ORIENTED_EDGE ( 'NONE', *, *, #550, .T. ) ;
#1019 =( BOUNDED_CURVE ( )  B_SPLINE_CURVE ( 3, ( #4905, #3754, #3006, #1763 ),
 .UNSPECIFIED., .F., .F. ) 
 B_SPLINE_CURVE_WITH_KNOTS ( ( 4, 4 ),
 ( 3.141592653589792672, 3.926990816987243171 ),
 .UNSPECIFIED. ) 
 CURVE ( )  GEOMETRIC_REPRESENTATION_ITEM ( )  RATIONAL_B_SPLINE_CURVE ( ( 1.000000000000000000, 0.9492530216741907889, 0.9492530216741907889, 1.000000000000000000 ) ) 
 REPRESENTATION_ITEM ( '' )  );
#1020 = ORIENTED_EDGE ( 'NONE', *, *, #3165, .T. ) ;
#1021 = EDGE_CURVE ( 'NONE', #1318, #3821, #3711, .T. ) ;
#1022 = DIRECTION ( 'NONE',  ( 0.000000000000000000, 1.000000000000000000, 0.000000000000000000 ) ) ;
#1023 = ORIENTED_EDGE ( 'NONE', *, *, #1987, .T. ) ;
#1024 = CARTESIAN_POINT ( 'NONE',  ( 19.60000000000000142, 0.7999999999999999334, -6.000000000000002665 ) ) ;
#1025 = CARTESIAN_POINT ( 'NONE',  ( 27.89289321881343753, 0.4393398282201600447, -0.2928932188134508174 ) ) ;
#1026 = CARTESIAN_POINT ( 'NONE',  ( 26.74875862556899264, 4.999999999999999112, -5.095092750713011931 ) ) ;
#1027 = DIRECTION ( 'NONE',  ( 0.000000000000000000, 0.7071067811865417996, 0.7071067811865532349 ) ) ;
#1028 = CARTESIAN_POINT ( 'NONE',  ( 24.10000000000000497, 1.034314575050760743, -0.9585786437627062950 ) ) ;
#1029 = CARTESIAN_POINT ( 'NONE',  ( 31.60000000000000142, 0.000000000000000000, -5.414213562373098476 ) ) ;
#1030 = EDGE_LOOP ( 'NONE', ( #3535, #2474, #1069, #4568 ) ) ;
#1031 = EDGE_CURVE ( 'NONE', #1907, #2667, #2559, .T. ) ;
#1032 = EDGE_LOOP ( 'NONE', ( #217, #4310, #3463, #4244 ) ) ;
#1033 = LINE ( 'NONE', #3334, #501 ) ;
#1034 = LINE ( 'NONE', #2544, #251 ) ;
#1035 = EDGE_LOOP ( 'NONE', ( #3908, #2683, #4091, #1220 ) ) ;
#1036 = CARTESIAN_POINT ( 'NONE',  ( 0.01310357430006399426, 0.2845057565817463163, -5.215494243418222098 ) ) ;
#1037 = ADVANCED_FACE ( 'NONE', ( #4135 ), #2875, .T. ) ;
#1038 = CIRCLE ( 'NONE', #3811, 1.000000000000000000 ) ;
#1039 = CARTESIAN_POINT ( 'NONE',  ( 10.99999999999999822, 1.899999999999999245, -1.824264068711941800 ) ) ;
#1040 = CARTESIAN_POINT ( 'NONE',  ( 27.44417841142848857, 5.474893225092203330, -6.318599640842469611 ) ) ;
#1041 = VERTEX_POINT ( 'NONE', #1830 ) ;
#1042 = ORIENTED_EDGE ( 'NONE', *, *, #1728, .F. ) ;
#1043 = EDGE_CURVE ( 'NONE', #3606, #1174, #715, .T. ) ;
#1044 = CARTESIAN_POINT ( 'NONE',  ( 8.102895170703979133, 1.978524370405058352, -1.532072267822808254 ) ) ;
#1045 = AXIS2_PLACEMENT_3D ( 'NONE', #2131, #3270, #1364 ) ;
#1046 = ADVANCED_FACE ( 'NONE', ( #3341 ), #3368, .F. ) ;
#1047 = CARTESIAN_POINT ( 'NONE',  ( 3.000000000000000000, -2.600000000000000089, -14.00000000000000000 ) ) ;
#1048 =( BOUNDED_SURFACE ( )  B_SPLINE_SURFACE ( 3, 2, ( 
 ( #367, #1879, #3129 ),
 ( #1531, #2269, #1266 ),
 ( #4266, #4646, #1248 ),
 ( #3388, #4524, #2754 ),
 ( #3783, #2381, #389 ),
 ( #2776, #4550, #500 ),
 ( #3525, #131, #1638 ),
 ( #3152, #428, #4730 ),
 ( #1330, #2468, #4453 ),
 ( #2546, #3291, #3688 ) ),
 .UNSPECIFIED., .F., .F., .T. ) 
 B_SPLINE_SURFACE_WITH_KNOTS ( ( 4, 2, 2, 2, 4 ),
 ( 3, 3 ),
 ( 3.141592653589793116, 3.534291735288517255, 3.926990816987241395, 4.319689898685965090, 4.712388980384689674 ),
 ( 0.000000000000000000, 1.000000000000000000 ),
 .UNSPECIFIED. ) 
 GEOMETRIC_REPRESENTATION_ITEM ( )  RATIONAL_B_SPLINE_SURFACE ( (
 ( 1.000000000000000000, 0.7071067811865475727, 1.000000000000000000),
 ( 1.000000000000000000, 0.7066757454026294516, 1.000000000000000000),
 ( 1.000000000000000000, 0.7265517544568460551, 1.000000000000000000),
 ( 1.000000000000000000, 0.7876784852403575510, 1.000000000000000000),
 ( 1.000000000000000000, 0.8282379410841204104, 1.000000000000000000),
 ( 1.000000000000000000, 0.9038128664847577820, 1.000000000000000000),
 ( 1.000000000000000000, 0.9386556601682151113, 1.000000000000000000),
 ( 1.000000000000000000, 0.9867291795940977828, 1.000000000000000000),
 ( 1.000000000000000000, 1.000158588025386042, 1.000000000000000000),
 ( 1.000000000000000000, 1.000000000000000000, 1.000000000000000000) ) ) 
 REPRESENTATION_ITEM ( '' )  SURFACE ( )  );
#1049 = CIRCLE ( 'NONE', #3648, 0.5000000000000004441 ) ;
#1050 = DIRECTION ( 'NONE',  ( 1.000000000000000000, -0.000000000000000000, 2.478176394252580648E-16 ) ) ;
#1051 = CARTESIAN_POINT ( 'NONE',  ( 27.97088293732669229, 5.129117062673326899, -6.071347934663803514 ) ) ;
#1052 = CIRCLE ( 'NONE', #2315, 0.2999999999999999334 ) ;
#1053 = DIRECTION ( 'NONE',  ( 1.000000000000000000, 8.673617379884027583E-16, 0.000000000000000000 ) ) ;
#1054 = DIRECTION ( 'NONE',  ( 0.000000000000000000, 0.000000000000000000, -1.000000000000000000 ) ) ;
#1055 = DIRECTION ( 'NONE',  ( 0.000000000000000000, 0.000000000000000000, -1.000000000000000000 ) ) ;
#1056 = ORIENTED_EDGE ( 'NONE', *, *, #1891, .T. ) ;
#1057 = CARTESIAN_POINT ( 'NONE',  ( 7.549548279898872671, 2.200000000000000622, -7.000000000000002665 ) ) ;
#1058 = ORIENTED_EDGE ( 'NONE', *, *, #1409, .T. ) ;
#1059 = DIRECTION ( 'NONE',  ( -4.956352788505161296E-16, 0.000000000000000000, 1.000000000000000000 ) ) ;
#1060 = DIRECTION ( 'NONE',  ( 0.000000000000000000, 0.000000000000000000, -1.000000000000000000 ) ) ;
#1061 = VECTOR ( 'NONE', #2918, 1000.000000000000000 ) ;
#1062 = CIRCLE ( 'NONE', #2247, 0.8999999999999998002 ) ;
#1063 = CARTESIAN_POINT ( 'NONE',  ( 5.935089493156255891, 4.952844882405356586, -4.941093023423829500 ) ) ;
#1064 = AXIS2_PLACEMENT_3D ( 'NONE', #2195, #4776, #1479 ) ;
#1065 = ORIENTED_EDGE ( 'NONE', *, *, #839, .T. ) ;
#1066 = CYLINDRICAL_SURFACE ( 'NONE', #1235, 0.4999999999999997780 ) ;
#1067 = DIRECTION ( 'NONE',  ( 0.6756203433121391599, -0.6756203433121440449, -0.2950835532617293033 ) ) ;
#1068 = CARTESIAN_POINT ( 'NONE',  ( 24.10000000000000853, 1.300000000000000044, -6.005012562893382366 ) ) ;
#1069 = ORIENTED_EDGE ( 'NONE', *, *, #705, .F. ) ;
#1070 = VERTEX_POINT ( 'NONE', #1563 ) ;
#1071 = AXIS2_PLACEMENT_3D ( 'NONE', #2843, #4349, #2472 ) ;
#1072 = CARTESIAN_POINT ( 'NONE',  ( 3.775090969378416705, 0.7928932188134523162, -1.224909030621591288 ) ) ;
#1073 = ADVANCED_FACE ( 'NONE', ( #3859 ), #3069, .F. ) ;
#1074 = CARTESIAN_POINT ( 'NONE',  ( 0.000000000000000000, 0.08578643762688700769, -5.414213562373112687 ) ) ;
#1075 = CIRCLE ( 'NONE', #4555, 2.000000000000001776 ) ;
#1076 = DIRECTION ( 'NONE',  ( 1.000000000000000000, 0.000000000000000000, 0.000000000000000000 ) ) ;
#1077 = ORIENTED_EDGE ( 'NONE', *, *, #128, .T. ) ;
#1078 = ADVANCED_FACE ( 'NONE', ( #1999 ), #867, .F. ) ;
#1079 = CARTESIAN_POINT ( 'NONE',  ( 1.017802249435043604, 0.5000000000000000000, -3.982197750564972161 ) ) ;
#1080 = AXIS2_PLACEMENT_3D ( 'NONE', #44, #3091, #2700 ) ;
#1081 = FACE_OUTER_BOUND ( 'NONE', #4303, .T. ) ;
#1082 = CARTESIAN_POINT ( 'NONE',  ( 0.000000000000000000, 1.599999999999999867, -1.524264068711943310 ) ) ;
#1083 = DIRECTION ( 'NONE',  ( 0.000000000000000000, 0.000000000000000000, -1.000000000000000000 ) ) ;
#1084 = DIRECTION ( 'NONE',  ( 2.478176394252580648E-16, 0.000000000000000000, -1.000000000000000000 ) ) ;
#1085 = ORIENTED_EDGE ( 'NONE', *, *, #2465, .F. ) ;
#1086 = CARTESIAN_POINT ( 'NONE',  ( 8.375256538594436861, 1.588169924919442755, -6.066067723767130104 ) ) ;
#1087 = CARTESIAN_POINT ( 'NONE',  ( 32.60100000000000620, -2.000000000000000000, -17.19664474737808391 ) ) ;
#1088 = EDGE_CURVE ( 'NONE', #2512, #819, #2347, .T. ) ;
#1089 = CARTESIAN_POINT ( 'NONE',  ( 1.017802249435043604, 0.5000000000000000000, -3.982197750564972161 ) ) ;
#1090 = DIRECTION ( 'NONE',  ( 0.000000000000000000, -1.000000000000000000, 0.000000000000000000 ) ) ;
#1091 = ORIENTED_EDGE ( 'NONE', *, *, #2499, .F. ) ;
#1092 = CARTESIAN_POINT ( 'NONE',  ( 27.89289321881343753, 0.4393398282201638749, -0.2928932188134541481 ) ) ;
#1093 = DIRECTION ( 'NONE',  ( -1.000000000000000000, 0.000000000000000000, -4.956352788505161296E-16 ) ) ;
#1094 = CARTESIAN_POINT ( 'NONE',  ( 27.89289321881343753, 0.000000000000000000, -0.2928932188134541481 ) ) ;
#1095 = CARTESIAN_POINT ( 'NONE',  ( 24.16136520230416451, 1.299999999999999822, -6.005012561624584855 ) ) ;
#1096 = EDGE_LOOP ( 'NONE', ( #1478, #3520, #2825, #970 ) ) ;
#1097 = ORIENTED_EDGE ( 'NONE', *, *, #527, .F. ) ;
#1098 = DIRECTION ( 'NONE',  ( 0.000000000000000000, 0.000000000000000000, 1.000000000000000000 ) ) ;
#1099 = ORIENTED_EDGE ( 'NONE', *, *, #2821, .T. ) ;
#1100 = EDGE_CURVE ( 'NONE', #3812, #3387, #4607, .T. ) ;
#1101 = CARTESIAN_POINT ( 'NONE',  ( 0.000000000000000000, -2.600000000000000089, -28.90000000000000213 ) ) ;
#1102 = LINE ( 'NONE', #1892, #1166 ) ;
#1103 = ORIENTED_EDGE ( 'NONE', *, *, #1592, .F. ) ;
#1104 = CARTESIAN_POINT ( 'NONE',  ( 3.556040119739109162, 3.245686854770914564, -6.129770840135471133 ) ) ;
#1105 = CARTESIAN_POINT ( 'NONE',  ( 4.906078830023606230, 5.406078830023735016, -6.385025503879197650 ) ) ;
#1106 = DIRECTION ( 'NONE',  ( -0.000000000000000000, -0.000000000000000000, -1.000000000000000000 ) ) ;
#1107 = CARTESIAN_POINT ( 'NONE',  ( 4.910972817112984501, 1.383798638376895429, -2.045451566815600586 ) ) ;
#1108 =( NAMED_UNIT ( * ) SI_UNIT ( $, .STERADIAN. ) SOLID_ANGLE_UNIT ( ) );
#1109 = DIRECTION ( 'NONE',  ( 0.000000000000000000, 0.000000000000000000, -1.000000000000000000 ) ) ;
#1110 = ORIENTED_EDGE ( 'NONE', *, *, #97, .F. ) ;
#1111 = DIRECTION ( 'NONE',  ( 1.000000000000000000, 0.000000000000000000, -3.097720492815726426E-17 ) ) ;
#1112 = EDGE_CURVE ( 'NONE', #2824, #1123, #2606, .T. ) ;
#1113 = CARTESIAN_POINT ( 'NONE',  ( 19.60000000000000142, 44.12071982757441901, -7.000000000000002665 ) ) ;
#1114 = CARTESIAN_POINT ( 'NONE',  ( 3.000000000000000444, 0.1999999999999796108, -21.88587172892106736 ) ) ;
#1115 = CARTESIAN_POINT ( 'NONE',  ( 26.17152311108382534, 5.207106781186544353, -4.707106781186548794 ) ) ;
#1116 = CARTESIAN_POINT ( 'NONE',  ( 0.000000000000000000, 0.000000000000000000, -13.60000000000000142 ) ) ;
#1117 = EDGE_LOOP ( 'NONE', ( #2641, #1961, #202, #2359, #4523, #3043, #4142, #4071 ) ) ;
#1118 = ADVANCED_FACE ( 'NONE', ( #820 ), #794, .T. ) ;
#1119 = CARTESIAN_POINT ( 'NONE',  ( 2.599999999999998312, -0.09269470717930240744, -24.48375980504212635 ) ) ;
#1120 = CARTESIAN_POINT ( 'NONE',  ( 7.000000000000000000, 44.12071982757441901, -6.000000000000002665 ) ) ;
#1121 = CARTESIAN_POINT ( 'NONE',  ( 32.42495791138430405, 0.6750420886156957012, -4.824957911384306186 ) ) ;
#1122 = ORIENTED_EDGE ( 'NONE', *, *, #51, .F. ) ;
#1123 = VERTEX_POINT ( 'NONE', #3813 ) ;
#1124 = CARTESIAN_POINT ( 'NONE',  ( 4.707106781186552347, 5.207106781186546129, -6.428476888916176080 ) ) ;
#1125 = AXIS2_PLACEMENT_3D ( 'NONE', #255, #2133, #975 ) ;
#1126 = CARTESIAN_POINT ( 'NONE',  ( 2.599999999999999201, -2.600000000000000089, -28.50000000000000000 ) ) ;
#1127 = EDGE_LOOP ( 'NONE', ( #3398, #4487, #2486, #2732 ) ) ;
#1128 = VECTOR ( 'NONE', #3784, 1000.000000000000000 ) ;
#1129 = CARTESIAN_POINT ( 'NONE',  ( 1.331673758550215636, 1.831673758550201869, -5.306255614415468003 ) ) ;
#1130 = CIRCLE ( 'NONE', #3647, 0.5000000000000004441 ) ;
#1131 = CARTESIAN_POINT ( 'NONE',  ( 27.18578643762692337, 4.999999999999999112, -6.241093483101507466 ) ) ;
#1132 = VECTOR ( 'NONE', #4089, 1000.000000000000000 ) ;
#1133 = CARTESIAN_POINT ( 'NONE',  ( 27.94603205554462733, 2.395837106094250935, -1.895837106094315549 ) ) ;
#1134 = CIRCLE ( 'NONE', #3737, 2.149999999999999023 ) ;
#1135 = ORIENTED_EDGE ( 'NONE', *, *, #732, .F. ) ;
#1136 = DIRECTION ( 'NONE',  ( 0.000000000000000000, -1.000000000000000000, 0.000000000000000000 ) ) ;
#1137 = EDGE_CURVE ( 'NONE', #4782, #2201, #828, .T. ) ;
#1138 = CARTESIAN_POINT ( 'NONE',  ( 20.29999999999999716, 5.500000000000000000, 0.000000000000000000 ) ) ;
#1139 = CARTESIAN_POINT ( 'NONE',  ( 2.894840314578158935, -0.03749417667262049114, -24.21863062526161059 ) ) ;
#1140 = PLANE ( 'NONE',  #1603 ) ;
#1141 = CARTESIAN_POINT ( 'NONE',  ( 26.77157287525380625, 2.199999999999999734, 0.000000000000000000 ) ) ;
#1142 = ORIENTED_EDGE ( 'NONE', *, *, #4629, .T. ) ;
#1143 = ADVANCED_FACE ( 'NONE', ( #65 ), #1581, .F. ) ;
#1144 = VECTOR ( 'NONE', #341, 1000.000000000000000 ) ;
#1145 = CARTESIAN_POINT ( 'NONE',  ( 20.60000000000000497, 1.300000000000000044, -6.000000000000001776 ) ) ;
#1146 = VECTOR ( 'NONE', #773, 1000.000000000000000 ) ;
#1147 = ORIENTED_EDGE ( 'NONE', *, *, #952, .F. ) ;
#1148 = ORIENTED_EDGE ( 'NONE', *, *, #3968, .T. ) ;
#1149 = CARTESIAN_POINT ( 'NONE',  ( 3.982197750564964167, 0.5000000000000000000, -1.017802249435043382 ) ) ;
#1150 = ADVANCED_FACE ( 'NONE', ( #3090 ), #25, .T. ) ;
#1151 = DIRECTION ( 'NONE',  ( -0.000000000000000000, -1.000000000000000000, -0.000000000000000000 ) ) ;
#1152 = ORIENTED_EDGE ( 'NONE', *, *, #807, .T. ) ;
#1153 = CIRCLE ( 'NONE', #3982, 0.2999999999999999334 ) ;
#1154 = CARTESIAN_POINT ( 'NONE',  ( 1.043760589465161148, 1.543760589465146271, -4.538982748568465730 ) ) ;
#1155 = CARTESIAN_POINT ( 'NONE',  ( 4.776085782583103345, 5.320714487449936136, -6.018636745550464795 ) ) ;
#1156 = FACE_OUTER_BOUND ( 'NONE', #3927, .T. ) ;
#1157 = AXIS2_PLACEMENT_3D ( 'NONE', #697, #1513, #1810 ) ;
#1158 = COORDINATED_UNIVERSAL_TIME_OFFSET ( 8, 0, .BEHIND. ) ;
#1159 = DIRECTION ( 'NONE',  ( -0.7071067811865440200, -0.7071067811865511255, 0.000000000000000000 ) ) ;
#1160 = CIRCLE ( 'NONE', #1557, 0.2999999999999999334 ) ;
#1161 = DIRECTION ( 'NONE',  ( 0.000000000000000000, -3.562378566738085772E-15, 1.000000000000000000 ) ) ;
#1162 = CARTESIAN_POINT ( 'NONE',  ( 5.828427124746196952, 0.1999999999999996503, -35.00000000000000000 ) ) ;
#1163 = CARTESIAN_POINT ( 'NONE',  ( 32.49714957897565881, 0.3443184293256219553, -4.897149578975661832 ) ) ;
#1164 = ADVANCED_FACE ( 'NONE', ( #2678 ), #3445, .F. ) ;
#1165 = DIRECTION ( 'NONE',  ( 0.000000000000000000, 0.000000000000000000, -1.000000000000000000 ) ) ;
#1166 = VECTOR ( 'NONE', #1151, 1000.000000000000000 ) ;
#1167 = DIRECTION ( 'NONE',  ( 0.000000000000000000, -1.000000000000000000, 0.000000000000000000 ) ) ;
#1168 = FACE_OUTER_BOUND ( 'NONE', #2316, .T. ) ;
#1169 = ORIENTED_EDGE ( 'NONE', *, *, #3366, .T. ) ;
#1170 = CARTESIAN_POINT ( 'NONE',  ( 5.937476629767427738, 4.946108459452377204, -4.935627459386302540 ) ) ;
#1171 = DIRECTION ( 'NONE',  ( -1.000000000000000000, 0.000000000000000000, 0.000000000000000000 ) ) ;
#1172 = CARTESIAN_POINT ( 'NONE',  ( 0.000000000000000000, 0.08578643762688700769, -5.414213562373112687 ) ) ;
#1173 = EDGE_CURVE ( 'NONE', #3563, #2402, #43, .T. ) ;
#1174 = VERTEX_POINT ( 'NONE', #1937 ) ;
#1175 = ORIENTED_EDGE ( 'NONE', *, *, #2492, .T. ) ;
#1176 = CARTESIAN_POINT ( 'NONE',  ( 28.61780224943503015, 2.752512626584685762, -1.017802249435044049 ) ) ;
#1177 = ORIENTED_EDGE ( 'NONE', *, *, #3550, .T. ) ;
#1178 = EDGE_CURVE ( 'NONE', #215, #3500, #89, .T. ) ;
#1179 = CARTESIAN_POINT ( 'NONE',  ( 31.22864435997168187, 1.164248858841776091, -4.335751141158233679 ) ) ;
#1180 = CARTESIAN_POINT ( 'NONE',  ( 2.307195765016806455, 1.706413580345806924, -5.335868583870395199 ) ) ;
#1181 = EDGE_CURVE ( 'NONE', #2598, #4805, #355, .T. ) ;
#1182 = CARTESIAN_POINT ( 'NONE',  ( 5.414213562373100253, 5.500000000000000000, -6.241093483101493256 ) ) ;
#1183 = DIRECTION ( 'NONE',  ( -0.5773502691896265082, -0.5773502691896260641, 0.5773502691896246208 ) ) ;
#1184 = CARTESIAN_POINT ( 'NONE',  ( 1.017802249435043604, 1.164248858841755219, -3.982197750564972161 ) ) ;
#1185 =( BOUNDED_SURFACE ( )  B_SPLINE_SURFACE ( 3, 2, ( 
 ( #1425, #3390, #4886 ),
 ( #4912, #3707, #2221 ),
 ( #1904, #4528, #1481 ),
 ( #314, #1139, #3732 ),
 ( #2651, #3410, #11 ),
 ( #2173, #4129, #3335 ),
 ( #1455, #1533, #2965 ),
 ( #4421, #3684, #740 ),
 ( #2991, #291, #4503 ),
 ( #1114, #4831, #2624 ),
 ( #1547, #4168, #3718 ),
 ( #4873, #1491, #2209 ),
 ( #801, #2687, #1470 ),
 ( #2979, #4900, #1515 ) ),
 .UNSPECIFIED., .F., .F., .F. ) 
 B_SPLINE_SURFACE_WITH_KNOTS ( ( 4, 2, 2, 2, 2, 2, 4 ),
 ( 3, 3 ),
 ( 0.001235345420708683058, 0.001725410196861452191, 0.002215474973014221107, 0.003195604525319759373, 0.004175734077625297205, 0.004665798853778066121, 0.005155863629930835905 ),
 ( 0.000000000000000000, 1.000000000000000000 ),
 .UNSPECIFIED. ) 
 GEOMETRIC_REPRESENTATION_ITEM ( )  RATIONAL_B_SPLINE_SURFACE ( (
 ( 1.000000000000000000, 0.7071067811865449082, 1.000000000000000000),
 ( 1.000000000000000000, 0.7473998053611546899, 1.000000000000000000),
 ( 1.000000000000000000, 0.7802237602918608017, 1.000000000000000000),
 ( 1.000000000000000000, 0.8349989101244142953, 1.000000000000000000),
 ( 1.000000000000000000, 0.8569297851505741637, 1.000000000000000000),
 ( 1.000000000000000000, 0.9090670100516167196, 1.000000000000000000),
 ( 1.000000000000000000, 0.9259090735140604878, 1.000000000000000000),
 ( 1.000000000000000000, 0.9258283984772053277, 1.000000000000000000),
 ( 1.000000000000000000, 0.9089834094625601768, 1.000000000000000000),
 ( 1.000000000000000000, 0.8568698437983652827, 1.000000000000000000),
 ( 1.000000000000000000, 0.8349519854773428396, 1.000000000000000000),
 ( 1.000000000000000000, 0.7802028297136762713, 1.000000000000000000),
 ( 1.000000000000000000, 0.7473919214712437809, 1.000000000000000000),
 ( 1.000000000000000000, 0.7071067811865336949, 1.000000000000000000) ) ) 
 REPRESENTATION_ITEM ( '' )  SURFACE ( )  );
#1186 = DIRECTION ( 'NONE',  ( 1.000000000000000000, 0.000000000000000000, -0.000000000000000000 ) ) ;
#1187 = DIRECTION ( 'NONE',  ( -1.000000000000000000, 0.000000000000000000, 3.097720492815727042E-17 ) ) ;
#1188 = CARTESIAN_POINT ( 'NONE',  ( 20.37852437040493569, 1.658543831010972580, -1.169586292091211011 ) ) ;
#1189 = DIRECTION ( 'NONE',  ( -1.752335333352424452E-16, -0.7071067811865485719, 0.7071067811865465735 ) ) ;
#1190 = ORIENTED_EDGE ( 'NONE', *, *, #2005, .F. ) ;
#1191 = CARTESIAN_POINT ( 'NONE',  ( 20.60000000000000142, 1.300000000000000044, 0.000000000000000000 ) ) ;
#1192 = CARTESIAN_POINT ( 'NONE',  ( 6.428476888916176080, 5.207106781186546129, -4.707106781186552347 ) ) ;
#1193 = CARTESIAN_POINT ( 'NONE',  ( 8.000000000000000000, 1.899999999999999245, -1.824264068711941800 ) ) ;
#1194 = ORIENTED_EDGE ( 'NONE', *, *, #2536, .T. ) ;
#1195 = ORIENTED_EDGE ( 'NONE', *, *, #2398, .F. ) ;
#1196 = VERTEX_POINT ( 'NONE', #1699 ) ;
#1197 = EDGE_CURVE ( 'NONE', #111, #1683, #2322, .T. ) ;
#1198 = CARTESIAN_POINT ( 'NONE',  ( 1.870116897751528784, 2.370116897751539664, -4.522360656410373991 ) ) ;
#1199 = AXIS2_PLACEMENT_3D ( 'NONE', #3083, #2380, #130 ) ;
#1200 = CARTESIAN_POINT ( 'NONE',  ( 8.500000000000000000, 1.687867965644034740, -1.612132034355977961 ) ) ;
#1201 = EDGE_CURVE ( 'NONE', #1580, #17, #2959, .T. ) ;
#1202 = DIRECTION ( 'NONE',  ( -0.1266985438332993430, -0.9919412679138425171, 0.000000000000000000 ) ) ;
#1203 = VECTOR ( 'NONE', #650, 1000.000000000000000 ) ;
#1204 = DIRECTION ( 'NONE',  ( 1.000000000000000000, 0.000000000000000000, 0.000000000000000000 ) ) ;
#1205 = CARTESIAN_POINT ( 'NONE',  ( 5.000000000000004441, 5.500000000000000000, -35.00000000000000000 ) ) ;
#1206 = VERTEX_POINT ( 'NONE', #916 ) ;
#1207 = AXIS2_PLACEMENT_3D ( 'NONE', #576, #2087, #1840 ) ;
#1208 = CARTESIAN_POINT ( 'NONE',  ( 4.860535611066651107, 4.853553390593273065, -5.970273702328218413 ) ) ;
#1209 = CARTESIAN_POINT ( 'NONE',  ( 24.60000000000000497, 0.08578643762688700769, -1.000000000000000000 ) ) ;
#1210 = CIRCLE ( 'NONE', #3260, 2.149999999999997247 ) ;
#1211 = CARTESIAN_POINT ( 'NONE',  ( 24.27950549357115051, 1.266666666666666829, -7.000000000000004441 ) ) ;
#1212 =( BOUNDED_CURVE ( )  B_SPLINE_CURVE ( 3, ( #187, #2415, #584, #3552 ),
 .UNSPECIFIED., .F., .T. ) 
 B_SPLINE_CURVE_WITH_KNOTS ( ( 4, 4 ),
 ( 2.356194490192343949, 3.141592653589793116 ),
 .UNSPECIFIED. ) 
 CURVE ( )  GEOMETRIC_REPRESENTATION_ITEM ( )  RATIONAL_B_SPLINE_CURVE ( ( 1.000000000000000000, 0.9492530216741910110, 0.9492530216741910110, 1.000000000000000000 ) ) 
 REPRESENTATION_ITEM ( '' )  );
#1213 = CIRCLE ( 'NONE', #1125, 0.4000000000000010214 ) ;
#1214 = ORIENTED_EDGE ( 'NONE', *, *, #2096, .F. ) ;
#1215 = CIRCLE ( 'NONE', #3108, 0.4999999999999998890 ) ;
#1216 = CARTESIAN_POINT ( 'NONE',  ( 5.818245656101210805, 4.999999999999999112, -5.147380814755535106 ) ) ;
#1217 = CARTESIAN_POINT ( 'NONE',  ( 5.414213562373100253, 4.500000000000000000, 0.000000000000000000 ) ) ;
#1218 = ORIENTED_EDGE ( 'NONE', *, *, #4278, .T. ) ;
#1219 = ORIENTED_EDGE ( 'NONE', *, *, #3505, .T. ) ;
#1220 = ORIENTED_EDGE ( 'NONE', *, *, #1043, .F. ) ;
#1221 = AXIS2_PLACEMENT_3D ( 'NONE', #902, #1136, #878 ) ;
#1222 = VERTEX_POINT ( 'NONE', #562 ) ;
#1223 =( GEOMETRIC_REPRESENTATION_CONTEXT ( 3 ) GLOBAL_UNCERTAINTY_ASSIGNED_CONTEXT ( ( #1500 ) ) GLOBAL_UNIT_ASSIGNED_CONTEXT ( ( #2691, #3385, #1108 ) ) REPRESENTATION_CONTEXT ( 'NONE', 'WORKASPACE' ) );
#1224 = EDGE_CURVE ( 'NONE', #4592, #1245, #3924, .T. ) ;
#1225 = VERTEX_POINT ( 'NONE', #537 ) ;
#1226 = DIRECTION ( 'NONE',  ( 0.000000000000000000, -0.000000000000000000, -1.000000000000000000 ) ) ;
#1227 = CARTESIAN_POINT ( 'NONE',  ( 26.30000000000000426, 3.499999999999999556, -35.00000000000000000 ) ) ;
#1228 = LINE ( 'NONE', #782, #2309 ) ;
#1229 = VERTEX_POINT ( 'NONE', #4778 ) ;
#1230 = VECTOR ( 'NONE', #594, 1000.000000000000000 ) ;
#1231 = CARTESIAN_POINT ( 'NONE',  ( 7.000000000000000000, 1.100000000000000089, -7.000000000000002665 ) ) ;
#1232 = CYLINDRICAL_SURFACE ( 'NONE', #3568, 2.149999999999997691 ) ;
#1233 = CARTESIAN_POINT ( 'NONE',  ( 28.60000000000000142, 1.000000000000000000, -4.000000000000000000 ) ) ;
#1234 = CARTESIAN_POINT ( 'NONE',  ( 5.414213562373099364, 0.08578643762688700769, 0.000000000000000000 ) ) ;
#1235 = AXIS2_PLACEMENT_3D ( 'NONE', #4137, #1861, #4082 ) ;
#1236 = EDGE_LOOP ( 'NONE', ( #451, #4766, #3380, #300, #466, #2460 ) ) ;
#1237 = EDGE_CURVE ( 'NONE', #3209, #2748, #4276, .T. ) ;
#1238 = CARTESIAN_POINT ( 'NONE',  ( 27.60000000000001918, 5.500000000000000000, 0.000000000000000000 ) ) ;
#1239 = VECTOR ( 'NONE', #3489, 1000.000000000000000 ) ;
#1240 = ORIENTED_EDGE ( 'NONE', *, *, #2833, .T. ) ;
#1241 = CARTESIAN_POINT ( 'NONE',  ( 11.71821914794149322, 2.200000000000000622, -7.000000000000002665 ) ) ;
#1242 = ORIENTED_EDGE ( 'NONE', *, *, #37, .F. ) ;
#1243 = FACE_OUTER_BOUND ( 'NONE', #2034, .T. ) ;
#1244 = ORIENTED_EDGE ( 'NONE', *, *, #3314, .T. ) ;
#1245 = VERTEX_POINT ( 'NONE', #1303 ) ;
#1246 = EDGE_CURVE ( 'NONE', #95, #993, #3554, .T. ) ;
#1247 = CARTESIAN_POINT ( 'NONE',  ( 11.79999999999999716, 0.000000000000000000, 0.000000000000000000 ) ) ;
#1248 = CARTESIAN_POINT ( 'NONE',  ( 24.60780820041313177, 1.104562975971630667, -0.9177768106337338416 ) ) ;
#1249 = CARTESIAN_POINT ( 'NONE',  ( 31.55623941053504922, 1.543760589464953314, -4.538982748568480829 ) ) ;
#1250 = ORIENTED_EDGE ( 'NONE', *, *, #4563, .F. ) ;
#1251 = CARTESIAN_POINT ( 'NONE',  ( 2.599999999999998312, 0.1999999999999781952, -24.89113524468584870 ) ) ;
#1252 = ORIENTED_EDGE ( 'NONE', *, *, #1720, .F. ) ;
#1253 = CARTESIAN_POINT ( 'NONE',  ( 2.600000000000000089, 0.000000000000000000, -13.60000000000000142 ) ) ;
#1254 = CARTESIAN_POINT ( 'NONE',  ( 20.29999999999999716, 1.812132034355964372, -1.312132034355979249 ) ) ;
#1255 = DIRECTION ( 'NONE',  ( 1.000000000000000000, -0.000000000000000000, 0.000000000000000000 ) ) ;
#1256 = CARTESIAN_POINT ( 'NONE',  ( 4.897149578975661832, 0.3443184293256050799, -0.1028504210243406380 ) ) ;
#1257 = ADVANCED_FACE ( 'NONE', ( #1326 ), #745, .T. ) ;
#1258 = ORIENTED_EDGE ( 'NONE', *, *, #1963, .F. ) ;
#1259 = CYLINDRICAL_SURFACE ( 'NONE', #4480, 0.9000000000000014655 ) ;
#1260 = ORIENTED_EDGE ( 'NONE', *, *, #680, .F. ) ;
#1261 = ORIENTED_EDGE ( 'NONE', *, *, #3854, .F. ) ;
#1262 = FACE_OUTER_BOUND ( 'NONE', #2844, .T. ) ;
#1263 = VERTEX_POINT ( 'NONE', #2461 ) ;
#1264 = ORIENTED_EDGE ( 'NONE', *, *, #978, .T. ) ;
#1265 = CARTESIAN_POINT ( 'NONE',  ( 8.000000000000000000, 0.08578643762688700769, -0.2999999999999999889 ) ) ;
#1266 = CARTESIAN_POINT ( 'NONE',  ( 24.60000000000000853, 1.062087595571739485, -0.9308056233140755698 ) ) ;
#1267 = CARTESIAN_POINT ( 'NONE',  ( 29.04395988026149666, 3.245686854770875041, -6.129770840135434717 ) ) ;
#1268 = EDGE_LOOP ( 'NONE', ( #446, #2757, #289, #472 ) ) ;
#1269 = CARTESIAN_POINT ( 'NONE',  ( 28.26424885884175708, 1.517802249435028950, -1.017802249435045381 ) ) ;
#1270 = CARTESIAN_POINT ( 'NONE',  ( 4.272401869241589267, 1.000000000000000000, -1.867326273985238538 ) ) ;
#1271 = CARTESIAN_POINT ( 'NONE',  ( 4.335751141158238120, 1.517802249435026951, -1.017802249435042938 ) ) ;
#1272 = CARTESIAN_POINT ( 'NONE',  ( 24.10000000000000497, 0.7999999999999999334, -1.524264068711943310 ) ) ;
#1273 = VECTOR ( 'NONE', #2741, 1000.000000000000000 ) ;
#1274 = LINE ( 'NONE', #3510, #575 ) ;
#1275 = FACE_OUTER_BOUND ( 'NONE', #2017, .T. ) ;
#1276 = AXIS2_PLACEMENT_3D ( 'NONE', #1767, #3869, #2288 ) ;
#1277 = EDGE_CURVE ( 'NONE', #1229, #4221, #3355, .T. ) ;
#1278 = ORIENTED_EDGE ( 'NONE', *, *, #896, .T. ) ;
#1279 = CARTESIAN_POINT ( 'NONE',  ( 21.10000000000000497, 1.300000000000000044, -6.005012562893382366 ) ) ;
#1280 = CARTESIAN_POINT ( 'NONE',  ( 28.18578643762690916, 1.614213562373092214, -35.00000000000000000 ) ) ;
#1281 = AXIS2_PLACEMENT_3D ( 'NONE', #4914, #293, #2967 ) ;
#1282 = AXIS2_PLACEMENT_3D ( 'NONE', #2503, #2234, #2978 ) ;
#1283 = ORIENTED_EDGE ( 'NONE', *, *, #2371, .F. ) ;
#1284 = VECTOR ( 'NONE', #2432, 1000.000000000000000 ) ;
#1285 = LINE ( 'NONE', #799, #2260 ) ;
#1286 = ORIENTED_EDGE ( 'NONE', *, *, #3437, .F. ) ;
#1287 = EDGE_LOOP ( 'NONE', ( #3176, #4867, #4571, #3782 ) ) ;
#1288 = DIRECTION ( 'NONE',  ( 3.097720492815727042E-17, 0.000000000000000000, 1.000000000000000000 ) ) ;
#1289 = DIRECTION ( 'NONE',  ( 0.000000000000000000, 1.000000000000000000, 0.000000000000000000 ) ) ;
#1290 = EDGE_CURVE ( 'NONE', #3516, #4810, #1856, .T. ) ;
#1291 = VECTOR ( 'NONE', #2489, 1000.000000000000000 ) ;
#1292 = CARTESIAN_POINT ( 'NONE',  ( 28.04411882878215678, 4.478049081012363430, -6.103334400570121332 ) ) ;
#1293 = COORDINATED_UNIVERSAL_TIME_OFFSET ( 8, 0, .BEHIND. ) ;
#1294 = ORIENTED_EDGE ( 'NONE', *, *, #4337, .F. ) ;
#1295 = VECTOR ( 'NONE', #2227, 1000.000000000000000 ) ;
#1296 = DIRECTION ( 'NONE',  ( 0.000000000000000000, 0.5591733660533040329, 0.8290507503745578877 ) ) ;
#1297 = CARTESIAN_POINT ( 'NONE',  ( 3.000000000000000000, 2.200000000000000622, -7.000000000000002665 ) ) ;
#1298 = LINE ( 'NONE', #581, #3028 ) ;
#1299 = PLANE ( 'NONE',  #4378 ) ;
#1300 = FACE_OUTER_BOUND ( 'NONE', #2797, .T. ) ;
#1301 = VECTOR ( 'NONE', #4012, 1000.000000000000000 ) ;
#1302 = ORIENTED_EDGE ( 'NONE', *, *, #3429, .F. ) ;
#1303 = CARTESIAN_POINT ( 'NONE',  ( 11.00000000000000000, 2.200000000000000622, -7.000000000000002665 ) ) ;
#1304 = DIRECTION ( 'NONE',  ( -0.000000000000000000, 0.000000000000000000, 1.000000000000000000 ) ) ;
#1305 = CIRCLE ( 'NONE', #2810, 0.9000000000000014655 ) ;
#1306 = EDGE_LOOP ( 'NONE', ( #3474, #2367, #786, #1866 ) ) ;
#1307 = ORIENTED_EDGE ( 'NONE', *, *, #128, .F. ) ;
#1308 = AXIS2_PLACEMENT_3D ( 'NONE', #2261, #3056, #3030 ) ;
#1309 = LINE ( 'NONE', #2520, #2889 ) ;
#1310 = EDGE_CURVE ( 'NONE', #53, #1225, #2647, .T. ) ;
#1311 = CYLINDRICAL_SURFACE ( 'NONE', #3125, 1.000000000000000000 ) ;
#1312 = ORIENTED_EDGE ( 'NONE', *, *, #151, .F. ) ;
#1313 = ORIENTED_EDGE ( 'NONE', *, *, #565, .F. ) ;
#1314 = EDGE_CURVE ( 'NONE', #2155, #4500, #3309, .T. ) ;
#1315 = FACE_OUTER_BOUND ( 'NONE', #1812, .T. ) ;
#1316 = CARTESIAN_POINT ( 'NONE',  ( 31.36264797102995772, 1.737352028970046591, -5.122826960627636872 ) ) ;
#1317 = ADVANCED_FACE ( 'NONE', ( #687 ), #350, .T. ) ;
#1318 = VERTEX_POINT ( 'NONE', #4830 ) ;
#1319 = DIRECTION ( 'NONE',  ( 0.000000000000000000, -1.000000000000000000, 0.000000000000000000 ) ) ;
#1320 = CARTESIAN_POINT ( 'NONE',  ( 27.44753436548309722, 0.2166604015549397633, -0.02602734134869988392 ) ) ;
#1321 = CARTESIAN_POINT ( 'NONE',  ( 0.000000000000000000, 5.500000000000000000, -35.00000000000000000 ) ) ;
#1322 = PLANE ( 'NONE',  #1857 ) ;
#1323 = CARTESIAN_POINT ( 'NONE',  ( 0.000000000000000000, 0.08578643762688700769, -35.00000000000000000 ) ) ;
#1324 = EDGE_LOOP ( 'NONE', ( #4670, #4124, #3692, #2084 ) ) ;
#1325 = ORIENTED_EDGE ( 'NONE', *, *, #1644, .F. ) ;
#1326 = FACE_OUTER_BOUND ( 'NONE', #1975, .T. ) ;
#1327 = DIRECTION ( 'NONE',  ( -1.000000000000000000, -0.000000000000000000, -0.000000000000000000 ) ) ;
#1328 = ORIENTED_EDGE ( 'NONE', *, *, #3219, .F. ) ;
#1329 =( BOUNDED_SURFACE ( )  B_SPLINE_SURFACE ( 3, 2, ( 
 ( #4415, #2594, #2190 ),
 ( #307, #1848, #1816 ),
 ( #4036, #3327, #3755 ),
 ( #3275, #1449, #4850 ),
 ( #2213, #2136, #2958 ),
 ( #3358, #4471, #4878 ),
 ( #3724, #3674, #2984 ),
 ( #2534, #4798, #4496 ),
 ( #1397, #4823, #3007 ),
 ( #1418, #1791, #2931 ),
 ( #1107, #4906, #2618 ),
 ( #4441, #4120, #2564 ),
 ( #361, #3384, #1003 ),
 ( #2509, #3643, #259 ) ),
 .UNSPECIFIED., .F., .F., .F. ) 
 B_SPLINE_SURFACE_WITH_KNOTS ( ( 4, 2, 2, 2, 2, 2, 4 ),
 ( 3, 3 ),
 ( 1.159007650839263492, 1.622893904542719312, 2.086780158246175354, 2.318723285097903375, 2.550666411949631396, 2.782609538801358973, 3.014552665653086994 ),
 ( 0.000000000000000000, 1.000000000000000000 ),
 .UNSPECIFIED. ) 
 GEOMETRIC_REPRESENTATION_ITEM ( )  RATIONAL_B_SPLINE_SURFACE ( (
 ( 1.000000000000000000, 0.8009428406336279727, 1.000000000000000000),
 ( 1.000000000000000000, 0.7697030783514098307, 1.000000000000000000),
 ( 1.000000000000000000, 0.7333019166069394412, 1.000000000000000000),
 ( 1.000000000000000000, 0.6546304387344953346, 1.000000000000000000),
 ( 1.000000000000000000, 0.6122486040049152090, 1.000000000000000000),
 ( 1.000000000000000000, 0.5497436765002186032, 1.000000000000000000),
 ( 1.000000000000000000, 0.5291191037840398126, 1.000000000000000000),
 ( 1.000000000000000000, 0.4897844246931139511, 1.000000000000000000),
 ( 1.000000000000000000, 0.4710736316049921046, 1.000000000000000000),
 ( 1.000000000000000000, 0.4375526421263942201, 1.000000000000000000),
 ( 1.000000000000000000, 0.4227573473345912491, 1.000000000000000000),
 ( 1.000000000000000000, 0.3993959840564930697, 1.000000000000000000),
 ( 1.000000000000000000, 0.3908514984232407952, 1.000000000000000000),
 ( 1.000000000000000000, 0.3863881487049899977, 1.000000000000000000) ) ) 
 REPRESENTATION_ITEM ( '' )  SURFACE ( )  );
#1330 = CARTESIAN_POINT ( 'NONE',  ( 24.79526137440250722, 1.784359012201409245, -1.284359012201424344 ) ) ;
#1331 = CARTESIAN_POINT ( 'NONE',  ( 21.02711889327499861, 1.300000005384966961, -6.909546586022059955 ) ) ;
#1332 = ORIENTED_EDGE ( 'NONE', *, *, #3791, .F. ) ;
#1333 = EDGE_LOOP ( 'NONE', ( #1859, #973, #4431, #176 ) ) ;
#1334 = DIRECTION ( 'NONE',  ( 0.000000000000000000, -0.7071067811865449082, -0.7071067811865501263 ) ) ;
#1335 = ADVANCED_FACE ( 'NONE', ( #2964 ), #979, .F. ) ;
#1336 = CARTESIAN_POINT ( 'NONE',  ( 30.75168103625049199, 2.348318963749519206, -4.123590881803043118 ) ) ;
#1337 = ORIENTED_EDGE ( 'NONE', *, *, #3608, .T. ) ;
#1338 = EDGE_CURVE ( 'NONE', #1941, #4300, #4885, .T. ) ;
#1339 = DIRECTION ( 'NONE',  ( 0.000000000000000000, -1.000000000000000000, 0.000000000000000000 ) ) ;
#1340 = CARTESIAN_POINT ( 'NONE',  ( 27.77504208861568102, 0.6750420886156749400, -0.1750420886156936751 ) ) ;
#1341 = DIRECTION ( 'NONE',  ( 0.000000000000000000, 0.000000000000000000, -1.000000000000000000 ) ) ;
#1342 = DIRECTION ( 'NONE',  ( 0.7071067811865440200, 0.7071067811865511255, -0.000000000000000000 ) ) ;
#1343 = CARTESIAN_POINT ( 'NONE',  ( 24.60000000000000497, 0.000000000000000000, -0.2999999999999999889 ) ) ;
#1344 = CARTESIAN_POINT ( 'NONE',  ( 4.707106781186552347, 0.4393398282201617100, -0.2928932188134534820 ) ) ;
#1345 = EDGE_LOOP ( 'NONE', ( #934, #4637, #4616, #3506 ) ) ;
#1347 = ORIENTED_EDGE ( 'NONE', *, *, #1224, .F. ) ;
#1346 = CIRCLE ( 'NONE', #1828, 1.499999999999999556 ) ;
#1348 = DIRECTION ( 'NONE',  ( -2.775557561562891351E-14, 0.000000000000000000, 1.000000000000000000 ) ) ;
#1349 = DIRECTION ( 'NONE',  ( 0.000000000000000000, 0.000000000000000000, -1.000000000000000000 ) ) ;
#1350 = CIRCLE ( 'NONE', #2540, 0.4999999999999995559 ) ;
#1351 = ORIENTED_EDGE ( 'NONE', *, *, #2743, .T. ) ;
#1352 = DIRECTION ( 'NONE',  ( -0.7071067811865465735, -0.000000000000000000, -0.7071067811865485719 ) ) ;
#1353 = CIRCLE ( 'NONE', #174, 1.000000000000000888 ) ;
#1354 = DIRECTION ( 'NONE',  ( 1.000000000000000000, 0.000000000000000000, -0.000000000000000000 ) ) ;
#1355 = VECTOR ( 'NONE', #643, 1000.000000000000000 ) ;
#1356 = FACE_OUTER_BOUND ( 'NONE', #3864, .T. ) ;
#1357 = CARTESIAN_POINT ( 'NONE',  ( 8.500000000000000000, 1.600000000000000089, 0.000000000000000000 ) ) ;
#1358 = ORIENTED_EDGE ( 'NONE', *, *, #104, .F. ) ;
#1359 = EDGE_CURVE ( 'NONE', #69, #2667, #1033, .T. ) ;
#1360 = AXIS2_PLACEMENT_3D ( 'NONE', #1845, #2688, #3005 ) ;
#1361 = ORIENTED_EDGE ( 'NONE', *, *, #2067, .F. ) ;
#1362 = VECTOR ( 'NONE', #2272, 1000.000000000000000 ) ;
#1363 = EDGE_CURVE ( 'NONE', #3057, #4003, #2573, .T. ) ;
#1364 = DIRECTION ( 'NONE',  ( -1.000000000000000000, 0.000000000000000000, 0.000000000000000000 ) ) ;
#1365 = ADVANCED_FACE ( 'NONE', ( #2171 ), #2515, .T. ) ;
#1366 = CC_DESIGN_APPROVAL ( #2425, ( #495 ) ) ;
#1367 = EDGE_LOOP ( 'NONE', ( #4747, #1944, #3427, #1502 ) ) ;
#1368 = FACE_OUTER_BOUND ( 'NONE', #4513, .T. ) ;
#1369 = AXIS2_PLACEMENT_3D ( 'NONE', #739, #3683, #4807 ) ;
#1370 = CARTESIAN_POINT ( 'NONE',  ( 27.53933982822016446, 0.7928932188134331094, -0.2928932188134510950 ) ) ;
#1371 = FACE_OUTER_BOUND ( 'NONE', #1367, .T. ) ;
#1372 = CARTESIAN_POINT ( 'NONE',  ( 0.000000000000000000, 1.600000000000000089, 0.000000000000000000 ) ) ;
#1373 = AXIS2_PLACEMENT_3D ( 'NONE', #1162, #3542, #1901 ) ;
#1374 = CARTESIAN_POINT ( 'NONE',  ( 5.060660171779826300, 4.853553390593273065, -6.428476888916176080 ) ) ;
#1375 = FACE_OUTER_BOUND ( 'NONE', #3793, .T. ) ;
#1376 = EDGE_LOOP ( 'NONE', ( #47, #4190, #4611, #4587 ) ) ;
#1377 = CARTESIAN_POINT ( 'NONE',  ( 0.000000000000000000, -2.600000000000000089, -28.50000000000000000 ) ) ;
#1378 = ADVANCED_FACE ( 'NONE', ( #4400 ), #4102, .T. ) ;
#1379 = ORIENTED_EDGE ( 'NONE', *, *, #4599, .T. ) ;
#1380 = DIRECTION ( 'NONE',  ( 1.000000000000000000, 0.000000000000000000, 0.000000000000000000 ) ) ;
#1381 = TOROIDAL_SURFACE ( 'NONE', #4152, 1.500000000000000000, 1.000000000000000000 ) ;
#1382 = ADVANCED_FACE ( 'NONE', ( #2989 ), #264, .F. ) ;
#1383 = ORIENTED_EDGE ( 'NONE', *, *, #3165, .F. ) ;
#1384 = DIRECTION ( 'NONE',  ( -0.000000000000000000, 1.000000000000000000, -0.000000000000000000 ) ) ;
#1385 = CARTESIAN_POINT ( 'NONE',  ( 6.596559178217594521, 3.086142740177518995, -3.426598668276513937 ) ) ;
#1386 = CIRCLE ( 'NONE', #444, 1.000000000000000000 ) ;
#1387 = CARTESIAN_POINT ( 'NONE',  ( 20.91450287887319703, 2.200000000000032596, -7.000000000000006217 ) ) ;
#1388 = VERTEX_POINT ( 'NONE', #3285 ) ;
#1389 = VECTOR ( 'NONE', #391, 1000.000000000000000 ) ;
#1390 = ORIENTED_EDGE ( 'NONE', *, *, #815, .F. ) ;
#1391 = CYLINDRICAL_SURFACE ( 'NONE', #2709, 0.5000000000000004441 ) ;
#1392 = AXIS2_PLACEMENT_3D ( 'NONE', #4103, #2271, #1060 ) ;
#1393 = ORIENTED_EDGE ( 'NONE', *, *, #3939, .F. ) ;
#1394 = EDGE_CURVE ( 'NONE', #1852, #4448, #3706, .T. ) ;
#1395 = DIRECTION ( 'NONE',  ( 1.000000000000000000, 0.000000000000000000, 0.000000000000000000 ) ) ;
#1396 = CARTESIAN_POINT ( 'NONE',  ( 8.435087897191413830, 1.600000000000000311, -6.083484861008833455 ) ) ;
#1397 = CARTESIAN_POINT ( 'NONE',  ( 5.335868583870341908, 1.706413580345850889, -2.307195765016769151 ) ) ;
#1398 = DIRECTION ( 'NONE',  ( 3.066586833366739402E-16, -0.7071067811865461294, -0.7071067811865490160 ) ) ;
#1399 = PLANE ( 'NONE',  #2966 ) ;
#1400 = ORIENTED_EDGE ( 'NONE', *, *, #3791, .T. ) ;
#1401 = EDGE_CURVE ( 'NONE', #4025, #195, #3509, .T. ) ;
#1402 = CARTESIAN_POINT ( 'NONE',  ( 11.06488219533431838, 1.599999999999999645, -6.083484861008833455 ) ) ;
#1403 = ORIENTED_EDGE ( 'NONE', *, *, #4254, .T. ) ;
#1404 = CARTESIAN_POINT ( 'NONE',  ( 0.000000000000000000, 0.000000000000000000, 0.000000000000000000 ) ) ;
#1405 = CARTESIAN_POINT ( 'NONE',  ( 27.20000000000000639, 3.499999999999999556, -35.00000000000000000 ) ) ;
#1406 = ADVANCED_FACE ( 'NONE', ( #290 ), #1454, .T. ) ;
#1407 = CARTESIAN_POINT ( 'NONE',  ( 31.22864435997168187, -6.081118318204304707, -4.335751141158233679 ) ) ;
#1408 = ORIENTED_EDGE ( 'NONE', *, *, #835, .T. ) ;
#1409 = EDGE_CURVE ( 'NONE', #3947, #1516, #4780, .T. ) ;
#1410 = CARTESIAN_POINT ( 'NONE',  ( 29.17340133172350036, 3.086142740177518551, -6.596559178217583863 ) ) ;
#1411 = CARTESIAN_POINT ( 'NONE',  ( 24.60000000000000497, 0.7999999999999999334, 0.000000000000000000 ) ) ;
#1412 = CARTESIAN_POINT ( 'NONE',  ( 21.10000000000000853, 2.200000000000000622, -7.000000000000002665 ) ) ;
#1413 = ORIENTED_EDGE ( 'NONE', *, *, #4101, .T. ) ;
#1414 = CARTESIAN_POINT ( 'NONE',  ( 2.999999999999999112, 0.000000000000000000, -28.50000000000000000 ) ) ;
#1415 = FACE_OUTER_BOUND ( 'NONE', #1306, .T. ) ;
#1416 = CARTESIAN_POINT ( 'NONE',  ( 29.60000000000000497, 0.1999999999999779732, -35.00000000000000000 ) ) ;
#1417 = CARTESIAN_POINT ( 'NONE',  ( 24.90000000000000568, 5.500000000000000000, 0.000000000000000000 ) ) ;
#1418 = CARTESIAN_POINT ( 'NONE',  ( 5.059792290940913873, 1.478120367956871073, -2.121976743644765406 ) ) ;
#1419 = DIRECTION ( 'NONE',  ( 0.000000000000000000, 0.000000000000000000, 1.000000000000000000 ) ) ;
#1420 = CARTESIAN_POINT ( 'NONE',  ( 30.81548220313556996, 1.930964406271160616, -3.215482203135576977 ) ) ;
#1421 = EDGE_LOOP ( 'NONE', ( #2393, #802, #3736, #1511 ) ) ;
#1422 = CARTESIAN_POINT ( 'NONE',  ( 31.22864435997168187, 0.8535533905932752852, -3.835751141158234123 ) ) ;
#1423 = VERTEX_POINT ( 'NONE', #2245 ) ;
#1424 = DIRECTION ( 'NONE',  ( 0.000000000000000000, -1.000000000000000000, 0.000000000000000000 ) ) ;
#1425 = CARTESIAN_POINT ( 'NONE',  ( 2.999999999999999556, 0.1999999999999780287, -24.89113524468585226 ) ) ;
#1426 = ADVANCED_FACE ( 'NONE', ( #3760 ), #368, .F. ) ;
#1427 = CARTESIAN_POINT ( 'NONE',  ( 2.599999999999999645, 0.1999999999999625966, -21.10886475531410866 ) ) ;
#1428 = CARTESIAN_POINT ( 'NONE',  ( 26.55249608543252648, 3.632280924035197422, -3.132280924036935588 ) ) ;
#1429 = AXIS2_PLACEMENT_3D ( 'NONE', #332, #3326, #281 ) ;
#1430 = ORIENTED_EDGE ( 'NONE', *, *, #4107, .F. ) ;
#1431 = CARTESIAN_POINT ( 'NONE',  ( 1.371355640028318224, 0.8535533905932745080, -3.835751141158245225 ) ) ;
#1432 = CIRCLE ( 'NONE', #406, 0.5000000000000000000 ) ;
#1433 = FACE_OUTER_BOUND ( 'NONE', #2078, .T. ) ;
#1434 = ADVANCED_FACE ( 'NONE', ( #1902 ), #3409, .F. ) ;
#1435 = ORIENTED_EDGE ( 'NONE', *, *, #2767, .F. ) ;
#1436 = ORIENTED_EDGE ( 'NONE', *, *, #1641, .T. ) ;
#1437 = CLOSED_SHELL ( 'NONE', ( #1625, #2117, #2588, #592, #2478, #208, #1046, #2408, #2071, #1078, #1434, #1426, #157, #1382, #2047, #4649, #2353, #4836, #2341, #4863, #4249, #1406, #4473, #2345, #1073, #4462, #3054, #1164, #4711, #3523, #4220, #637, #282, #2403, #516, #3905, #3611, #4561, #408, #4167, #4655, #3659, #469, #2107, #4585, #4533, #1317, #2043, #1493, #2910, #3406, #265, #523, #2191, #1894, #873, #3962, #2369, #3072, #633, #3297, #2799, #2722, #843, #2760, #3283, #529, #4799, #430, #1118, #2686, #4869, #3988, #4134, #3038, #3629, #2716, #4832, #3467, #163, #4374, #2710, #1143, #2321, #1817, #4765, #4422, #2431, #1832, #2905, #1365, #2692, #1981, #479, #4438, #2274, #1150, #2856, #3557, #4315, #1826, #3865, #2280, #4911, #4162, #1932, #2522, #2842, #2124, #1335, #2327, #3582, #1708, #960, #1006, #1928, #3636, #2554, #2529, #3699, #3822, #3835, #4771, #4519, #866, #956, #856, #402, #3904, #1257, #4182, #1792, #3668, #4005, #4014, #775, #3133, #1475, #797, #4709, #774, #4397, #4354, #4153, #2632, #4029, #1037, #1903, #1378, #2420 ) ) ;
#1438 = CARTESIAN_POINT ( 'NONE',  ( 3.982197750564964167, 0.5000000000000000000, -1.017802249435043382 ) ) ;
#1439 = AXIS2_PLACEMENT_3D ( 'NONE', #3519, #148, #1657 ) ;
#1440 = CARTESIAN_POINT ( 'NONE',  ( 2.600000000000000089, -3.000000000000000000, -13.60000000000000142 ) ) ;
#1441 = CARTESIAN_POINT ( 'NONE',  ( 31.60000000000000142, 0.08578643762690349450, 0.000000000000000000 ) ) ;
#1442 = AXIS2_PLACEMENT_3D ( 'NONE', #2266, #704, #4066 ) ;
#1443 = EDGE_LOOP ( 'NONE', ( #1383, #457, #4330, #781 ) ) ;
#1444 = EDGE_CURVE ( 'NONE', #2025, #4816, #1972, .T. ) ;
#1445 = CARTESIAN_POINT ( 'NONE',  ( 5.147380814755535106, 5.500000000000000000, -5.818245656101210805 ) ) ;
#1446 = CIRCLE ( 'NONE', #4536, 0.5000000000000000000 ) ;
#1447 = CARTESIAN_POINT ( 'NONE',  ( 8.500000000000000000, 1.600000000000000089, -6.083484861008834343 ) ) ;
#1448 = CARTESIAN_POINT ( 'NONE',  ( 5.828427124746197840, 0.1999999999999996503, -1.805483814520934098E-16 ) ) ;
#1449 = CARTESIAN_POINT ( 'NONE',  ( 6.047503914564789973, 3.632280924035363068, -3.132280924035503844 ) ) ;
#1450 = CARTESIAN_POINT ( 'NONE',  ( 26.77157287525380625, 2.200000000000000622, -35.00000000000000000 ) ) ;
#1451 = DIRECTION ( 'NONE',  ( 0.000000000000000000, 0.7071067811865485719, -0.7071067811865465735 ) ) ;
#1452 = ORIENTED_EDGE ( 'NONE', *, *, #1806, .F. ) ;
#1453 = CARTESIAN_POINT ( 'NONE',  ( 31.58219775056495848, 0.5000000000000000000, -3.982197750564960614 ) ) ;
#1454 = PLANE ( 'NONE',  #2002 ) ;
#1455 = CARTESIAN_POINT ( 'NONE',  ( 2.999999999999999556, 0.1999999999999779732, -23.32225698361076738 ) ) ;
#1456 = VECTOR ( 'NONE', #847, 1000.000000000000114 ) ;
#1457 = VECTOR ( 'NONE', #862, 1000.000000000000000 ) ;
#1458 = DIRECTION ( 'NONE',  ( 1.000000000000000000, -0.000000000000000000, 2.478176394252580648E-16 ) ) ;
#1459 = VERTEX_POINT ( 'NONE', #1231 ) ;
#1460 = DIRECTION ( 'NONE',  ( -1.000000000000000000, 0.000000000000000000, 0.000000000000000000 ) ) ;
#1461 = DIRECTION ( 'NONE',  ( 1.000000000000000000, 0.000000000000000000, 0.000000000000000000 ) ) ;
#1462 = DIRECTION ( 'NONE',  ( 0.000000000000000000, 8.673617379884027583E-16, -1.000000000000000000 ) ) ;
#1463 = CARTESIAN_POINT ( 'NONE',  ( 32.58689642569947864, 0.2845057565818466250, -5.215494243418246079 ) ) ;
#1464 = VERTEX_POINT ( 'NONE', #2650 ) ;
#1465 = ORIENTED_EDGE ( 'NONE', *, *, #99, .F. ) ;
#1466 = VECTOR ( 'NONE', #2167, 1000.000000000000000 ) ;
#1467 = DIRECTION ( 'NONE',  ( 0.000000000000000000, 1.000000000000000000, 0.000000000000000000 ) ) ;
#1468 = EDGE_CURVE ( 'NONE', #195, #4025, #3556, .T. ) ;
#1469 = CARTESIAN_POINT ( 'NONE',  ( 32.60100000000000620, -2.559173366053301812, -18.02569549775264335 ) ) ;
#1470 = CARTESIAN_POINT ( 'NONE',  ( 2.600000019119608652, -0.1373377235530717499, -21.37190523163636158 ) ) ;
#1471 = EDGE_CURVE ( 'NONE', #474, #2500, #837, .T. ) ;
#1472 = FACE_OUTER_BOUND ( 'NONE', #3017, .T. ) ;
#1473 = CYLINDRICAL_SURFACE ( 'NONE', #638, 0.2999999999999999889 ) ;
#1474 = LINE ( 'NONE', #2617, #1744 ) ;
#1475 = ADVANCED_FACE ( 'NONE', ( #4628 ), #1596, .T. ) ;
#1476 = CARTESIAN_POINT ( 'NONE',  ( 7.700000000000000178, 2.112132034355963306, -1.612132034355977295 ) ) ;
#1477 = EDGE_CURVE ( 'NONE', #2598, #4325, #60, .T. ) ;
#1478 = ORIENTED_EDGE ( 'NONE', *, *, #1173, .F. ) ;
#1479 = DIRECTION ( 'NONE',  ( 1.000000000000000000, 0.000000000000000000, 0.000000000000000000 ) ) ;
#1480 = CARTESIAN_POINT ( 'NONE',  ( 7.200000000000001066, 3.499999999999999556, -29.00000000000000355 ) ) ;
#1481 = CARTESIAN_POINT ( 'NONE',  ( 2.608308821061384286, -0.09838266137641568654, -24.48274699300933221 ) ) ;
#1482 = FACE_OUTER_BOUND ( 'NONE', #4055, .T. ) ;
#1483 = EDGE_LOOP ( 'NONE', ( #900, #2358, #222, #3086, #2459 ) ) ;
#1484 = DIRECTION ( 'NONE',  ( 0.000000000000000000, 0.000000000000000000, 1.000000000000000000 ) ) ;
#1485 = CARTESIAN_POINT ( 'NONE',  ( 8.500000000000000000, 1.100000000000000089, -6.000000000000002665 ) ) ;
#1486 = LINE ( 'NONE', #4109, #29 ) ;
#1487 = CARTESIAN_POINT ( 'NONE',  ( 11.49999999999999822, 1.687867965644034740, -1.612132034355977739 ) ) ;
#1488 = EDGE_LOOP ( 'NONE', ( #4586, #3862, #4687, #480 ) ) ;
#1489 = VERTEX_POINT ( 'NONE', #1208 ) ;
#1490 = DIRECTION ( 'NONE',  ( -0.000000000000000000, -1.000000000000000000, -0.000000000000000000 ) ) ;
#1491 = CARTESIAN_POINT ( 'NONE',  ( 2.928949126855502350, -0.1043369590231493921, -21.49369541285344809 ) ) ;
#1492 = ORIENTED_EDGE ( 'NONE', *, *, #1363, .F. ) ;
#1493 = ADVANCED_FACE ( 'NONE', ( #2362 ), #3855, .T. ) ;
#1494 = CARTESIAN_POINT ( 'NONE',  ( 1.371355640028318224, 1.164248858841755219, -4.335751141158245225 ) ) ;
#1495 = CARTESIAN_POINT ( 'NONE',  ( 27.65890697657673414, 4.952844882405581295, -5.935089493156501916 ) ) ;
#1496 =( BOUNDED_SURFACE ( )  B_SPLINE_SURFACE ( 3, 2, ( 
 ( #2980, #701, #3458 ),
 ( #2210, #3081, #1154 ),
 ( #4517, #3750, #3382 ),
 ( #3032, #1198, #28 ),
 ( #2711, #804, #1129 ),
 ( #1180, #2310, #3798 ),
 ( #4146, #2263, #54 ),
 ( #4195, #358, #2615 ),
 ( #433, #384, #1948 ),
 ( #1895, #4593, #2668 ),
 ( #1104, #2238, #330 ),
 ( #3720, #3403, #4117 ),
 ( #3778, #1872, #4572 ),
 ( #2642, #3428, #1550 ) ),
 .UNSPECIFIED., .F., .F., .T. ) 
 B_SPLINE_SURFACE_WITH_KNOTS ( ( 4, 2, 2, 2, 2, 2, 4 ),
 ( 3, 3 ),
 ( 3.268632641526501903, 3.500575768378229924, 3.732518895229957501, 3.964462022081685078, 4.196405148933412654, 4.660291402636867808, 5.124177656340322962 ),
 ( 0.000000000000000000, 1.000000000000000000 ),
 .UNSPECIFIED. ) 
 GEOMETRIC_REPRESENTATION_ITEM ( )  RATIONAL_B_SPLINE_SURFACE ( (
 ( 1.000000000000000000, 0.3863881487049899977, 1.000000000000000000),
 ( 1.000000000000000000, 0.3908514984232727696, 1.000000000000000000),
 ( 1.000000000000000000, 0.3993959840564514918, 1.000000000000000000),
 ( 1.000000000000000000, 0.4227573473346340482, 1.000000000000000000),
 ( 1.000000000000000000, 0.4375526421261868304, 1.000000000000000000),
 ( 1.000000000000000000, 0.4710736316052013262, 1.000000000000000000),
 ( 1.000000000000000000, 0.4897844246928326761, 1.000000000000000000),
 ( 1.000000000000000000, 0.5291191037843225864, 1.000000000000000000),
 ( 1.000000000000000000, 0.5497436765003262948, 1.000000000000000000),
 ( 1.000000000000000000, 0.6122486040046991596, 1.000000000000000000),
 ( 1.000000000000000000, 0.6546304387343989672, 1.000000000000000000),
 ( 1.000000000000000000, 0.7333019166070370298, 1.000000000000000000),
 ( 1.000000000000000000, 0.7697030783513373331, 1.000000000000000000),
 ( 1.000000000000000000, 0.8009428406336279727, 1.000000000000000000) ) ) 
 REPRESENTATION_ITEM ( '' )  SURFACE ( )  );
#1497 = DIRECTION ( 'NONE',  ( 0.000000000000000000, 1.781189283369042886E-15, 1.000000000000000000 ) ) ;
#1498 = CARTESIAN_POINT ( 'NONE',  ( 4.000000000000000000, 1.000000000000000000, -2.899999999999999911 ) ) ;
#1499 = EDGE_CURVE ( 'NONE', #2033, #286, #712, .T. ) ;
#1500 = UNCERTAINTY_MEASURE_WITH_UNIT (LENGTH_MEASURE( 1.000000000000000082E-05 ), #2691, 'distance_accuracy_value', 'NONE');
#1501 = CARTESIAN_POINT ( 'NONE',  ( 0.000000000000000000, -3.000000000000000000, -14.00000000000000000 ) ) ;
#1502 = ORIENTED_EDGE ( 'NONE', *, *, #1310, .F. ) ;
#1503 = FACE_OUTER_BOUND ( 'NONE', #3469, .T. ) ;
#1504 = DIRECTION ( 'NONE',  ( 3.504670666704848904E-16, 0.7071067811865485719, -0.7071067811865465735 ) ) ;
#1505 = CARTESIAN_POINT ( 'NONE',  ( 24.60000000000000497, 1.034314575050760743, -0.9585786437627061840 ) ) ;
#1506 = EDGE_LOOP ( 'NONE', ( #714, #4718 ) ) ;
#1507 = CARTESIAN_POINT ( 'NONE',  ( 2.719865543172066413, 0.08554182801028267780, -23.30720774305344634 ) ) ;
#1508 = CARTESIAN_POINT ( 'NONE',  ( 8.500000000000000000, 2.200000000000000622, -7.000000000000002665 ) ) ;
#1509 = CARTESIAN_POINT ( 'NONE',  ( 11.16026653893701592, 1.860730098647822572, -1.524264068711941977 ) ) ;
#1510 = EDGE_CURVE ( 'NONE', #286, #824, #841, .T. ) ;
#1511 = ORIENTED_EDGE ( 'NONE', *, *, #3910, .F. ) ;
#1512 = EDGE_LOOP ( 'NONE', ( #608, #2621, #4665, #4275, #2243, #4684, #3825, #3080, #2501, #2331, #4112, #3605, #4644, #2229 ) ) ;
#1513 = DIRECTION ( 'NONE',  ( 0.000000000000000000, -1.000000000000000000, 0.000000000000000000 ) ) ;
#1514 = AXIS2_PLACEMENT_3D ( 'NONE', #4440, #1106, #1053 ) ;
#1515 = CARTESIAN_POINT ( 'NONE',  ( 2.599999999999998312, -0.1821383476483547093, -21.22706070810697554 ) ) ;
#1516 = VERTEX_POINT ( 'NONE', #1930 ) ;
#1517 = AXIS2_PLACEMENT_3D ( 'NONE', #3460, #79, #3106 ) ;
#1518 = CARTESIAN_POINT ( 'NONE',  ( 2.600000000000000533, -3.000000000000000000, -8.054073281320891666E-17 ) ) ;
#1519 = EDGE_CURVE ( 'NONE', #2962, #2968, #462, .T. ) ;
#1520 = PLANE ( 'NONE',  #2868 ) ;
#1521 = DIRECTION ( 'NONE',  ( 0.000000000000000000, 0.000000000000000000, -1.000000000000000000 ) ) ;
#1522 = CIRCLE ( 'NONE', #4284, 1.000000000000000222 ) ;
#1523 = CARTESIAN_POINT ( 'NONE',  ( 4.943043167298171170, 4.937049883550646889, -5.932964258253305090 ) ) ;
#1524 = EDGE_CURVE ( 'NONE', #3414, #2069, #10, .T. ) ;
#1525 = VECTOR ( 'NONE', #4060, 1000.000000000000000 ) ;
#1526 = LINE ( 'NONE', #4521, #3742 ) ;
#1527 = CARTESIAN_POINT ( 'NONE',  ( 27.51240235779720322, 2.570155607521956043, -2.070155607522826013 ) ) ;
#1528 = AXIS2_PLACEMENT_3D ( 'NONE', #3316, #4837, #4484 ) ;
#1529 =( BOUNDED_SURFACE ( )  B_SPLINE_SURFACE ( 3, 2, ( 
 ( #3299, #3618, #209 ),
 ( #3248, #4741, #4820 ),
 ( #1320, #3273, #4795 ),
 ( #949, #3670, #4767 ),
 ( #2908, #4412, #579 ),
 ( #1025, #1340, #1370 ) ),
 .UNSPECIFIED., .F., .F., .T. ) 
 B_SPLINE_SURFACE_WITH_KNOTS ( ( 4, 2, 4 ),
 ( 3, 3 ),
 ( 1.570796326794896558, 1.963495408493620253, 2.356194490192343949 ),
 ( 0.000000000000000000, 1.000000000000000000 ),
 .UNSPECIFIED. ) 
 GEOMETRIC_REPRESENTATION_ITEM ( )  RATIONAL_B_SPLINE_SURFACE ( (
 ( 1.000000000000000000, 1.000000000000000000, 1.000000000000000000),
 ( 1.000000000000000000, 1.000158598892042949, 1.000000000000000000),
 ( 1.000000000000000000, 0.9867291651255221119, 1.000000000000000000),
 ( 1.000000000000000000, 0.9386556746367911153, 1.000000000000000000),
 ( 1.000000000000000000, 0.9039896001661841263, 1.000000000000000000),
 ( 1.000000000000000000, 0.8660254037844393737, 1.000000000000000000) ) ) 
 REPRESENTATION_ITEM ( '' )  SURFACE ( )  );
#1530 = ORIENTED_EDGE ( 'NONE', *, *, #3378, .T. ) ;
#1531 = CARTESIAN_POINT ( 'NONE',  ( 24.10000000005069865, 1.415640986128853251, -1.284359013871162025 ) ) ;
#1532 = CARTESIAN_POINT ( 'NONE',  ( 2.600000000000000533, -3.000000000000000000, -8.054073281320891666E-17 ) ) ;
#1533 = CARTESIAN_POINT ( 'NONE',  ( 2.883381245686740701, 0.08584294199170357242, -23.31049568545201467 ) ) ;
#1534 = DIRECTION ( 'NONE',  ( 0.000000000000000000, -0.7071067811865485719, 0.7071067811865464625 ) ) ;
#1535 = CARTESIAN_POINT ( 'NONE',  ( 4.937061350682570235E-17, 0.3545475396915774291, -5.279833011340767435 ) ) ;
#1536 = EDGE_CURVE ( 'NONE', #2201, #2401, #2674, .T. ) ;
#1537 = VERTEX_POINT ( 'NONE', #3012 ) ;
#1538 = DIRECTION ( 'NONE',  ( -1.000000000000000000, 0.000000000000000000, 0.000000000000000000 ) ) ;
#1539 = CARTESIAN_POINT ( 'NONE',  ( 2.599999999999996536, -0.09263208826203256363, -21.51644264765622339 ) ) ;
#1540 = CARTESIAN_POINT ( 'NONE',  ( 24.60000000000000497, 1.599999999999999867, -1.524264068711943310 ) ) ;
#1541 = EDGE_CURVE ( 'NONE', #1912, #3196, #2774, .T. ) ;
#1542 = VECTOR ( 'NONE', #525, 1000.000000000000000 ) ;
#1543 = ORIENTED_EDGE ( 'NONE', *, *, #3226, .F. ) ;
#1544 = ORIENTED_EDGE ( 'NONE', *, *, #2196, .T. ) ;
#1545 = CARTESIAN_POINT ( 'NONE',  ( 3.000000000000000000, 44.12071982757441901, -7.000000000000002665 ) ) ;
#1546 = DIRECTION ( 'NONE',  ( 0.000000000000000000, 1.000000000000000000, 0.000000000000000000 ) ) ;
#1547 = CARTESIAN_POINT ( 'NONE',  ( 3.000000000000001332, 0.1999999999999838018, -21.72956547397393123 ) ) ;
#1548 = VERTEX_POINT ( 'NONE', #3438 ) ;
#1549 = AXIS2_PLACEMENT_3D ( 'NONE', #4444, #1055, #2961 ) ;
#1550 = CARTESIAN_POINT ( 'NONE',  ( 4.707106781186552347, 5.207106781186547018, -6.428476888916176080 ) ) ;
#1551 = LINE ( 'NONE', #3060, #4282 ) ;
#1552 = CARTESIAN_POINT ( 'NONE',  ( 19.60000000000000142, 44.12071982757441901, -6.000000000000002665 ) ) ;
#1553 = AXIS2_PLACEMENT_3D ( 'NONE', #2970, #3315, #4891 ) ;
#1554 = EDGE_CURVE ( 'NONE', #2661, #4782, #38, .T. ) ;
#1555 = CALENDAR_DATE ( 2026, 29, 7 ) ;
#1556 = FACE_BOUND ( 'NONE', #2707, .T. ) ;
#1557 = AXIS2_PLACEMENT_3D ( 'NONE', #3607, #2516, #2439 ) ;
#1558 = ORIENTED_EDGE ( 'NONE', *, *, #2995, .T. ) ;
#1559 = DIRECTION ( 'NONE',  ( -0.000000000000000000, 1.000000000000000000, -0.000000000000000000 ) ) ;
#1560 = CARTESIAN_POINT ( 'NONE',  ( 0.000000000000000000, 0.000000000000000000, 0.000000000000000000 ) ) ;
#1561 = EDGE_CURVE ( 'NONE', #4133, #1388, #2811, .T. ) ;
#1562 = ORIENTED_EDGE ( 'NONE', *, *, #4705, .F. ) ;
#1563 = CARTESIAN_POINT ( 'NONE',  ( 32.60000000000000142, 0.08578643762690349450, -35.00000000000000000 ) ) ;
#1564 = FACE_OUTER_BOUND ( 'NONE', #427, .T. ) ;
#1565 = EDGE_CURVE ( 'NONE', #876, #95, #3564, .T. ) ;
#1566 = CARTESIAN_POINT ( 'NONE',  ( 2.662110480039264166E-16, 0.2201669886592318715, -5.145452460308424847 ) ) ;
#1567 = EDGE_CURVE ( 'NONE', #2720, #4111, #4653, .T. ) ;
#1568 = ORIENTED_EDGE ( 'NONE', *, *, #1724, .F. ) ;
#1569 = EDGE_LOOP ( 'NONE', ( #3765, #4827, #3656, #1403 ) ) ;
#1570 = ORIENTED_EDGE ( 'NONE', *, *, #1963, .T. ) ;
#1571 = ORIENTED_EDGE ( 'NONE', *, *, #2920, .T. ) ;
#1572 = CARTESIAN_POINT ( 'NONE',  ( 24.10000000000000853, 2.300000000000000266, -6.005012562893318417 ) ) ;
#1573 = LINE ( 'NONE', #3886, #4520 ) ;
#1574 = DIRECTION ( 'NONE',  ( 0.000000000000000000, 0.000000000000000000, -1.000000000000000000 ) ) ;
#1575 = DIRECTION ( 'NONE',  ( -0.8456956540005681200, -9.257620629031602860E-16, 0.5336654952351255199 ) ) ;
#1576 = LINE ( 'NONE', #1924, #830 ) ;
#1577 = CARTESIAN_POINT ( 'NONE',  ( 28.07763934358963809, 2.370116897751398888, -1.870116897751436413 ) ) ;
#1578 = CARTESIAN_POINT ( 'NONE',  ( 20.60000000000000142, 0.08578643762688700769, -0.9999999999999997780 ) ) ;
#1579 = DIRECTION ( 'NONE',  ( 0.000000000000000000, -0.000000000000000000, 1.000000000000000000 ) ) ;
#1580 = VERTEX_POINT ( 'NONE', #580 ) ;
#1581 = PLANE ( 'NONE',  #267 ) ;
#1582 = DIRECTION ( 'NONE',  ( 1.000000000000000000, 0.000000000000000000, 0.000000000000000000 ) ) ;
#1583 = EDGE_CURVE ( 'NONE', #2401, #366, #4318, .T. ) ;
#1584 = VERTEX_POINT ( 'NONE', #3986 ) ;
#1585 = ORIENTED_EDGE ( 'NONE', *, *, #1363, .T. ) ;
#1586 = FACE_OUTER_BOUND ( 'NONE', #101, .T. ) ;
#1587 = ORIENTED_EDGE ( 'NONE', *, *, #1841, .T. ) ;
#1588 = ORIENTED_EDGE ( 'NONE', *, *, #1681, .F. ) ;
#1589 = ORIENTED_EDGE ( 'NONE', *, *, #315, .F. ) ;
#1590 = AXIS2_PLACEMENT_3D ( 'NONE', #943, #3953, #4353 ) ;
#1591 = DIRECTION ( 'NONE',  ( 0.000000000000000000, 0.000000000000000000, 1.000000000000000000 ) ) ;
#1592 = EDGE_CURVE ( 'NONE', #1007, #1196, #137, .T. ) ;
#1593 = CARTESIAN_POINT ( 'NONE',  ( 21.10000000000000142, 0.7999999999999999334, -1.524264068711943310 ) ) ;
#1594 = AXIS2_PLACEMENT_3D ( 'NONE', #1407, #4423, #2993 ) ;
#1595 = AXIS2_PLACEMENT_3D ( 'NONE', #1372, #3549, #4743 ) ;
#1596 = CYLINDRICAL_SURFACE ( 'NONE', #808, 1.000000000000000000 ) ;
#1597 = CARTESIAN_POINT ( 'NONE',  ( 20.40473862559748142, 1.784359012201381045, -1.284359012201396144 ) ) ;
#1598 = CARTESIAN_POINT ( 'NONE',  ( 24.22199032987396450, 1.288790140625144298, -6.000000000000002665 ) ) ;
#1599 = AXIS2_PLACEMENT_3D ( 'NONE', #3058, #693, #2580 ) ;
#1600 = CARTESIAN_POINT ( 'NONE',  ( 32.53249883055950420, 0.4811189917334434685, -5.018881008266463439 ) ) ;
#1601 = VECTOR ( 'NONE', #730, 1000.000000000000000 ) ;
#1602 = ORIENTED_EDGE ( 'NONE', *, *, #3876, .F. ) ;
#1603 = AXIS2_PLACEMENT_3D ( 'NONE', #443, #3809, #2295 ) ;
#1604 = CARTESIAN_POINT ( 'NONE',  ( 0.000000000000000000, 0.000000000000000000, 0.000000000000000000 ) ) ;
#1605 = DIRECTION ( 'NONE',  ( 0.000000000000000000, 0.000000000000000000, 1.000000000000000000 ) ) ;
#1606 = EDGE_CURVE ( 'NONE', #4226, #3233, #4760, .T. ) ;
#1607 = VERTEX_POINT ( 'NONE', #3937 ) ;
#1608 = ORIENTED_EDGE ( 'NONE', *, *, #859, .F. ) ;
#1609 = VERTEX_POINT ( 'NONE', #1271 ) ;
#1610 = CARTESIAN_POINT ( 'NONE',  ( 1.084202172485504434E-16, 0.08578643762688695218, -5.414213562373112687 ) ) ;
#1611 = AXIS2_PLACEMENT_3D ( 'NONE', #664, #2148, #3766 ) ;
#1612 = ORIENTED_EDGE ( 'NONE', *, *, #1290, .T. ) ;
#1613 = AXIS2_PLACEMENT_3D ( 'NONE', #2242, #2693, #2267 ) ;
#1614 = EDGE_CURVE ( 'NONE', #2197, #536, #1350, .T. ) ;
#1615 = ORIENTED_EDGE ( 'NONE', *, *, #3163, .T. ) ;
#1616 = CARTESIAN_POINT ( 'NONE',  ( 8.000000000000000000, 1.687867965644034740, -1.612132034355977517 ) ) ;
#1617 = DIRECTION ( 'NONE',  ( 0.5773502691896265082, 0.5773502691896261751, -0.5773502691896246208 ) ) ;
#1618 = EDGE_CURVE ( 'NONE', #1229, #2396, #4720, .T. ) ;
#1619 = FACE_OUTER_BOUND ( 'NONE', #2703, .T. ) ;
#1620 = ORIENTED_EDGE ( 'NONE', *, *, #2990, .F. ) ;
#1621 = AXIS2_PLACEMENT_3D ( 'NONE', #2790, #3577, #2457 ) ;
#1622 = DIRECTION ( 'NONE',  ( 0.000000000000000000, 0.000000000000000000, -1.000000000000000000 ) ) ;
#1623 = CARTESIAN_POINT ( 'NONE',  ( 20.56339803338935113, 1.556412408500474465, -1.195350589089988258 ) ) ;
#1624 = CARTESIAN_POINT ( 'NONE',  ( 12.49999999999999822, 1.100000000000000089, -6.000000000000002665 ) ) ;
#1625 = ADVANCED_FACE ( 'NONE', ( #182 ), #3918, .F. ) ;
#1626 = CARTESIAN_POINT ( 'NONE',  ( 25.60000000000000497, 0.7999999999999999334, -7.000000000000002665 ) ) ;
#1627 = AXIS2_PLACEMENT_3D ( 'NONE', #2636, #4113, #4897 ) ;
#1628 = ORIENTED_EDGE ( 'NONE', *, *, #790, .T. ) ;
#1629 = CARTESIAN_POINT ( 'NONE',  ( 32.30710678118655466, 0.7928932188134475423, -35.00000000000000000 ) ) ;
#1630 = DIRECTION ( 'NONE',  ( 0.000000000000000000, 0.000000000000000000, 1.000000000000000000 ) ) ;
#1631 = CIRCLE ( 'NONE', #3526, 0.4999999999999992784 ) ;
#1632 = ORIENTED_EDGE ( 'NONE', *, *, #3126, .T. ) ;
#1633 = CARTESIAN_POINT ( 'NONE',  ( 11.34689091324106869, 1.466624866199751187, -6.911399101598903805 ) ) ;
#1634 = DIRECTION ( 'NONE',  ( 0.000000000000000000, 0.000000000000000000, 1.000000000000000000 ) ) ;
#1635 = EDGE_LOOP ( 'NONE', ( #708, #1911, #586, #3580 ) ) ;
#1636 = ORIENTED_EDGE ( 'NONE', *, *, #779, .F. ) ;
#1637 = CARTESIAN_POINT ( 'NONE',  ( 8.500000000000000000, 1.100000000000000089, -7.000000000000002665 ) ) ;
#1638 = CARTESIAN_POINT ( 'NONE',  ( 24.74891431098587802, 1.500468178334971148, -1.054016075752797432 ) ) ;
#1639 = CARTESIAN_POINT ( 'NONE',  ( 29.37162113380843920, 2.841825309700748203, -6.034115294734505142 ) ) ;
#1640 = CALENDAR_DATE ( 2026, 29, 7 ) ;
#1641 = EDGE_CURVE ( 'NONE', #2962, #993, #1432, .T. ) ;
#1642 = ORIENTED_EDGE ( 'NONE', *, *, #3078, .F. ) ;
#1643 = FACE_BOUND ( 'NONE', #546, .T. ) ;
#1644 = EDGE_CURVE ( 'NONE', #1941, #452, #2061, .T. ) ;
#1645 = DIRECTION ( 'NONE',  ( -0.000000000000000000, -0.000000000000000000, 1.000000000000000000 ) ) ;
#1646 = DIRECTION ( 'NONE',  ( -0.6798692684790372809, -0.7333333333333340587, 0.000000000000000000 ) ) ;
#1647 = CARTESIAN_POINT ( 'NONE',  ( 28.60000000000000142, 1.000000000000000000, -2.900000000000000799 ) ) ;
#1648 = EDGE_CURVE ( 'NONE', #3322, #1978, #2379, .T. ) ;
#1649 = DIRECTION ( 'NONE',  ( -0.000000000000000000, 1.000000000000000000, -0.000000000000000000 ) ) ;
#1650 = DIRECTION ( 'NONE',  ( -3.097720492815727042E-17, -0.000000000000000000, -1.000000000000000000 ) ) ;
#1651 = ORIENTED_EDGE ( 'NONE', *, *, #4902, .T. ) ;
#1652 = CARTESIAN_POINT ( 'NONE',  ( 4.000000000000000000, -0.001000000000000132727, -5.100000000000000533 ) ) ;
#1653 = ADVANCED_BREP_SHAPE_REPRESENTATION ( 'Part5', ( #545, #1929 ), #1223 ) ;
#1654 = EDGE_CURVE ( 'NONE', #1584, #2780, #3600, .T. ) ;
#1655 = VERTEX_POINT ( 'NONE', #2481 ) ;
#1656 = CARTESIAN_POINT ( 'NONE',  ( 29.60000000000000497, -0.000000000000000000, -7.000000000000002665 ) ) ;
#1657 = DIRECTION ( 'NONE',  ( 1.000000000000000000, 0.000000000000000000, 2.478176394252578676E-16 ) ) ;
#1658 = EDGE_CURVE ( 'NONE', #869, #2769, #601, .T. ) ;
#1659 = ORIENTED_EDGE ( 'NONE', *, *, #3854, .T. ) ;
#1660 = ORIENTED_EDGE ( 'NONE', *, *, #203, .F. ) ;
#1661 = DIRECTION ( 'NONE',  ( 0.000000000000000000, 0.000000000000000000, -1.000000000000000000 ) ) ;
#1662 = CARTESIAN_POINT ( 'NONE',  ( 21.09999999999999432, 1.444880804980769096, -1.255119195019245071 ) ) ;
#1663 = VERTEX_POINT ( 'NONE', #910 ) ;
#1664 = EDGE_CURVE ( 'NONE', #3898, #3195, #1038, .T. ) ;
#1665 = CARTESIAN_POINT ( 'NONE',  ( 7.000000000000000000, 1.100000000000000089, -6.000000000000002665 ) ) ;
#1666 = CARTESIAN_POINT ( 'NONE',  ( 12.01980390271855548, 2.200000000000000622, -6.000000000000002665 ) ) ;
#1667 = DIRECTION ( 'NONE',  ( 0.000000000000000000, 0.000000000000000000, 1.000000000000000000 ) ) ;
#1668 = VECTOR ( 'NONE', #508, 1000.000000000000000 ) ;
#1669 = CARTESIAN_POINT ( 'NONE',  ( 2.999999999999999556, -5.914213562373112687, -23.00000000000000355 ) ) ;
#1670 = CARTESIAN_POINT ( 'NONE',  ( 11.79999999999999716, 2.112132034355964194, -1.612132034355977739 ) ) ;
#1671 = CIRCLE ( 'NONE', #3734, 0.5000000000000001110 ) ;
#1672 = VERTEX_POINT ( 'NONE', #1253 ) ;
#1673 = CARTESIAN_POINT ( 'NONE',  ( 31.22864435997168187, 1.164248858841775203, -4.335751141158233679 ) ) ;
#1674 = CARTESIAN_POINT ( 'NONE',  ( 24.60000000000000497, 1.300000000000000044, -6.000000000000002665 ) ) ;
#1675 = VECTOR ( 'NONE', #1288, 1000.000000000000000 ) ;
#1676 = EDGE_CURVE ( 'NONE', #2628, #2375, #2413, .T. ) ;
#1677 = ORIENTED_EDGE ( 'NONE', *, *, #1914, .T. ) ;
#1678 = CIRCLE ( 'NONE', #4361, 0.5000000000000011102 ) ;
#1679 = CARTESIAN_POINT ( 'NONE',  ( 20.60000000000000142, 1.300000000000000044, -0.2999999999999998224 ) ) ;
#1680 = DIRECTION ( 'NONE',  ( 1.000000000000000000, 0.000000000000000000, 0.000000000000000000 ) ) ;
#1681 = EDGE_CURVE ( 'NONE', #4409, #4805, #2019, .T. ) ;
#1682 = CARTESIAN_POINT ( 'NONE',  ( 20.92049450642885233, 1.266666666666666385, -7.000000000000001776 ) ) ;
#1683 = VERTEX_POINT ( 'NONE', #3532 ) ;
#1684 = ORIENTED_EDGE ( 'NONE', *, *, #3104, .T. ) ;
#1685 = DIRECTION ( 'NONE',  ( -0.000000000000000000, 1.000000000000000000, -0.000000000000000000 ) ) ;
#1686 = CARTESIAN_POINT ( 'NONE',  ( 30.75496260252684166, 2.345037397472197416, -4.293635102359527167 ) ) ;
#1687 = VECTOR ( 'NONE', #3063, 1000.000000000000000 ) ;
#1688 = APPROVAL_ROLE ( '' ) ;
#1689 = VERTEX_POINT ( 'NONE', #2041 ) ;
#1690 = AXIS2_PLACEMENT_3D ( 'NONE', #1193, #4138, #1910 ) ;
#1691 = DIRECTION ( 'NONE',  ( 0.000000000000000000, -1.000000000000000000, 0.000000000000000000 ) ) ;
#1692 = CARTESIAN_POINT ( 'NONE',  ( 2.999999999999999112, 0.1999999999999779732, -35.00000000000000000 ) ) ;
#1693 = FACE_OUTER_BOUND ( 'NONE', #1345, .T. ) ;
#1694 = LINE ( 'NONE', #140, #1457 ) ;
#1695 = DIRECTION ( 'NONE',  ( 0.000000000000000000, 0.000000000000000000, 1.000000000000000000 ) ) ;
#1696 = VECTOR ( 'NONE', #199, 1000.000000000000000 ) ;
#1697 = ORIENTED_EDGE ( 'NONE', *, *, #1565, .F. ) ;
#1698 = EDGE_LOOP ( 'NONE', ( #3649, #1570, #1642, #4343 ) ) ;
#1699 = CARTESIAN_POINT ( 'NONE',  ( 24.10000000000000497, 2.200000000000000622, -7.000000000000002665 ) ) ;
#1700 = DIRECTION ( 'NONE',  ( -3.504670666704848904E-16, -0.7071067811865485719, 0.7071067811865465735 ) ) ;
#1701 = VECTOR ( 'NONE', #3928, 1000.000000000000000 ) ;
#1702 = EDGE_CURVE ( 'NONE', #744, #3487, #3945, .T. ) ;
#1703 = EDGE_LOOP ( 'NONE', ( #3267, #1436, #394, #1697, #3256 ) ) ;
#1704 = ORIENTED_EDGE ( 'NONE', *, *, #1468, .F. ) ;
#1705 = AXIS2_PLACEMENT_3D ( 'NONE', #4277, #1605, #4257 ) ;
#1706 = DIRECTION ( 'NONE',  ( 1.000000000000000000, 0.000000000000000000, 0.000000000000000000 ) ) ;
#1707 = EDGE_CURVE ( 'NONE', #81, #17, #4392, .T. ) ;
#1708 = ADVANCED_FACE ( 'NONE', ( #1371 ), #4, .F. ) ;
#1709 = CARTESIAN_POINT ( 'NONE',  ( 28.26424885884175708, 1.000000000000000000, -1.371355640028319112 ) ) ;
#1710 = VERTEX_POINT ( 'NONE', #1001 ) ;
#1711 =( BOUNDED_CURVE ( )  B_SPLINE_CURVE ( 3, ( #1344, #1256, #2859, #161 ),
 .UNSPECIFIED., .F., .T. ) 
 B_SPLINE_CURVE_WITH_KNOTS ( ( 4, 4 ),
 ( 3.926990816987240063, 4.712388980384689674 ),
 .UNSPECIFIED. ) 
 CURVE ( )  GEOMETRIC_REPRESENTATION_ITEM ( )  RATIONAL_B_SPLINE_CURVE ( ( 1.000000000000000000, 0.9492530216741910110, 0.9492530216741910110, 1.000000000000000000 ) ) 
 REPRESENTATION_ITEM ( '' )  );
#1712 = ORIENTED_EDGE ( 'NONE', *, *, #2101, .T. ) ;
#1713 = CARTESIAN_POINT ( 'NONE',  ( 30.90607251800443223, 2.193927481995578077, -5.803370771242349235 ) ) ;
#1714 = ORIENTED_EDGE ( 'NONE', *, *, #4651, .F. ) ;
#1715 = FACE_OUTER_BOUND ( 'NONE', #2863, .T. ) ;
#1716 = CARTESIAN_POINT ( 'NONE',  ( 3.000000000000000000, 2.299999999999999822, -6.005012562893382366 ) ) ;
#1717 = DIRECTION ( 'NONE',  ( 0.000000000000000000, -1.000000000000000000, 0.000000000000000000 ) ) ;
#1718 = CARTESIAN_POINT ( 'NONE',  ( 2.999999999999999556, 0.1999999999999775291, -7.000000000000002665 ) ) ;
#1719 = DIRECTION ( 'NONE',  ( -0.6756203433121387159, -0.6756203433121402702, -0.2950835532617392398 ) ) ;
#1720 = EDGE_CURVE ( 'NONE', #2279, #3414, #2163, .T. ) ;
#1721 = ORIENTED_EDGE ( 'NONE', *, *, #4027, .F. ) ;
#1722 = ORIENTED_EDGE ( 'NONE', *, *, #3011, .T. ) ;
#1723 = LINE ( 'NONE', #3555, #2815 ) ;
#1724 = EDGE_CURVE ( 'NONE', #3797, #3313, #2507, .T. ) ;
#1725 = ORIENTED_EDGE ( 'NONE', *, *, #3246, .F. ) ;
#1726 = DIRECTION ( 'NONE',  ( 0.000000000000000000, -1.000000000000000000, 0.000000000000000000 ) ) ;
#1727 = CARTESIAN_POINT ( 'NONE',  ( 21.10000000000000142, 1.599999999999999867, -1.524264068711943310 ) ) ;
#1728 = EDGE_CURVE ( 'NONE', #357, #2682, #729, .T. ) ;
#1729 = DIRECTION ( 'NONE',  ( 0.000000000000000000, 0.000000000000000000, 1.000000000000000000 ) ) ;
#1730 = CARTESIAN_POINT ( 'NONE',  ( 27.18578643762692337, 5.500000000000000000, -6.241093483101506578 ) ) ;
#1731 = ORIENTED_EDGE ( 'NONE', *, *, #3143, .T. ) ;
#1732 = VERTEX_POINT ( 'NONE', #2930 ) ;
#1733 = CARTESIAN_POINT ( 'NONE',  ( 7.700000000000000178, 2.112132034355963750, -1.612132034355978183 ) ) ;
#1734 = DIRECTION ( 'NONE',  ( 0.000000000000000000, 0.000000000000000000, -1.000000000000000000 ) ) ;
#1735 = ORIENTED_EDGE ( 'NONE', *, *, #418, .F. ) ;
#1736 = CARTESIAN_POINT ( 'NONE',  ( 0.000000000000000000, 0.000000000000000000, 0.000000000000000000 ) ) ;
#1737 = DIRECTION ( 'NONE',  ( 0.000000000000000000, 0.000000000000000000, -1.000000000000000000 ) ) ;
#1738 = CYLINDRICAL_SURFACE ( 'NONE', #569, 1.099999999999999423 ) ;
#1739 = EDGE_CURVE ( 'NONE', #869, #618, #2631, .T. ) ;
#1740 = CYLINDRICAL_SURFACE ( 'NONE', #98, 1.000000000000000000 ) ;
#1741 = DIRECTION ( 'NONE',  ( -0.000000000000000000, -0.000000000000000000, -1.000000000000000000 ) ) ;
#1742 = EDGE_LOOP ( 'NONE', ( #2053, #1660, #4896, #4158 ) ) ;
#1743 = DIRECTION ( 'NONE',  ( -3.097720492815727042E-17, 0.000000000000000000, -1.000000000000000000 ) ) ;
#1745 = ORIENTED_EDGE ( 'NONE', *, *, #3415, .F. ) ;
#1744 = VECTOR ( 'NONE', #4119, 1000.000000000000000 ) ;
#1746 = CARTESIAN_POINT ( 'NONE',  ( 20.92049450642885589, 1.266666666666667052, -6.000000000000002665 ) ) ;
#1747 = DIRECTION ( 'NONE',  ( 0.000000000000000000, 1.000000000000000000, -0.000000000000000000 ) ) ;
#1748 = VECTOR ( 'NONE', #390, 1000.000000000000000 ) ;
#1749 = EDGE_LOOP ( 'NONE', ( #2378, #3710, #4715, #771, #4232, #2282, #2890 ) ) ;
#1750 = CARTESIAN_POINT ( 'NONE',  ( 2.999999999999999556, 0.1999999999999779732, -21.10886475531415485 ) ) ;
#1751 = CIRCLE ( 'NONE', #3178, 1.000000000000000000 ) ;
#1752 = CARTESIAN_POINT ( 'NONE',  ( 27.53933982822016091, 0.7928932188134341086, -0.2928932188134514836 ) ) ;
#1753 = CIRCLE ( 'NONE', #416, 0.7000000000000000666 ) ;
#1754 = EDGE_CURVE ( 'NONE', #1732, #1607, #329, .T. ) ;
#1755 = DIRECTION ( 'NONE',  ( 0.000000000000000000, 0.7071067811865485719, -0.7071067811865464625 ) ) ;
#1756 = FACE_OUTER_BOUND ( 'NONE', #3847, .T. ) ;
#1757 = ORIENTED_EDGE ( 'NONE', *, *, #2619, .T. ) ;
#1758 = AXIS2_PLACEMENT_3D ( 'NONE', #1572, #2284, #4903 ) ;
#1759 = EDGE_LOOP ( 'NONE', ( #4735, #1721, #1562, #3094 ) ) ;
#1760 = CC_DESIGN_SECURITY_CLASSIFICATION ( #3827, ( #495 ) ) ;
#1761 = CARTESIAN_POINT ( 'NONE',  ( 11.49999999999999822, 1.334314575050760787, -1.258578643762704674 ) ) ;
#1762 = AXIS2_PLACEMENT_3D ( 'NONE', #4081, #4159, #1460 ) ;
#1763 = CARTESIAN_POINT ( 'NONE',  ( 11.23431457505076025, 1.899999999999999245, -1.524264068711941977 ) ) ;
#1764 = CARTESIAN_POINT ( 'NONE',  ( 26.78175434389878973, 4.999999999999999112, -5.147380814755532441 ) ) ;
#1765 = DIRECTION ( 'NONE',  ( -1.000000000000000000, 0.000000000000000000, 3.097720492815727042E-17 ) ) ;
#1766 = EDGE_CURVE ( 'NONE', #1710, #3233, #3730, .T. ) ;
#1767 = CARTESIAN_POINT ( 'NONE',  ( 1.371355640028317779, 1.164248858841754775, -4.335751141158245225 ) ) ;
#1768 = AXIS2_PLACEMENT_3D ( 'NONE', #2935, #629, #2169 ) ;
#1769 = DIRECTION ( 'NONE',  ( 0.000000000000000000, 0.7071067811865485719, -0.7071067811865464625 ) ) ;
#1770 = EDGE_CURVE ( 'NONE', #88, #1580, #4352, .T. ) ;
#1771 = CARTESIAN_POINT ( 'NONE',  ( 8.265685424949237969, 1.899999999999999245, -1.524264068711941977 ) ) ;
#1772 = VERTEX_POINT ( 'NONE', #3274 ) ;
#1773 = CARTESIAN_POINT ( 'NONE',  ( 2.600000000000000533, -2.600000000000000089, -8.054073281320891666E-17 ) ) ;
#1774 = VERTEX_POINT ( 'NONE', #3722 ) ;
#1775 = DIRECTION ( 'NONE',  ( 0.000000000000000000, -0.000000000000000000, 1.000000000000000000 ) ) ;
#1776 = CARTESIAN_POINT ( 'NONE',  ( 27.89289321881347306, 5.207106781186545241, -6.428476888916184073 ) ) ;
#1777 = CIRCLE ( 'NONE', #4551, 1.099999999999999423 ) ;
#1778 = EDGE_LOOP ( 'NONE', ( #2556, #1836, #1393, #310 ) ) ;
#1779 = CARTESIAN_POINT ( 'NONE',  ( 20.86568542494923406, 1.599999999999999867, -1.224264068711943265 ) ) ;
#1780 = CIRCLE ( 'NONE', #3370, 0.5000000000000002220 ) ;
#1781 = CARTESIAN_POINT ( 'NONE',  ( 11.49999999999999822, 0.08578643762688700769, -0.3000000000000000444 ) ) ;
#1782 = CARTESIAN_POINT ( 'NONE',  ( 20.95481552595423125, 1.279868503773557320, -6.939731269020870563 ) ) ;
#1783 = VECTOR ( 'NONE', #4323, 1000.000000000000000 ) ;
#1784 = ORIENTED_EDGE ( 'NONE', *, *, #165, .F. ) ;
#1785 = LINE ( 'NONE', #4056, #2627 ) ;
#1786 = CARTESIAN_POINT ( 'NONE',  ( 21.10000000000000142, 0.7999999999999999334, 1.045790438374589082E-14 ) ) ;
#1787 = CIRCLE ( 'NONE', #285, 0.5000000000000002220 ) ;
#1788 = CARTESIAN_POINT ( 'NONE',  ( 4.918597000779428186, 0.5814029992204996500, -0.1109734861407735695 ) ) ;
#1789 = CARTESIAN_POINT ( 'NONE',  ( 20.29999999999999716, 1.812132034355963706, -1.312132034355979027 ) ) ;
#1790 = DIRECTION ( 'NONE',  ( -1.000000000000000000, 0.000000000000000000, -0.000000000000000000 ) ) ;
#1791 = CARTESIAN_POINT ( 'NONE',  ( 4.653967944455364325, 2.395837106094136804, -1.895837106094281577 ) ) ;
#1792 = ADVANCED_FACE ( 'NONE', ( #678 ), #2616, .T. ) ;
#1793 = FACE_OUTER_BOUND ( 'NONE', #3049, .T. ) ;
#1794 = FACE_OUTER_BOUND ( 'NONE', #3096, .T. ) ;
#1795 = ORIENTED_EDGE ( 'NONE', *, *, #2492, .F. ) ;
#1796 = CARTESIAN_POINT ( 'NONE',  ( 8.183174819766566799, 1.488091313380393910, -6.000000037272467779 ) ) ;
#1797 = VERTEX_POINT ( 'NONE', #4413 ) ;
#1798 = EDGE_CURVE ( 'NONE', #2609, #656, #2670, .T. ) ;
#1799 = DIRECTION ( 'NONE',  ( 0.000000000000000000, 0.000000000000000000, -1.000000000000000000 ) ) ;
#1800 = CARTESIAN_POINT ( 'NONE',  ( 12.01980390271855548, 2.200000000000000622, -7.000000000000002665 ) ) ;
#1801 = CARTESIAN_POINT ( 'NONE',  ( 21.10000000000000497, 1.300000000000000044, -6.005012562893382366 ) ) ;
#1802 = ORIENTED_EDGE ( 'NONE', *, *, #1201, .F. ) ;
#1803 = DIRECTION ( 'NONE',  ( 1.000000000000000000, -0.000000000000000000, 0.000000000000000000 ) ) ;
#1804 = DIRECTION ( 'NONE',  ( 0.000000000000000000, 0.000000000000000000, -1.000000000000000000 ) ) ;
#1805 = CARTESIAN_POINT ( 'NONE',  ( 21.10000000000000142, 1.034314575050760965, -0.9585786437627061840 ) ) ;
#1806 = EDGE_CURVE ( 'NONE', #2025, #1537, #4436, .T. ) ;
#1807 = CARTESIAN_POINT ( 'NONE',  ( 32.47378640637130331, 0.3375959060639410203, -4.910594625499184573 ) ) ;
#1808 = EDGE_LOOP ( 'NONE', ( #4736, #3124, #2837, #4491, #925 ) ) ;
#1809 = ORIENTED_EDGE ( 'NONE', *, *, #2248, .T. ) ;
#1810 = DIRECTION ( 'NONE',  ( 0.000000000000000000, 0.000000000000000000, -1.000000000000000000 ) ) ;
#1811 = CARTESIAN_POINT ( 'NONE',  ( 7.200410149896106837, 3.439696130770794280, -2.939696130770804050 ) ) ;
#1812 = EDGE_LOOP ( 'NONE', ( #572, #1795, #2999, #4505 ) ) ;
#1813 = DIRECTION ( 'NONE',  ( 0.000000000000000000, 0.000000000000000000, -1.000000000000000000 ) ) ;
#1814 = FACE_OUTER_BOUND ( 'NONE', #1324, .T. ) ;
#1815 = FACE_OUTER_BOUND ( 'NONE', #1236, .T. ) ;
#1816 = CARTESIAN_POINT ( 'NONE',  ( 6.592493245824419645, 4.831576575794046313, -4.331576575794052530 ) ) ;
#1817 = ADVANCED_FACE ( 'NONE', ( #1814 ), #3325, .T. ) ;
#1818 = DIRECTION ( 'NONE',  ( 0.000000000000000000, 0.000000000000000000, -1.000000000000000000 ) ) ;
#1819 = CARTESIAN_POINT ( 'NONE',  ( 24.60000000000000497, 0.5807611844574694926, -0.5050252531694160441 ) ) ;
#1820 = ORIENTED_EDGE ( 'NONE', *, *, #139, .T. ) ;
#1821 = CARTESIAN_POINT ( 'NONE',  ( 11.29212101824965231, 1.510994405020807729, -6.000000000000002665 ) ) ;
#1822 = ORIENTED_EDGE ( 'NONE', *, *, #3337, .T. ) ;
#1823 = CARTESIAN_POINT ( 'NONE',  ( 7.700000000000000178, 0.8378679656440284340, -0.7621320343559737642 ) ) ;
#1824 = FACE_OUTER_BOUND ( 'NONE', #4889, .T. ) ;
#1825 = CC_DESIGN_PERSON_AND_ORGANIZATION_ASSIGNMENT ( #905, #107, ( #3827 ) ) ;
#1826 = ADVANCED_FACE ( 'NONE', ( #230 ), #2141, .T. ) ;
#1827 = CARTESIAN_POINT ( 'NONE',  ( 5.818245656101210805, 5.000000000000003553, -5.147380814755535106 ) ) ;
#1828 = AXIS2_PLACEMENT_3D ( 'NONE', #1637, #1591, #55 ) ;
#1829 = ORIENTED_EDGE ( 'NONE', *, *, #1359, .T. ) ;
#1830 = CARTESIAN_POINT ( 'NONE',  ( 20.60000000000000142, 0.000000000000000000, -0.2999999999999998224 ) ) ;
#1831 = CARTESIAN_POINT ( 'NONE',  ( 6.381777832714425891, 5.375357478063833128, -4.913281932254304429 ) ) ;
#1832 = ADVANCED_FACE ( 'NONE', ( #1081 ), #1473, .T. ) ;
#1833 = VECTOR ( 'NONE', #4821, 1000.000000000000000 ) ;
#1834 = DIRECTION ( 'NONE',  ( 0.000000000000000000, 0.000000000000000000, 1.000000000000000000 ) ) ;
#1835 = CARTESIAN_POINT ( 'NONE',  ( 11.30836261116450636, 1.939269901352175474, -1.524264068711941977 ) ) ;
#1836 = ORIENTED_EDGE ( 'NONE', *, *, #2821, .F. ) ;
#1837 = VECTOR ( 'NONE', #393, 1000.000000000000000 ) ;
#1838 = AXIS2_PLACEMENT_3D ( 'NONE', #861, #2696, #114 ) ;
#1839 = EDGE_CURVE ( 'NONE', #1423, #3821, #87, .T. ) ;
#1840 = DIRECTION ( 'NONE',  ( 3.097720492815727042E-17, 0.000000000000000000, 1.000000000000000000 ) ) ;
#1841 = EDGE_CURVE ( 'NONE', #1070, #474, #4545, .T. ) ;
#1842 = AXIS2_PLACEMENT_3D ( 'NONE', #2907, #2852, #2090 ) ;
#1843 = CYLINDRICAL_SURFACE ( 'NONE', #1947, 0.3999999999999993006 ) ;
#1844 = VECTOR ( 'NONE', #2480, 1000.000000000000000 ) ;
#1845 = CARTESIAN_POINT ( 'NONE',  ( 5.000000000000004441, 5.500000000000000000, 0.000000000000000000 ) ) ;
#1846 = CARTESIAN_POINT ( 'NONE',  ( 0.000000000000000000, 1.300000000000000044, 0.000000000000000000 ) ) ;
#1847 = CARTESIAN_POINT ( 'NONE',  ( 10.99999999999999822, 1.600000000000000089, -1.824264068711941800 ) ) ;
#1848 = CARTESIAN_POINT ( 'NONE',  ( 6.187851464232240417, 4.760888578691946371, -4.260888578693204032 ) ) ;
#1849 = LOCAL_TIME ( 20, 3, 17.00000000000000000, #3359 ) ;
#1850 = APPROVAL_STATUS ( 'not_yet_approved' ) ;
#1851 = CARTESIAN_POINT ( 'NONE',  ( 24.90000000000000568, 0.6878679656440277457, -0.6121320343559739641 ) ) ;
#1852 = VERTEX_POINT ( 'NONE', #4573 ) ;
#1853 = CARTESIAN_POINT ( 'NONE',  ( 8.151298551155068850, 1.458539130885790014, -6.953756440425278740 ) ) ;
#1854 = DIRECTION ( 'NONE',  ( 0.000000000000000000, 0.000000000000000000, 1.000000000000000000 ) ) ;
#1855 = DIRECTION ( 'NONE',  ( 0.000000000000000000, 0.000000000000000000, -1.000000000000000000 ) ) ;
#1856 = CIRCLE ( 'NONE', #2475, 2.000000000000001776 ) ;
#1857 = AXIS2_PLACEMENT_3D ( 'NONE', #4320, #1255, #3112 ) ;
#1858 = LINE ( 'NONE', #1801, #4039 ) ;
#1859 = ORIENTED_EDGE ( 'NONE', *, *, #3920, .F. ) ;
#1860 = CARTESIAN_POINT ( 'NONE',  ( 4.272401869241589267, 1.164248858841753442, -1.867326273985238538 ) ) ;
#1861 = DIRECTION ( 'NONE',  ( -0.5773502691896247319, -0.5773502691896263972, -0.5773502691896263972 ) ) ;
#1862 = FACE_OUTER_BOUND ( 'NONE', #142, .T. ) ;
#1863 = EDGE_CURVE ( 'NONE', #2791, #1774, #4596, .T. ) ;
#1864 = FACE_OUTER_BOUND ( 'NONE', #2230, .T. ) ;
#1865 = EDGE_LOOP ( 'NONE', ( #1258, #2427, #1218, #4344, #2870, #1822, #720, #612 ) ) ;
#1866 = ORIENTED_EDGE ( 'NONE', *, *, #3366, .F. ) ;
#1867 = VECTOR ( 'NONE', #3293, 1000.000000000000000 ) ;
#1868 = EDGE_CURVE ( 'NONE', #2948, #3841, #167, .T. ) ;
#1869 = CIRCLE ( 'NONE', #4309, 0.5000000000000004441 ) ;
#1870 = CARTESIAN_POINT ( 'NONE',  ( 27.18578643762689140, 0.000000000000000000, -1.000000000000000000 ) ) ;
#1871 = ORIENTED_EDGE ( 'NONE', *, *, #2593, .F. ) ;
#1872 = CARTESIAN_POINT ( 'NONE',  ( 4.260888578692730633, 4.760888578692476614, -6.187851464232232424 ) ) ;
#1873 = VECTOR ( 'NONE', #1977, 1000.000000000000000 ) ;
#1874 = DIRECTION ( 'NONE',  ( 1.000000000000000000, -0.000000000000000000, -0.000000000000000000 ) ) ;
#1875 = DIRECTION ( 'NONE',  ( 0.000000000000000000, 0.000000000000000000, 1.000000000000000000 ) ) ;
#1876 = DIRECTION ( 'NONE',  ( 0.000000000000000000, 0.000000000000000000, -1.000000000000000000 ) ) ;
#1877 =( BOUNDED_CURVE ( )  B_SPLINE_CURVE ( 3, ( #1431, #772, #2943, #375 ),
 .UNSPECIFIED., .F., .F. ) 
 B_SPLINE_CURVE_WITH_KNOTS ( ( 4, 4 ),
 ( 5.497787143782139729, 6.283185307179586232 ),
 .UNSPECIFIED. ) 
 CURVE ( )  GEOMETRIC_REPRESENTATION_ITEM ( )  RATIONAL_B_SPLINE_CURVE ( ( 1.000000000000000000, 0.9492530216741912330, 0.9492530216741912330, 1.000000000000000000 ) ) 
 REPRESENTATION_ITEM ( '' )  );
#1878 = ORIENTED_EDGE ( 'NONE', *, *, #3314, .F. ) ;
#1879 = CARTESIAN_POINT ( 'NONE',  ( 24.60000000000000497, 1.387867965644035362, -1.312132034355979693 ) ) ;
#1880 = DIRECTION ( 'NONE',  ( 0.000000000000000000, -0.000000000000000000, -1.000000000000000000 ) ) ;
#1881 = PLANE ( 'NONE',  #919 ) ;
#1882 = CARTESIAN_POINT ( 'NONE',  ( 24.48634881328205992, 1.680628330619406974, -1.224264068711943487 ) ) ;
#1883 = CARTESIAN_POINT ( 'NONE',  ( 12.49999999999999822, 0.000000000000000000, -6.000000000000002665 ) ) ;
#1884 = EDGE_LOOP ( 'NONE', ( #4854, #1820, #3777, #3208, #1242, #1020, #4163, #382 ) ) ;
#1885 = CARTESIAN_POINT ( 'NONE',  ( 6.407746725914457819, 5.302033927679956626, -4.802033927679962844 ) ) ;
#1886 = CARTESIAN_POINT ( 'NONE',  ( 26.17152311108382534, 5.207106781186546129, -4.707106781186552347 ) ) ;
#1887 = CARTESIAN_POINT ( 'NONE',  ( 32.60000000000000142, 0.1512480686716575484, -5.283290300283645102 ) ) ;
#1888 = VERTEX_POINT ( 'NONE', #4197 ) ;
#1889 = EDGE_LOOP ( 'NONE', ( #1704, #1177, #1916, #2541 ) ) ;
#1890 = CARTESIAN_POINT ( 'NONE',  ( 31.22864435997168187, 0.8535533905932752852, -3.835751141158234123 ) ) ;
#1891 = EDGE_CURVE ( 'NONE', #1263, #2029, #1551, .T. ) ;
#1892 = CARTESIAN_POINT ( 'NONE',  ( 29.60000000000000497, 44.12071982757441901, -7.000000000000002665 ) ) ;
#1893 = ORIENTED_EDGE ( 'NONE', *, *, #3490, .T. ) ;
#1894 = ADVANCED_FACE ( 'NONE', ( #458 ), #1329, .T. ) ;
#1895 = CARTESIAN_POINT ( 'NONE',  ( 3.228378866191595975, 2.841825309700661606, -6.034115294734523793 ) ) ;
#1896 = CARTESIAN_POINT ( 'NONE',  ( 6.300000000000000711, 3.499999999999999556, -29.00000000000000355 ) ) ;
#1897 = EDGE_CURVE ( 'NONE', #3387, #1957, #3020, .T. ) ;
#1898 = CARTESIAN_POINT ( 'NONE',  ( 10.99999999999999822, 1.899999999999999245, -1.824264068711941800 ) ) ;
#1899 = CARTESIAN_POINT ( 'NONE',  ( 27.66131528513258431, 2.497881173820242218, -1.997881173820204692 ) ) ;
#1900 = EDGE_LOOP ( 'NONE', ( #3281, #1632, #4435, #1615, #985, #1408, #3880, #1240, #798, #3497, #984, #3792, #1612, #2352, #91, #180, #1926, #3031 ) ) ;
#1901 = DIRECTION ( 'NONE',  ( 1.000000000000000000, 0.000000000000000000, 0.000000000000000000 ) ) ;
#1902 = FACE_OUTER_BOUND ( 'NONE', #3837, .T. ) ;
#1903 = ADVANCED_FACE ( 'NONE', ( #1156 ), #759, .T. ) ;
#1904 = CARTESIAN_POINT ( 'NONE',  ( 3.000000000000000000, 0.1999999999999799161, -24.58159679249778407 ) ) ;
#1905 = LINE ( 'NONE', #4554, #2562 ) ;
#1906 = CARTESIAN_POINT ( 'NONE',  ( 4.707106781186552347, 5.207106781186546129, -6.428476888916176080 ) ) ;
#1907 = VERTEX_POINT ( 'NONE', #4597 ) ;
#1908 = CARTESIAN_POINT ( 'NONE',  ( 3.000000000000000000, 44.12071982757441901, -7.000000000000002665 ) ) ;
#1909 = CARTESIAN_POINT ( 'NONE',  ( 2.600000000000000089, -3.000000000000000000, -17.19664474737808391 ) ) ;
#1910 = DIRECTION ( 'NONE',  ( 0.000000000000000000, 0.000000000000000000, 1.000000000000000000 ) ) ;
#1911 = ORIENTED_EDGE ( 'NONE', *, *, #666, .T. ) ;
#1912 = VERTEX_POINT ( 'NONE', #3780 ) ;
#1913 = FACE_OUTER_BOUND ( 'NONE', #3401, .T. ) ;
#1914 = EDGE_CURVE ( 'NONE', #2328, #2962, #386, .T. ) ;
#1915 = AXIS2_PLACEMENT_3D ( 'NONE', #532, #4742, #210 ) ;
#1916 = ORIENTED_EDGE ( 'NONE', *, *, #2767, .T. ) ;
#1917 = CYLINDRICAL_SURFACE ( 'NONE', #1599, 1.000000000000000000 ) ;
#1918 = CARTESIAN_POINT ( 'NONE',  ( 4.707106781186484845, 5.207106781186613631, -6.428476888916222265 ) ) ;
#1919 = CARTESIAN_POINT ( 'NONE',  ( 2.599999999999998312, -5.914213562373112687, -23.00000000000000355 ) ) ;
#1920 = PRODUCT_RELATED_PRODUCT_CATEGORY ( 'detail', '', ( #544 ) ) ;
#1921 = FACE_OUTER_BOUND ( 'NONE', #1808, .T. ) ;
#1922 = VECTOR ( 'NONE', #3040, 1000.000000000000227 ) ;
#1923 = EDGE_CURVE ( 'NONE', #4500, #561, #459, .T. ) ;
#1924 = CARTESIAN_POINT ( 'NONE',  ( 2.999999999999999112, 0.000000000000000000, -35.00000000000000000 ) ) ;
#1925 = CARTESIAN_POINT ( 'NONE',  ( 3.000000000000000000, 0.000000000000000000, -14.00000000000000000 ) ) ;
#1926 = ORIENTED_EDGE ( 'NONE', *, *, #1338, .T. ) ;
#1927 = CARTESIAN_POINT ( 'NONE',  ( 27.45261918524448674, 4.999999999999999112, -5.818245656101223240 ) ) ;
#1928 = ADVANCED_FACE ( 'NONE', ( #405 ), #4574, .T. ) ;
#1930 = CARTESIAN_POINT ( 'NONE',  ( 8.500000000000000000, 1.600000000000000089, -1.824264068711941800 ) ) ;
#1929 = AXIS2_PLACEMENT_3D ( 'NONE', #4122, #1875, #1204 ) ;
#1931 = CARTESIAN_POINT ( 'NONE',  ( 20.48436402081328822, 1.421994819145676159, -1.006988986505406469 ) ) ;
#1932 = ADVANCED_FACE ( 'NONE', ( #1921 ), #3404, .F. ) ;
#1933 = FACE_BOUND ( 'NONE', #417, .T. ) ;
#1934 = LINE ( 'NONE', #4293, #2154 ) ;
#1935 = EDGE_LOOP ( 'NONE', ( #2582, #1264, #630, #1893, #2224, #3883, #2545 ) ) ;
#1936 = AXIS2_PLACEMENT_3D ( 'NONE', #2600, #4074, #3389 ) ;
#1937 = CARTESIAN_POINT ( 'NONE',  ( 2.599999999999999645, -3.000000000000000000, -28.50000000000000000 ) ) ;
#1938 = PLANE ( 'NONE',  #3685 ) ;
#1939 = AXIS2_PLACEMENT_3D ( 'NONE', #63, #791, #1534 ) ;
#1940 = AXIS2_PLACEMENT_3D ( 'NONE', #396, #3769, #4584 ) ;
#1941 = VERTEX_POINT ( 'NONE', #3431 ) ;
#1942 = EDGE_LOOP ( 'NONE', ( #438, #2127, #3979 ) ) ;
#1943 = DIRECTION ( 'NONE',  ( 1.000000000000000000, 0.000000000000000000, 0.000000000000000000 ) ) ;
#1944 = ORIENTED_EDGE ( 'NONE', *, *, #790, .F. ) ;
#1945 = DIRECTION ( 'NONE',  ( 0.000000000000000000, 0.7071067811865467956, 0.7071067811865484609 ) ) ;
#1946 = ORIENTED_EDGE ( 'NONE', *, *, #4022, .F. ) ;
#1947 = AXIS2_PLACEMENT_3D ( 'NONE', #3352, #4243, #1634 ) ;
#1948 = CARTESIAN_POINT ( 'NONE',  ( 2.160752007232989325, 2.660752007232977778, -6.203903044762177466 ) ) ;
#1949 = PERSON_AND_ORGANIZATION ( #4792, #102 ) ;
#1950 = CARTESIAN_POINT ( 'NONE',  ( 28.06101725143151171, 1.543760589465343003, -1.043760589465357658 ) ) ;
#1951 = VECTOR ( 'NONE', #4537, 1000.000000000000000 ) ;
#1952 = ORIENTED_EDGE ( 'NONE', *, *, #1477, .T. ) ;
#1953 = EDGE_CURVE ( 'NONE', #561, #4689, #3642, .T. ) ;
#1954 = DIRECTION ( 'NONE',  ( 0.000000000000000000, 0.000000000000000000, -1.000000000000000000 ) ) ;
#1955 = CARTESIAN_POINT ( 'NONE',  ( 20.29999999999999716, 1.812132034355964594, -1.312132034355979471 ) ) ;
#1956 = SPHERICAL_SURFACE ( 'NONE', #1939, 0.5000000000000000000 ) ;
#1957 = VERTEX_POINT ( 'NONE', #1184 ) ;
#1958 = DIRECTION ( 'NONE',  ( 0.000000000000000000, 0.000000000000000000, 1.000000000000000000 ) ) ;
#1959 = DIRECTION ( 'NONE',  ( -0.000000000000000000, 1.000000000000000000, -0.000000000000000000 ) ) ;
#1960 = VERTEX_POINT ( 'NONE', #3061 ) ;
#1961 = ORIENTED_EDGE ( 'NONE', *, *, #595, .T. ) ;
#1962 = VERTEX_POINT ( 'NONE', #2737 ) ;
#1963 = EDGE_CURVE ( 'NONE', #1489, #4114, #3745, .T. ) ;
#1964 = B_SPLINE_CURVE_WITH_KNOTS ( 'NONE', 3,
 ( #567, #2080, #3262, #4783 ),
 .UNSPECIFIED., .F., .F.,
 ( 4, 4 ),
 ( 0.000000000000000000, 0.0003703489193431249013 ),
 .UNSPECIFIED. ) ;
#1965 = ORIENTED_EDGE ( 'NONE', *, *, #3226, .T. ) ;
#1966 = ORIENTED_EDGE ( 'NONE', *, *, #946, .T. ) ;
#1967 = DIRECTION ( 'NONE',  ( -0.000000000000000000, -0.000000000000000000, -1.000000000000000000 ) ) ;
#1968 = DIRECTION ( 'NONE',  ( -0.5773502691896241767, 0.5773502691896272854, -0.5773502691896257311 ) ) ;
#1969 = DATE_TIME_ROLE ( 'classification_date' ) ;
#1970 = DIRECTION ( 'NONE',  ( -1.000000000000000000, 0.000000000000000000, 0.000000000000000000 ) ) ;
#1971 = DIRECTION ( 'NONE',  ( 0.000000000000000000, 0.000000000000000000, 1.000000000000000000 ) ) ;
#1972 = LINE ( 'NONE', #3871, #4924 ) ;
#1973 = CARTESIAN_POINT ( 'NONE',  ( 21.09999999994930420, 1.415640986128849921, -1.284359013871164690 ) ) ;
#1974 = CARTESIAN_POINT ( 'NONE',  ( 11.59060167891983184, 2.051085689013966373, -1.562128150094292067 ) ) ;
#1975 = EDGE_LOOP ( 'NONE', ( #4581, #3122, #2735, #1077 ) ) ;
#1976 = DIRECTION ( 'NONE',  ( -1.000000000000000000, 0.000000000000000000, -4.956352788505161296E-16 ) ) ;
#1977 = DIRECTION ( 'NONE',  ( -0.000000000000000000, 1.000000000000000000, -0.000000000000000000 ) ) ;
#1978 = VERTEX_POINT ( 'NONE', #435 ) ;
#1979 = CARTESIAN_POINT ( 'NONE',  ( 11.34864126834726328, 1.458594920087692870, -6.954073904924995553 ) ) ;
#1980 = VERTEX_POINT ( 'NONE', #2669 ) ;
#1981 = ADVANCED_FACE ( 'NONE', ( #1988 ), #855, .T. ) ;
#1982 = DIRECTION ( 'NONE',  ( 0.000000000000000000, -1.000000000000000000, 0.000000000000000000 ) ) ;
#1983 = EDGE_LOOP ( 'NONE', ( #169, #3787, #1122, #1252 ) ) ;
#1984 = ORIENTED_EDGE ( 'NONE', *, *, #3770, .T. ) ;
#1985 = AXIS2_PLACEMENT_3D ( 'NONE', #4822, #4035, #2563 ) ;
#1986 = LINE ( 'NONE', #4667, #1675 ) ;
#1987 = EDGE_CURVE ( 'NONE', #1584, #2500, #1228, .T. ) ;
#1988 = FACE_OUTER_BOUND ( 'NONE', #4803, .T. ) ;
#1989 = VECTOR ( 'NONE', #624, 1000.000000000000000 ) ;
#1990 = EDGE_LOOP ( 'NONE', ( #3010, #2139, #3073, #3687 ) ) ;
#1991 = AXIS2_PLACEMENT_3D ( 'NONE', #2555, #3351, #3695 ) ;
#1992 = CARTESIAN_POINT ( 'NONE',  ( 2.714027472888157710, -2.999999999999999556, -28.24474587686388105 ) ) ;
#1993 = CARTESIAN_POINT ( 'NONE',  ( 20.33927698459926958, 1.738070641943853412, -1.238070641943868511 ) ) ;
#1994 = DIRECTION ( 'NONE',  ( 0.000000000000000000, -1.000000000000000000, 0.000000000000000000 ) ) ;
#1995 = VECTOR ( 'NONE', #4317, 1000.000000000000000 ) ;
#1996 = CARTESIAN_POINT ( 'NONE',  ( 2.600000000000000089, -3.000000000000000000, -14.00000000000000000 ) ) ;
#1997 = EDGE_LOOP ( 'NONE', ( #4566, #2912, #4351, #829 ) ) ;
#1998 = AXIS2_PLACEMENT_3D ( 'NONE', #4097, #1818, #2114 ) ;
#1999 = FACE_OUTER_BOUND ( 'NONE', #269, .T. ) ;
#2000 = CARTESIAN_POINT ( 'NONE',  ( 24.33431457505076878, 1.599999999999999867, -1.224264068711943265 ) ) ;
#2001 = EDGE_LOOP ( 'NONE', ( #3077, #4752, #1588, #3967 ) ) ;
#2002 = AXIS2_PLACEMENT_3D ( 'NONE', #1404, #1424, #1880 ) ;
#2003 = EDGE_LOOP ( 'NONE', ( #299, #4399, #2355, #1097 ) ) ;
#2004 = CARTESIAN_POINT ( 'NONE',  ( 11.23940638297964156, 1.540067941609946978, -6.023237056333251793 ) ) ;
#2005 = EDGE_CURVE ( 'NONE', #941, #1978, #1671, .T. ) ;
#2006 = CARTESIAN_POINT ( 'NONE',  ( 1.867326273985239427, 1.000000000000000000, -4.272401869241595485 ) ) ;
#2007 = ORIENTED_EDGE ( 'NONE', *, *, #718, .T. ) ;
#2008 = ORIENTED_EDGE ( 'NONE', *, *, #8, .F. ) ;
#2009 = CARTESIAN_POINT ( 'NONE',  ( 7.992191799586878531, 1.404562975971615835, -1.217776810633741214 ) ) ;
#2010 = EDGE_CURVE ( 'NONE', #150, #190, #3084, .T. ) ;
#2011 = LINE ( 'NONE', #787, #3041 ) ;
#2012 = CARTESIAN_POINT ( 'NONE',  ( 31.04003302906084372, 2.059966970939165698, -5.646535696398306214 ) ) ;
#2013 = AXIS2_PLACEMENT_3D ( 'NONE', #754, #4090, #381 ) ;
#2014 = VERTEX_POINT ( 'NONE', #2337 ) ;
#2015 = CARTESIAN_POINT ( 'NONE',  ( 26.56588470526547496, 2.841825309700662938, -3.228378866191597307 ) ) ;
#2016 = CARTESIAN_POINT ( 'NONE',  ( 31.58219775056495848, 1.000000000000000000, -3.982197750564959726 ) ) ;
#2017 = EDGE_LOOP ( 'NONE', ( #3902, #3284, #2934, #221 ) ) ;
#2018 = CIRCLE ( 'NONE', #4391, 1.000000000000000000 ) ;
#2019 = LINE ( 'NONE', #4271, #3333 ) ;
#2020 = CARTESIAN_POINT ( 'NONE',  ( 20.60830333838912765, 1.484897685982259352, -1.203359620254716100 ) ) ;
#2021 = DIRECTION ( 'NONE',  ( 1.000000000000000000, 0.000000000000000000, 0.000000000000000000 ) ) ;
#2022 = CARTESIAN_POINT ( 'NONE',  ( 28.60000000000000142, 0.000000000000000000, -5.099999999999999645 ) ) ;
#2023 = CIRCLE ( 'NONE', #3846, 0.4000000000000001887 ) ;
#2024 = APPLICATION_CONTEXT ( 'configuration controlled 3d designs of mechanical parts and assemblies' ) ;
#2025 = VERTEX_POINT ( 'NONE', #3851 ) ;
#2026 = DIRECTION ( 'NONE',  ( -0.000000000000000000, -0.000000000000000000, 1.000000000000000000 ) ) ;
#2027 = VECTOR ( 'NONE', #4490, 1000.000000000000227 ) ;
#2028 = ORIENTED_EDGE ( 'NONE', *, *, #3219, .T. ) ;
#2029 = VERTEX_POINT ( 'NONE', #3615 ) ;
#2030 = CARTESIAN_POINT ( 'NONE',  ( 11.18542106698335381, 2.200000000000000622, -7.000000000000002665 ) ) ;
#2031 =( BOUNDED_CURVE ( )  B_SPLINE_CURVE ( 3, ( #3560, #2822, #4641, #4733 ),
 .UNSPECIFIED., .F., .F. ) 
 B_SPLINE_CURVE_WITH_KNOTS ( ( 4, 4 ),
 ( 4.712388980384686121, 6.283185307179586232 ),
 .UNSPECIFIED. ) 
 CURVE ( )  GEOMETRIC_REPRESENTATION_ITEM ( )  RATIONAL_B_SPLINE_CURVE ( ( 1.000000000000000000, 0.8047378541243641603, 0.8047378541243641603, 1.000000000000000000 ) ) 
 REPRESENTATION_ITEM ( '' )  );
#2032 = DIRECTION ( 'NONE',  ( 0.000000000000000000, 0.000000000000000000, -1.000000000000000000 ) ) ;
#2033 = VERTEX_POINT ( 'NONE', #2056 ) ;
#2034 = EDGE_LOOP ( 'NONE', ( #4899, #92, #4169, #1294, #4432 ) ) ;
#2035 = CARTESIAN_POINT ( 'NONE',  ( 8.049920655519317236, 1.645392609888932434, -1.584008922033142808 ) ) ;
#2036 = LINE ( 'NONE', #3037, #505 ) ;
#2037 = CARTESIAN_POINT ( 'NONE',  ( 30.71161344188425346, 1.190206883470576793, -4.437285886934255963 ) ) ;
#2038 = ORIENTED_EDGE ( 'NONE', *, *, #4492, .T. ) ;
#2039 = DIRECTION ( 'NONE',  ( 0.000000000000000000, 0.000000000000000000, -1.000000000000000000 ) ) ;
#2040 = DIRECTION ( 'NONE',  ( 0.000000000000000000, 0.000000000000000000, -1.000000000000000000 ) ) ;
#2041 = CARTESIAN_POINT ( 'NONE',  ( 5.414213562373099364, 0.000000000000000000, 0.000000000000000000 ) ) ;
#2042 = CARTESIAN_POINT ( 'NONE',  ( 28.60000000000000142, -0.001000000000000132727, -4.000000000000000000 ) ) ;
#2043 = ADVANCED_FACE ( 'NONE', ( #4692 ), #2349, .T. ) ;
#2044 = CARTESIAN_POINT ( 'NONE',  ( 3.000000000000000000, 2.200000000000000622, -7.000000000000002665 ) ) ;
#2045 = DIRECTION ( 'NONE',  ( 0.5773502691896243988, -0.5773502691896271743, 0.5773502691896258421 ) ) ;
#2046 = ORIENTED_EDGE ( 'NONE', *, *, #465, .F. ) ;
#2047 = ADVANCED_FACE ( 'NONE', ( #4717 ), #3912, .F. ) ;
#2048 = DIRECTION ( 'NONE',  ( 1.000000000000000000, 0.000000000000000000, 0.000000000000000000 ) ) ;
#2049 = ORIENTED_EDGE ( 'NONE', *, *, #4539, .T. ) ;
#2050 = VERTEX_POINT ( 'NONE', #154 ) ;
#2051 = DIRECTION ( 'NONE',  ( 1.000000000000000000, 0.000000000000000000, 0.000000000000000000 ) ) ;
#2052 = CARTESIAN_POINT ( 'NONE',  ( 1.084202172485504434E-16, 0.1512480686716996536, -5.283290300283541185 ) ) ;
#2053 = ORIENTED_EDGE ( 'NONE', *, *, #498, .T. ) ;
#2054 =( BOUNDED_CURVE ( )  B_SPLINE_CURVE ( 3, ( #3301, #758, #2957, #360 ),
 .UNSPECIFIED., .F., .F. ) 
 B_SPLINE_CURVE_WITH_KNOTS ( ( 4, 4 ),
 ( 1.570796326794896558, 3.141592653589794004 ),
 .UNSPECIFIED. ) 
 CURVE ( )  GEOMETRIC_REPRESENTATION_ITEM ( )  RATIONAL_B_SPLINE_CURVE ( ( 1.000000000000000000, 0.8047378541243648264, 0.8047378541243648264, 1.000000000000000000 ) ) 
 REPRESENTATION_ITEM ( '' )  );
#2055 = VERTEX_POINT ( 'NONE', #225 ) ;
#2056 = CARTESIAN_POINT ( 'NONE',  ( 2.599999999999998312, -3.000000000000000000, -28.24474587686388105 ) ) ;
#2057 = SHAPE_DEFINITION_REPRESENTATION ( #983, #1653 ) ;
#2058 = ORIENTED_EDGE ( 'NONE', *, *, #383, .F. ) ;
#2059 = CIRCLE ( 'NONE', #4755, 0.7000000000000000666 ) ;
#2060 = SPHERICAL_SURFACE ( 'NONE', #2149, 0.5000000000000000000 ) ;
#2061 = LINE ( 'NONE', #1692, #241 ) ;
#2062 = DIRECTION ( 'NONE',  ( -1.000000000000000000, 0.000000000000000000, -0.000000000000000000 ) ) ;
#2063 = AXIS2_PLACEMENT_3D ( 'NONE', #2591, #2211, #4876 ) ;
#2064 = DIRECTION ( 'NONE',  ( 1.000000000000000000, 0.000000000000000000, 0.000000000000000000 ) ) ;
#2065 = DIRECTION ( 'NONE',  ( -0.7071067811865487940, -0.000000000000000000, 0.7071067811865463515 ) ) ;
#2066 = VECTOR ( 'NONE', #1645, 1000.000000000000000 ) ;
#2067 = EDGE_CURVE ( 'NONE', #2402, #3652, #2569, .T. ) ;
#2068 = AXIS2_PLACEMENT_3D ( 'NONE', #231, #2454, #555 ) ;
#2069 = VERTEX_POINT ( 'NONE', #2448 ) ;
#2070 = ORIENTED_EDGE ( 'NONE', *, *, #653, .F. ) ;
#2071 = ADVANCED_FACE ( 'NONE', ( #502 ), #3954, .F. ) ;
#2072 = CARTESIAN_POINT ( 'NONE',  ( 20.97821008689926003, 1.288867231864707419, -6.000000000000002665 ) ) ;
#2073 = DIRECTION ( 'NONE',  ( 0.000000000000000000, 0.000000000000000000, -1.000000000000000000 ) ) ;
#2074 = CIRCLE ( 'NONE', #3970, 0.8999999999999998002 ) ;
#2075 = CIRCLE ( 'NONE', #1429, 0.8999999999999998002 ) ;
#2076 = AXIS2_PLACEMENT_3D ( 'NONE', #1028, #1398, #4474 ) ;
#2077 = EDGE_LOOP ( 'NONE', ( #2250, #1731, #497, #4510 ) ) ;
#2078 = EDGE_LOOP ( 'NONE', ( #4346, #4336, #4058, #486, #3170, #4210, #2638 ) ) ;
#2079 = VECTOR ( 'NONE', #220, 1000.000000000000000 ) ;
#2080 = CARTESIAN_POINT ( 'NONE',  ( 27.55723272213084130, 4.999999999999999112, -5.884260699109493231 ) ) ;
#2081 = DIRECTION ( 'NONE',  ( 0.000000000000000000, 0.000000000000000000, 1.000000000000000000 ) ) ;
#2082 = CARTESIAN_POINT ( 'NONE',  ( 3.000000000000000000, 2.200000000000000622, -7.000000000000002665 ) ) ;
#2083 = CARTESIAN_POINT ( 'NONE',  ( 28.61780224943503370, 1.000000000000000000, -1.724909030621590622 ) ) ;
#2084 = ORIENTED_EDGE ( 'NONE', *, *, #2308, .T. ) ;
#2085 = ORIENTED_EDGE ( 'NONE', *, *, #1137, .F. ) ;
#2086 = VECTOR ( 'NONE', #2629, 1000.000000000000000 ) ;
#2087 = DIRECTION ( 'NONE',  ( -1.000000000000000000, 0.000000000000000000, 3.097720492815727042E-17 ) ) ;
#2088 = TOROIDAL_SURFACE ( 'NONE', #4868, 0.7999999999999999334, 0.5000000000000000000 ) ;
#2089 = ORIENTED_EDGE ( 'NONE', *, *, #12, .T. ) ;
#2090 = DIRECTION ( 'NONE',  ( 0.000000000000000000, 0.000000000000000000, 1.000000000000000000 ) ) ;
#2091 = CYLINDRICAL_SURFACE ( 'NONE', #3877, 1.000000000000000000 ) ;
#2092 = CARTESIAN_POINT ( 'NONE',  ( 0.000000000000000000, 1.812132034355963039, -1.312132034355978361 ) ) ;
#2093 = FACE_OUTER_BOUND ( 'NONE', #4788, .T. ) ;
#2094 = DIRECTION ( 'NONE',  ( -1.000000000000000000, 0.000000000000000000, 0.000000000000000000 ) ) ;
#2095 = DIRECTION ( 'NONE',  ( 0.5773502691896246208, 0.5773502691896263972, 0.5773502691896262862 ) ) ;
#2096 = EDGE_CURVE ( 'NONE', #2576, #1516, #724, .T. ) ;
#2097 = ORIENTED_EDGE ( 'NONE', *, *, #2949, .F. ) ;
#2098 = EDGE_LOOP ( 'NONE', ( #191, #3068, #3149, #1714, #628, #3450, #1725, #3729 ) ) ;
#2099 = LINE ( 'NONE', #3971, #1783 ) ;
#2100 = VECTOR ( 'NONE', #1354, 1000.000000000000000 ) ;
#2101 = EDGE_CURVE ( 'NONE', #3218, #3606, #4489, .T. ) ;
#2102 = VERTEX_POINT ( 'NONE', #1101 ) ;
#2103 = AXIS2_PLACEMENT_3D ( 'NONE', #488, #4208, #2394 ) ;
#2104 = DIRECTION ( 'NONE',  ( 0.7071067811865510144, 0.7071067811865441310, 0.000000000000000000 ) ) ;
#2105 = CARTESIAN_POINT ( 'NONE',  ( 27.68671806774572985, 5.375357478063831351, -6.381777832714433885 ) ) ;
#2106 = ORIENTED_EDGE ( 'NONE', *, *, #3910, .T. ) ;
#2107 = ADVANCED_FACE ( 'NONE', ( #997 ), #250, .T. ) ;
#2108 = CARTESIAN_POINT ( 'NONE',  ( 31.50660798976268140, 1.593392010237325129, -4.739181503191633560 ) ) ;
#2109 = VERTEX_POINT ( 'NONE', #672 ) ;
#2110 = DIRECTION ( 'NONE',  ( 3.097720492815727042E-17, 0.000000000000000000, 1.000000000000000000 ) ) ;
#2111 = LINE ( 'NONE', #3598, #2451 ) ;
#2112 = DIRECTION ( 'NONE',  ( 0.000000000000000000, -1.000000000000000000, 0.000000000000000000 ) ) ;
#2113 = CARTESIAN_POINT ( 'NONE',  ( 5.117851130197761833, 5.264297739604484327, 0.1178511301977577669 ) ) ;
#2114 = DIRECTION ( 'NONE',  ( -1.000000000000000000, 0.000000000000000000, -0.000000000000000000 ) ) ;
#2115 = LINE ( 'NONE', #2888, #3840 ) ;
#2116 = VERTEX_POINT ( 'NONE', #1761 ) ;
#2117 = ADVANCED_FACE ( 'NONE', ( #2612 ), #621, .F. ) ;
#2118 = DIRECTION ( 'NONE',  ( -0.7071067811865511255, 0.7071067811865440200, 2.190419166690545664E-17 ) ) ;
#2119 = EDGE_LOOP ( 'NONE', ( #1337, #2836, #168 ) ) ;
#2120 = DIRECTION ( 'NONE',  ( -0.8456956540005633460, 0.000000000000000000, 0.5336654952351327363 ) ) ;
#2121 = ORIENTED_EDGE ( 'NONE', *, *, #3588, .T. ) ;
#2122 = CARTESIAN_POINT ( 'NONE',  ( 4.000000000000000000, 1.000000000000000000, -4.000000000000000000 ) ) ;
#2123 = DIRECTION ( 'NONE',  ( 0.000000000000000000, 0.000000000000000000, 1.000000000000000000 ) ) ;
#2124 = ADVANCED_FACE ( 'NONE', ( #3635 ), #1391, .F. ) ;
#2125 = PLANE ( 'NONE',  #19 ) ;
#2126 = DIRECTION ( 'NONE',  ( 0.000000000000000000, 0.000000000000000000, -1.000000000000000000 ) ) ;
#2127 = ORIENTED_EDGE ( 'NONE', *, *, #556, .T. ) ;
#2128 = VERTEX_POINT ( 'NONE', #1047 ) ;
#2129 = EDGE_CURVE ( 'NONE', #3841, #206, #2906, .T. ) ;
#2130 = CARTESIAN_POINT ( 'NONE',  ( 7.851085689014018598, 1.800468178334986069, -1.354016075752749737 ) ) ;
#2131 = CARTESIAN_POINT ( 'NONE',  ( 6.300000000000000711, 3.499999999999999556, -29.00000000000000355 ) ) ;
#2132 = CARTESIAN_POINT ( 'NONE',  ( 5.283290300283526975, 0.1512480686717004863, -1.084202172485504434E-16 ) ) ;
#2133 = DIRECTION ( 'NONE',  ( -0.000000000000000000, 1.000000000000000000, -0.000000000000000000 ) ) ;
#2134 = DIRECTION ( 'NONE',  ( -0.9333333333333342363, -0.3590109871422980103, 1.556961968823379991E-16 ) ) ;
#2135 = LINE ( 'NONE', #2832, #3101 ) ;
#2136 = CARTESIAN_POINT ( 'NONE',  ( 5.861794681071177848, 3.286647292286466460, -2.786647292286479338 ) ) ;
#2137 = FACE_OUTER_BOUND ( 'NONE', #3319, .T. ) ;
#2138 = CARTESIAN_POINT ( 'NONE',  ( 11.49999999999999822, 1.100000000000000089, 0.000000000000000000 ) ) ;
#2139 = ORIENTED_EDGE ( 'NONE', *, *, #3673, .F. ) ;
#2140 = CARTESIAN_POINT ( 'NONE',  ( 8.160065365760482692, 1.466666666666665675, -7.000000000000000000 ) ) ;
#2142 = ORIENTED_EDGE ( 'NONE', *, *, #2371, .T. ) ;
#2141 = TOROIDAL_SURFACE ( 'NONE', #2063, 0.7000000000000000666, 0.2999999999999999889 ) ;
#2143 = DIRECTION ( 'NONE',  ( 0.000000000000000000, -0.7071067811865464625, -0.7071067811865486830 ) ) ;
#2144 = CARTESIAN_POINT ( 'NONE',  ( 24.60000000000000497, 1.300000000000000044, -0.2999999999999999889 ) ) ;
#2145 = VECTOR ( 'NONE', #1968, 1000.000000000000114 ) ;
#2146 = VERTEX_POINT ( 'NONE', #1074 ) ;
#2147 = CARTESIAN_POINT ( 'NONE',  ( 24.60000000000000497, 0.7999999999999999334, -6.000000000000002665 ) ) ;
#2148 = DIRECTION ( 'NONE',  ( 0.000000000000000000, -1.000000000000000000, 0.000000000000000000 ) ) ;
#2149 = AXIS2_PLACEMENT_3D ( 'NONE', #4556, #4672, #4719 ) ;
#2150 = CARTESIAN_POINT ( 'NONE',  ( 4.272401869241589267, 1.164248858841753442, -1.867326273985238538 ) ) ;
#2151 = AXIS2_PLACEMENT_3D ( 'NONE', #4340, #3205, #3160 ) ;
#2152 = DIRECTION ( 'NONE',  ( -0.000000000000000000, -0.000000000000000000, -1.000000000000000000 ) ) ;
#2153 = CARTESIAN_POINT ( 'NONE',  ( 32.60000000000000142, 0.08578643762690346675, -5.414213562373098476 ) ) ;
#2154 = VECTOR ( 'NONE', #3891, 1000.000000000000000 ) ;
#2155 = VERTEX_POINT ( 'NONE', #2208 ) ;
#2156 = CARTESIAN_POINT ( 'NONE',  ( 27.18578643762692337, 5.500000000000000000, -35.00000000000000000 ) ) ;
#2157 = EDGE_CURVE ( 'NONE', #4003, #2205, #731, .T. ) ;
#2158 = CARTESIAN_POINT ( 'NONE',  ( 3.000000000000000000, 2.200000000000000622, -7.000000000000002665 ) ) ;
#2159 = EDGE_CURVE ( 'NONE', #3349, #1464, #4115, .T. ) ;
#2160 = CARTESIAN_POINT ( 'NONE',  ( 1.371355640028318224, -6.081118318204304707, -4.335751141158245225 ) ) ;
#2161 = AXIS2_PLACEMENT_3D ( 'NONE', #4202, #3110, #2695 ) ;
#2162 = DIRECTION ( 'NONE',  ( 0.000000000000000000, 0.000000000000000000, 1.000000000000000000 ) ) ;
#2163 = LINE ( 'NONE', #3357, #1203 ) ;
#2164 = PLANE ( 'NONE',  #1985 ) ;
#2165 = AXIS2_PLACEMENT_3D ( 'NONE', #3436, #1289, #7 ) ;
#2166 = CARTESIAN_POINT ( 'NONE',  ( 26.78175434389878973, 4.999999999999999112, -5.147380814755534217 ) ) ;
#2167 = DIRECTION ( 'NONE',  ( 2.478176394252580648E-16, -0.000000000000000000, -1.000000000000000000 ) ) ;
#2168 = VERTEX_POINT ( 'NONE', #2586 ) ;
#2169 = DIRECTION ( 'NONE',  ( 0.000000000000000000, 1.734723475976806503E-15, 1.000000000000000000 ) ) ;
#2170 = ORIENTED_EDGE ( 'NONE', *, *, #1137, .T. ) ;
#2171 = FACE_OUTER_BOUND ( 'NONE', #338, .T. ) ;
#2172 = EDGE_CURVE ( 'NONE', #4054, #1672, #3747, .T. ) ;
#2173 = CARTESIAN_POINT ( 'NONE',  ( 2.999999999999993339, 0.1999999999999687306, -23.64155558726844220 ) ) ;
#2174 = VECTOR ( 'NONE', #3743, 1000.000000000000000 ) ;
#2175 = CYLINDRICAL_SURFACE ( 'NONE', #1594, 0.5000000000000000000 ) ;
#2176 = ORIENTED_EDGE ( 'NONE', *, *, #3673, .T. ) ;
#2177 = CARTESIAN_POINT ( 'NONE',  ( 0.000000000000000000, -3.000000000000000000, -28.50000000000000000 ) ) ;
#2178 = DIRECTION ( 'NONE',  ( 1.000000000000000000, -0.000000000000000000, -0.000000000000000000 ) ) ;
#2179 = CIRCLE ( 'NONE', #276, 1.000000000000000000 ) ;
#2180 = CARTESIAN_POINT ( 'NONE',  ( 11.69526137440250224, 2.084359012201416839, -1.584359012201430605 ) ) ;
#2181 = AXIS2_PLACEMENT_3D ( 'NONE', #767, #660, #3785 ) ;
#2182 = ORIENTED_EDGE ( 'NONE', *, *, #2596, .T. ) ;
#2183 = CARTESIAN_POINT ( 'NONE',  ( 30.87509096937840880, 1.000000000000000000, -3.982197750564958838 ) ) ;
#2184 = FACE_OUTER_BOUND ( 'NONE', #3890, .T. ) ;
#2185 = CARTESIAN_POINT ( 'NONE',  ( 5.283339598445070173, 0.3475343654829933238, -0.02602734134865973895 ) ) ;
#2186 = FACE_OUTER_BOUND ( 'NONE', #1742, .T. ) ;
#2187 =( BOUNDED_SURFACE ( )  B_SPLINE_SURFACE ( 3, 2, ( 
 ( #2523, #4024, #2153 ),
 ( #3691, #298, #1887 ),
 ( #3022, #1463, #2725 ),
 ( #86, #1600, #1807 ),
 ( #4633, #3113, #4604 ),
 ( #3317, #1121, #2255 ) ),
 .UNSPECIFIED., .F., .F., .F. ) 
 B_SPLINE_SURFACE_WITH_KNOTS ( ( 4, 2, 4 ),
 ( 3, 3 ),
 ( 1.570796326794896558, 1.963495408493622030, 2.356194490192347502 ),
 ( 0.000000000000000000, 1.000000000000000000 ),
 .UNSPECIFIED. ) 
 GEOMETRIC_REPRESENTATION_ITEM ( )  RATIONAL_B_SPLINE_SURFACE ( (
 ( 1.000000000000000000, 1.000000000000000000, 1.000000000000000000),
 ( 1.000000000000000000, 1.000158598892073147, 1.000000000000000000),
 ( 1.000000000000000000, 0.9867291651254822549, 1.000000000000000000),
 ( 1.000000000000000000, 0.9386556746368303061, 1.000000000000000000),
 ( 1.000000000000000000, 0.9039896001661525959, 1.000000000000000000),
 ( 1.000000000000000000, 0.8660254037844375974, 1.000000000000000000) ) ) 
 REPRESENTATION_ITEM ( '' )  SURFACE ( )  );
#2188 = CARTESIAN_POINT ( 'NONE',  ( 8.000000000000000000, 1.600000000000000089, -6.000000000000002665 ) ) ;
#2189 = CARTESIAN_POINT ( 'NONE',  ( 32.30710678118655466, 0.7928932188134472092, -5.060660171779827188 ) ) ;
#2190 = CARTESIAN_POINT ( 'NONE',  ( 6.428476888916176080, 5.207106781186547018, -4.707106781186552347 ) ) ;
#2191 = ADVANCED_FACE ( 'NONE', ( #2184 ), #491, .T. ) ;
#2192 = CARTESIAN_POINT ( 'NONE',  ( 20.29999999999999716, 0.08578643762688700769, 0.000000000000000000 ) ) ;
#2193 = FACE_OUTER_BOUND ( 'NONE', #4706, .T. ) ;
#2194 = ORIENTED_EDGE ( 'NONE', *, *, #2657, .F. ) ;
#2195 = CARTESIAN_POINT ( 'NONE',  ( 27.18578643762692337, 4.500000000000000000, -35.00000000000000000 ) ) ;
#2196 = EDGE_CURVE ( 'NONE', #3451, #3516, #4872, .T. ) ;
#2197 = VERTEX_POINT ( 'NONE', #3243 ) ;
#2198 = DIRECTION ( 'NONE',  ( 0.000000000000000000, 1.000000000000000000, 0.000000000000000000 ) ) ;
#2199 = EDGE_CURVE ( 'NONE', #2128, #6, #698, .T. ) ;
#2200 = CARTESIAN_POINT ( 'NONE',  ( 5.928976788671992182, 5.438654830766174619, -4.971905970130912955 ) ) ;
#2201 = VERTEX_POINT ( 'NONE', #4762 ) ;
#2202 = CARTESIAN_POINT ( 'NONE',  ( 2.692521030143499416, 0.06350748442021984796, -22.40246149822196742 ) ) ;
#2203 = CARTESIAN_POINT ( 'NONE',  ( 11.79999999999999716, 0.000000000000000000, -0.2999999999999999889 ) ) ;
#2204 = CARTESIAN_POINT ( 'NONE',  ( 11.00000000005105427, 1.715640986128851520, -1.584359013871160959 ) ) ;
#2205 = VERTEX_POINT ( 'NONE', #3667 ) ;
#2206 = ORIENTED_EDGE ( 'NONE', *, *, #1766, .F. ) ;
#2207 = CARTESIAN_POINT ( 'NONE',  ( 4.414213562373094035, 1.614213562373087107, -7.000000000000002665 ) ) ;
#2208 = CARTESIAN_POINT ( 'NONE',  ( 24.90000000000000568, 0.7928932188134335535, -0.2928932188134514281 ) ) ;
#2209 = CARTESIAN_POINT ( 'NONE',  ( 2.608304784231462392, -0.09840722063507367778, -21.51716632574600396 ) ) ;
#2210 = CARTESIAN_POINT ( 'NONE',  ( 1.888386558115746183, 1.190206883470364518, -4.437285886934226653 ) ) ;
#2211 = DIRECTION ( 'NONE',  ( 1.000000000000000000, -0.000000000000000000, 0.000000000000000000 ) ) ;
#2212 = FACE_OUTER_BOUND ( 'NONE', #1990, .T. ) ;
#2213 = CARTESIAN_POINT ( 'NONE',  ( 6.034115294734469614, 2.841825309700743318, -3.228378866191497831 ) ) ;
#2214 = DIRECTION ( 'NONE',  ( -3.097720492815727042E-17, -0.000000000000000000, -1.000000000000000000 ) ) ;
#2215 = CARTESIAN_POINT ( 'NONE',  ( 24.60000000000000497, 1.087867965644036206, -1.012132034355981425 ) ) ;
#2216 =( BOUNDED_CURVE ( )  B_SPLINE_CURVE ( 3, ( #2150, #3192, #1385, #2899 ),
 .UNSPECIFIED., .F., .T. ) 
 B_SPLINE_CURVE_WITH_KNOTS ( ( 4, 4 ),
 ( 3.268632641526499238, 5.124177656340322073 ),
 .UNSPECIFIED. ) 
 CURVE ( )  GEOMETRIC_REPRESENTATION_ITEM ( )  RATIONAL_B_SPLINE_CURVE ( ( 1.000000000000000000, 0.7330787334324707638, 0.7330787334324707638, 1.000000000000000000 ) ) 
 REPRESENTATION_ITEM ( '' )  );
#2217 = VERTEX_POINT ( 'NONE', #1414 ) ;
#2218 = CARTESIAN_POINT ( 'NONE',  ( 8.207855376028367900, 1.506952930524101619, -6.006064527321390401 ) ) ;
#2219 = EDGE_CURVE ( 'NONE', #3539, #1609, #4369, .T. ) ;
#2220 = DIRECTION ( 'NONE',  ( 1.000000000000000000, 0.000000000000000000, 0.000000000000000000 ) ) ;
#2221 = CARTESIAN_POINT ( 'NONE',  ( 2.600000019092457926, -0.1373290182885658350, -24.62806662344568309 ) ) ;
#2222 = DIRECTION ( 'NONE',  ( 0.000000000000000000, 0.000000000000000000, -1.000000000000000000 ) ) ;
#2223 = VECTOR ( 'NONE', #1490, 1000.000000000000000 ) ;
#2224 = ORIENTED_EDGE ( 'NONE', *, *, #3748, .T. ) ;
#2225 = EDGE_CURVE ( 'NONE', #1689, #3155, #2926, .T. ) ;
#2226 = CARTESIAN_POINT ( 'NONE',  ( 2.999999999999999112, 2.200000000000000622, -35.00000000000000000 ) ) ;
#2227 = DIRECTION ( 'NONE',  ( 3.097720492815727042E-17, 0.000000000000000000, 1.000000000000000000 ) ) ;
#2228 = CARTESIAN_POINT ( 'NONE',  ( 11.64891431098597963, 1.800468178335001834, -1.354016075752764836 ) ) ;
#2229 = ORIENTED_EDGE ( 'NONE', *, *, #3082, .T. ) ;
#2230 = EDGE_LOOP ( 'NONE', ( #3023, #962, #4619, #522 ) ) ;
#2231 = CIRCLE ( 'NONE', #4530, 0.4999999999999998890 ) ;
#2232 = DIRECTION ( 'NONE',  ( 0.000000000000000000, -1.000000000000000000, 0.000000000000000000 ) ) ;
#2233 = CIRCLE ( 'NONE', #645, 0.2999999999999999889 ) ;
#2234 = DIRECTION ( 'NONE',  ( 0.000000000000000000, 0.000000000000000000, -1.000000000000000000 ) ) ;
#2235 = AXIS2_PLACEMENT_3D ( 'NONE', #1024, #303, #1813 ) ;
#2236 = CARTESIAN_POINT ( 'NONE',  ( 7.700000000000000178, 2.112132034355963306, -1.612132034355977295 ) ) ;
#2237 = EDGE_LOOP ( 'NONE', ( #2994, #4370, #1219, #3217, #921, #4387, #3616 ) ) ;
#2238 = CARTESIAN_POINT ( 'NONE',  ( 3.132280924035393710, 3.632280924035519387, -6.047503914564714478 ) ) ;
#2239 = AXIS2_PLACEMENT_3D ( 'NONE', #2535, #4773, #1083 ) ;
#2240 = EDGE_CURVE ( 'NONE', #150, #2795, #2233, .T. ) ;
#2241 = CARTESIAN_POINT ( 'NONE',  ( 11.23431457505076025, 1.899999999999999245, -1.524264068711941977 ) ) ;
#2242 = CARTESIAN_POINT ( 'NONE',  ( 2.599999999999999201, 44.12071982757441901, -28.50000000000000000 ) ) ;
#2243 = ORIENTED_EDGE ( 'NONE', *, *, #1583, .T. ) ;
#2244 = FACE_OUTER_BOUND ( 'NONE', #2119, .T. ) ;
#2245 = CARTESIAN_POINT ( 'NONE',  ( 25.40000000000000213, 3.499999999999999556, -35.00000000000000000 ) ) ;
#2246 = DIRECTION ( 'NONE',  ( -1.000000000000000000, 0.000000000000000000, -0.000000000000000000 ) ) ;
#2247 = AXIS2_PLACEMENT_3D ( 'NONE', #3781, #1876, #1970 ) ;
#2248 = EDGE_CURVE ( 'NONE', #88, #1007, #3079, .T. ) ;
#2249 = CARTESIAN_POINT ( 'NONE',  ( 1.262157114610293673, 1.762157114610280129, -6.248840806196268360 ) ) ;
#2250 = ORIENTED_EDGE ( 'NONE', *, *, #3644, .F. ) ;
#2251 = CARTESIAN_POINT ( 'NONE',  ( 2.599999999999998312, -0.1821383476483398878, -21.22706070810702172 ) ) ;
#2252 = CYLINDRICAL_SURFACE ( 'NONE', #268, 1.000000000000000000 ) ;
#2253 = VECTOR ( 'NONE', #627, 1000.000000000000000 ) ;
#2254 = EDGE_CURVE ( 'NONE', #2069, #4054, #4442, .T. ) ;
#2255 = CARTESIAN_POINT ( 'NONE',  ( 32.30710678118654755, 0.4393398282201784188, -4.707106781186548794 ) ) ;
#2256 = VERTEX_POINT ( 'NONE', #2400 ) ;
#2257 = ORIENTED_EDGE ( 'NONE', *, *, #896, .F. ) ;
#2258 = AXIS2_PLACEMENT_3D ( 'NONE', #1709, #4712, #3216 ) ;
#2259 = FACE_OUTER_BOUND ( 'NONE', #1376, .T. ) ;
#2260 = VECTOR ( 'NONE', #3453, 1000.000000000000000 ) ;
#2261 = CARTESIAN_POINT ( 'NONE',  ( 24.90000000000000568, 0.08578643762688700769, -1.000000000000000000 ) ) ;
#2262 = VERTEX_POINT ( 'NONE', #2006 ) ;
#2263 = CARTESIAN_POINT ( 'NONE',  ( 2.070155607523106678, 2.570155607523267438, -5.087597642202390524 ) ) ;
#2264 = EDGE_CURVE ( 'NONE', #118, #4080, #2031, .T. ) ;
#2265 = VECTOR ( 'NONE', #3145, 1000.000000000000000 ) ;
#2266 = CARTESIAN_POINT ( 'NONE',  ( 8.500000000000000000, 1.899999999999999245, -1.824264068711941800 ) ) ;
#2267 = DIRECTION ( 'NONE',  ( 0.000000000000000000, 0.000000000000000000, 1.000000000000000000 ) ) ;
#2268 = ORIENTED_EDGE ( 'NONE', *, *, #383, .T. ) ;
#2269 = CARTESIAN_POINT ( 'NONE',  ( 24.59999999846629137, 1.367399608785590637, -1.332600389045611955 ) ) ;
#2270 = DIRECTION ( 'NONE',  ( -0.7071067811865455743, 0.7071067811865495711, 0.000000000000000000 ) ) ;
#2271 = DIRECTION ( 'NONE',  ( 0.000000000000000000, -1.000000000000000000, 0.000000000000000000 ) ) ;
#2272 = DIRECTION ( 'NONE',  ( 1.000000000000000000, 0.000000000000000000, 0.000000000000000000 ) ) ;
#2273 = CARTESIAN_POINT ( 'NONE',  ( 5.818245656101211694, 5.500000000000002665, -5.147380814755535106 ) ) ;
#2274 = ADVANCED_FACE ( 'NONE', ( #4262 ), #473, .T. ) ;
#2275 = ORIENTED_EDGE ( 'NONE', *, *, #1224, .T. ) ;
#2276 = CARTESIAN_POINT ( 'NONE',  ( 5.117851130197761833, 5.617851130197758280, -0.2357022603955152285 ) ) ;
#2277 = CARTESIAN_POINT ( 'NONE',  ( 25.60000000000000497, 44.12071982757441901, -7.000000000000002665 ) ) ;
#2278 = LINE ( 'NONE', #4161, #1295 ) ;
#2279 = VERTEX_POINT ( 'NONE', #939 ) ;
#2280 = ADVANCED_FACE ( 'NONE', ( #1243 ), #2376, .F. ) ;
#2281 = CARTESIAN_POINT ( 'NONE',  ( 3.569035593728847822, 1.930964406271147737, -2.138071187457708966 ) ) ;
#2282 = ORIENTED_EDGE ( 'NONE', *, *, #673, .T. ) ;
#2283 = EDGE_CURVE ( 'NONE', #1388, #744, #15, .T. ) ;
#2284 = DIRECTION ( 'NONE',  ( -1.000000000000000000, 2.312964634635742267E-15, -2.324616923165973097E-16 ) ) ;
#2285 = CARTESIAN_POINT ( 'NONE',  ( 27.55277677568032857, 5.000000063907600989, -5.881448830728705168 ) ) ;
#2286 = EDGE_CURVE ( 'NONE', #1912, #2512, #3215, .T. ) ;
#2287 = CARTESIAN_POINT ( 'NONE',  ( 27.18578643762689140, 0.1464466094067088386, 0.000000000000000000 ) ) ;
#2288 = DIRECTION ( 'NONE',  ( 0.000000000000000000, -0.7071067811865469066, 0.7071067811865481278 ) ) ;
#2289 = DATE_AND_TIME ( #783, #1849 ) ;
#2290 = DIRECTION ( 'NONE',  ( 0.000000000000000000, 0.000000000000000000, 1.000000000000000000 ) ) ;
#2291 = LINE ( 'NONE', #3804, #3818 ) ;
#2292 = DIRECTION ( 'NONE',  ( -0.7071067811865465735, -0.000000000000000000, -0.7071067811865485719 ) ) ;
#2293 = CARTESIAN_POINT ( 'NONE',  ( 2.999999999999999112, -2.600000000000000089, -28.47503319286579426 ) ) ;
#2294 = CARTESIAN_POINT ( 'NONE',  ( 20.59219179958687462, 1.104562975971631555, -0.9177768106337452769 ) ) ;
#2295 = DIRECTION ( 'NONE',  ( 0.000000000000000000, -0.000000000000000000, -1.000000000000000000 ) ) ;
#2296 = ORIENTED_EDGE ( 'NONE', *, *, #450, .F. ) ;
#2297 = DIRECTION ( 'NONE',  ( 0.000000000000000000, 0.000000000000000000, 1.000000000000000000 ) ) ;
#2298 = DIRECTION ( 'NONE',  ( -0.000000000000000000, 1.000000000000000000, -0.000000000000000000 ) ) ;
#2299 = DIRECTION ( 'NONE',  ( -0.000000000000000000, -0.000000000000000000, 1.000000000000000000 ) ) ;
#2300 = ORIENTED_EDGE ( 'NONE', *, *, #4429, .F. ) ;
#2301 = VERTEX_POINT ( 'NONE', #2723 ) ;
#2302 = CARTESIAN_POINT ( 'NONE',  ( 26.30000000000000426, 3.499999999999999556, -29.00000000000000355 ) ) ;
#2303 = ORIENTED_EDGE ( 'NONE', *, *, #4902, .F. ) ;
#2304 = B_SPLINE_CURVE_WITH_KNOTS ( 'NONE', 3,
 ( #2456, #534, #1598, #2744 ),
 .UNSPECIFIED., .F., .F.,
 ( 4, 4 ),
 ( 0.000000000000000000, 0.0001827412535341014458 ),
 .UNSPECIFIED. ) ;
#2305 = VECTOR ( 'NONE', #3430, 1000.000000000000000 ) ;
#2306 = CARTESIAN_POINT ( 'NONE',  ( 11.50000000000000000, 1.100000000000000089, -6.000000000000002665 ) ) ;
#2307 = ORIENTED_EDGE ( 'NONE', *, *, #2157, .F. ) ;
#2308 = EDGE_CURVE ( 'NONE', #53, #81, #842, .T. ) ;
#2309 = VECTOR ( 'NONE', #4198, 1000.000000000000000 ) ;
#2310 = CARTESIAN_POINT ( 'NONE',  ( 1.997881173819835432, 2.497881173819576972, -4.938684714867550341 ) ) ;
#2311 = CARTESIAN_POINT ( 'NONE',  ( 4.898105614692175536, 4.899860604364267402, -5.953864649114205321 ) ) ;
#2312 = CIRCLE ( 'NONE', #957, 0.5000000000000001110 ) ;
#2313 = DIRECTION ( 'NONE',  ( 1.000000000000000000, -0.000000000000000000, 2.478176394252580648E-16 ) ) ;
#2314 = CYLINDRICAL_SURFACE ( 'NONE', #591, 0.2999999999999999889 ) ;
#2315 = AXIS2_PLACEMENT_3D ( 'NONE', #1039, #4862, #2972 ) ;
#2316 = EDGE_LOOP ( 'NONE', ( #4322, #3682, #947, #4534, #4396, #2504, #2877, #2706, #4758, #3223, #1984 ) ) ;
#2318 = CARTESIAN_POINT ( 'NONE',  ( 32.60000000000000142, 0.08578643762690349450, -5.414213562373098476 ) ) ;
#2317 = APPROVAL_PERSON_ORGANIZATION ( #834, #741, #1688 ) ;
#2319 = PLANE ( 'NONE',  #4285 ) ;
#2320 = ORIENTED_EDGE ( 'NONE', *, *, #76, .F. ) ;
#2321 = ADVANCED_FACE ( 'NONE', ( #2343 ), #4654, .F. ) ;
#2322 = CIRCLE ( 'NONE', #185, 0.5000000000000000000 ) ;
#2323 = CARTESIAN_POINT ( 'NONE',  ( 0.000000000000000000, 0.08578643762688700769, -1.000000000000000000 ) ) ;
#2324 = LINE ( 'NONE', #4583, #3207 ) ;
#2325 = AXIS2_PLACEMENT_3D ( 'NONE', #3161, #4678, #3940 ) ;
#2326 = CIRCLE ( 'NONE', #1768, 6.000000000000001776 ) ;
#2327 = ADVANCED_FACE ( 'NONE', ( #2675 ), #3708, .F. ) ;
#2328 = VERTEX_POINT ( 'NONE', #138 ) ;
#2329 = ORIENTED_EDGE ( 'NONE', *, *, #3725, .T. ) ;
#2330 = CARTESIAN_POINT ( 'NONE',  ( 13.44644660940667258, 0.5000000000000000000, 13.44644660940671699 ) ) ;
#2331 = ORIENTED_EDGE ( 'NONE', *, *, #3795, .T. ) ;
#2332 = CARTESIAN_POINT ( 'NONE',  ( 1.084202172485504434E-16, 0.08578643762688697993, -5.414213562373112687 ) ) ;
#2333 = ORIENTED_EDGE ( 'NONE', *, *, #3242, .T. ) ;
#2334 = AXIS2_PLACEMENT_3D ( 'NONE', #4746, #511, #3874 ) ;
#2335 = EDGE_LOOP ( 'NONE', ( #1712, #4350, #585, #4165 ) ) ;
#2336 = CARTESIAN_POINT ( 'NONE',  ( 2.599999999999999201, 0.000000000000000000, -28.90000000000000213 ) ) ;
#2337 = CARTESIAN_POINT ( 'NONE',  ( 11.79999999999999716, 0.7928932188134335535, -0.2928932188134514281 ) ) ;
#2338 = VECTOR ( 'NONE', #1352, 1000.000000000000000 ) ;
#2339 = FACE_BOUND ( 'NONE', #2772, .T. ) ;
#2340 = CARTESIAN_POINT ( 'NONE',  ( 2.999999999999999556, -2.599999999999998312, -17.19664474737808391 ) ) ;
#2341 = ADVANCED_FACE ( 'NONE', ( #39 ), #2319, .T. ) ;
#2342 = CARTESIAN_POINT ( 'NONE',  ( 2.999999999999999112, -2.599999999999998312, -35.00000000000000000 ) ) ;
#2343 = FACE_OUTER_BOUND ( 'NONE', #3308, .T. ) ;
#2344 = CARTESIAN_POINT ( 'NONE',  ( 24.10000000000000853, 2.200000000000000622, -7.000000000000002665 ) ) ;
#2345 = ADVANCED_FACE ( 'NONE', ( #3066 ), #1232, .F. ) ;
#2346 = ORIENTED_EDGE ( 'NONE', *, *, #1766, .T. ) ;
#2347 = LINE ( 'NONE', #1629, #3972 ) ;
#2348 = DIRECTION ( 'NONE',  ( -0.000000000000000000, -0.000000000000000000, -1.000000000000000000 ) ) ;
#2349 =( BOUNDED_SURFACE ( )  B_SPLINE_SURFACE ( 3, 2, ( 
 ( #204, #132, #3543 ),
 ( #1292, #4647, #4669 ),
 ( #3130, #2847, #2826 ),
 ( #1267, #598, #924 ),
 ( #1639, #2806, #3153 ),
 ( #4313, #2476, #944 ),
 ( #2777, #3932, #3594 ),
 ( #4291, #3981, #1713 ),
 ( #2406, #879, #2012 ),
 ( #3221, #4738, #549 ),
 ( #3566, #178, #1316 ),
 ( #4267, #1686, #2108 ),
 ( #2037, #3199, #1249 ),
 ( #4355, #1336, #904 ) ),
 .UNSPECIFIED., .F., .F., .T. ) 
 B_SPLINE_SURFACE_WITH_KNOTS ( ( 4, 2, 2, 2, 2, 2, 4 ),
 ( 3, 3 ),
 ( 1.159007650839272818, 1.622893904542726862, 2.086780158246180683, 2.318723285097907816, 2.550666411949634949, 2.782609538801361637, 3.014552665653088770 ),
 ( 0.000000000000000000, 1.000000000000000000 ),
 .UNSPECIFIED. ) 
 GEOMETRIC_REPRESENTATION_ITEM ( )  RATIONAL_B_SPLINE_SURFACE ( (
 ( 1.000000000000000000, 0.8009428406336255302, 1.000000000000000000),
 ( 1.000000000000000000, 0.7697030783519652752, 1.000000000000000000),
 ( 1.000000000000000000, 0.7333019166061984784, 1.000000000000000000),
 ( 1.000000000000000000, 0.6546304387352335219, 1.000000000000000000),
 ( 1.000000000000000000, 0.6122486040048226164, 1.000000000000000000),
 ( 1.000000000000000000, 0.5497436765002620129, 1.000000000000000000),
 ( 1.000000000000000000, 0.5291191037841355138, 1.000000000000000000),
 ( 1.000000000000000000, 0.4897844246930124212, 1.000000000000000000),
 ( 1.000000000000000000, 0.4710736316049000671, 1.000000000000000000),
 ( 1.000000000000000000, 0.4375526421264845922, 1.000000000000000000),
 ( 1.000000000000000000, 0.4227573473344150012, 1.000000000000000000),
 ( 1.000000000000000000, 0.3993959840566664865, 1.000000000000000000),
 ( 1.000000000000000000, 0.3908514984231115097, 1.000000000000000000),
 ( 1.000000000000000000, 0.3863881487049887209, 1.000000000000000000) ) ) 
 REPRESENTATION_ITEM ( '' )  SURFACE ( )  );
#2350 = EDGE_CURVE ( 'NONE', #2069, #2128, #333, .T. ) ;
#2351 = ORIENTED_EDGE ( 'NONE', *, *, #3246, .T. ) ;
#2352 = ORIENTED_EDGE ( 'NONE', *, *, #3449, .T. ) ;
#2353 = ADVANCED_FACE ( 'NONE', ( #2363, #2762 ), #4203, .T. ) ;
#2354 = LINE ( 'NONE', #3879, #2579 ) ;
#2355 = ORIENTED_EDGE ( 'NONE', *, *, #1499, .F. ) ;
#2356 = LINE ( 'NONE', #2422, #1701 ) ;
#2357 = CARTESIAN_POINT ( 'NONE',  ( 7.700000000000000178, 0.08578643762688700769, -0.2999999999999999889 ) ) ;
#2358 = ORIENTED_EDGE ( 'NONE', *, *, #3473, .T. ) ;
#2359 = ORIENTED_EDGE ( 'NONE', *, *, #1754, .T. ) ;
#2360 = CARTESIAN_POINT ( 'NONE',  ( 20.60000000000000142, 0.08578643762688700769, -0.2999999999999998224 ) ) ;
#2361 = ORIENTED_EDGE ( 'NONE', *, *, #2429, .T. ) ;
#2362 = FACE_OUTER_BOUND ( 'NONE', #4176, .T. ) ;
#2363 = FACE_OUTER_BOUND ( 'NONE', #134, .T. ) ;
#2364 = CYLINDRICAL_SURFACE ( 'NONE', #2325, 0.5000000000000000000 ) ;
#2365 = CARTESIAN_POINT ( 'NONE',  ( 11.79999999999999893, 2.112132034355963750, -1.612132034355977517 ) ) ;
#2366 = EDGE_CURVE ( 'NONE', #4371, #4420, #1753, .T. ) ;
#2367 = ORIENTED_EDGE ( 'NONE', *, *, #2724, .F. ) ;
#2368 = DIRECTION ( 'NONE',  ( 0.000000000000000000, 0.000000000000000000, 1.000000000000000000 ) ) ;
#2369 = ADVANCED_FACE ( 'NONE', ( #2093 ), #3574, .T. ) ;
#2370 = DIRECTION ( 'NONE',  ( -0.7071067811865489050, -0.7071067811865461294, -0.000000000000000000 ) ) ;
#2371 = EDGE_CURVE ( 'NONE', #1957, #663, #4697, .T. ) ;
#2372 = ORIENTED_EDGE ( 'NONE', *, *, #288, .F. ) ;
#2373 = ORIENTED_EDGE ( 'NONE', *, *, #465, .T. ) ;
#2374 = CARTESIAN_POINT ( 'NONE',  ( 11.19784451587801932, 1.570456058482320172, -6.754184959888489104 ) ) ;
#2375 = VERTEX_POINT ( 'NONE', #911 ) ;
#2376 = CYLINDRICAL_SURFACE ( 'NONE', #1439, 0.5000000000000004441 ) ;
#2377 = ORIENTED_EDGE ( 'NONE', *, *, #2449, .F. ) ;
#2378 = ORIENTED_EDGE ( 'NONE', *, *, #4898, .F. ) ;
#2379 = CIRCLE ( 'NONE', #3171, 2.649999999999997691 ) ;
#2380 = DIRECTION ( 'NONE',  ( 0.000000000000000000, -1.000000000000000000, 0.000000000000000000 ) ) ;
#2381 = CARTESIAN_POINT ( 'NONE',  ( 24.54635877191315174, 1.377063844742843379, -1.247076002994580213 ) ) ;
#2382 = CARTESIAN_POINT ( 'NONE',  ( 20.86568542494923406, 1.599999999999999867, -1.224264068711943265 ) ) ;
#2383 = AXIS2_PLACEMENT_3D ( 'NONE', #3159, #3228, #4675 ) ;
#2384 = ORIENTED_EDGE ( 'NONE', *, *, #1720, .T. ) ;
#2385 = CARTESIAN_POINT ( 'NONE',  ( 2.599999999999998312, -2.000000000000000000, -17.19664474737808391 ) ) ;
#2386 = AXIS2_PLACEMENT_3D ( 'NONE', #1427, #316, #4048 ) ;
#2387 = VECTOR ( 'NONE', #4385, 1000.000000000000000 ) ;
#2388 = DIRECTION ( 'NONE',  ( 1.000000000000000000, 0.000000000000000000, -0.000000000000000000 ) ) ;
#2389 = CARTESIAN_POINT ( 'NONE',  ( 20.93973346106287536, 1.560730098647823194, -1.224264068711943265 ) ) ;
#2390 = FACE_OUTER_BOUND ( 'NONE', #2704, .T. ) ;
#2391 = AXIS2_PLACEMENT_3D ( 'NONE', #3345, #2900, #1462 ) ;
#2392 = CARTESIAN_POINT ( 'NONE',  ( 0.000000000000000000, 5.500000000000000000, 0.000000000000000000 ) ) ;
#2393 = ORIENTED_EDGE ( 'NONE', *, *, #3740, .T. ) ;
#2394 = DIRECTION ( 'NONE',  ( 0.000000000000000000, 0.7071067811865464625, 0.7071067811865486830 ) ) ;
#2395 = EDGE_CURVE ( 'NONE', #3870, #1957, #1298, .T. ) ;
#2396 = VERTEX_POINT ( 'NONE', #1647 ) ;
#2397 = CARTESIAN_POINT ( 'NONE',  ( 10.99999999999999822, 1.599999999999999867, -6.738138531716812096 ) ) ;
#2398 = EDGE_CURVE ( 'NONE', #53, #2256, #1049, .T. ) ;
#2399 = CIRCLE ( 'NONE', #1373, 2.000000000000000000 ) ;
#2400 = CARTESIAN_POINT ( 'NONE',  ( 24.60000000000000497, 0.7999999999999999334, -1.524264068711943310 ) ) ;
#2401 = VERTEX_POINT ( 'NONE', #2508 ) ;
#2402 = VERTEX_POINT ( 'NONE', #1002 ) ;
#2403 = ADVANCED_FACE ( 'NONE', ( #3961 ), #2482, .F. ) ;
#2404 = CARTESIAN_POINT ( 'NONE',  ( 8.500000000000000000, 1.687867965644034740, -1.612132034355977961 ) ) ;
#2405 = LINE ( 'NONE', #4177, #1542 ) ;
#2406 = CARTESIAN_POINT ( 'NONE',  ( 30.29280423498318697, 1.706413580345816250, -5.335868583870407633 ) ) ;
#2407 = CIRCLE ( 'NONE', #362, 1.000000000000000000 ) ;
#2408 = ADVANCED_FACE ( 'NONE', ( #183 ), #1738, .F. ) ;
#2409 = ORIENTED_EDGE ( 'NONE', *, *, #2951, .T. ) ;
#2410 = DIRECTION ( 'NONE',  ( 0.000000000000000000, -0.000000000000000000, -1.000000000000000000 ) ) ;
#2411 = LINE ( 'NONE', #2575, #4848 ) ;
#2412 = CIRCLE ( 'NONE', #3768, 0.9000000000000014655 ) ;
#2413 = LINE ( 'NONE', #2761, #1668 ) ;
#2414 = LINE ( 'NONE', #2884, #4357 ) ;
#2415 = CARTESIAN_POINT ( 'NONE',  ( 8.417719663180529110, 1.819371669380591916, -1.524264068711941755 ) ) ;
#2416 = AXIS2_PLACEMENT_3D ( 'NONE', #4018, #959, #3188 ) ;
#2417 = EDGE_LOOP ( 'NONE', ( #2377, #1169, #3609, #2170 ) ) ;
#2418 = FACE_OUTER_BOUND ( 'NONE', #1942, .T. ) ;
#2419 = AXIS2_PLACEMENT_3D ( 'NONE', #1441, #4465, #1076 ) ;
#2420 = ADVANCED_FACE ( 'NONE', ( #4010 ), #3820, .T. ) ;
#2421 = ORIENTED_EDGE ( 'NONE', *, *, #1277, .F. ) ;
#2422 = CARTESIAN_POINT ( 'NONE',  ( 0.000000000000000000, 0.000000000000000000, -13.60000000000000142 ) ) ;
#2423 = CARTESIAN_POINT ( 'NONE',  ( 2.600000000000000089, -2.600000000000000089, -14.00000000000000000 ) ) ;
#2424 = ORIENTED_EDGE ( 'NONE', *, *, #2893, .T. ) ;
#2425 = APPROVAL ( #4880, 'UNSPECIFIED' ) ;
#2426 = EDGE_CURVE ( 'NONE', #4782, #869, #2135, .T. ) ;
#2427 = ORIENTED_EDGE ( 'NONE', *, *, #4671, .T. ) ;
#2428 = DIRECTION ( 'NONE',  ( -1.000000000000000000, 0.000000000000000000, -2.478176394252580648E-16 ) ) ;
#2429 = EDGE_CURVE ( 'NONE', #918, #357, #602, .T. ) ;
#2430 = ORIENTED_EDGE ( 'NONE', *, *, #1953, .F. ) ;
#2431 = ADVANCED_FACE ( 'NONE', ( #1693 ), #3250, .T. ) ;
#2432 = DIRECTION ( 'NONE',  ( 0.000000000000000000, -1.000000000000000000, 0.000000000000000000 ) ) ;
#2433 = CARTESIAN_POINT ( 'NONE',  ( 31.22864435997168187, 1.000000000000000000, -4.335751141158233679 ) ) ;
#2434 = DIRECTION ( 'NONE',  ( 0.000000000000000000, 0.000000000000000000, 1.000000000000000000 ) ) ;
#2435 = CARTESIAN_POINT ( 'NONE',  ( 8.500000000000000000, 1.100000000000000089, -6.000000000000002665 ) ) ;
#2436 = PLANE ( 'NONE',  #840 ) ;
#2437 = VERTEX_POINT ( 'NONE', #211 ) ;
#2438 = CARTESIAN_POINT ( 'NONE',  ( 4.272401869241589267, -6.081118318204304707, -1.867326273985238538 ) ) ;
#2439 = DIRECTION ( 'NONE',  ( 0.000000000000000000, -0.7071067811865464625, -0.7071067811865486830 ) ) ;
#2440 = ORIENTED_EDGE ( 'NONE', *, *, #3997, .F. ) ;
#2441 = DIRECTION ( 'NONE',  ( -1.000000000000000000, 1.514190788282018734E-16, -6.608470384673522427E-17 ) ) ;
#2442 = LINE ( 'NONE', #3238, #2100 ) ;
#2443 = CARTESIAN_POINT ( 'NONE',  ( 7.480196097281428536, 2.200000000000028599, -5.999999999999957367 ) ) ;
#2444 = DIRECTION ( 'NONE',  ( -1.000000000000000000, 0.000000000000000000, -0.000000000000000000 ) ) ;
#2445 = ORIENTED_EDGE ( 'NONE', *, *, #4806, .T. ) ;
#2446 = VERTEX_POINT ( 'NONE', #4296 ) ;
#2447 = CYLINDRICAL_SURFACE ( 'NONE', #3092, 0.2999999999999999889 ) ;
#2448 = CARTESIAN_POINT ( 'NONE',  ( 2.600000000000000089, -3.000000000000000000, -14.00000000000000000 ) ) ;
#2449 = EDGE_CURVE ( 'NONE', #2014, #2201, #2414, .T. ) ;
#2450 = ORIENTED_EDGE ( 'NONE', *, *, #4514, .T. ) ;
#2451 = VECTOR ( 'NONE', #623, 1000.000000000000000 ) ;
#2452 = LINE ( 'NONE', #3156, #4046 ) ;
#2453 = CARTESIAN_POINT ( 'NONE',  ( 3.000000000000000000, 2.200000000000000622, -7.000000000000002665 ) ) ;
#2454 = DIRECTION ( 'NONE',  ( -0.7071067811865462405, -0.000000000000000000, -0.7071067811865487940 ) ) ;
#2455 = VECTOR ( 'NONE', #2785, 1000.000000000000000 ) ;
#2456 = CARTESIAN_POINT ( 'NONE',  ( 24.10000000000000497, 1.300000000000000044, -6.005012562893382366 ) ) ;
#2457 = DIRECTION ( 'NONE',  ( -1.000000000000000000, 0.000000000000000000, -0.000000000000000000 ) ) ;
#2458 = AXIS2_PLACEMENT_3D ( 'NONE', #2812, #4770, #928 ) ;
#2459 = ORIENTED_EDGE ( 'NONE', *, *, #1031, .T. ) ;
#2460 = ORIENTED_EDGE ( 'NONE', *, *, #1310, .T. ) ;
#2461 = CARTESIAN_POINT ( 'NONE',  ( 28.61780224943503015, 1.164248858841756995, -1.017802249435044049 ) ) ;
#2462 = CYLINDRICAL_SURFACE ( 'NONE', #2416, 0.5000000000000000000 ) ;
#2463 = AXIS2_PLACEMENT_3D ( 'NONE', #1805, #242, #1755 ) ;
#2464 = CIRCLE ( 'NONE', #1199, 1.000000000000000000 ) ;
#2465 = EDGE_CURVE ( 'NONE', #311, #2975, #159, .T. ) ;
#2466 = ORIENTED_EDGE ( 'NONE', *, *, #4307, .T. ) ;
#2467 = DIRECTION ( 'NONE',  ( 0.000000000000000000, -1.000000000000000000, 0.000000000000000000 ) ) ;
#2468 = CARTESIAN_POINT ( 'NONE',  ( 24.82799507137944062, 1.761257773484965927, -1.261175948594738694 ) ) ;
#2469 = LINE ( 'NONE', #219, #3907 ) ;
#2470 = CC_DESIGN_APPROVAL ( #741, ( #3827 ) ) ;
#2471 = DIRECTION ( 'NONE',  ( 0.000000000000000000, 0.000000000000000000, -1.000000000000000000 ) ) ;
#2472 = DIRECTION ( 'NONE',  ( 0.000000000000000000, 0.000000000000000000, -1.000000000000000000 ) ) ;
#2473 = VERTEX_POINT ( 'NONE', #4677 ) ;
#2474 = ORIENTED_EDGE ( 'NONE', *, *, #1112, .T. ) ;
#2475 = AXIS2_PLACEMENT_3D ( 'NONE', #4910, #1010, #2220 ) ;
#2476 = CARTESIAN_POINT ( 'NONE',  ( 30.21540448786121402, 2.884595512138794948, -5.511914363229070801 ) ) ;
#2477 = ORIENTED_EDGE ( 'NONE', *, *, #143, .F. ) ;
#2478 = ADVANCED_FACE ( 'NONE', ( #2855 ), #3919, .T. ) ;
#2479 = CARTESIAN_POINT ( 'NONE',  ( 5.106943764348378600, 0.7003260337770658150, -0.2003260337770835786 ) ) ;
#2480 = DIRECTION ( 'NONE',  ( 1.000000000000000000, -0.000000000000000000, -0.000000000000000000 ) ) ;
#2481 = CARTESIAN_POINT ( 'NONE',  ( 8.000000000000000000, 1.334314575050760565, -1.258578643762704674 ) ) ;
#2482 = PLANE ( 'NONE',  #2068 ) ;
#2483 = CARTESIAN_POINT ( 'NONE',  ( 26.21497449612056485, 5.406078830023767878, -4.906078830023639092 ) ) ;
#2484 = CARTESIAN_POINT ( 'NONE',  ( 11.49999999999999822, 1.600000000000000089, 0.000000000000000000 ) ) ;
#2485 = AXIS2_PLACEMENT_3D ( 'NONE', #3511, #2045, #3897 ) ;
#2486 = ORIENTED_EDGE ( 'NONE', *, *, #318, .F. ) ;
#2487 = EDGE_CURVE ( 'NONE', #3797, #4371, #94, .T. ) ;
#2488 = ORIENTED_EDGE ( 'NONE', *, *, #3277, .T. ) ;
#2489 = DIRECTION ( 'NONE',  ( 1.000000000000000000, 0.000000000000000000, -0.000000000000000000 ) ) ;
#2490 = CARTESIAN_POINT ( 'NONE',  ( 6.454078238361603326, 5.207106781186546129, -4.707106781186552347 ) ) ;
#2491 = AXIS2_PLACEMENT_3D ( 'NONE', #1727, #4731, #2123 ) ;
#2492 = EDGE_CURVE ( 'NONE', #721, #2795, #3572, .T. ) ;
#2493 = ORIENTED_EDGE ( 'NONE', *, *, #2248, .F. ) ;
#2494 = VECTOR ( 'NONE', #4704, 1000.000000000000000 ) ;
#2495 = DIRECTION ( 'NONE',  ( -1.000000000000000000, 0.000000000000000000, 0.000000000000000000 ) ) ;
#2496 = CARTESIAN_POINT ( 'NONE',  ( 0.1750420886156935363, 0.6750420886156747180, -4.824957911384323062 ) ) ;
#2497 = DIRECTION ( 'NONE',  ( -0.5773502691896221783, 0.5773502691896357231, 0.5773502691896194028 ) ) ;
#2498 = CARTESIAN_POINT ( 'NONE',  ( 5.414213562373100253, 5.500000000000000000, -35.00000000000000000 ) ) ;
#2499 = EDGE_CURVE ( 'NONE', #366, #3842, #2054, .T. ) ;
#2500 = VERTEX_POINT ( 'NONE', #4095 ) ;
#2501 = ORIENTED_EDGE ( 'NONE', *, *, #253, .T. ) ;
#2502 = CARTESIAN_POINT ( 'NONE',  ( 8.053641228086847903, 1.677063844742825660, -1.547076002994594246 ) ) ;
#2503 = CARTESIAN_POINT ( 'NONE',  ( 6.300000000000000711, 3.499999999999999556, -35.00000000000000000 ) ) ;
#2504 = ORIENTED_EDGE ( 'NONE', *, *, #2681, .F. ) ;
#2505 = FACE_OUTER_BOUND ( 'NONE', #3868, .T. ) ;
#2506 = LINE ( 'NONE', #4033, #1844 ) ;
#2507 = LINE ( 'NONE', #1417, #1989 ) ;
#2508 = CARTESIAN_POINT ( 'NONE',  ( 20.29999999999999716, 1.812132034355963706, -1.312132034355979027 ) ) ;
#2509 = CARTESIAN_POINT ( 'NONE',  ( 4.272401869241588379, 1.164248858841754775, -1.867326273985238538 ) ) ;
#2510 = CARTESIAN_POINT ( 'NONE',  ( 26.71856021041640972, 4.999999999858593114, -5.047237551753616103 ) ) ;
#2511 = CARTESIAN_POINT ( 'NONE',  ( 2.999999999999999112, 0.000000000000000000, -35.00000000000000000 ) ) ;
#2512 = VERTEX_POINT ( 'NONE', #2189 ) ;
#2513 = CARTESIAN_POINT ( 'NONE',  ( 7.780929761190988003, 2.200000000000000622, -7.000000000000002665 ) ) ;
#2514 = ORIENTED_EDGE ( 'NONE', *, *, #1561, .F. ) ;
#2515 = CYLINDRICAL_SURFACE ( 'NONE', #903, 0.2999999999999999334 ) ;
#2516 = DIRECTION ( 'NONE',  ( 7.836629005481875265E-31, -0.7071067811865486830, 0.7071067811865464625 ) ) ;
#2517 = EDGE_CURVE ( 'NONE', #1774, #3797, #3383, .T. ) ;
#2518 = ORIENTED_EDGE ( 'NONE', *, *, #1868, .T. ) ;
#2519 = CARTESIAN_POINT ( 'NONE',  ( 4.335751141158238120, 1.164248858841753886, -1.371355640028317113 ) ) ;
#2520 = CARTESIAN_POINT ( 'NONE',  ( 11.49999999999999822, 1.387867965644036250, -1.312132034355979915 ) ) ;
#2521 = DIRECTION ( 'NONE',  ( 1.000000000000000000, -0.000000000000000000, -0.000000000000000000 ) ) ;
#2522 = ADVANCED_FACE ( 'NONE', ( #4518 ), #560, .F. ) ;
#2523 = CARTESIAN_POINT ( 'NONE',  ( 32.60000000000000142, 0.08578643762690343899, -5.414213562373098476 ) ) ;
#2524 = ORIENTED_EDGE ( 'NONE', *, *, #4332, .T. ) ;
#2525 = ORIENTED_EDGE ( 'NONE', *, *, #2465, .T. ) ;
#2526 = CARTESIAN_POINT ( 'NONE',  ( 7.804738625597511081, 2.084359012201413730, -1.584359012201427941 ) ) ;
#2527 = ORIENTED_EDGE ( 'NONE', *, *, #2886, .F. ) ;
#2528 = DIRECTION ( 'NONE',  ( 0.000000000000000000, 0.000000000000000000, -1.000000000000000000 ) ) ;
#2529 = ADVANCED_FACE ( 'NONE', ( #2212 ), #258, .F. ) ;
#2530 = CARTESIAN_POINT ( 'NONE',  ( 20.29999999999999716, 0.000000000000000000, 0.000000000000000000 ) ) ;
#2531 =( BOUNDED_CURVE ( )  B_SPLINE_CURVE ( 3, ( #2183, #3052, #3027, #1890 ),
 .UNSPECIFIED., .F., .F. ) 
 B_SPLINE_CURVE_WITH_KNOTS ( ( 4, 4 ),
 ( 3.141592653589792672, 3.926990816987236066 ),
 .UNSPECIFIED. ) 
 CURVE ( )  GEOMETRIC_REPRESENTATION_ITEM ( )  RATIONAL_B_SPLINE_CURVE ( ( 1.000000000000000000, 0.9492530216741918991, 0.9492530216741918991, 1.000000000000000000 ) ) 
 REPRESENTATION_ITEM ( '' )  );
#2532 = DIRECTION ( 'NONE',  ( 0.000000000000000000, 0.000000000000000000, -1.000000000000000000 ) ) ;
#2533 = FACE_OUTER_BOUND ( 'NONE', #642, .T. ) ;
#2534 = CARTESIAN_POINT ( 'NONE',  ( 5.463112135158968208, 1.840374091402129819, -2.415880707949267237 ) ) ;
#2535 = CARTESIAN_POINT ( 'NONE',  ( 5.414213562373099364, 5.500000000000000000, -1.000000000000000000 ) ) ;
#2536 = EDGE_CURVE ( 'NONE', #2328, #4883, #3245, .T. ) ;
#2537 = CARTESIAN_POINT ( 'NONE',  ( 28.60000000000000142, 1.000000000000000000, -4.000000000000000000 ) ) ;
#2538 = ORIENTED_EDGE ( 'NONE', *, *, #4898, .T. ) ;
#2539 = DIRECTION ( 'NONE',  ( 0.000000000000000000, 0.000000000000000000, -1.000000000000000000 ) ) ;
#2541 = ORIENTED_EDGE ( 'NONE', *, *, #4335, .F. ) ;
#2540 = AXIS2_PLACEMENT_3D ( 'NONE', #2433, #3548, #113 ) ;
#2542 = DIRECTION ( 'NONE',  ( -1.000000000000000000, 0.000000000000000000, -4.956352788505161296E-16 ) ) ;
#2543 = FACE_OUTER_BOUND ( 'NONE', #3716, .T. ) ;
#2544 = CARTESIAN_POINT ( 'NONE',  ( 8.000000000000000000, 1.600000000000000089, -0.2999999999999999889 ) ) ;
#2545 = ORIENTED_EDGE ( 'NONE', *, *, #3222, .T. ) ;
#2546 = CARTESIAN_POINT ( 'NONE',  ( 24.90000000000000568, 1.812132034355963928, -1.312132034355979249 ) ) ;
#2547 = CARTESIAN_POINT ( 'NONE',  ( 0.1262135936287838434, 0.3375959060639225351, -4.910594625498998056 ) ) ;
#2548 = VECTOR ( 'NONE', #4393, 1000.000000000000114 ) ;
#2549 = CARTESIAN_POINT ( 'NONE',  ( 26.78175434389878973, 4.999999999999999112, -5.147380814755532441 ) ) ;
#2550 = DIRECTION ( 'NONE',  ( -0.000000000000000000, -1.000000000000000000, 0.000000000000000000 ) ) ;
#2551 = EDGE_LOOP ( 'NONE', ( #1452, #4726, #4184, #2733 ) ) ;
#2552 = ORIENTED_EDGE ( 'NONE', *, *, #2157, .T. ) ;
#2553 = CARTESIAN_POINT ( 'NONE',  ( 7.909398321080165495, 2.051085689013992575, -1.562128150094303614 ) ) ;
#2554 = ADVANCED_FACE ( 'NONE', ( #2533 ), #2164, .T. ) ;
#2555 = CARTESIAN_POINT ( 'NONE',  ( 32.36429773960448841, 5.264297739604484327, -5.471404520791035786 ) ) ;
#2556 = ORIENTED_EDGE ( 'NONE', *, *, #2619, .F. ) ;
#2557 = EDGE_CURVE ( 'NONE', #3057, #2301, #2075, .T. ) ;
#2558 = CARTESIAN_POINT ( 'NONE',  ( 1.371355640028318224, 0.8535533905932745080, -3.835751141158245225 ) ) ;
#2559 = CIRCLE ( 'NONE', #1611, 0.5000000000000000000 ) ;
#2560 = CARTESIAN_POINT ( 'NONE',  ( 27.73946438893336719, 4.853553390593273065, -5.970273702328224630 ) ) ;
#2561 = DIRECTION ( 'NONE',  ( 0.000000000000000000, 0.000000000000000000, -1.000000000000000000 ) ) ;
#2562 = VECTOR ( 'NONE', #1189, 1000.000000000000000 ) ;
#2563 = DIRECTION ( 'NONE',  ( -1.000000000000000000, 0.000000000000000000, -0.000000000000000000 ) ) ;
#2564 = CARTESIAN_POINT ( 'NONE',  ( 4.739181503191633560, 1.593392010237164591, -1.093392010237179468 ) ) ;
#2565 = EDGE_CURVE ( 'NONE', #1960, #4713, #679, .T. ) ;
#2566 = AXIS2_PLACEMENT_3D ( 'NONE', #1377, #2891, #2539 ) ;
#2567 = CARTESIAN_POINT ( 'NONE',  ( 5.060660171779828076, 0.7928932188134332204, -0.2928932188134514836 ) ) ;
#2568 = CYLINDRICAL_SURFACE ( 'NONE', #670, 1.000000000000000000 ) ;
#2569 =( BOUNDED_CURVE ( )  B_SPLINE_CURVE ( 3, ( #2382, #972, #1662, #3174 ),
 .UNSPECIFIED., .F., .T. ) 
 B_SPLINE_CURVE_WITH_KNOTS ( ( 4, 4 ),
 ( 2.356194490192342617, 3.141592653589793116 ),
 .UNSPECIFIED. ) 
 CURVE ( )  GEOMETRIC_REPRESENTATION_ITEM ( )  RATIONAL_B_SPLINE_CURVE ( ( 1.000000000000000000, 0.9492530216741907889, 0.9492530216741907889, 1.000000000000000000 ) ) 
 REPRESENTATION_ITEM ( '' )  );
#2570 = ORIENTED_EDGE ( 'NONE', *, *, #1770, .T. ) ;
#2571 = FACE_OUTER_BOUND ( 'NONE', #2003, .T. ) ;
#2572 = ORIENTED_EDGE ( 'NONE', *, *, #2286, .T. ) ;
#2573 = LINE ( 'NONE', #1480, #4375 ) ;
#2574 = CIRCLE ( 'NONE', #1071, 0.3999999999999993006 ) ;
#2575 = CARTESIAN_POINT ( 'NONE',  ( 5.414213562373100253, 5.500000000000000000, -6.454078238361599773 ) ) ;
#2576 = VERTEX_POINT ( 'NONE', #1847 ) ;
#2577 = CARTESIAN_POINT ( 'NONE',  ( 27.45454753969158190, 0.2201669886592324266, -4.830514825010275499E-16 ) ) ;
#2578 = CARTESIAN_POINT ( 'NONE',  ( 2.720394195476073751, 0.08602718297152135707, -22.70242254834637308 ) ) ;
#2579 = VECTOR ( 'NONE', #3538, 1000.000000000000000 ) ;
#2580 = DIRECTION ( 'NONE',  ( 0.000000000000000000, 0.000000000000000000, 1.000000000000000000 ) ) ;
#2581 = CARTESIAN_POINT ( 'NONE',  ( 24.10000000000000497, 1.299999999999999822, -6.909546596626674919 ) ) ;
#2582 = ORIENTED_EDGE ( 'NONE', *, *, #37, .T. ) ;
#2583 = VECTOR ( 'NONE', #4479, 1000.000000000000000 ) ;
#2584 = ORIENTED_EDGE ( 'NONE', *, *, #3150, .F. ) ;
#2585 = CARTESIAN_POINT ( 'NONE',  ( 4.707106781186552347, 5.207106781186546129, -6.428476888916176080 ) ) ;
#2586 = CARTESIAN_POINT ( 'NONE',  ( 27.73946438893337074, 4.853553390593271288, -5.970273702328224630 ) ) ;
#2587 = DIRECTION ( 'NONE',  ( 0.000000000000000000, 0.7071067811865485719, -0.7071067811865464625 ) ) ;
#2588 = ADVANCED_FACE ( 'NONE', ( #1815 ), #4849, .T. ) ;
#2589 = LINE ( 'NONE', #3696, #2714 ) ;
#2590 = CARTESIAN_POINT ( 'NONE',  ( 5.147380814755535106, 4.999999999999999112, -5.818245656101210805 ) ) ;
#2591 = CARTESIAN_POINT ( 'NONE',  ( 24.90000000000000568, 0.08578643762688700769, -1.000000000000000000 ) ) ;
#2592 = DIRECTION ( 'NONE',  ( -0.000000000000000000, 1.000000000000000000, -0.000000000000000000 ) ) ;
#2593 = EDGE_CURVE ( 'NONE', #2301, #2205, #1474, .T. ) ;
#2594 = CARTESIAN_POINT ( 'NONE',  ( 6.071347934663797297, 5.129117062673325123, -4.629117062673330452 ) ) ;
#2595 = CARTESIAN_POINT ( 'NONE',  ( 8.000000000000000000, 1.600000000000000089, 0.000000000000000000 ) ) ;
#2596 = EDGE_CURVE ( 'NONE', #3524, #2598, #1019, .T. ) ;
#2597 = CYLINDRICAL_SURFACE ( 'NONE', #1549, 1.000000000000000888 ) ;
#2598 = VERTEX_POINT ( 'NONE', #2241 ) ;
#2599 = CARTESIAN_POINT ( 'NONE',  ( 7.623566127933804282, 2.200000000000000622, -7.000000000000002665 ) ) ;
#2600 = CARTESIAN_POINT ( 'NONE',  ( 24.10000000000000497, 1.599999999999999867, -1.524264068711943310 ) ) ;
#2601 = DIRECTION ( 'NONE',  ( -0.7071067811865460184, 0.7071067811865490160, 0.000000000000000000 ) ) ;
#2602 = CARTESIAN_POINT ( 'NONE',  ( 5.970273702328218413, 4.853553390593273065, -4.860535611066651107 ) ) ;
#2603 = ORIENTED_EDGE ( 'NONE', *, *, #3677, .T. ) ;
#2604 = DIRECTION ( 'NONE',  ( 1.000000000000000000, 0.000000000000000000, 0.000000000000000000 ) ) ;
#2605 = DIRECTION ( 'NONE',  ( -0.000000000000000000, -0.7071067811865485719, 0.7071067811865465735 ) ) ;
#2606 = B_SPLINE_CURVE_WITH_KNOTS ( 'NONE', 3,
 ( #1216, #3838, #1170, #4582 ),
 .UNSPECIFIED., .F., .F.,
 ( 4, 4 ),
 ( 0.000000000000000000, 0.0003703489193431293465 ),
 .UNSPECIFIED. ) ;
#2607 = CARTESIAN_POINT ( 'NONE',  ( 0.1028504210243394584, 0.3443184293256037476, -4.897149578975680484 ) ) ;
#2608 = CARTESIAN_POINT ( 'NONE',  ( 11.49169666161076719, 1.784897685982310467, -1.503359620254781204 ) ) ;
#2609 = VERTEX_POINT ( 'NONE', #4064 ) ;
#2610 = ORIENTED_EDGE ( 'NONE', *, *, #1614, .F. ) ;
#2611 = CARTESIAN_POINT ( 'NONE',  ( 5.414213562373100253, 5.500000000000000000, -6.241093483101493256 ) ) ;
#2612 = FACE_OUTER_BOUND ( 'NONE', #4263, .T. ) ;
#2613 = DIRECTION ( 'NONE',  ( 0.000000000000000000, 0.000000000000000000, -1.000000000000000000 ) ) ;
#2614 = ORIENTED_EDGE ( 'NONE', *, *, #4682, .T. ) ;
#2615 = CARTESIAN_POINT ( 'NONE',  ( 1.994327219827130682, 2.494327219827118913, -6.082061143207352139 ) ) ;
#2616 = CYLINDRICAL_SURFACE ( 'NONE', #4605, 0.4000000000000001887 ) ;
#2617 = CARTESIAN_POINT ( 'NONE',  ( 5.400000000000001243, 3.499999999999999556, -29.00000000000000355 ) ) ;
#2618 = CARTESIAN_POINT ( 'NONE',  ( 5.122826960627638648, 1.737352028970168938, -1.237352028970183371 ) ) ;
#2619 = EDGE_CURVE ( 'NONE', #2217, #2748, #1213, .T. ) ;
#2620 = CARTESIAN_POINT ( 'NONE',  ( 30.73267372601475955, -6.081118318204304707, -4.272401869241585715 ) ) ;
#2621 = ORIENTED_EDGE ( 'NONE', *, *, #4591, .T. ) ;
#2622 = CARTESIAN_POINT ( 'NONE',  ( 11.00000000000000000, 1.600000000000000089, -6.083484861008834343 ) ) ;
#2623 = CARTESIAN_POINT ( 'NONE',  ( 8.500000000000000000, 1.100000000000000089, -1.824264068711941800 ) ) ;
#2624 = CARTESIAN_POINT ( 'NONE',  ( 2.646921383154110519, -0.003947481410772209730, -21.95550474586388390 ) ) ;
#2625 = CARTESIAN_POINT ( 'NONE',  ( 24.33431457505076878, 1.599999999999999867, -1.224264068711943265 ) ) ;
#2626 = PLANE ( 'NONE',  #4609 ) ;
#2627 = VECTOR ( 'NONE', #1685, 1000.000000000000000 ) ;
#2628 = VERTEX_POINT ( 'NONE', #1416 ) ;
#2629 = DIRECTION ( 'NONE',  ( -0.000000000000000000, -0.000000000000000000, -1.000000000000000000 ) ) ;
#2630 = CARTESIAN_POINT ( 'NONE',  ( 2.631928606331723319, -0.02604414635846586182, -21.80850425821456540 ) ) ;
#2631 = CIRCLE ( 'NONE', #2936, 0.2999999999999999889 ) ;
#2632 = ADVANCED_FACE ( 'NONE', ( #2186 ), #2091, .T. ) ;
#2633 = CARTESIAN_POINT ( 'NONE',  ( 5.279833011340755000, 0.3545475396915770405, -4.937061350682563456E-17 ) ) ;
#2634 = ORIENTED_EDGE ( 'NONE', *, *, #2786, .T. ) ;
#2635 = ORIENTED_EDGE ( 'NONE', *, *, #646, .F. ) ;
#2636 = CARTESIAN_POINT ( 'NONE',  ( 2.999999999999999556, -2.000000000000000000, -17.19664474737808391 ) ) ;
#2638 = ORIENTED_EDGE ( 'NONE', *, *, #3943, .T. ) ;
#2637 = VECTOR ( 'NONE', #4006, 1000.000000000000000 ) ;
#2639 = VECTOR ( 'NONE', #948, 1000.000000000000000 ) ;
#2640 = LINE ( 'NONE', #4515, #2027 ) ;
#2641 = ORIENTED_EDGE ( 'NONE', *, *, #2660, .F. ) ;
#2642 = CARTESIAN_POINT ( 'NONE',  ( 4.860535611066651107, 4.853553390593273953, -5.970273702328218413 ) ) ;
#2643 = CARTESIAN_POINT ( 'NONE',  ( 27.82430674236985979, 5.320202384013999364, -6.018777484946048695 ) ) ;
#2644 = CARTESIAN_POINT ( 'NONE',  ( 5.353553390593276617, 0.08578643762688700769, 0.000000000000000000 ) ) ;
#2645 = EDGE_CURVE ( 'NONE', #3592, #2401, #3889, .T. ) ;
#2646 = CARTESIAN_POINT ( 'NONE',  ( 27.29374438558463822, 1.831673758550202091, -1.331673758550215858 ) ) ;
#2647 = CIRCLE ( 'NONE', #1936, 0.2999999999999999334 ) ;
#2648 = EDGE_LOOP ( 'NONE', ( #401, #3719, #1735, #3562 ) ) ;
#2649 = SPHERICAL_SURFACE ( 'NONE', #3193, 0.5000000000000000000 ) ;
#2650 = CARTESIAN_POINT ( 'NONE',  ( 26.77157287525380625, 2.200000000000000622, -7.000000000000002665 ) ) ;
#2651 = CARTESIAN_POINT ( 'NONE',  ( 3.000000000000002665, 0.1999999999999826361, -24.11369665287452335 ) ) ;
#2652 = AXIS2_PLACEMENT_3D ( 'NONE', #3681, #2118, #3651 ) ;
#2653 = CARTESIAN_POINT ( 'NONE',  ( 19.60000000000000142, 0.000000000000000000, -6.000000000000002665 ) ) ;
#2654 = CARTESIAN_POINT ( 'NONE',  ( 6.018777484945694312, 5.320202384013582808, -4.775693257630785560 ) ) ;
#2655 = ORIENTED_EDGE ( 'NONE', *, *, #1923, .F. ) ;
#2656 = CARTESIAN_POINT ( 'NONE',  ( 6.241093483101493256, 5.500000000000000000, -5.414213562373100253 ) ) ;
#2657 = EDGE_CURVE ( 'NONE', #851, #53, #304, .T. ) ;
#2658 = CARTESIAN_POINT ( 'NONE',  ( 6.428476888916176080, 4.853553390593273065, -5.060660171779826300 ) ) ;
#2659 = VECTOR ( 'NONE', #1650, 1000.000000000000000 ) ;
#2660 = EDGE_CURVE ( 'NONE', #206, #2109, #4204, .T. ) ;
#2661 = VERTEX_POINT ( 'NONE', #2530 ) ;
#2662 = ORIENTED_EDGE ( 'NONE', *, *, #2977, .F. ) ;
#2663 = AXIS2_PLACEMENT_3D ( 'NONE', #4379, #2081, #1706 ) ;
#2664 = CARTESIAN_POINT ( 'NONE',  ( 3.982197750564964167, 1.000000000000000000, -1.724909030621590622 ) ) ;
#2665 = AXIS2_PLACEMENT_3D ( 'NONE', #3514, #1959, #66 ) ;
#2666 = CARTESIAN_POINT ( 'NONE',  ( 28.60000000000000142, -0.001000000000000132727, -4.000000000000000000 ) ) ;
#2667 = VERTEX_POINT ( 'NONE', #3324 ) ;
#2668 = CARTESIAN_POINT ( 'NONE',  ( 2.695378700294004393, 3.195378700293994179, -6.507165363277565007 ) ) ;
#2669 = CARTESIAN_POINT ( 'NONE',  ( 28.60000000000000142, 1.000000000000000000, -5.099999999999999645 ) ) ;
#2670 = B_SPLINE_CURVE_WITH_KNOTS ( 'NONE', 3,
 ( #3640, #4118, #4094, #3619, #1026, #1764 ),
 .UNSPECIFIED., .F., .F.,
 ( 4, 2, 4 ),
 ( 0.000000000000000000, 0.0001855072289950056405, 0.0003710144579900112810 ),
 .UNSPECIFIED. ) ;
#2671 = CALENDAR_DATE ( 2026, 29, 7 ) ;
#2672 = DIRECTION ( 'NONE',  ( 0.000000000000000000, 0.000000000000000000, 1.000000000000000000 ) ) ;
#2673 = ORIENTED_EDGE ( 'NONE', *, *, #3288, .F. ) ;
#2674 = LINE ( 'NONE', #3507, #3495 ) ;
#2675 = FACE_OUTER_BOUND ( 'NONE', #4680, .T. ) ;
#2676 = DIRECTION ( 'NONE',  ( -0.000000000000000000, -1.000000000000000000, -0.000000000000000000 ) ) ;
#2677 = ORIENTED_EDGE ( 'NONE', *, *, #680, .T. ) ;
#2678 = FACE_OUTER_BOUND ( 'NONE', #4087, .T. ) ;
#2679 = CARTESIAN_POINT ( 'NONE',  ( 29.60000000000000497, 0.1999999999999779732, -35.00000000000000000 ) ) ;
#2680 = CARTESIAN_POINT ( 'NONE',  ( 26.28174308044707885, 5.475294145458911466, -5.157088357604343365 ) ) ;
#2681 = EDGE_CURVE ( 'NONE', #674, #2473, #2111, .T. ) ;
#2682 = VERTEX_POINT ( 'NONE', #3639 ) ;
#2683 = ORIENTED_EDGE ( 'NONE', *, *, #490, .F. ) ;
#2684 = CARTESIAN_POINT ( 'NONE',  ( 4.802118180128277736, 5.302118180128273295, -6.407728326888982195 ) ) ;
#2685 = ORIENTED_EDGE ( 'NONE', *, *, #4233, .F. ) ;
#2686 = ADVANCED_FACE ( 'NONE', ( #2830 ), #1529, .T. ) ;
#2687 = CARTESIAN_POINT ( 'NONE',  ( 2.956752144729371867, -0.1436509642141365339, -21.35149392763521092 ) ) ;
#2688 = DIRECTION ( 'NONE',  ( 0.7071067811865485719, 0.000000000000000000, -0.7071067811865465735 ) ) ;
#2689 = FACE_OUTER_BOUND ( 'NONE', #1698, .T. ) ;
#2690 = CARTESIAN_POINT ( 'NONE',  ( 3.215482203135573869, 1.930964406271148182, -1.784517796864435679 ) ) ;
#2691 =( LENGTH_UNIT ( ) NAMED_UNIT ( * ) SI_UNIT ( .MILLI., .METRE. ) );
#2692 = ADVANCED_FACE ( 'NONE', ( #2882 ), #4439, .T. ) ;
#2693 = DIRECTION ( 'NONE',  ( 0.000000000000000000, 1.000000000000000000, 0.000000000000000000 ) ) ;
#2694 = DIRECTION ( 'NONE',  ( 1.000000000000000000, 0.000000000000000000, 0.000000000000000000 ) ) ;
#2695 = DIRECTION ( 'NONE',  ( 1.000000000000000000, 0.000000000000000000, -0.000000000000000000 ) ) ;
#2696 = DIRECTION ( 'NONE',  ( -0.000000000000000000, 0.000000000000000000, 1.000000000000000000 ) ) ;
#2697 = DIRECTION ( 'NONE',  ( 0.7071067811865461294, -0.7071067811865489050, -0.000000000000000000 ) ) ;
#2698 = ORIENTED_EDGE ( 'NONE', *, *, #748, .F. ) ;
#2699 = CARTESIAN_POINT ( 'NONE',  ( 20.29999999999999716, 0.08578643762688700769, -1.000000000000000000 ) ) ;
#2700 = DIRECTION ( 'NONE',  ( 0.000000000000000000, 0.000000000000000000, 1.000000000000000000 ) ) ;
#2701 =( BOUNDED_CURVE ( )  B_SPLINE_CURVE ( 3, ( #4723, #3231, #954, #3184 ),
 .UNSPECIFIED., .F., .T. ) 
 B_SPLINE_CURVE_WITH_KNOTS ( ( 4, 4 ),
 ( 1.570796326794896558, 2.356194490192343949 ),
 .UNSPECIFIED. ) 
 CURVE ( )  GEOMETRIC_REPRESENTATION_ITEM ( )  RATIONAL_B_SPLINE_CURVE ( ( 1.000000000000000000, 0.9492530216741912330, 0.9492530216741912330, 1.000000000000000000 ) ) 
 REPRESENTATION_ITEM ( '' )  );
#2702 = EDGE_CURVE ( 'NONE', #3487, #3305, #2506, .T. ) ;
#2703 = EDGE_LOOP ( 'NONE', ( #3089, #4140, #881, #4452 ) ) ;
#2704 = EDGE_LOOP ( 'NONE', ( #2752, #2808, #2372, #3929 ) ) ;
#2705 = LINE ( 'NONE', #3863, #4239 ) ;
#2706 = ORIENTED_EDGE ( 'NONE', *, *, #1654, .T. ) ;
#2707 = EDGE_LOOP ( 'NONE', ( #4815, #1332 ) ) ;
#2708 = PRODUCT_DEFINITION ( 'UNKNOWN', '', #495, #604 ) ;
#2709 = AXIS2_PLACEMENT_3D ( 'NONE', #1786, #3321, #4434 ) ;
#2710 = ADVANCED_FACE ( 'NONE', ( #648 ), #864, .T. ) ;
#2711 = CARTESIAN_POINT ( 'NONE',  ( 2.121976743644738761, 1.478120367956928582, -5.059792290940875681 ) ) ;
#2712 = CARTESIAN_POINT ( 'NONE',  ( 8.000000000000000000, 1.362087595571759291, -1.230805623314076502 ) ) ;
#2713 = CARTESIAN_POINT ( 'NONE',  ( 32.60000000000000142, 0.08578643762690349450, -5.353553390593274841 ) ) ;
#2714 = VECTOR ( 'NONE', #4389, 1000.000000000000000 ) ;
#2715 = DIRECTION ( 'NONE',  ( 1.752335333352424452E-16, 0.7071067811865485719, -0.7071067811865465735 ) ) ;
#2716 = ADVANCED_FACE ( 'NONE', ( #2689 ), #3544, .T. ) ;
#2717 = APPLICATION_PROTOCOL_DEFINITION ( 'international standard', 'config_control_design', 1994, #2024 ) ;
#2718 = VECTOR ( 'NONE', #3852, 1000.000000000000000 ) ;
#2719 = CYLINDRICAL_SURFACE ( 'NONE', #3118, 1.000000000000000000 ) ;
#2720 = VERTEX_POINT ( 'NONE', #3752 ) ;
#2721 = CARTESIAN_POINT ( 'NONE',  ( 31.22864435997168187, 1.164248858841775203, -4.335751141158233679 ) ) ;
#2722 = ADVANCED_FACE ( 'NONE', ( #385 ), #1520, .F. ) ;
#2723 = CARTESIAN_POINT ( 'NONE',  ( 5.400000000000001243, 3.499999999999999556, -29.00000000000000355 ) ) ;
#2724 = EDGE_CURVE ( 'NONE', #618, #932, #2059, .T. ) ;
#2725 = CARTESIAN_POINT ( 'NONE',  ( 32.57397265865127878, 0.2166604015549576656, -5.152465634516829596 ) ) ;
#2726 = ORIENTED_EDGE ( 'NONE', *, *, #2801, .T. ) ;
#2727 = VECTOR ( 'NONE', #3995, 1000.000000000000000 ) ;
#2728 = DIRECTION ( 'NONE',  ( -1.000000000000000000, 0.000000000000000000, 0.000000000000000000 ) ) ;
#2729 = ORIENTED_EDGE ( 'NONE', *, *, #4467, .F. ) ;
#2730 = EDGE_LOOP ( 'NONE', ( #2892, #3289, #3625, #4150 ) ) ;
#2731 =( BOUNDED_SURFACE ( )  B_SPLINE_SURFACE ( 3, 2, ( 
 ( #3757, #460, #4200 ),
 ( #437, #3386, #1950 ),
 ( #3481, #2986, #80 ),
 ( #4149, #1577, #3009 ),
 ( #4522, #1133, #2646 ),
 ( #387, #1899, #3407 ),
 ( #5, #1527, #857 ),
 ( #478, #2828, #552 ),
 ( #108, #3134, #882 ),
 ( #2015, #4183, #3312 ),
 ( #4834, #1428, #4079 ),
 ( #3762, #2992, #4529 ),
 ( #4230, #392, #40 ),
 ( #370, #3411, #1115 ) ),
 .UNSPECIFIED., .F., .F., .F. ) 
 B_SPLINE_SURFACE_WITH_KNOTS ( ( 4, 2, 2, 2, 2, 2, 4 ),
 ( 3, 3 ),
 ( 3.268632641526501459, 3.500575768378229036, 3.732518895229957057, 3.964462022081685078, 4.196405148933412654, 4.660291402636868696, 5.124177656340323850 ),
 ( 0.000000000000000000, 1.000000000000000000 ),
 .UNSPECIFIED. ) 
 GEOMETRIC_REPRESENTATION_ITEM ( )  RATIONAL_B_SPLINE_SURFACE ( (
 ( 1.000000000000000000, 0.3863881487049903862, 1.000000000000000000),
 ( 1.000000000000000000, 0.3908514984233024681, 1.000000000000000000),
 ( 1.000000000000000000, 0.3993959840564101360, 1.000000000000000000),
 ( 1.000000000000000000, 0.4227573473346770694, 1.000000000000000000),
 ( 1.000000000000000000, 0.4375526421264211985, 1.000000000000000000),
 ( 1.000000000000000000, 0.4710736316049669581, 1.000000000000000000),
 ( 1.000000000000000000, 0.4897844246934101586, 1.000000000000000000),
 ( 1.000000000000000000, 0.5291191037837437161, 1.000000000000000000),
 ( 1.000000000000000000, 0.5497436765002324810, 1.000000000000000000),
 ( 1.000000000000000000, 0.6122486040048766842, 1.000000000000000000),
 ( 1.000000000000000000, 0.6546304387352027687, 1.000000000000000000),
 ( 1.000000000000000000, 0.7333019166062334504, 1.000000000000000000),
 ( 1.000000000000000000, 0.7697030783519410724, 1.000000000000000000),
 ( 1.000000000000000000, 0.8009428406336276396, 1.000000000000000000) ) ) 
 REPRESENTATION_ITEM ( '' )  SURFACE ( )  );
#2732 = ORIENTED_EDGE ( 'NONE', *, *, #1197, .T. ) ;
#2733 = ORIENTED_EDGE ( 'NONE', *, *, #3515, .F. ) ;
#2734 = VECTOR ( 'NONE', #4774, 1000.000000000000114 ) ;
#2735 = ORIENTED_EDGE ( 'NONE', *, *, #1868, .F. ) ;
#2736 = CARTESIAN_POINT ( 'NONE',  ( 11.79999999999999716, 2.112132034355963306, -1.612132034355977295 ) ) ;
#2737 = CARTESIAN_POINT ( 'NONE',  ( 31.22864435997168187, 0.8535533905932752852, -3.835751141158234123 ) ) ;
#2738 = AXIS2_PLACEMENT_3D ( 'NONE', #3658, #568, #2872 ) ;
#2739 = EDGE_CURVE ( 'NONE', #1012, #357, #2464, .T. ) ;
#2740 = DIRECTION ( 'NONE',  ( 4.336808689942013299E-16, 0.000000000000000000, -1.000000000000000000 ) ) ;
#2741 = DIRECTION ( 'NONE',  ( 3.097720492815727042E-17, -0.000000000000000000, 1.000000000000000000 ) ) ;
#2742 = CARTESIAN_POINT ( 'NONE',  ( 20.99902911978646713, 1.521475626451018304, -1.232072269125064290 ) ) ;
#2743 = EDGE_CURVE ( 'NONE', #1388, #1459, #1346, .T. ) ;
#2744 = CARTESIAN_POINT ( 'NONE',  ( 24.27950549357115406, 1.266666666666667052, -6.000000000000002665 ) ) ;
#2745 = CARTESIAN_POINT ( 'NONE',  ( 24.27950549357115406, 1.266666666666666829, -6.000000000000002665 ) ) ;
#2746 = EDGE_LOOP ( 'NONE', ( #4634, #3980, #2430 ) ) ;
#2747 = FACE_OUTER_BOUND ( 'NONE', #1096, .T. ) ;
#2748 = VERTEX_POINT ( 'NONE', #2336 ) ;
#2749 = DIRECTION ( 'NONE',  ( 0.8456956540005641232, -0.000000000000000000, 0.5336654952351315151 ) ) ;
#2750 = ORIENTED_EDGE ( 'NONE', *, *, #3002, .T. ) ;
#2751 = ORIENTED_EDGE ( 'NONE', *, *, #2199, .F. ) ;
#2752 = ORIENTED_EDGE ( 'NONE', *, *, #2283, .T. ) ;
#2753 = CARTESIAN_POINT ( 'NONE',  ( 31.60000000000000142, 0.08578643762690349450, -35.00000000000000000 ) ) ;
#2754 = CARTESIAN_POINT ( 'NONE',  ( 24.63786408008010298, 1.212545482171124345, -0.9231421248451937567 ) ) ;
#2755 = CARTESIAN_POINT ( 'NONE',  ( 0.000000000000000000, 5.500000000000000000, 0.000000000000000000 ) ) ;
#2756 = PERSON_AND_ORGANIZATION ( #4792, #102 ) ;
#2757 = ORIENTED_EDGE ( 'NONE', *, *, #4388, .F. ) ;
#2758 = DIRECTION ( 'NONE',  ( 0.000000000000000000, -1.000000000000000000, 0.000000000000000000 ) ) ;
#2759 = CARTESIAN_POINT ( 'NONE',  ( 24.10000000000000497, 1.300000000000000044, -1.524264068711943310 ) ) ;
#2760 = ADVANCED_FACE ( 'NONE', ( #3103 ), #2775, .T. ) ;
#2761 = CARTESIAN_POINT ( 'NONE',  ( 29.60000000000000497, 44.12071982757441901, -35.00000000000000000 ) ) ;
#2762 = FACE_BOUND ( 'NONE', #1506, .T. ) ;
#2763 = DIRECTION ( 'NONE',  ( 1.000000000000000000, -0.000000000000000000, -0.000000000000000000 ) ) ;
#2764 = LINE ( 'NONE', #863, #3903 ) ;
#2765 = ORIENTED_EDGE ( 'NONE', *, *, #3714, .T. ) ;
#2766 = CYLINDRICAL_SURFACE ( 'NONE', #1705, 0.5000000000000004441 ) ;
#2767 = EDGE_CURVE ( 'NONE', #4661, #4901, #4615, .T. ) ;
#2768 = VERTEX_POINT ( 'NONE', #2360 ) ;
#2769 = VERTEX_POINT ( 'NONE', #1247 ) ;
#2770 = CARTESIAN_POINT ( 'NONE',  ( 11.29472551384330536, 1.515771068555982648, -6.813895810867427905 ) ) ;
#2771 = EDGE_CURVE ( 'NONE', #2748, #597, #1573, .T. ) ;
#2772 = EDGE_LOOP ( 'NONE', ( #3120, #2307 ) ) ;
#2773 = ORIENTED_EDGE ( 'NONE', *, *, #288, .T. ) ;
#2774 = CIRCLE ( 'NONE', #4683, 0.4999999999999999445 ) ;
#2775 = CYLINDRICAL_SURFACE ( 'NONE', #4603, 1.000000000000000000 ) ;
#2776 = CARTESIAN_POINT ( 'NONE',  ( 24.40836261116440298, 1.639269901352162107, -1.224264068711943487 ) ) ;
#2777 = CARTESIAN_POINT ( 'NONE',  ( 29.94039875003631934, 2.140773829233793002, -5.689219418073861334 ) ) ;
#2778 = VECTOR ( 'NONE', #1617, 999.9999999999998863 ) ;
#2779 = DATE_AND_TIME ( #1640, #4222 ) ;
#2780 = VERTEX_POINT ( 'NONE', #832 ) ;
#2781 = CARTESIAN_POINT ( 'NONE',  ( 26.35115919380373128, 1.762157114610279462, -1.262157114610293007 ) ) ;
#2782 = DIRECTION ( 'NONE',  ( 0.000000000000000000, -1.000000000000000000, 0.000000000000000000 ) ) ;
#2783 = CIRCLE ( 'NONE', #1281, 0.2999999999999999334 ) ;
#2784 = AXIS2_PLACEMENT_3D ( 'NONE', #4622, #2715, #4173 ) ;
#2785 = DIRECTION ( 'NONE',  ( -1.000000000000000000, -0.000000000000000000, -0.000000000000000000 ) ) ;
#2786 = EDGE_CURVE ( 'NONE', #3164, #311, #1986, .T. ) ;
#2787 = DIRECTION ( 'NONE',  ( 0.000000000000000000, 0.000000000000000000, -1.000000000000000000 ) ) ;
#2788 = CARTESIAN_POINT ( 'NONE',  ( 3.426598668276518822, 3.086142740177524324, -6.596559178217595409 ) ) ;
#2789 = CIRCLE ( 'NONE', #1842, 6.000000000000001776 ) ;
#2790 = CARTESIAN_POINT ( 'NONE',  ( 0.000000000000000000, 5.500000000000000000, 0.000000000000000000 ) ) ;
#2791 = VERTEX_POINT ( 'NONE', #3501 ) ;
#2792 = LOCAL_TIME ( 20, 3, 17.00000000000000000, #33 ) ;
#2793 = CARTESIAN_POINT ( 'NONE',  ( 11.23431457505076025, 1.899999999999999245, -1.524264068711941977 ) ) ;
#2794 = CYLINDRICAL_SURFACE ( 'NONE', #2665, 1.100000000000000311 ) ;
#2795 = VERTEX_POINT ( 'NONE', #1265 ) ;
#2796 = VECTOR ( 'NONE', #419, 1000.000000000000000 ) ;
#2797 = EDGE_LOOP ( 'NONE', ( #517, #4026, #4211, #3993 ) ) ;
#2798 = CARTESIAN_POINT ( 'NONE',  ( 5.414213562373100253, 4.500000000000000000, -35.00000000000000000 ) ) ;
#2799 = ADVANCED_FACE ( 'NONE', ( #4287 ), #3459, .T. ) ;
#2800 = CIRCLE ( 'NONE', #1064, 1.000000000000000888 ) ;
#2801 = EDGE_CURVE ( 'NONE', #4805, #2116, #4724, .T. ) ;
#2802 = EDGE_LOOP ( 'NONE', ( #4923, #2121, #2751, #3831 ) ) ;
#2803 = ORIENTED_EDGE ( 'NONE', *, *, #2010, .T. ) ;
#2804 =( BOUNDED_CURVE ( )  B_SPLINE_CURVE ( 3, ( #761, #2985, #3405, #3828 ),
 .UNSPECIFIED., .F., .F. ) 
 B_SPLINE_CURVE_WITH_KNOTS ( ( 4, 4 ),
 ( 1.570796326794896780, 2.356194490192339508 ),
 .UNSPECIFIED. ) 
 CURVE ( )  GEOMETRIC_REPRESENTATION_ITEM ( )  RATIONAL_B_SPLINE_CURVE ( ( 1.000000000000000000, 0.9492530216741918991, 0.9492530216741918991, 1.000000000000000000 ) ) 
 REPRESENTATION_ITEM ( '' )  );
#2805 = CARTESIAN_POINT ( 'NONE',  ( 0.000000000000000000, 2.199999999999999734, 0.000000000000000000 ) ) ;
#2806 = CARTESIAN_POINT ( 'NONE',  ( 29.81335270771327473, 3.286647292286732913, -5.861794681070541913 ) ) ;
#2807 = CIRCLE ( 'NONE', #3595, 0.4999999999999997224 ) ;
#2808 = ORIENTED_EDGE ( 'NONE', *, *, #3472, .F. ) ;
#2809 = LINE ( 'NONE', #926, #1284 ) ;
#2810 = AXIS2_PLACEMENT_3D ( 'NONE', #3948, #4377, #2495 ) ;
#2811 = LINE ( 'NONE', #1297, #4525 ) ;
#2812 = CARTESIAN_POINT ( 'NONE',  ( 2.599999999999998312, -2.000000000000000000, -17.19664474737808391 ) ) ;
#2813 = CARTESIAN_POINT ( 'NONE',  ( 25.40000000000000213, 3.499999999999999556, -29.00000000000000355 ) ) ;
#2814 = DIRECTION ( 'NONE',  ( 0.000000000000000000, 1.000000000000000000, 0.000000000000000000 ) ) ;
#2815 = VECTOR ( 'NONE', #1700, 1000.000000000000000 ) ;
#2816 = ORIENTED_EDGE ( 'NONE', *, *, #588, .F. ) ;
#2817 = CARTESIAN_POINT ( 'NONE',  ( 2.600000000000000089, -2.600000000000000089, -14.00000000000000000 ) ) ;
#2818 = ORIENTED_EDGE ( 'NONE', *, *, #3795, .F. ) ;
#2819 = DIRECTION ( 'NONE',  ( 0.000000000000000000, 0.000000000000000000, -1.000000000000000000 ) ) ;
#2820 = CARTESIAN_POINT ( 'NONE',  ( 20.29999999999999716, 1.812132034355963706, -1.312132034355979027 ) ) ;
#2821 = EDGE_CURVE ( 'NONE', #824, #2217, #3849, .T. ) ;
#2822 = CARTESIAN_POINT ( 'NONE',  ( 28.82490903062157628, 0.7928932188134516501, -1.224909030621590622 ) ) ;
#2823 = CARTESIAN_POINT ( 'NONE',  ( 20.97816779692969646, 1.288850964832149337, -6.000000038767394628 ) ) ;
#2824 = VERTEX_POINT ( 'NONE', #4246 ) ;
#2825 = ORIENTED_EDGE ( 'NONE', *, *, #1583, .F. ) ;
#2826 = CARTESIAN_POINT ( 'NONE',  ( 28.68233930131426135, 4.417660698685751619, -6.667742724643057173 ) ) ;
#2827 = EDGE_LOOP ( 'NONE', ( #22, #4839, #2634, #1571, #4777, #577, #4908 ) ) ;
#2828 = CARTESIAN_POINT ( 'NONE',  ( 27.22554107953141767, 2.765669573857616470, -2.265669573856832208 ) ) ;
#2829 = DIRECTION ( 'NONE',  ( 1.000000000000000000, 0.000000000000000000, -0.000000000000000000 ) ) ;
#2830 = FACE_OUTER_BOUND ( 'NONE', #3758, .T. ) ;
#2831 = DIRECTION ( 'NONE',  ( 0.000000000000000000, -1.000000000000000000, 0.000000000000000000 ) ) ;
#2832 = CARTESIAN_POINT ( 'NONE',  ( 5.353553390593276617, 0.08578643762688700769, 0.000000000000000000 ) ) ;
#2833 = EDGE_CURVE ( 'NONE', #819, #1070, #4445, .T. ) ;
#2834 = CARTESIAN_POINT ( 'NONE',  ( 28.32759813075840682, 1.164248858841756107, -1.867326273985240537 ) ) ;
#2835 = LINE ( 'NONE', #484, #2659 ) ;
#2836 = ORIENTED_EDGE ( 'NONE', *, *, #3939, .T. ) ;
#2837 = ORIENTED_EDGE ( 'NONE', *, *, #1702, .T. ) ;
#2838 = CARTESIAN_POINT ( 'NONE',  ( 0.2928932188134514836, 0.7928932188134336645, -5.060660171779839622 ) ) ;
#2839 = VERTEX_POINT ( 'NONE', #2404 ) ;
#2840 = LINE ( 'NONE', #1679, #596 ) ;
#2841 = CARTESIAN_POINT ( 'NONE',  ( 24.90000000000000568, 0.000000000000000000, 0.000000000000000000 ) ) ;
#2842 = ADVANCED_FACE ( 'NONE', ( #854 ), #668, .F. ) ;
#2843 = CARTESIAN_POINT ( 'NONE',  ( 2.600000000000000089, 0.000000000000000000, -14.00000000000000000 ) ) ;
#2844 = EDGE_LOOP ( 'NONE', ( #2974, #1608, #1543, #4748 ) ) ;
#2845 = ORIENTED_EDGE ( 'NONE', *, *, #779, .T. ) ;
#2846 = FACE_OUTER_BOUND ( 'NONE', #1032, .T. ) ;
#2847 = CARTESIAN_POINT ( 'NONE',  ( 28.73015458940092515, 4.369845410598856894, -6.199848963086076914 ) ) ;
#2848 =( BOUNDED_CURVE ( )  B_SPLINE_CURVE ( 3, ( #2664, #3001, #1072, #1149 ),
 .UNSPECIFIED., .F., .T. ) 
 B_SPLINE_CURVE_WITH_KNOTS ( ( 4, 4 ),
 ( 3.141592653589794892, 4.712388980384689674 ),
 .UNSPECIFIED. ) 
 CURVE ( )  GEOMETRIC_REPRESENTATION_ITEM ( )  RATIONAL_B_SPLINE_CURVE ( ( 1.000000000000000000, 0.8047378541243654926, 0.8047378541243654926, 1.000000000000000000 ) ) 
 REPRESENTATION_ITEM ( '' )  );
#2849 = CC_DESIGN_PERSON_AND_ORGANIZATION_ASSIGNMENT ( #57, #3132, ( #495 ) ) ;
#2850 = ORIENTED_EDGE ( 'NONE', *, *, #1897, .F. ) ;
#2851 = VECTOR ( 'NONE', #3774, 1000.000000000000000 ) ;
#2852 = DIRECTION ( 'NONE',  ( -1.000000000000000000, 0.000000000000000000, 0.000000000000000000 ) ) ;
#2853 = CARTESIAN_POINT ( 'NONE',  ( 0.000000000000000000, 1.899999999999999245, -1.824264068711941800 ) ) ;
#2854 = DIRECTION ( 'NONE',  ( 1.734723475976807094E-15, 0.000000000000000000, 1.000000000000000000 ) ) ;
#2855 = FACE_OUTER_BOUND ( 'NONE', #262, .T. ) ;
#2856 = ADVANCED_FACE ( 'NONE', ( #4028 ), #2447, .T. ) ;
#2857 = AXIS2_PLACEMENT_3D ( 'NONE', #4797, #305, #2532 ) ;
#2858 = CARTESIAN_POINT ( 'NONE',  ( 0.000000000000000000, 0.000000000000000000, -35.00000000000000000 ) ) ;
#2859 = CARTESIAN_POINT ( 'NONE',  ( 5.145452460308407971, 0.2201669886592326486, -2.662110480039267124E-16 ) ) ;
#2860 = CIRCLE ( 'NONE', #2942, 1.099999999999999423 ) ;
#2861 = AXIS2_PLACEMENT_3D ( 'NONE', #4328, #1982, #2032 ) ;
#2862 = EDGE_LOOP ( 'NONE', ( #4238, #1878, #4383, #398 ) ) ;
#2863 = EDGE_LOOP ( 'NONE', ( #373, #1261, #641, #4241 ) ) ;
#2864 = DIRECTION ( 'NONE',  ( 3.097720492815727042E-17, 0.000000000000000000, 1.000000000000000000 ) ) ;
#2865 = LINE ( 'NONE', #1674, #4560 ) ;
#2866 = EDGE_CURVE ( 'NONE', #1978, #2720, #2904, .T. ) ;
#2867 = CIRCLE ( 'NONE', #2391, 1.000000000000000888 ) ;
#2868 = AXIS2_PLACEMENT_3D ( 'NONE', #4544, #4172, #4645 ) ;
#2869 = CIRCLE ( 'NONE', #3753, 6.400000000000003020 ) ;
#2870 = ORIENTED_EDGE ( 'NONE', *, *, #1246, .T. ) ;
#2871 = DIRECTION ( 'NONE',  ( 0.000000000000000000, 1.000000000000000000, 8.673617379884035472E-16 ) ) ;
#2872 = DIRECTION ( 'NONE',  ( 0.000000000000000000, 0.000000000000000000, -1.000000000000000000 ) ) ;
#2873 = APPROVAL_PERSON_ORGANIZATION ( #809, #67, #436 ) ;
#2874 = CARTESIAN_POINT ( 'NONE',  ( 32.60000000000000142, 0.000000000000000000, -5.414213562373098476 ) ) ;
#2875 = TOROIDAL_SURFACE ( 'NONE', #3830, 1.500000000000000000, 1.000000000000000000 ) ;
#2876 = DIRECTION ( 'NONE',  ( -0.000000000000000000, 1.000000000000000000, -0.000000000000000000 ) ) ;
#2877 = ORIENTED_EDGE ( 'NONE', *, *, #4311, .T. ) ;
#2878 = ORIENTED_EDGE ( 'NONE', *, *, #1401, .F. ) ;
#2879 = DIRECTION ( 'NONE',  ( -1.000000000000000000, 0.000000000000000000, 0.000000000000000000 ) ) ;
#2880 = AXIS2_PLACEMENT_3D ( 'NONE', #1624, #3140, #4298 ) ;
#2881 = CARTESIAN_POINT ( 'NONE',  ( 4.910594625498981181, 0.3375959060639236453, -0.1262135936287856752 ) ) ;
#2882 = FACE_OUTER_BOUND ( 'NONE', #2001, .T. ) ;
#2883 =( BOUNDED_SURFACE ( )  B_SPLINE_SURFACE ( 3, 2, ( 
 ( #4833, #3015, #2602 ),
 ( #4532, #2654, #1063 ),
 ( #4157, #2200, #3311 ),
 ( #770, #2273, #1827 ) ),
 .UNSPECIFIED., .F., .F., .F. ) 
 B_SPLINE_SURFACE_WITH_KNOTS ( ( 4, 4 ),
 ( 3, 3 ),
 ( 0.001900644807045047706, 0.002334411788892552624 ),
 ( 0.000000000000000000, 1.000000000000000000 ),
 .UNSPECIFIED. ) 
 GEOMETRIC_REPRESENTATION_ITEM ( )  RATIONAL_B_SPLINE_SURFACE ( (
 ( 1.000000000000000000, 0.8009428406336279727, 1.000000000000000000),
 ( 1.000000000000000000, 0.7848735576700793803, 1.000000000000000000),
 ( 1.000000000000000000, 0.7538547688008524483, 1.000000000000000000),
 ( 1.000000000000000000, 0.7071067811865472397, 1.000000000000000000) ) ) 
 REPRESENTATION_ITEM ( '' )  SURFACE ( )  );
#2884 = CARTESIAN_POINT ( 'NONE',  ( 27.24644660940671059, 0.7928932188134335535, -0.2928932188134514281 ) ) ;
#2885 = CIRCLE ( 'NONE', #4472, 2.149999999999999023 ) ;
#2886 = EDGE_CURVE ( 'NONE', #2609, #2050, #2312, .T. ) ;
#2887 = CARTESIAN_POINT ( 'NONE',  ( 27.18578643762689140, 5.500000000000000000, -1.000000000000000000 ) ) ;
#2888 = CARTESIAN_POINT ( 'NONE',  ( 0.2928932188134514281, 0.000000000000000000, -4.707106781186565669 ) ) ;
#2889 = VECTOR ( 'NONE', #4348, 1000.000000000000000 ) ;
#2890 = ORIENTED_EDGE ( 'NONE', *, *, #97, .T. ) ;
#2891 = DIRECTION ( 'NONE',  ( 1.000000000000000000, -0.000000000000000000, 0.000000000000000000 ) ) ;
#2892 = ORIENTED_EDGE ( 'NONE', *, *, #2833, .F. ) ;
#2893 = EDGE_CURVE ( 'NONE', #1962, #1683, #1785, .T. ) ;
#2894 = DIRECTION ( 'NONE',  ( -0.000000000000000000, 1.000000000000000000, -0.000000000000000000 ) ) ;
#2895 = CARTESIAN_POINT ( 'NONE',  ( 6.241093483101493256, 4.999999999999999112, -5.414213562373101141 ) ) ;
#2896 = VECTOR ( 'NONE', #426, 1000.000000000000000 ) ;
#2897 = ORIENTED_EDGE ( 'NONE', *, *, #3449, .F. ) ;
#2898 = VECTOR ( 'NONE', #1747, 1000.000000000000000 ) ;
#2899 = CARTESIAN_POINT ( 'NONE',  ( 5.970273702328218413, 4.853553390593271288, -4.860535611066649331 ) ) ;
#2900 = DIRECTION ( 'NONE',  ( -1.000000000000000000, 0.000000000000000000, -0.000000000000000000 ) ) ;
#2901 = CARTESIAN_POINT ( 'NONE',  ( 1.000000000000000000, 0.000000000000000000, -5.414213562373112687 ) ) ;
#2902 = VERTEX_POINT ( 'NONE', #3197 ) ;
#2903 = ORIENTED_EDGE ( 'NONE', *, *, #646, .T. ) ;
#2904 = LINE ( 'NONE', #2156, #4362 ) ;
#2905 = ADVANCED_FACE ( 'NONE', ( #1315 ), #175, .T. ) ;
#2906 = LINE ( 'NONE', #1469, #2387 ) ;
#2907 = CARTESIAN_POINT ( 'NONE',  ( 0.000000000000000000, -5.914213562373112687, -23.00000000000000355 ) ) ;
#2908 = CARTESIAN_POINT ( 'NONE',  ( 27.80032603377710743, 0.3930562356516595912, -0.2003260337771190780 ) ) ;
#2909 = CARTESIAN_POINT ( 'NONE',  ( 2.600000000000000533, -2.600000000000000089, -8.054073281320891666E-17 ) ) ;
#2910 = ADVANCED_FACE ( 'NONE', ( #2846 ), #24, .T. ) ;
#2911 = DIRECTION ( 'NONE',  ( 1.000000000000000000, -0.000000000000000000, 2.478176394252580648E-16 ) ) ;
#2912 = ORIENTED_EDGE ( 'NONE', *, *, #4365, .F. ) ;
#2913 = CARTESIAN_POINT ( 'NONE',  ( 11.23956690146796333, 1.543025892540216937, -6.024101891095678063 ) ) ;
#2914 = ORIENTED_EDGE ( 'NONE', *, *, #2225, .T. ) ;
#2915 = CARTESIAN_POINT ( 'NONE',  ( 26.77157287525380625, 0.1999999999999996503, 0.000000000000000000 ) ) ;
#2916 = CARTESIAN_POINT ( 'NONE',  ( 7.700000000000000178, 0.08578643762688700769, 0.000000000000000000 ) ) ;
#2917 = ORIENTED_EDGE ( 'NONE', *, *, #73, .F. ) ;
#2918 = DIRECTION ( 'NONE',  ( -0.000000000000000000, 1.000000000000000000, -0.000000000000000000 ) ) ;
#2919 = CARTESIAN_POINT ( 'NONE',  ( 0.06750116944100817418, 0.4811189917335215172, -5.018881008266511401 ) ) ;
#2920 = EDGE_CURVE ( 'NONE', #311, #1663, #2950, .T. ) ;
#2921 = CYLINDRICAL_SURFACE ( 'NONE', #4768, 0.2999999999999999334 ) ;
#2922 = CARTESIAN_POINT ( 'NONE',  ( 21.03823539628085726, 1.300000000000000266, -6.005012564054481139 ) ) ;
#2923 = EDGE_LOOP ( 'NONE', ( #323, #3845, #589, #893, #2917 ) ) ;
#2924 = CARTESIAN_POINT ( 'NONE',  ( 8.339733461062982300, 1.860730098647836561, -1.524264068711942199 ) ) ;
#2925 = EDGE_CURVE ( 'NONE', #4759, #1423, #3794, .T. ) ;
#2926 = LINE ( 'NONE', #4464, #1132 ) ;
#2927 = ORIENTED_EDGE ( 'NONE', *, *, #886, .F. ) ;
#2928 = CARTESIAN_POINT ( 'NONE',  ( 2.599999999999998312, -5.914213562373112687, -23.00000000000000355 ) ) ;
#2929 = CARTESIAN_POINT ( 'NONE',  ( 20.60000000000000142, 1.158578643762689264, -0.8343145750507774405 ) ) ;
#2930 = CARTESIAN_POINT ( 'NONE',  ( 0.000000000000000000, -3.000000000000000000, -14.00000000000000000 ) ) ;
#2931 = CARTESIAN_POINT ( 'NONE',  ( 5.306255614415561261, 1.831673758550144138, -1.331673758550157904 ) ) ;
#2932 = CARTESIAN_POINT ( 'NONE',  ( 1.371355640028318224, 1.000000000000000000, -4.335751141158245225 ) ) ;
#2933 = LINE ( 'NONE', #2138, #1466 ) ;
#2934 = ORIENTED_EDGE ( 'NONE', *, *, #440, .T. ) ;
#2935 = CARTESIAN_POINT ( 'NONE',  ( 2.599999999999998312, -5.914213562373112687, -23.00000000000000355 ) ) ;
#2937 = ORIENTED_EDGE ( 'NONE', *, *, #2951, .F. ) ;
#2936 = AXIS2_PLACEMENT_3D ( 'NONE', #3672, #4495, #2561 ) ;
#2938 = DIRECTION ( 'NONE',  ( -1.000000000000000000, 0.000000000000000000, 0.000000000000000000 ) ) ;
#2939 = CARTESIAN_POINT ( 'NONE',  ( 3.000000000000000000, 0.000000000000000000, -7.000000000000002665 ) ) ;
#2940 = DIRECTION ( 'NONE',  ( 0.000000000000000000, 1.000000000000000000, 0.000000000000000000 ) ) ;
#2941 = ORIENTED_EDGE ( 'NONE', *, *, #2739, .T. ) ;
#2942 = AXIS2_PLACEMENT_3D ( 'NONE', #3686, #4105, #4859 ) ;
#2943 = CARTESIAN_POINT ( 'NONE',  ( 1.629887631727035213, 1.000000000000000000, -3.887176351670414753 ) ) ;
#2944 = AXIS2_PLACEMENT_3D ( 'NONE', #2753, #1967, #77 ) ;
#2945 = DIRECTION ( 'NONE',  ( -0.7071067811865573427, -0.7071067811865376918, 0.000000000000000000 ) ) ;
#2946 = CARTESIAN_POINT ( 'NONE',  ( 24.46563414338599785, 2.200000000000000622, -7.000000000000002665 ) ) ;
#2947 = AXIS2_PLACEMENT_3D ( 'NONE', #4000, #2521, #3977 ) ;
#2948 = VERTEX_POINT ( 'NONE', #354 ) ;
#2949 = EDGE_CURVE ( 'NONE', #2628, #3516, #3320, .T. ) ;
#2950 = LINE ( 'NONE', #1545, #2223 ) ;
#2951 = EDGE_CURVE ( 'NONE', #2197, #1962, #2531, .T. ) ;
#2952 = CARTESIAN_POINT ( 'NONE',  ( 4.335751141158238120, 1.517802249435026951, -1.017802249435042938 ) ) ;
#2953 = FACE_OUTER_BOUND ( 'NONE', #4255, .T. ) ;
#2954 = CARTESIAN_POINT ( 'NONE',  ( 5.162404093936038940, 0.5894053745009609768, -0.1262135936287672178 ) ) ;
#2955 = DIRECTION ( 'NONE',  ( -0.000000000000000000, 1.000000000000000000, -0.000000000000000000 ) ) ;
#2956 = VECTOR ( 'NONE', #3700, 1000.000000000000000 ) ;
#2957 = CARTESIAN_POINT ( 'NONE',  ( 24.60000000000000142, 1.158578643762689264, -0.8343145750507771075 ) ) ;
#2958 = CARTESIAN_POINT ( 'NONE',  ( 6.507165363277406911, 3.195378700293958651, -2.695378700293968421 ) ) ;
#2959 = B_SPLINE_CURVE_WITH_KNOTS ( 'NONE', 3,
 ( #1746, #2072, #4372, #1279 ),
 .UNSPECIFIED., .F., .F.,
 ( 4, 4 ),
 ( 0.000000000000000000, 0.0001855052144973474352 ),
 .UNSPECIFIED. ) ;
#2960 = CYLINDRICAL_SURFACE ( 'NONE', #3347, 6.000000000000001776 ) ;
#2961 = DIRECTION ( 'NONE',  ( -1.000000000000000000, 0.000000000000000000, 0.000000000000000000 ) ) ;
#2962 = VERTEX_POINT ( 'NONE', #4088 ) ;
#2963 = CARTESIAN_POINT ( 'NONE',  ( 11.79999999999999716, 0.08578643762688700769, 0.000000000000000000 ) ) ;
#2964 = FACE_OUTER_BOUND ( 'NONE', #4860, .T. ) ;
#2965 = CARTESIAN_POINT ( 'NONE',  ( 2.720190282489183708, 0.08583997078969436700, -23.30211592213541394 ) ) ;
#2966 = AXIS2_PLACEMENT_3D ( 'NONE', #2484, #2911, #1084 ) ;
#2967 = DIRECTION ( 'NONE',  ( 0.000000000000000000, -0.7071067811865464625, -0.7071067811865486830 ) ) ;
#2968 = VERTEX_POINT ( 'NONE', #1438 ) ;
#2969 = DIRECTION ( 'NONE',  ( -1.000000000000000000, -0.000000000000000000, -0.000000000000000000 ) ) ;
#2970 = CARTESIAN_POINT ( 'NONE',  ( 10.99999999999999822, 1.100000000000000089, -1.824264068711941800 ) ) ;
#2971 = AXIS2_PLACEMENT_3D ( 'NONE', #2122, #1384, #827 ) ;
#2972 = DIRECTION ( 'NONE',  ( 0.000000000000000000, 0.000000000000000000, -1.000000000000000000 ) ) ;
#2973 = CARTESIAN_POINT ( 'NONE',  ( 11.45007934448077336, 1.645392609888897573, -1.584008922033074862 ) ) ;
#2974 = ORIENTED_EDGE ( 'NONE', *, *, #1664, .T. ) ;
#2975 = VERTEX_POINT ( 'NONE', #2207 ) ;
#2976 = DIRECTION ( 'NONE',  ( 0.000000000000000000, 0.000000000000000000, 1.000000000000000000 ) ) ;
#2977 = EDGE_CURVE ( 'NONE', #876, #2968, #2848, .T. ) ;
#2978 = DIRECTION ( 'NONE',  ( -1.000000000000000000, 0.000000000000000000, 0.000000000000000000 ) ) ;
#2979 = CARTESIAN_POINT ( 'NONE',  ( 2.999999999999999556, 0.1999999999999779732, -21.10886475531410866 ) ) ;
#2980 = CARTESIAN_POINT ( 'NONE',  ( 1.867326273985239649, 1.164248858841756107, -4.272401869241594596 ) ) ;
#2981 = CARTESIAN_POINT ( 'NONE',  ( 27.43215059467646455, 5.500000000000003553, -6.318825972614541264 ) ) ;
#2982 = CARTESIAN_POINT ( 'NONE',  ( 8.373201222922928011, 1.587437802907835094, -6.065338321536029476 ) ) ;
#2983 = DIRECTION ( 'NONE',  ( -1.000000000000000000, 0.000000000000000000, 0.000000000000000000 ) ) ;
#2984 = CARTESIAN_POINT ( 'NONE',  ( 6.082061143207345921, 2.494327219827057185, -1.994327219827069397 ) ) ;
#2985 = CARTESIAN_POINT ( 'NONE',  ( 32.60000000000000142, 0.3545475396915922506, -5.279833011340755000 ) ) ;
#2986 = CARTESIAN_POINT ( 'NONE',  ( 28.30636489764102848, 2.345037397473280105, -1.845037397473269669 ) ) ;
#2987 = VERTEX_POINT ( 'NONE', #4567 ) ;
#2988 = FACE_OUTER_BOUND ( 'NONE', #3914, .T. ) ;
#2989 = FACE_OUTER_BOUND ( 'NONE', #3955, .T. ) ;
#2990 = EDGE_CURVE ( 'NONE', #118, #1263, #3694, .T. ) ;
#2991 = CARTESIAN_POINT ( 'NONE',  ( 2.999999999999997335, 0.1999999999999749756, -22.35746560779767478 ) ) ;
#2992 = CARTESIAN_POINT ( 'NONE',  ( 26.40015103691505161, 4.369845410598658830, -3.869845410597121393 ) ) ;
#2993 = DIRECTION ( 'NONE',  ( 0.000000000000000000, 0.000000000000000000, 1.000000000000000000 ) ) ;
#2994 = ORIENTED_EDGE ( 'NONE', *, *, #4337, .T. ) ;
#2995 = EDGE_CURVE ( 'NONE', #4592, #3487, #482, .T. ) ;
#2996 = LINE ( 'NONE', #1145, #1061 ) ;
#2997 = DIRECTION ( 'NONE',  ( 0.000000000000000000, 0.000000000000000000, -1.000000000000000000 ) ) ;
#2998 = CARTESIAN_POINT ( 'NONE',  ( 11.56009995210137653, 1.578005180854324507, -1.241539150918457013 ) ) ;
#2999 = ORIENTED_EDGE ( 'NONE', *, *, #898, .F. ) ;
#3000 = ORIENTED_EDGE ( 'NONE', *, *, #4147, .T. ) ;
#3001 = CARTESIAN_POINT ( 'NONE',  ( 3.775090969378416705, 0.9999999999999993339, -1.517802249435043604 ) ) ;
#3002 = EDGE_CURVE ( 'NONE', #4689, #1263, #4638, .T. ) ;
#3003 = CYLINDRICAL_SURFACE ( 'NONE', #3916, 0.5000000000000000000 ) ;
#3004 = ORIENTED_EDGE ( 'NONE', *, *, #3163, .F. ) ;
#3005 = DIRECTION ( 'NONE',  ( 0.000000000000000000, -1.000000000000000000, 0.000000000000000000 ) ) ;
#3006 = CARTESIAN_POINT ( 'NONE',  ( 11.08228033681946734, 1.819371669380591916, -1.524264068711941977 ) ) ;
#3007 = CARTESIAN_POINT ( 'NONE',  ( 5.646535696398312432, 2.059966970939124398, -1.559966970939137498 ) ) ;
#3008 = EDGE_CURVE ( 'NONE', #3942, #3025, #3671, .T. ) ;
#3009 = CARTESIAN_POINT ( 'NONE',  ( 27.47717303937226063, 1.737352028970126749, -1.237352028970140960 ) ) ;
#3010 = ORIENTED_EDGE ( 'NONE', *, *, #616, .F. ) ;
#3011 = EDGE_CURVE ( 'NONE', #3693, #6, #760, .T. ) ;
#3012 = CARTESIAN_POINT ( 'NONE',  ( 25.59999999999999787, 0.000000000000000000, -7.000000000000002665 ) ) ;
#3013 = CARTESIAN_POINT ( 'NONE',  ( 28.26424885884175708, 1.164248858841754775, -1.371355640028318446 ) ) ;
#3014 = FACE_OUTER_BOUND ( 'NONE', #3546, .T. ) ;
#3015 = CARTESIAN_POINT ( 'NONE',  ( 6.071347934663797297, 5.129117062673324234, -4.629117062673330452 ) ) ;
#3016 = AXIS2_PLACEMENT_3D ( 'NONE', #4009, #257, #3249 ) ;
#3017 = EDGE_LOOP ( 'NONE', ( #3102, #566, #1312, #4073 ) ) ;
#3018 = CARTESIAN_POINT ( 'NONE',  ( 6.999999999999998224, 0.000000000000000000, -7.000000000000002665 ) ) ;
#3019 = LINE ( 'NONE', #320, #4642 ) ;
#3020 = CIRCLE ( 'NONE', #1276, 0.5000000000000002220 ) ;
#3021 = DIRECTION ( 'NONE',  ( -1.000000000000000000, 0.000000000000000000, 0.000000000000000000 ) ) ;
#3022 = CARTESIAN_POINT ( 'NONE',  ( 32.57397265865126457, 0.3475343654832032114, -5.283339598445068397 ) ) ;
#3023 = ORIENTED_EDGE ( 'NONE', *, *, #249, .T. ) ;
#3024 = B_SPLINE_CURVE_WITH_KNOTS ( 'NONE', 3,
 ( #4185, #1119, #3343, #395, #1507, #2578, #2202, #2630, #1539, #2251 ),
 .UNSPECIFIED., .F., .F.,
 ( 4, 2, 2, 2, 4 ),
 ( 0.000000000000000000, 0.0008961775388962845389, 0.001792355077792569078, 0.002688532616688853617, 0.003584710155585138155 ),
 .UNSPECIFIED. ) ;
#3025 = VERTEX_POINT ( 'NONE', #2585 ) ;
#3026 = AXIS2_PLACEMENT_3D ( 'NONE', #1578, #4549, #1161 ) ;
#3027 = CARTESIAN_POINT ( 'NONE',  ( 31.09426380893933484, 0.9485747894878310271, -3.835751141158234123 ) ) ;
#3028 = VECTOR ( 'NONE', #4364, 1000.000000000000000 ) ;
#3029 = CIRCLE ( 'NONE', #2463, 0.4999999999999998890 ) ;
#3030 = DIRECTION ( 'NONE',  ( 0.000000000000000000, 0.000000000000000000, -1.000000000000000000 ) ) ;
#3031 = ORIENTED_EDGE ( 'NONE', *, *, #886, .T. ) ;
#3032 = CARTESIAN_POINT ( 'NONE',  ( 2.045451566815597921, 1.383798638376851686, -4.910972817112975619 ) ) ;
#3033 = DIRECTION ( 'NONE',  ( -1.000000000000000000, 0.000000000000000000, 0.000000000000000000 ) ) ;
#3034 = CARTESIAN_POINT ( 'NONE',  ( 0.000000000000000000, 0.08578643762688700769, -1.000000000000000000 ) ) ;
#3035 = AXIS2_PLACEMENT_3D ( 'NONE', #2699, #119, #3416 ) ;
#3036 = ORIENTED_EDGE ( 'NONE', *, *, #4591, .F. ) ;
#3037 = CARTESIAN_POINT ( 'NONE',  ( 4.707106781186551459, 0.1464466094067071178, -0.2928932188134539261 ) ) ;
#3038 = ADVANCED_FACE ( 'NONE', ( #2259 ), #380, .T. ) ;
#3039 = DIRECTION ( 'NONE',  ( 0.000000000000000000, -0.9919412679138427391, -0.1266985438332976222 ) ) ;
#3040 = DIRECTION ( 'NONE',  ( 0.5773502691896255090, -0.5773502691896279515, -0.5773502691896236216 ) ) ;
#3041 = VECTOR ( 'NONE', #2292, 1000.000000000000000 ) ;
#3042 = CARTESIAN_POINT ( 'NONE',  ( 7.700000000000001954, 0.7928932188134335535, -0.2928932188134514281 ) ) ;
#3043 = ORIENTED_EDGE ( 'NONE', *, *, #1178, .T. ) ;
#3044 = EDGE_CURVE ( 'NONE', #1464, #3451, #1075, .T. ) ;
#3045 = CARTESIAN_POINT ( 'NONE',  ( 20.29999999999999716, 0.08578643762688700769, -1.000000000000000000 ) ) ;
#3046 = CARTESIAN_POINT ( 'NONE',  ( 28.18578643762690916, 1.614213562373088662, -7.000000000000002665 ) ) ;
#3047 =( BOUNDED_CURVE ( )  B_SPLINE_CURVE ( 3, ( #2820, #270, #965, #1779 ),
 .UNSPECIFIED., .F., .T. ) 
 B_SPLINE_CURVE_WITH_KNOTS ( ( 4, 4 ),
 ( 1.570796326794896558, 2.356194490192342617 ),
 .UNSPECIFIED. ) 
 CURVE ( )  GEOMETRIC_REPRESENTATION_ITEM ( )  RATIONAL_B_SPLINE_CURVE ( ( 1.000000000000000000, 0.9492530216741914550, 0.9492530216741914550, 1.000000000000000000 ) ) 
 REPRESENTATION_ITEM ( '' )  );
#3048 = FACE_OUTER_BOUND ( 'NONE', #4279, .T. ) ;
#3049 = EDGE_LOOP ( 'NONE', ( #3318, #831, #3926, #2257 ) ) ;
#3050 = ORIENTED_EDGE ( 'NONE', *, *, #342, .F. ) ;
#3051 = AXIS2_PLACEMENT_3D ( 'NONE', #4305, #2467, #613 ) ;
#3052 = CARTESIAN_POINT ( 'NONE',  ( 30.97011236827296443, 1.000000000000000000, -3.887176351670404539 ) ) ;
#3053 = ORIENTED_EDGE ( 'NONE', *, *, #3775, .T. ) ;
#3054 = ADVANCED_FACE ( 'NONE', ( #1913 ), #3423, .F. ) ;
#3055 = VECTOR ( 'NONE', #1327, 1000.000000000000000 ) ;
#3056 = DIRECTION ( 'NONE',  ( 1.000000000000000000, -0.000000000000000000, 0.000000000000000000 ) ) ;
#3057 = VERTEX_POINT ( 'NONE', #3075 ) ;
#3058 = CARTESIAN_POINT ( 'NONE',  ( 1.000000000000000000, 5.500000000000000000, -5.414213562373112687 ) ) ;
#3059 = CARTESIAN_POINT ( 'NONE',  ( 4.629117062673267391, 5.129117062673394400, -6.071347934663834600 ) ) ;
#3060 = CARTESIAN_POINT ( 'NONE',  ( 32.71785113019775793, 5.264297739604484327, -5.117851130197761833 ) ) ;
#3061 = CARTESIAN_POINT ( 'NONE',  ( 12.49999999999999289, 0.000000000000000000, -7.000000000000002665 ) ) ;
#3062 = DATE_AND_TIME ( #1555, #2792 ) ;
#3063 = DIRECTION ( 'NONE',  ( -4.956352788505161296E-16, -0.000000000000000000, 1.000000000000000000 ) ) ;
#3064 = DIRECTION ( 'NONE',  ( 1.000000000000000000, -0.000000000000000000, -3.097720492815727042E-17 ) ) ;
#3065 = DIRECTION ( 'NONE',  ( 1.000000000000000000, 0.000000000000000000, -0.000000000000000000 ) ) ;
#3066 = FACE_OUTER_BOUND ( 'NONE', #2098, .T. ) ;
#3067 = LINE ( 'NONE', #4580, #340 ) ;
#3068 = ORIENTED_EDGE ( 'NONE', *, *, #4632, .T. ) ;
#3069 = CYLINDRICAL_SURFACE ( 'NONE', #4864, 2.149999999999999467 ) ;
#3070 = DIRECTION ( 'NONE',  ( 0.000000000000000000, 0.000000000000000000, -1.000000000000000000 ) ) ;
#3071 = DIRECTION ( 'NONE',  ( 0.000000000000000000, -0.7071067811865467956, -0.7071067811865484609 ) ) ;
#3072 = ADVANCED_FACE ( 'NONE', ( #1586 ), #3147, .T. ) ;
#3073 = ORIENTED_EDGE ( 'NONE', *, *, #920, .F. ) ;
#3074 = ORIENTED_EDGE ( 'NONE', *, *, #3644, .T. ) ;
#3075 = CARTESIAN_POINT ( 'NONE',  ( 7.200000000000001066, 3.499999999999999556, -29.00000000000000355 ) ) ;
#3076 =( BOUNDED_SURFACE ( )  B_SPLINE_SURFACE ( 3, 2, ( 
 ( #71, #4240, #3168 ),
 ( #4281, #1979, #3493 ),
 ( #93, #1633, #3121 ),
 ( #2004, #4639, #1241 ),
 ( #4685, #2770, #4260 ),
 ( #871, #2374, #3518 ),
 ( #494, #4662, #2030 ),
 ( #895, #2397, #520 ) ),
 .UNSPECIFIED., .F., .F., .T. ) 
 B_SPLINE_SURFACE_WITH_KNOTS ( ( 4, 2, 2, 4 ),
 ( 3, 3 ),
 ( 0.001689666407233775388, 0.001970482798300063603, 0.002251299189366351601, 0.002812931971498928031 ),
 ( 0.000000000000000000, 1.000000000000000000 ),
 .UNSPECIFIED. ) 
 GEOMETRIC_REPRESENTATION_ITEM ( )  RATIONAL_B_SPLINE_SURFACE ( (
 ( 1.000000000000000000, 0.7071067811865476838, 1.000000000000000000),
 ( 1.000000000000000000, 0.7236737891539185563, 1.000000000000000000),
 ( 1.000000000000000000, 0.7405950400350774787, 1.000000000000000000),
 ( 1.000000000000000000, 0.7722225017766214394, 1.000000000000000000),
 ( 1.000000000000000000, 0.7867732787563354035, 1.000000000000000000),
 ( 1.000000000000000000, 0.8227512798256942927, 1.000000000000000000),
 ( 1.000000000000000000, 0.8370022234430571917, 1.000000000000000000),
 ( 1.000000000000000000, 0.8366600265340754516, 1.000000000000000000) ) ) 
 REPRESENTATION_ITEM ( '' )  SURFACE ( )  );
#3077 = ORIENTED_EDGE ( 'NONE', *, *, #1477, .F. ) ;
#3078 = EDGE_CURVE ( 'NONE', #3942, #4114, #3131, .T. ) ;
#3079 = LINE ( 'NONE', #2082, #4040 ) ;
#3080 = ORIENTED_EDGE ( 'NONE', *, *, #1923, .T. ) ;
#3081 = CARTESIAN_POINT ( 'NONE',  ( 1.846841258599629443, 2.346841258599594582, -4.201670452503631914 ) ) ;
#3082 = EDGE_CURVE ( 'NONE', #234, #4409, #2354, .T. ) ;
#3083 = CARTESIAN_POINT ( 'NONE',  ( 7.000000000000000000, 0.000000000000000000, -6.000000000000002665 ) ) ;
#3084 = LINE ( 'NONE', #2644, #3499 ) ;
#3085 = LINE ( 'NONE', #1205, #2718 ) ;
#3086 = ORIENTED_EDGE ( 'NONE', *, *, #4278, .F. ) ;
#3087 = CARTESIAN_POINT ( 'NONE',  ( 2.599999999999998312, -3.000000000000000000, -28.24474587686388105 ) ) ;
#3088 = CARTESIAN_POINT ( 'NONE',  ( 20.56213591991989631, 1.212545482171123457, -0.9231421248451825434 ) ) ;
#3089 = ORIENTED_EDGE ( 'NONE', *, *, #1897, .T. ) ;
#3090 = FACE_OUTER_BOUND ( 'NONE', #4188, .T. ) ;
#3091 = DIRECTION ( 'NONE',  ( -1.000000000000000000, 0.000000000000000000, 0.000000000000000000 ) ) ;
#3092 = AXIS2_PLACEMENT_3D ( 'NONE', #4716, #620, #247 ) ;
#3093 = ORIENTED_EDGE ( 'NONE', *, *, #4813, .T. ) ;
#3094 = ORIENTED_EDGE ( 'NONE', *, *, #2565, .F. ) ;
#3095 = DIRECTION ( 'NONE',  ( -1.000000000000000000, -0.000000000000000000, -0.000000000000000000 ) ) ;
#3096 = EDGE_LOOP ( 'NONE', ( #846, #2206, #793, #2440 ) ) ;
#3097 = AXIS2_PLACEMENT_3D ( 'NONE', #4065, #1790, #3300 ) ;
#3098 = EDGE_CURVE ( 'NONE', #1012, #1663, #2705, .T. ) ;
#3099 = VERTEX_POINT ( 'NONE', #1656 ) ;
#3100 = AXIS2_PLACEMENT_3D ( 'NONE', #3786, #1458, #2222 ) ;
#3101 = VECTOR ( 'NONE', #3601, 1000.000000000000000 ) ;
#3102 = ORIENTED_EDGE ( 'NONE', *, *, #4671, .F. ) ;
#3103 = FACE_OUTER_BOUND ( 'NONE', #4145, .T. ) ;
#3104 = EDGE_CURVE ( 'NONE', #3155, #150, #4213, .T. ) ;
#3105 = AXIS2_PLACEMENT_3D ( 'NONE', #1016, #3239, #2471 ) ;
#3106 = DIRECTION ( 'NONE',  ( -1.000000000000000000, 0.000000000000000000, 0.000000000000000000 ) ) ;
#3107 = AXIS2_PLACEMENT_3D ( 'NONE', #2805, #3931, #1226 ) ;
#3108 = AXIS2_PLACEMENT_3D ( 'NONE', #4800, #232, #1769 ) ;
#3109 = LINE ( 'NONE', #35, #415 ) ;
#3110 = DIRECTION ( 'NONE',  ( 0.000000000000000000, 0.000000000000000000, 1.000000000000000000 ) ) ;
#3111 = DIRECTION ( 'NONE',  ( 0.000000000000000000, -1.000000000000000000, 0.000000000000000000 ) ) ;
#3112 = DIRECTION ( 'NONE',  ( 0.000000000000000000, 0.000000000000000000, -1.000000000000000000 ) ) ;
#3113 = CARTESIAN_POINT ( 'NONE',  ( 32.48902651386007534, 0.5814029992209494013, -4.918597000779001860 ) ) ;
#3114 = ORIENTED_EDGE ( 'NONE', *, *, #4289, .F. ) ;
#3115 = AXIS2_PLACEMENT_3D ( 'NONE', #313, #710, #1799 ) ;
#3116 = DIRECTION ( 'NONE',  ( -0.000000000000000000, -0.000000000000000000, 1.000000000000000000 ) ) ;
#3117 = DIRECTION ( 'NONE',  ( 1.000000000000000000, 0.000000000000000000, 0.000000000000000000 ) ) ;
#3118 = AXIS2_PLACEMENT_3D ( 'NONE', #3034, #364, #2290 ) ;
#3119 = ORIENTED_EDGE ( 'NONE', *, *, #835, .F. ) ;
#3120 = ORIENTED_EDGE ( 'NONE', *, *, #682, .F. ) ;
#3121 = CARTESIAN_POINT ( 'NONE',  ( 11.87690793263472777, 2.200000000000000622, -7.000000000000002665 ) ) ;
#3122 = ORIENTED_EDGE ( 'NONE', *, *, #372, .T. ) ;
#3123 = CARTESIAN_POINT ( 'NONE',  ( 9.255403918909861660E-05, 0.1839549278949636213, -5.316045072104987668 ) ) ;
#3124 = ORIENTED_EDGE ( 'NONE', *, *, #3472, .T. ) ;
#3125 = AXIS2_PLACEMENT_3D ( 'NONE', #3978, #2550, #4381 ) ;
#3126 = EDGE_CURVE ( 'NONE', #4283, #600, #1386, .T. ) ;
#3127 = ORIENTED_EDGE ( 'NONE', *, *, #2596, .F. ) ;
#3128 = CARTESIAN_POINT ( 'NONE',  ( 11.62426406871192519, 1.780761184457487323, -1.280761184457501756 ) ) ;
#3129 = CARTESIAN_POINT ( 'NONE',  ( 24.60000000000000853, 1.034314575050760965, -0.9585786437627062950 ) ) ;
#3130 = CARTESIAN_POINT ( 'NONE',  ( 28.37995838039574537, 4.064107308092478554, -6.164395040748091859 ) ) ;
#3131 = CIRCLE ( 'NONE', #4155, 0.5000000000000000000 ) ;
#3132 = PERSON_AND_ORGANIZATION_ROLE ( 'creator' ) ;
#3133 = ADVANCED_FACE ( 'NONE', ( #1262 ), #3076, .T. ) ;
#3134 = CARTESIAN_POINT ( 'NONE',  ( 27.08808563677133918, 2.884595512139013884, -2.384595512139016993 ) ) ;
#3135 = LINE ( 'NONE', #2016, #2639 ) ;
#3136 = AXIS2_PLACEMENT_3D ( 'NONE', #2895, #610, #2120 ) ;
#3137 = EDGE_LOOP ( 'NONE', ( #870, #752, #425, #3000 ) ) ;
#3138 = DIRECTION ( 'NONE',  ( -0.7333333333333339477, 0.6798692684790375029, 0.000000000000000000 ) ) ;
#3139 = CARTESIAN_POINT ( 'NONE',  ( 20.29999999999999716, 1.812132034355963928, -1.312132034355979249 ) ) ;
#3140 = DIRECTION ( 'NONE',  ( 0.000000000000000000, 1.000000000000000000, 0.000000000000000000 ) ) ;
#3141 = CYLINDRICAL_SURFACE ( 'NONE', #2334, 0.5000000000000000000 ) ;
#3142 = VERTEX_POINT ( 'NONE', #147 ) ;
#3143 = EDGE_CURVE ( 'NONE', #4221, #1980, #1285, .T. ) ;
#3144 = DIRECTION ( 'NONE',  ( -0.000000000000000000, -0.000000000000000000, -1.000000000000000000 ) ) ;
#3145 = DIRECTION ( 'NONE',  ( -2.478176394252580648E-16, 0.000000000000000000, 1.000000000000000000 ) ) ;
#3146 = ORIENTED_EDGE ( 'NONE', *, *, #2159, .F. ) ;
#3147 = CYLINDRICAL_SURFACE ( 'NONE', #3280, 0.4999999999999994449 ) ;
#3148 = ORIENTED_EDGE ( 'NONE', *, *, #3590, .T. ) ;
#3149 = ORIENTED_EDGE ( 'NONE', *, *, #938, .T. ) ;
#3150 = EDGE_CURVE ( 'NONE', #1318, #4759, #2412, .T. ) ;
#3151 = DIRECTION ( 'NONE',  ( -0.000000000000000000, -1.000000000000000000, -0.000000000000000000 ) ) ;
#3152 = CARTESIAN_POINT ( 'NONE',  ( 24.69060167891984037, 1.751085689013992974, -1.262128150094304901 ) ) ;
#3153 = CARTESIAN_POINT ( 'NONE',  ( 29.90462129970610761, 3.195378700293904028, -6.507165363277396253 ) ) ;
#3154 = COORDINATED_UNIVERSAL_TIME_OFFSET ( 8, 0, .BEHIND. ) ;
#3155 = VERTEX_POINT ( 'NONE', #635 ) ;
#3156 = CARTESIAN_POINT ( 'NONE',  ( 32.60000000000000142, 5.500000000000000000, -35.00000000000000000 ) ) ;
#3157 = CARTESIAN_POINT ( 'NONE',  ( 20.56148351928655771, 2.200000000000000622, -7.000000000000002665 ) ) ;
#3158 = EDGE_CURVE ( 'NONE', #150, #234, #2179, .T. ) ;
#3159 = CARTESIAN_POINT ( 'NONE',  ( 25.60000000000000497, 0.7999999999999999334, -6.000000000000002665 ) ) ;
#3160 = DIRECTION ( 'NONE',  ( 0.7071067811865484609, 0.000000000000000000, -0.7071067811865467956 ) ) ;
#3161 = CARTESIAN_POINT ( 'NONE',  ( 31.22864435997168187, -6.081118318204304707, -4.335751141158233679 ) ) ;
#3162 = FACE_OUTER_BOUND ( 'NONE', #3478, .T. ) ;
#3163 = EDGE_CURVE ( 'NONE', #995, #4111, #201, .T. ) ;
#3164 = VERTEX_POINT ( 'NONE', #1750 ) ;
#3165 = EDGE_CURVE ( 'NONE', #1041, #2661, #4791, .T. ) ;
#3166 = CARTESIAN_POINT ( 'NONE',  ( 0.000000000000000000, -3.000000000000000000, -28.50000000000000000 ) ) ;
#3167 = ORIENTED_EDGE ( 'NONE', *, *, #1510, .T. ) ;
#3168 = CARTESIAN_POINT ( 'NONE',  ( 12.01980390271855548, 2.200000000000000622, -7.000000000000002665 ) ) ;
#3169 = ORIENTED_EDGE ( 'NONE', *, *, #1863, .T. ) ;
#3170 = ORIENTED_EDGE ( 'NONE', *, *, #3044, .T. ) ;
#3171 = AXIS2_PLACEMENT_3D ( 'NONE', #976, #2831, #1622 ) ;
#3172 = DIRECTION ( 'NONE',  ( 0.000000000000000000, 0.000000000000000000, -1.000000000000000000 ) ) ;
#3173 = DIRECTION ( 'NONE',  ( 0.000000000000000000, -0.7071067811865484609, 0.7071067811865466846 ) ) ;
#3174 = CARTESIAN_POINT ( 'NONE',  ( 21.10000000000000142, 1.387867965644035362, -1.312132034355979249 ) ) ;
#3175 = APPROVAL_STATUS ( 'not_yet_approved' ) ;
#3176 = ORIENTED_EDGE ( 'NONE', *, *, #2219, .F. ) ;
#3177 = CARTESIAN_POINT ( 'NONE',  ( 3.000000000000000000, 0.1999999999999779732, -7.000000000000002665 ) ) ;
#3178 = AXIS2_PLACEMENT_3D ( 'NONE', #3917, #2782, #2040 ) ;
#3179 = VECTOR ( 'NONE', #4410, 1000.000000000000000 ) ;
#3180 = CARTESIAN_POINT ( 'NONE',  ( 8.207720301040119182, 1.510847293013914294, -6.000000000000001776 ) ) ;
#3181 = CARTESIAN_POINT ( 'NONE',  ( 1.371355640028318224, -6.081118318204304707, -4.335751141158245225 ) ) ;
#3182 = CARTESIAN_POINT ( 'NONE',  ( 4.000000000000000000, 5.500000000000000000, -4.000000000000000000 ) ) ;
#3183 = CIRCLE ( 'NONE', #1528, 2.000000000000000888 ) ;
#3184 = CARTESIAN_POINT ( 'NONE',  ( 8.265685424949237969, 1.899999999999999245, -1.524264068711941977 ) ) ;
#3185 = EDGE_CURVE ( 'NONE', #1225, #3563, #4751, .T. ) ;
#3186 = ORIENTED_EDGE ( 'NONE', *, *, #4514, .F. ) ;
#3187 = DIRECTION ( 'NONE',  ( 1.000000000000000000, 0.000000000000000000, 0.000000000000000000 ) ) ;
#3188 = DIRECTION ( 'NONE',  ( 0.000000000000000000, 0.000000000000000000, 1.000000000000000000 ) ) ;
#3189 = VECTOR ( 'NONE', #1803, 1000.000000000000000 ) ;
#3190 = ORIENTED_EDGE ( 'NONE', *, *, #1021, .T. ) ;
#3191 = VECTOR ( 'NONE', #3551, 1000.000000000000000 ) ;
#3192 = CARTESIAN_POINT ( 'NONE',  ( 5.824531220121498265, 1.408603724017000847, -2.065576447617984979 ) ) ;
#3193 = AXIS2_PLACEMENT_3D ( 'NONE', #153, #4668, #3173 ) ;
#3194 = LINE ( 'NONE', #4757, #1867 ) ;
#3195 = VERTEX_POINT ( 'NONE', #4729 ) ;
#3196 = VERTEX_POINT ( 'NONE', #3237 ) ;
#3197 = CARTESIAN_POINT ( 'NONE',  ( 11.49999999999999822, 1.100000000000000089, -1.824264068711941578 ) ) ;
#3198 = EDGE_CURVE ( 'NONE', #2667, #1957, #994, .T. ) ;
#3199 = CARTESIAN_POINT ( 'NONE',  ( 30.75315874140084915, 2.346841258601657820, -4.201670452503331710 ) ) ;
#3200 =( BOUNDED_CURVE ( )  B_SPLINE_CURVE ( 3, ( #1269, #2781, #4650, #4181 ),
 .UNSPECIFIED., .F., .T. ) 
 B_SPLINE_CURVE_WITH_KNOTS ( ( 4, 4 ),
 ( 3.268632641526501015, 5.124177656340322073 ),
 .UNSPECIFIED. ) 
 CURVE ( )  GEOMETRIC_REPRESENTATION_ITEM ( )  RATIONAL_B_SPLINE_CURVE ( ( 1.000000000000000000, 0.7330787334324713189, 0.7330787334324713189, 1.000000000000000000 ) ) 
 REPRESENTATION_ITEM ( '' )  );
#3201 = ORIENTED_EDGE ( 'NONE', *, *, #3143, .F. ) ;
#3202 = CARTESIAN_POINT ( 'NONE',  ( 3.000000000000000000, 2.200000000000000622, -7.000000000000002665 ) ) ;
#3203 = AXIS2_PLACEMENT_3D ( 'NONE', #2519, #4020, #936 ) ;
#3204 = DIRECTION ( 'NONE',  ( 3.097720492815727042E-17, 0.000000000000000000, 1.000000000000000000 ) ) ;
#3205 = DIRECTION ( 'NONE',  ( 0.7071067811865465735, 0.000000000000000000, 0.7071067811865485719 ) ) ;
#3206 = CARTESIAN_POINT ( 'NONE',  ( 26.00344082178240868, 3.086142740177525212, -3.426598668276520598 ) ) ;
#3207 = VECTOR ( 'NONE', #3860, 1000.000000000000000 ) ;
#3208 = ORIENTED_EDGE ( 'NONE', *, *, #4563, .T. ) ;
#3209 = VERTEX_POINT ( 'NONE', #4707 ) ;
#3210 = CARTESIAN_POINT ( 'NONE',  ( 11.79999999999999716, 2.112132034355963306, -1.612132034355977295 ) ) ;
#3211 = DIRECTION ( 'NONE',  ( -1.000000000000000000, 0.000000000000000000, 0.000000000000000000 ) ) ;
#3212 = ORIENTED_EDGE ( 'NONE', *, *, #1181, .F. ) ;
#3213 = CARTESIAN_POINT ( 'NONE',  ( 29.60000000000000497, 44.12071982757441901, -35.00000000000000000 ) ) ;
#3214 = EDGE_CURVE ( 'NONE', #1609, #993, #4882, .T. ) ;
#3215 = LINE ( 'NONE', #3872, #1922 ) ;
#3216 = DIRECTION ( 'NONE',  ( 0.000000000000000000, 0.000000000000000000, -1.000000000000000000 ) ) ;
#3217 = ORIENTED_EDGE ( 'NONE', *, *, #4403, .T. ) ;
#3218 = VERTEX_POINT ( 'NONE', #4753 ) ;
#3219 = EDGE_CURVE ( 'NONE', #2968, #3870, #170, .T. ) ;
#3220 = CARTESIAN_POINT ( 'NONE',  ( 8.191637388835491862, 1.939269901352161485, -1.524264068711942199 ) ) ;
#3221 = CARTESIAN_POINT ( 'NONE',  ( 30.47802325635528575, 1.478120367956938574, -5.059792290940840154 ) ) ;
#3222 = EDGE_CURVE ( 'NONE', #2768, #1041, #2840, .T. ) ;
#3223 = ORIENTED_EDGE ( 'NONE', *, *, #4686, .F. ) ;
#3224 = DIRECTION ( 'NONE',  ( 0.000000000000000000, 0.000000000000000000, 1.000000000000000000 ) ) ;
#3225 = CARTESIAN_POINT ( 'NONE',  ( 24.10000000000000497, 1.300000000000000044, 0.000000000000000000 ) ) ;
#3226 = EDGE_CURVE ( 'NONE', #1245, #3305, #2018, .T. ) ;
#3227 =( BOUNDED_CURVE ( )  B_SPLINE_CURVE ( 3, ( #1079, #4032, #3247, #2558 ),
 .UNSPECIFIED., .F., .F. ) 
 B_SPLINE_CURVE_WITH_KNOTS ( ( 4, 4 ),
 ( 4.712388980384689674, 5.497787143782139729 ),
 .UNSPECIFIED. ) 
 CURVE ( )  GEOMETRIC_REPRESENTATION_ITEM ( )  RATIONAL_B_SPLINE_CURVE ( ( 1.000000000000000000, 0.9492530216741910110, 0.9492530216741910110, 1.000000000000000000 ) ) 
 REPRESENTATION_ITEM ( '' )  );
#3228 = DIRECTION ( 'NONE',  ( 0.000000000000000000, 1.000000000000000000, 0.000000000000000000 ) ) ;
#3229 = CARTESIAN_POINT ( 'NONE',  ( 8.000000000000000000, 0.000000000000000000, 0.000000000000000000 ) ) ;
#3230 = DIRECTION ( 'NONE',  ( -1.000000000000000000, -0.000000000000000000, -0.000000000000000000 ) ) ;
#3231 = CARTESIAN_POINT ( 'NONE',  ( 7.915008881651752759, 2.055119195019229128, -1.555119195019243561 ) ) ;
#3232 = EDGE_LOOP ( 'NONE', ( #1058, #4016, #4215, #1636 ) ) ;
#3233 = VERTEX_POINT ( 'NONE', #2147 ) ;
#3234 = CARTESIAN_POINT ( 'NONE',  ( 0.000000000000000000, 0.000000000000000000, -28.90000000000000213 ) ) ;
#3235 = DIRECTION ( 'NONE',  ( 0.000000000000000000, 0.000000000000000000, -1.000000000000000000 ) ) ;
#3236 = ORIENTED_EDGE ( 'NONE', *, *, #2429, .F. ) ;
#3237 = CARTESIAN_POINT ( 'NONE',  ( 30.73267372601475955, 1.164248858841775203, -4.272401869241585715 ) ) ;
#3238 = CARTESIAN_POINT ( 'NONE',  ( 3.000000000000000000, 2.200000000000000622, -7.000000000000002665 ) ) ;
#3239 = DIRECTION ( 'NONE',  ( 0.000000000000000000, -1.000000000000000000, 0.000000000000000000 ) ) ;
#3240 = ORIENTED_EDGE ( 'NONE', *, *, #1178, .F. ) ;
#3241 = ORIENTED_EDGE ( 'NONE', *, *, #1394, .F. ) ;
#3242 = EDGE_CURVE ( 'NONE', #4759, #1318, #1305, .T. ) ;
#3243 = CARTESIAN_POINT ( 'NONE',  ( 30.87509096937840880, 1.000000000000000000, -3.982197750564958838 ) ) ;
#3244 = ORIENTED_EDGE ( 'NONE', *, *, #2801, .F. ) ;
#3245 = CIRCLE ( 'NONE', #805, 0.4999999999999998890 ) ;
#3246 = EDGE_CURVE ( 'NONE', #941, #2168, #1964, .T. ) ;
#3247 = CARTESIAN_POINT ( 'NONE',  ( 1.236975088995972305, 0.7585319916987180999, -3.835751141158245225 ) ) ;
#3248 = CARTESIAN_POINT ( 'NONE',  ( 27.31670969971634477, 0.1512480686717206091, -1.084202172485504434E-16 ) ) ;
#3249 = DIRECTION ( 'NONE',  ( 0.000000000000000000, 0.000000000000000000, -1.000000000000000000 ) ) ;
#3250 = PLANE ( 'NONE',  #1595 ) ;
#3251 = AXIS2_PLACEMENT_3D ( 'NONE', #1227, #1521, #3033 ) ;
#3252 = CARTESIAN_POINT ( 'NONE',  ( 26.58136325444845838, 5.320714487449830443, -4.776085782583561645 ) ) ;
#3253 = FACE_OUTER_BOUND ( 'NONE', #2551, .T. ) ;
#3254 = B_SPLINE_CURVE_WITH_KNOTS ( 'NONE', 3,
 ( #3369, #1885, #1831, #296, #4559, #2656 ),
 .UNSPECIFIED., .F., .F.,
 ( 4, 2, 4 ),
 ( 0.000000000000000000, 0.0004014316195180100250, 0.0008028632390360200500 ),
 .UNSPECIFIED. ) ;
#3255 = AXIS2_PLACEMENT_3D ( 'NONE', #1251, #3442, #3936 ) ;
#3256 = ORIENTED_EDGE ( 'NONE', *, *, #2977, .T. ) ;
#3257 = CYLINDRICAL_SURFACE ( 'NONE', #2566, 0.4000000000000010214 ) ;
#3258 = ORIENTED_EDGE ( 'NONE', *, *, #4259, .T. ) ;
#3259 = DIRECTION ( 'NONE',  ( -0.000000000000000000, 1.000000000000000000, 0.000000000000000000 ) ) ;
#3260 = AXIS2_PLACEMENT_3D ( 'NONE', #3272, #3323, #2528 ) ;
#3261 = ORIENTED_EDGE ( 'NONE', *, *, #4259, .F. ) ;
#3262 = CARTESIAN_POINT ( 'NONE',  ( 27.66437254061371931, 4.946108459452376316, -5.937476629767436620 ) ) ;
#3263 = PLANE ( 'NONE',  #845 ) ;
#3264 = CARTESIAN_POINT ( 'NONE',  ( 20.60000000000000142, 0.7999999999999999334, -1.524264068711943532 ) ) ;
#3265 = AXIS2_PLACEMENT_3D ( 'NONE', #2623, #4128, #2938 ) ;
#3266 = CARTESIAN_POINT ( 'NONE',  ( 20.56148351928656126, 2.200000000000000622, -7.000000000000002665 ) ) ;
#3267 = ORIENTED_EDGE ( 'NONE', *, *, #1519, .F. ) ;
#3268 = EDGE_LOOP ( 'NONE', ( #1784, #3114 ) ) ;
#3269 = AXIS2_PLACEMENT_3D ( 'NONE', #4125, #3911, #3887 ) ;
#3270 = DIRECTION ( 'NONE',  ( -0.000000000000000000, -0.000000000000000000, -1.000000000000000000 ) ) ;
#3271 = EDGE_CURVE ( 'NONE', #4901, #4661, #3843, .T. ) ;
#3272 = CARTESIAN_POINT ( 'NONE',  ( 28.60000000000000142, 4.999999999999999112, -4.000000000000000000 ) ) ;
#3273 = CARTESIAN_POINT ( 'NONE',  ( 27.38450575658208308, 0.2845057565816906942, -0.01310357430007492822 ) ) ;
#3274 = CARTESIAN_POINT ( 'NONE',  ( 11.50000000000000000, 0.000000000000000000, -6.000000000000002665 ) ) ;
#3275 = CARTESIAN_POINT ( 'NONE',  ( 6.129770840135464915, 3.245686854770872820, -3.556040119739005245 ) ) ;
#3276 = VECTOR ( 'NONE', #272, 1000.000000000000000 ) ;
#3277 = EDGE_CURVE ( 'NONE', #1672, #215, #2356, .T. ) ;
#3278 = PLANE ( 'NONE',  #3504 ) ;
#3279 = DIRECTION ( 'NONE',  ( -0.000000000000000000, -1.000000000000000000, -0.000000000000000000 ) ) ;
#3280 = AXIS2_PLACEMENT_3D ( 'NONE', #2330, #825, #4189 ) ;
#3281 = ORIENTED_EDGE ( 'NONE', *, *, #673, .F. ) ;
#3282 = CARTESIAN_POINT ( 'NONE',  ( 8.311502737386053496, 2.200000000000000622, -7.000000000000002665 ) ) ;
#3283 = ADVANCED_FACE ( 'NONE', ( #96 ), #4598, .T. ) ;
#3284 = ORIENTED_EDGE ( 'NONE', *, *, #1658, .T. ) ;
#3285 = CARTESIAN_POINT ( 'NONE',  ( 7.480196097281443635, 2.200000000000000622, -7.000000000000002665 ) ) ;
#3286 = CARTESIAN_POINT ( 'NONE',  ( 26.30000000000000426, 3.499999999999999556, -35.00000000000000000 ) ) ;
#3287 = VECTOR ( 'NONE', #563, 1000.000000000000000 ) ;
#3288 = EDGE_CURVE ( 'NONE', #932, #2116, #1309, .T. ) ;
#3289 = ORIENTED_EDGE ( 'NONE', *, *, #1088, .F. ) ;
#3290 = AXIS2_PLACEMENT_3D ( 'NONE', #1870, #3749, #2613 ) ;
#3291 = CARTESIAN_POINT ( 'NONE',  ( 24.90000000000000568, 1.812132034355964372, -1.312132034355979471 ) ) ;
#3292 = DIRECTION ( 'NONE',  ( 0.000000000000000000, 0.000000000000000000, 1.000000000000000000 ) ) ;
#3293 = DIRECTION ( 'NONE',  ( 0.7071067811865465735, -0.000000000000000000, 0.7071067811865485719 ) ) ;
#3294 = ORIENTED_EDGE ( 'NONE', *, *, #312, .F. ) ;
#3295 = ORIENTED_EDGE ( 'NONE', *, *, #223, .F. ) ;
#3296 = DIRECTION ( 'NONE',  ( 0.000000000000000000, -1.000000000000000000, 0.000000000000000000 ) ) ;
#3297 = ADVANCED_FACE ( 'NONE', ( #4426 ), #3263, .F. ) ;
#3298 = CARTESIAN_POINT ( 'NONE',  ( 32.60000000000000142, 0.08578643762690349450, -5.414213562373098476 ) ) ;
#3299 = CARTESIAN_POINT ( 'NONE',  ( 27.18578643762689140, 0.08578643762688697993, -1.084202172485504434E-16 ) ) ;
#3300 = DIRECTION ( 'NONE',  ( 0.000000000000000000, 0.000000000000000000, -1.000000000000000000 ) ) ;
#3301 = CARTESIAN_POINT ( 'NONE',  ( 24.90000000000000568, 1.812132034355963706, -1.312132034355979027 ) ) ;
#3302 = DIRECTION ( 'NONE',  ( 0.7071067811865484609, -0.7071067811865467956, 0.000000000000000000 ) ) ;
#3303 = DIRECTION ( 'NONE',  ( -0.000000000000000000, -0.000000000000000000, 1.000000000000000000 ) ) ;
#3304 = CC_DESIGN_DATE_AND_TIME_ASSIGNMENT ( #2289, #3802, ( #2708 ) ) ;
#3305 = VERTEX_POINT ( 'NONE', #636 ) ;
#3306 = EDGE_CURVE ( 'NONE', #2401, #2402, #3047, .T. ) ;
#3307 = CARTESIAN_POINT ( 'NONE',  ( 32.30710678118655466, 0.7928932188134458769, -35.00000000000000000 ) ) ;
#3308 = EDGE_LOOP ( 'NONE', ( #2903, #3053, #3817, #2329, #541, #3892, #1628 ) ) ;
#3309 = LINE ( 'NONE', #3363, #4143 ) ;
#3310 = EDGE_CURVE ( 'NONE', #3652, #81, #4070, .T. ) ;
#3311 = CARTESIAN_POINT ( 'NONE',  ( 5.881448830728937871, 5.000000063907600989, -5.047223224319306034 ) ) ;
#3312 = CARTESIAN_POINT ( 'NONE',  ( 26.09283463672290537, 3.195378700293995511, -2.695378700294005725 ) ) ;
#3313 = VERTEX_POINT ( 'NONE', #2841 ) ;
#3314 = EDGE_CURVE ( 'NONE', #1607, #4054, #171, .T. ) ;
#3315 = DIRECTION ( 'NONE',  ( 4.336808689942013299E-16, 0.000000000000000000, -1.000000000000000000 ) ) ;
#3316 = CARTESIAN_POINT ( 'NONE',  ( 5.828427124746197840, 0.1999999999999996503, -7.000000000000002665 ) ) ;
#3317 = CARTESIAN_POINT ( 'NONE',  ( 32.30710678118654755, 0.7928932188134535375, -5.060660171779823635 ) ) ;
#3318 = ORIENTED_EDGE ( 'NONE', *, *, #78, .F. ) ;
#3319 = EDGE_LOOP ( 'NONE', ( #2518, #3861, #849, #4086, #2049, #1065, #891 ) ) ;
#3320 = LINE ( 'NONE', #4488, #723 ) ;
#3321 = DIRECTION ( 'NONE',  ( 4.956352788505161296E-16, 0.000000000000000000, -1.000000000000000000 ) ) ;
#3322 = VERTEX_POINT ( 'NONE', #4811 ) ;
#3323 = DIRECTION ( 'NONE',  ( -0.000000000000000000, 1.000000000000000000, -0.000000000000000000 ) ) ;
#3324 = CARTESIAN_POINT ( 'NONE',  ( 1.371355640028318224, 1.164248858841755219, -3.835751141158245225 ) ) ;
#3325 = PLANE ( 'NONE',  #485 ) ;
#3326 = DIRECTION ( 'NONE',  ( 0.000000000000000000, 0.000000000000000000, -1.000000000000000000 ) ) ;
#3327 = CARTESIAN_POINT ( 'NONE',  ( 6.199848963087196019, 4.369845410597792856, -3.869845410597680502 ) ) ;
#3328 = AXIS2_PLACEMENT_3D ( 'NONE', #3697, #676, #2162 ) ;
#3329 = PLANE ( 'NONE',  #1998 ) ;
#3330 = CYLINDRICAL_SURFACE ( 'NONE', #4067, 0.3000000000000000444 ) ;
#3331 = ORIENTED_EDGE ( 'NONE', *, *, #1100, .T. ) ;
#3332 = CARTESIAN_POINT ( 'NONE',  ( 31.48717635167039930, 0.6343805510323462515, -3.887176351670402319 ) ) ;
#3333 = VECTOR ( 'NONE', #885, 1000.000000000000000 ) ;
#3334 = CARTESIAN_POINT ( 'NONE',  ( 1.371355640028318224, -6.081118318204304707, -3.835751141158245225 ) ) ;
#3335 = CARTESIAN_POINT ( 'NONE',  ( 2.692126499805722606, 0.06301936688660743358, -23.60145836306910283 ) ) ;
#3336 = CIRCLE ( 'NONE', #3498, 1.000000000000000000 ) ;
#3337 = EDGE_CURVE ( 'NONE', #993, #1123, #2216, .T. ) ;
#3338 = AXIS2_PLACEMENT_3D ( 'NONE', #275, #3296, #1734 ) ;
#3339 = DIRECTION ( 'NONE',  ( 0.000000000000000000, 0.000000000000000000, -1.000000000000000000 ) ) ;
#3340 = ORIENTED_EDGE ( 'NONE', *, *, #1541, .T. ) ;
#3341 = FACE_OUTER_BOUND ( 'NONE', #1889, .T. ) ;
#3342 = VECTOR ( 'NONE', #2829, 1000.000000000000000 ) ;
#3343 = CARTESIAN_POINT ( 'NONE',  ( 2.631744222008379541, -0.02653676728156112788, -24.19318629444932611 ) ) ;
#3344 = AXIS2_PLACEMENT_3D ( 'NONE', #1082, #2983, #4877 ) ;
#3345 = CARTESIAN_POINT ( 'NONE',  ( 0.000000000000000000, -2.000000000000000000, -17.19664474737808391 ) ) ;
#3346 = EDGE_CURVE ( 'NONE', #3196, #2168, #4427, .T. ) ;
#3347 = AXIS2_PLACEMENT_3D ( 'NONE', #654, #3230, #4068 ) ;
#3348 = CARTESIAN_POINT ( 'NONE',  ( 24.28418248110372701, 2.200000000000000622, -7.000000000000002665 ) ) ;
#3349 = VERTEX_POINT ( 'NONE', #937 ) ;
#3350 = EDGE_LOOP ( 'NONE', ( #3623, #3517, #2538, #3578 ) ) ;
#3351 = DIRECTION ( 'NONE',  ( -0.5773502691896265082, -0.5773502691896261751, 0.5773502691896246208 ) ) ;
#3352 = CARTESIAN_POINT ( 'NONE',  ( 0.000000000000000000, -2.600000000000000089, -14.00000000000000000 ) ) ;
#3353 = DIRECTION ( 'NONE',  ( 0.1256937098494340099, 0.1256937098494343430, -0.9840742769773899168 ) ) ;
#3354 = EDGE_CURVE ( 'NONE', #1196, #3349, #2442, .T. ) ;
#3355 = CIRCLE ( 'NONE', #661, 1.099999999999999423 ) ;
#3356 = CARTESIAN_POINT ( 'NONE',  ( 27.45261918524448674, 5.500000000000003553, -5.818245656101222352 ) ) ;
#3357 = CARTESIAN_POINT ( 'NONE',  ( 0.000000000000000000, -3.000000000000000000, -17.19664474737808391 ) ) ;
#3358 = CARTESIAN_POINT ( 'NONE',  ( 5.788072281599580649, 2.307198616639687838, -2.794625134085488405 ) ) ;
#3359 = COORDINATED_UNIVERSAL_TIME_OFFSET ( 8, 0, .BEHIND. ) ;
#3360 = CARTESIAN_POINT ( 'NONE',  ( 4.000000000000000000, -0.001000000000000132727, -2.899999999999999911 ) ) ;
#3361 = ORIENTED_EDGE ( 'NONE', *, *, #1798, .T. ) ;
#3362 = CARTESIAN_POINT ( 'NONE',  ( 7.865149323971344586, 2.200000000000000622, -7.000000000000002665 ) ) ;
#3363 = CARTESIAN_POINT ( 'NONE',  ( 27.24644660940671059, 0.7928932188134335535, -0.2928932188134514281 ) ) ;
#3364 = CARTESIAN_POINT ( 'NONE',  ( 0.000000000000000000, -3.000000000000000000, -13.60000000000000142 ) ) ;
#3365 = CARTESIAN_POINT ( 'NONE',  ( 0.000000000000000000, -2.559173366053301812, -18.02569549775264335 ) ) ;
#3366 = EDGE_CURVE ( 'NONE', #2014, #869, #41, .T. ) ;
#3367 = ORIENTED_EDGE ( 'NONE', *, *, #929, .F. ) ;
#3368 = CYLINDRICAL_SURFACE ( 'NONE', #582, 1.100000000000000311 ) ;
#3369 = CARTESIAN_POINT ( 'NONE',  ( 6.428476888916176080, 5.207106781186546129, -4.707106781186552347 ) ) ;
#3370 = AXIS2_PLACEMENT_3D ( 'NONE', #4507, #3789, #747 ) ;
#3371 = CARTESIAN_POINT ( 'NONE',  ( 8.500000000000000000, 1.599999999999999867, -6.738138531716812096 ) ) ;
#3372 = CARTESIAN_POINT ( 'NONE',  ( 24.22191660443215611, 1.288818499457616173, -6.000000039736044677 ) ) ;
#3373 = EDGE_LOOP ( 'NONE', ( #4725, #2106, #4666, #3457 ) ) ;
#3374 = AXIS2_PLACEMENT_3D ( 'NONE', #892, #3446, #3117 ) ;
#3375 = ORIENTED_EDGE ( 'NONE', *, *, #4127, .T. ) ;
#3376 = DIRECTION ( 'NONE',  ( -0.7071067811865504593, -0.7071067811865444641, 0.000000000000000000 ) ) ;
#3377 = ORIENTED_EDGE ( 'NONE', *, *, #372, .F. ) ;
#3378 = EDGE_CURVE ( 'NONE', #4713, #3898, #763, .T. ) ;
#3379 = CARTESIAN_POINT ( 'NONE',  ( 20.60000000000000497, 0.7999999999999999334, -6.000000000000002665 ) ) ;
#3380 = ORIENTED_EDGE ( 'NONE', *, *, #2067, .T. ) ;
#3381 = EDGE_CURVE ( 'NONE', #1797, #3322, #2469, .T. ) ;
#3382 = CARTESIAN_POINT ( 'NONE',  ( 1.093392010237229650, 1.593392010237214995, -4.739181503191642442 ) ) ;
#3383 = LINE ( 'NONE', #651, #1601 ) ;
#3384 = CARTESIAN_POINT ( 'NONE',  ( 4.201670452503645237, 2.346841258599655866, -1.846841258600040891 ) ) ;
#3385 =( NAMED_UNIT ( * ) PLANE_ANGLE_UNIT ( ) SI_UNIT ( $, .RADIAN. ) );
#3386 = CARTESIAN_POINT ( 'NONE',  ( 28.39832954749637040, 2.346841258599517310, -1.846841258599245972 ) ) ;
#3387 = VERTEX_POINT ( 'NONE', #4754 ) ;
#3388 = CARTESIAN_POINT ( 'NONE',  ( 24.20097088021353571, 1.521475626451024743, -1.232072269125061847 ) ) ;
#3389 = DIRECTION ( 'NONE',  ( 0.000000000000000000, -7.228014483236697541E-16, -1.000000000000000000 ) ) ;
#3390 = CARTESIAN_POINT ( 'NONE',  ( 3.000000000000000888, -0.1821383476483424135, -24.77293929189298893 ) ) ;
#3391 = CARTESIAN_POINT ( 'NONE',  ( 24.68499111834825399, 1.755119195019230416, -1.255119195019245515 ) ) ;
#3392 = FACE_OUTER_BOUND ( 'NONE', #2335, .T. ) ;
#3393 = EDGE_LOOP ( 'NONE', ( #518, #4643, #1135 ) ) ;
#3394 = CARTESIAN_POINT ( 'NONE',  ( 8.500000000000000000, 1.600000000000000089, -6.083484861008834343 ) ) ;
#3395 =( BOUNDED_SURFACE ( )  B_SPLINE_SURFACE ( 3, 2, ( 
 ( #4562, #3371, #1508 ),
 ( #376, #3396, #3282 ),
 ( #1086, #709, #685 ),
 ( #4042, #657, #3362 ),
 ( #4828, #4804, #2513 ),
 ( #2218, #287, #2599 ),
 ( #1796, #1853, #1057 ),
 ( #1008, #2140, #235 ) ),
 .UNSPECIFIED., .F., .F., .T. ) 
 B_SPLINE_SURFACE_WITH_KNOTS ( ( 4, 2, 2, 4 ),
 ( 3, 3 ),
 ( 0.002812931971499092829, 0.003374425403063778875, 0.003655172118846121681, 0.003935918834628464487 ),
 ( 0.000000000000000000, 1.000000000000000000 ),
 .UNSPECIFIED. ) 
 GEOMETRIC_REPRESENTATION_ITEM ( )  RATIONAL_B_SPLINE_SURFACE ( (
 ( 1.000000000000000000, 0.8366600265340754516, 1.000000000000000000),
 ( 1.000000000000000000, 0.8368009327317359469, 1.000000000000000000),
 ( 1.000000000000000000, 0.8227836702155677528, 1.000000000000000000),
 ( 1.000000000000000000, 0.7866579706251931592, 1.000000000000000000),
 ( 1.000000000000000000, 0.7720562413101917931, 1.000000000000000000),
 ( 1.000000000000000000, 0.7406861483922791978, 1.000000000000000000),
 ( 1.000000000000000000, 0.7237954642908492886, 1.000000000000000000),
 ( 1.000000000000000000, 0.7071067811865486830, 1.000000000000000000) ) ) 
 REPRESENTATION_ITEM ( '' )  SURFACE ( )  );
#3396 = CARTESIAN_POINT ( 'NONE',  ( 8.401285218371494778, 1.600000003601961929, -6.738138529211150640 ) ) ;
#3397 = CARTESIAN_POINT ( 'NONE',  ( 11.49999999999999822, 1.362087595571781717, -1.230805623314099373 ) ) ;
#3398 = ORIENTED_EDGE ( 'NONE', *, *, #2893, .F. ) ;
#3399 = ORIENTED_EDGE ( 'NONE', *, *, #1524, .T. ) ;
#3400 = DIRECTION ( 'NONE',  ( -0.5773502691896256200, 0.5773502691896280625, 0.5773502691896236216 ) ) ;
#3401 = EDGE_LOOP ( 'NONE', ( #238, #777, #2614, #3583, #3558, #4376 ) ) ;
#3402 = EDGE_CURVE ( 'NONE', #4500, #1774, #4218, .T. ) ;
#3403 = CARTESIAN_POINT ( 'NONE',  ( 3.869845410597691604, 4.369845410597564594, -6.199848963087247533 ) ) ;
#3404 = CYLINDRICAL_SURFACE ( 'NONE', #1517, 0.5000000000000004441 ) ;
#3405 = CARTESIAN_POINT ( 'NONE',  ( 32.49714957897565881, 0.6028504210243351702, -5.155681570674382819 ) ) ;
#3406 = ADVANCED_FACE ( 'NONE', ( #4406 ), #1066, .T. ) ;
#3407 = CARTESIAN_POINT ( 'NONE',  ( 26.95346430360147849, 2.059966970939081321, -1.559966970939094200 ) ) ;
#3408 = ORIENTED_EDGE ( 'NONE', *, *, #3429, .T. ) ;
#3409 = PLANE ( 'NONE',  #2161 ) ;
#3410 = CARTESIAN_POINT ( 'NONE',  ( 2.886743927030634538, -0.008269810431631422279, -24.06964329479763620 ) ) ;
#3411 = CARTESIAN_POINT ( 'NONE',  ( 26.52865206533620324, 5.129117062673322458, -4.629117062673326899 ) ) ;
#3412 = CARTESIAN_POINT ( 'NONE',  ( 0.000000000000000000, 0.000000000000000000, 0.000000000000000000 ) ) ;
#3413 = VECTOR ( 'NONE', #3799, 1000.000000000000000 ) ;
#3414 = VERTEX_POINT ( 'NONE', #1909 ) ;
#3415 = EDGE_CURVE ( 'NONE', #3539, #1797, #3254, .T. ) ;
#3416 = DIRECTION ( 'NONE',  ( -4.956352788505161296E-16, 0.000000000000000000, 1.000000000000000000 ) ) ;
#3417 = DIRECTION ( 'NONE',  ( 0.000000000000000000, 0.000000000000000000, -1.000000000000000000 ) ) ;
#3418 = AXIS2_PLACEMENT_3D ( 'NONE', #1896, #4223, #806 ) ;
#3419 = DIRECTION ( 'NONE',  ( 0.000000000000000000, -0.000000000000000000, -1.000000000000000000 ) ) ;
#3420 = EDGE_LOOP ( 'NONE', ( #1587, #379, #122, #3050 ) ) ;
#3421 = VERTEX_POINT ( 'NONE', #3712 ) ;
#3422 = AXIS2_PLACEMENT_3D ( 'NONE', #1665, #1691, #3810 ) ;
#3423 = PLANE ( 'NONE',  #4714 ) ;
#3424 = VECTOR ( 'NONE', #2879, 1000.000000000000000 ) ;
#3425 = VECTOR ( 'NONE', #2152, 1000.000000000000000 ) ;
#3426 = DIRECTION ( 'NONE',  ( 0.000000000000000000, 0.000000000000000000, 1.000000000000000000 ) ) ;
#3427 = ORIENTED_EDGE ( 'NONE', *, *, #4824, .F. ) ;
#3428 = CARTESIAN_POINT ( 'NONE',  ( 4.629117062673330452, 5.129117062673325123, -6.071347934663797297 ) ) ;
#3429 = EDGE_CURVE ( 'NONE', #492, #2628, #20, .T. ) ;
#3430 = DIRECTION ( 'NONE',  ( -0.000000000000000000, -0.000000000000000000, 1.000000000000000000 ) ) ;
#3431 = CARTESIAN_POINT ( 'NONE',  ( 2.999999999999999112, 0.1999999999999779732, -35.00000000000000000 ) ) ;
#3432 = APPROVAL_ROLE ( '' ) ;
#3433 = CARTESIAN_POINT ( 'NONE',  ( 20.60000000000000142, 0.7999999999999999334, 0.000000000000000000 ) ) ;
#3434 = VECTOR ( 'NONE', #2969, 1000.000000000000000 ) ;
#3435 = ORIENTED_EDGE ( 'NONE', *, *, #78, .T. ) ;
#3436 = CARTESIAN_POINT ( 'NONE',  ( 20.29999999999999716, 0.08578643762688700769, -0.2999999999999999889 ) ) ;
#3437 = EDGE_CURVE ( 'NONE', #3322, #656, #1780, .T. ) ;
#3438 = CARTESIAN_POINT ( 'NONE',  ( 27.89289321881347306, 5.207106781186545241, -6.428476888916184073 ) ) ;
#3439 = CARTESIAN_POINT ( 'NONE',  ( 20.37200492862573853, 1.761257772604418514, -1.261175949487554071 ) ) ;
#3440 = CIRCLE ( 'NONE', #1221, 0.5000000000000000000 ) ;
#3441 = CARTESIAN_POINT ( 'NONE',  ( 8.500000000000000000, 2.200000000000000622, -7.000000000000002665 ) ) ;
#3442 = DIRECTION ( 'NONE',  ( 1.601853859962747850E-16, 0.2954898819821669687, 0.9553458691207940001 ) ) ;
#3443 = EDGE_CURVE ( 'NONE', #2437, #2948, #3024, .T. ) ;
#3444 = EDGE_LOOP ( 'NONE', ( #2584, #3190, #1400, #3966 ) ) ;
#3445 = PLANE ( 'NONE',  #4053 ) ;
#3446 = DIRECTION ( 'NONE',  ( -0.000000000000000000, 0.000000000000000000, 1.000000000000000000 ) ) ;
#3447 = DIRECTION ( 'NONE',  ( 0.000000000000000000, 0.000000000000000000, -1.000000000000000000 ) ) ;
#3448 = AXIS2_PLACEMENT_3D ( 'NONE', #2901, #617, #2126 ) ;
#3449 = EDGE_CURVE ( 'NONE', #4810, #826, #4861, .T. ) ;
#3450 = ORIENTED_EDGE ( 'NONE', *, *, #3346, .T. ) ;
#3451 = VERTEX_POINT ( 'NONE', #3046 ) ;
#3452 = VECTOR ( 'NONE', #1171, 1000.000000000000000 ) ;
#3453 = DIRECTION ( 'NONE',  ( -0.000000000000000000, 1.000000000000000000, -0.000000000000000000 ) ) ;
#3454 = ORIENTED_EDGE ( 'NONE', *, *, #2395, .T. ) ;
#3455 = AXIS2_PLACEMENT_3D ( 'NONE', #2666, #780, #3426 ) ;
#3456 = FACE_OUTER_BOUND ( 'NONE', #2730, .T. ) ;
#3457 = ORIENTED_EDGE ( 'NONE', *, *, #3402, .F. ) ;
#3458 = CARTESIAN_POINT ( 'NONE',  ( 1.017802249435044271, 1.517802249435029394, -4.335751141158244337 ) ) ;
#3459 = PLANE ( 'NONE',  #3107 ) ;
#3460 = CARTESIAN_POINT ( 'NONE',  ( 8.500000000000000000, 1.100000000000000089, 0.000000000000000000 ) ) ;
#3461 = MECHANICAL_CONTEXT ( 'NONE', #184, 'mechanical' ) ;
#3462 = PLANE ( 'NONE',  #4879 ) ;
#3463 = ORIENTED_EDGE ( 'NONE', *, *, #2286, .F. ) ;
#3464 = CARTESIAN_POINT ( 'NONE',  ( 3.000000000000000000, 2.600000000000000089, -6.083484861008834343 ) ) ;
#3465 = DIRECTION ( 'NONE',  ( 0.000000000000000000, -1.000000000000000000, 0.000000000000000000 ) ) ;
#3466 = CARTESIAN_POINT ( 'NONE',  ( 32.60100000000000620, -3.000000000000000000, -28.24474587686388105 ) ) ;
#3467 = ADVANCED_FACE ( 'NONE', ( #348 ), #692, .T. ) ;
#3468 = EDGE_CURVE ( 'NONE', #2576, #2902, #3985, .T. ) ;
#3469 = EDGE_LOOP ( 'NONE', ( #1091, #4915, #3613, #3705 ) ) ;
#3470 = DIRECTION ( 'NONE',  ( 0.000000000000000000, 0.000000000000000000, 1.000000000000000000 ) ) ;
#3471 = LINE ( 'NONE', #1652, #1239 ) ;
#3472 = EDGE_CURVE ( 'NONE', #2682, #744, #1869, .T. ) ;
#3473 = EDGE_CURVE ( 'NONE', #69, #3540, #1877, .T. ) ;
#3474 = ORIENTED_EDGE ( 'NONE', *, *, #143, .T. ) ;
#3475 = ORIENTED_EDGE ( 'NONE', *, *, #12, .F. ) ;
#3476 = DIRECTION ( 'NONE',  ( -0.000000000000000000, -0.000000000000000000, -1.000000000000000000 ) ) ;
#3477 = EDGE_LOOP ( 'NONE', ( #4043, #3772, #3627, #1358 ) ) ;
#3478 = EDGE_LOOP ( 'NONE', ( #100, #4424, #4476, #3169 ) ) ;
#3479 = EDGE_LOOP ( 'NONE', ( #2514, #1152, #2897, #823, #3146, #3596, #1103, #2493, #3569, #3294, #1347, #3475 ) ) ;
#3480 = CARTESIAN_POINT ( 'NONE',  ( 11.49999999999999822, 1.334314575050760787, -1.258578643762704674 ) ) ;
#3481 = CARTESIAN_POINT ( 'NONE',  ( 28.00028670495763805, 1.239838619643943485, -1.928653815768172963 ) ) ;
#3482 = CARTESIAN_POINT ( 'NONE',  ( 1.371355640028318224, 0.8535533905932745080, -3.835751141158245225 ) ) ;
#3483 = CARTESIAN_POINT ( 'NONE',  ( 2.999999999999999556, -2.697817954086736414, -28.41989126801424348 ) ) ;
#3484 = CARTESIAN_POINT ( 'NONE',  ( 20.79163738883559986, 1.639269901352175873, -1.224264068711943265 ) ) ;
#3485 = CARTESIAN_POINT ( 'NONE',  ( 27.24644660940671059, 0.7928932188134335535, -0.2928932188134514281 ) ) ;
#3486 = CARTESIAN_POINT ( 'NONE',  ( 11.72147562959496092, 1.958543831010950198, -1.469586292091247248 ) ) ;
#3487 = VERTEX_POINT ( 'NONE', #3394 ) ;
#3488 = DIRECTION ( 'NONE',  ( -1.000000000000000000, 0.000000000000000000, -4.956352788505161296E-16 ) ) ;
#3489 = DIRECTION ( 'NONE',  ( -0.000000000000000000, 1.000000000000000000, -0.000000000000000000 ) ) ;
#3490 = EDGE_CURVE ( 'NONE', #551, #3592, #449, .T. ) ;
#3491 = AXIS2_PLACEMENT_3D ( 'NONE', #3620, #1874, #1497 ) ;
#3492 = ORIENTED_EDGE ( 'NONE', *, *, #68, .F. ) ;
#3493 = CARTESIAN_POINT ( 'NONE',  ( 11.95094184391741976, 2.200000000000000622, -7.000000000000002665 ) ) ;
#3494 = ORIENTED_EDGE ( 'NONE', *, *, #229, .F. ) ;
#3495 = VECTOR ( 'NONE', #1504, 1000.000000000000000 ) ;
#3496 = EDGE_CURVE ( 'NONE', #1655, #721, #3019, .T. ) ;
#3497 = ORIENTED_EDGE ( 'NONE', *, *, #1015, .T. ) ;
#3498 = AXIS2_PLACEMENT_3D ( 'NONE', #1883, #1090, #3339 ) ;
#3499 = VECTOR ( 'NONE', #833, 1000.000000000000000 ) ;
#3500 = VERTEX_POINT ( 'NONE', #4108 ) ;
#3501 = CARTESIAN_POINT ( 'NONE',  ( 27.18578643762689140, 0.000000000000000000, 0.000000000000000000 ) ) ;
#3502 = AXIS2_PLACEMENT_3D ( 'NONE', #4007, #1339, #4794 ) ;
#3503 = CARTESIAN_POINT ( 'NONE',  ( 4.860535611066651107, 4.853553390593273065, -5.970273702328218413 ) ) ;
#3504 = AXIS2_PLACEMENT_3D ( 'NONE', #2595, #2094, #4851 ) ;
#3505 = EDGE_CURVE ( 'NONE', #1772, #1222, #716, .T. ) ;
#3506 = ORIENTED_EDGE ( 'NONE', *, *, #2096, .T. ) ;
#3507 = CARTESIAN_POINT ( 'NONE',  ( 20.29999999999999716, 1.300000000000000266, -0.8000000000000168088 ) ) ;
#3508 = DIRECTION ( 'NONE',  ( -0.000000000000000000, 1.000000000000000000, -0.000000000000000000 ) ) ;
#3509 = CIRCLE ( 'NONE', #1369, 1.100000000000000311 ) ;
#3510 = CARTESIAN_POINT ( 'NONE',  ( 0.000000000000000000, 0.000000000000000000, 0.000000000000000000 ) ) ;
#3511 = CARTESIAN_POINT ( 'NONE',  ( 4.335751141158238120, 1.164248858841754775, -1.371355640028317557 ) ) ;
#3512 = ORIENTED_EDGE ( 'NONE', *, *, #2240, .F. ) ;
#3513 = DIRECTION ( 'NONE',  ( 1.000000000000000000, 0.000000000000000000, -0.000000000000000000 ) ) ;
#3514 = CARTESIAN_POINT ( 'NONE',  ( 4.000000000000000000, -0.001000000000000132727, -4.000000000000000000 ) ) ;
#3515 = EDGE_CURVE ( 'NONE', #1537, #4226, #4160, .T. ) ;
#3516 = VERTEX_POINT ( 'NONE', #1280 ) ;
#3517 = ORIENTED_EDGE ( 'NONE', *, *, #490, .T. ) ;
#3518 = CARTESIAN_POINT ( 'NONE',  ( 11.37431387021876716, 2.200000000000000622, -7.000000000000002665 ) ) ;
#3519 = CARTESIAN_POINT ( 'NONE',  ( 10.99999999999999822, 1.100000000000000089, 2.725994033677837973E-15 ) ) ;
#3520 = ORIENTED_EDGE ( 'NONE', *, *, #4547, .T. ) ;
#3521 = CC_DESIGN_PERSON_AND_ORGANIZATION_ASSIGNMENT ( #1949, #4174, ( #2708 ) ) ;
#3522 = AXIS2_PLACEMENT_3D ( 'NONE', #2798, #3974, #2051 ) ;
#3523 = ADVANCED_FACE ( 'NONE', ( #1564 ), #1938, .F. ) ;
#3524 = VERTEX_POINT ( 'NONE', #3536 ) ;
#3525 = CARTESIAN_POINT ( 'NONE',  ( 24.49710482929602762, 1.678524370405058974, -1.232072267822809541 ) ) ;
#3526 = AXIS2_PLACEMENT_3D ( 'NONE', #3013, #343, #2601 ) ;
#3527 = EDGE_CURVE ( 'NONE', #474, #674, #2324, .T. ) ;
#3528 = ORIENTED_EDGE ( 'NONE', *, *, #3098, .F. ) ;
#3529 = LINE ( 'NONE', #16, #1995 ) ;
#3530 = CIRCLE ( 'NONE', #2181, 6.400000000000003020 ) ;
#3531 = DIRECTION ( 'NONE',  ( 4.956352788505161296E-16, 0.000000000000000000, -1.000000000000000000 ) ) ;
#3532 = CARTESIAN_POINT ( 'NONE',  ( 31.22864435997168187, 1.164248858841775203, -3.835751141158234123 ) ) ;
#3533 = CARTESIAN_POINT ( 'NONE',  ( 20.53990004789864443, 1.278005180854323353, -0.9415391509184808383 ) ) ;
#3534 = LINE ( 'NONE', #2044, #3191 ) ;
#3535 = ORIENTED_EDGE ( 'NONE', *, *, #3807, .F. ) ;
#3536 = CARTESIAN_POINT ( 'NONE',  ( 10.99999999999999822, 1.687867965644034740, -1.612132034355977961 ) ) ;
#3537 = ORIENTED_EDGE ( 'NONE', *, *, #4335, .T. ) ;
#3538 = DIRECTION ( 'NONE',  ( -0.000000000000000000, 0.7071067811865485719, -0.7071067811865465735 ) ) ;
#3539 = VERTEX_POINT ( 'NONE', #1192 ) ;
#3540 = VERTEX_POINT ( 'NONE', #4635 ) ;
#3541 = CARTESIAN_POINT ( 'NONE',  ( 8.021266324867175612, 1.639858123681268154, -1.630066751269712233 ) ) ;
#3542 = DIRECTION ( 'NONE',  ( 0.000000000000000000, 0.000000000000000000, 1.000000000000000000 ) ) ;
#3543 = CARTESIAN_POINT ( 'NONE',  ( 27.89289321881347306, 5.207106781186546129, -6.428476888916184073 ) ) ;
#3544 =( BOUNDED_SURFACE ( )  B_SPLINE_SURFACE ( 3, 2, ( 
 ( #1182, #1445, #2590 ),
 ( #4875, #4093, #702 ),
 ( #1105, #1155, #728 ),
 ( #1918, #3059, #3779 ) ),
 .UNSPECIFIED., .F., .F., .F. ) 
 B_SPLINE_SURFACE_WITH_KNOTS ( ( 4, 4 ),
 ( 3, 3 ),
 ( 0.001867648437176092817, 0.002302683185162004466 ),
 ( 0.000000000000000000, 1.000000000000000000 ),
 .UNSPECIFIED. ) 
 GEOMETRIC_REPRESENTATION_ITEM ( )  RATIONAL_B_SPLINE_SURFACE ( (
 ( 1.000000000000000000, 0.7071067811865475727, 1.000000000000000000),
 ( 1.000000000000000000, 0.7538578805181505027, 1.000000000000000000),
 ( 1.000000000000000000, 0.7848059478556274060, 1.000000000000000000),
 ( 1.000000000000000000, 0.8009428406336221995, 1.000000000000000000) ) ) 
 REPRESENTATION_ITEM ( '' )  SURFACE ( )  );
#3545 = EDGE_CURVE ( 'NONE', #3305, #2576, #4302, .T. ) ;
#3546 = EDGE_LOOP ( 'NONE', ( #4601, #540, #3858, #352 ) ) ;
#3547 = CARTESIAN_POINT ( 'NONE',  ( 29.60000000000000497, 0.1999999999999779732, -7.000000000000002665 ) ) ;
#3548 = DIRECTION ( 'NONE',  ( 0.000000000000000000, -1.000000000000000000, 0.000000000000000000 ) ) ;
#3549 = DIRECTION ( 'NONE',  ( 0.000000000000000000, -1.000000000000000000, 0.000000000000000000 ) ) ;
#3550 = EDGE_CURVE ( 'NONE', #195, #4661, #3471, .T. ) ;
#3551 = DIRECTION ( 'NONE',  ( 1.000000000000000000, 0.000000000000000000, -0.000000000000000000 ) ) ;
#3552 = CARTESIAN_POINT ( 'NONE',  ( 8.500000000000000000, 1.687867965644034740, -1.612132034355977961 ) ) ;
#3553 = ORIENTED_EDGE ( 'NONE', *, *, #1237, .F. ) ;
#3554 = LINE ( 'NONE', #2438, #2727 ) ;
#3555 = CARTESIAN_POINT ( 'NONE',  ( 20.60000000000000142, 0.5807611844574696036, -0.5050252531694161551 ) ) ;
#3556 = CIRCLE ( 'NONE', #3882, 1.100000000000000311 ) ;
#3557 = ADVANCED_FACE ( 'NONE', ( #2747 ), #468, .T. ) ;
#3558 = ORIENTED_EDGE ( 'NONE', *, *, #1648, .T. ) ;
#3559 = CARTESIAN_POINT ( 'NONE',  ( 24.10000000000000497, 1.387867965644035140, -1.312132034355979249 ) ) ;
#3560 = CARTESIAN_POINT ( 'NONE',  ( 28.61780224943503015, 0.5000000000000000000, -1.017802249435044049 ) ) ;
#3561 = CARTESIAN_POINT ( 'NONE',  ( 2.600000000000000089, -2.600000000000000089, -13.60000000000000142 ) ) ;
#3562 = ORIENTED_EDGE ( 'NONE', *, *, #2005, .T. ) ;
#3563 = VERTEX_POINT ( 'NONE', #2000 ) ;
#3564 = CIRCLE ( 'NONE', #961, 0.5000000000000000000 ) ;
#3565 = CARTESIAN_POINT ( 'NONE',  ( 7.778524370405037303, 1.958543831010965075, -1.469586292091263013 ) ) ;
#3566 = CARTESIAN_POINT ( 'NONE',  ( 30.55454843318437241, 1.383798638376867451, -4.910972817113060884 ) ) ;
#3567 = PERSON_AND_ORGANIZATION_ROLE ( 'design_supplier' ) ;
#3568 = AXIS2_PLACEMENT_3D ( 'NONE', #4251, #3508, #4579 ) ;
#3569 = ORIENTED_EDGE ( 'NONE', *, *, #4732, .F. ) ;
#3570 = DIRECTION ( 'NONE',  ( -0.9333333333333340143, 0.3590109871422985655, 0.000000000000000000 ) ) ;
#3571 = AXIS2_PLACEMENT_3D ( 'NONE', #4481, #743, #713 ) ;
#3572 = CIRCLE ( 'NONE', #3491, 0.7000000000000000666 ) ;
#3573 = CARTESIAN_POINT ( 'NONE',  ( 28.60000000000000142, -0.001000000000000132727, -2.900000000000000799 ) ) ;
#3574 = CYLINDRICAL_SURFACE ( 'NONE', #2151, 0.5000000000000000000 ) ;
#3575 = FACE_OUTER_BOUND ( 'NONE', #1512, .T. ) ;
#3576 = AXIS2_PLACEMENT_3D ( 'NONE', #156, #4694, #1296 ) ;
#3577 = DIRECTION ( 'NONE',  ( 0.000000000000000000, 0.000000000000000000, -1.000000000000000000 ) ) ;
#3578 = ORIENTED_EDGE ( 'NONE', *, *, #1237, .T. ) ;
#3579 = EDGE_CURVE ( 'NONE', #1174, #824, #2023, .T. ) ;
#3580 = ORIENTED_EDGE ( 'NONE', *, *, #1541, .F. ) ;
#3581 = CARTESIAN_POINT ( 'NONE',  ( 2.999999999999999556, -2.335504019631980732, -17.69407519760282099 ) ) ;
#3582 = ADVANCED_FACE ( 'NONE', ( #421 ), #2766, .F. ) ;
#3583 = ORIENTED_EDGE ( 'NONE', *, *, #3381, .T. ) ;
#3584 = VECTOR ( 'NONE', #3187, 1000.000000000000000 ) ;
#3585 = ORIENTED_EDGE ( 'NONE', *, *, #1676, .T. ) ;
#3586 = AXIS2_PLACEMENT_3D ( 'NONE', #13, #1167, #4180 ) ;
#3587 = CARTESIAN_POINT ( 'NONE',  ( 0.2928932188134510950, 0.7928932188134331094, -5.060660171779839622 ) ) ;
#3588 = EDGE_CURVE ( 'NONE', #3414, #6, #4796, .T. ) ;
#3589 = CARTESIAN_POINT ( 'NONE',  ( 11.50000000000000000, 1.600000000000000089, -6.000000000000002665 ) ) ;
#3590 = EDGE_CURVE ( 'NONE', #4500, #2029, #126, .T. ) ;
#3591 = ORIENTED_EDGE ( 'NONE', *, *, #3104, .F. ) ;
#3592 = VERTEX_POINT ( 'NONE', #822 ) ;
#3593 = CARTESIAN_POINT ( 'NONE',  ( 7.884364020813303675, 1.721994819145659772, -1.306988986505414285 ) ) ;
#3594 = CARTESIAN_POINT ( 'NONE',  ( 30.60567278017310855, 2.494327219826900865, -6.082061143207444509 ) ) ;
#3595 = AXIS2_PLACEMENT_3D ( 'NONE', #931, #2095, #213 ) ;
#3596 = ORIENTED_EDGE ( 'NONE', *, *, #3354, .F. ) ;
#3597 = DIRECTION ( 'NONE',  ( -0.000000000000000000, 1.000000000000000000, -0.000000000000000000 ) ) ;
#3598 = CARTESIAN_POINT ( 'NONE',  ( 32.60000000000000142, 0.000000000000000000, 0.000000000000000000 ) ) ;
#3599 = VECTOR ( 'NONE', #2178, 1000.000000000000000 ) ;
#3600 = LINE ( 'NONE', #4339, #4205 ) ;
#3601 = DIRECTION ( 'NONE',  ( -1.000000000000000000, -0.000000000000000000, -0.000000000000000000 ) ) ;
#3602 = FACE_OUTER_BOUND ( 'NONE', #3137, .T. ) ;
#3603 = DIRECTION ( 'NONE',  ( 0.000000000000000000, 0.000000000000000000, 1.000000000000000000 ) ) ;
#3604 = AXIS2_PLACEMENT_3D ( 'NONE', #4916, #1093, #4454 ) ;
#3605 = ORIENTED_EDGE ( 'NONE', *, *, #3934, .T. ) ;
#3606 = VERTEX_POINT ( 'NONE', #3166 ) ;
#3607 = CARTESIAN_POINT ( 'NONE',  ( 24.90000000000000568, 0.5807611844574696036, -0.5050252531694159330 ) ) ;
#3608 = EDGE_CURVE ( 'NONE', #1174, #597, #4242, .T. ) ;
#3609 = ORIENTED_EDGE ( 'NONE', *, *, #2426, .F. ) ;
#3610 = LINE ( 'NONE', #4756, #2079 ) ;
#3611 = ADVANCED_FACE ( 'NONE', ( #3839 ), #2794, .F. ) ;
#3612 = CARTESIAN_POINT ( 'NONE',  ( 4.000000000000000000, 4.999999999999999112, -4.000000000000000000 ) ) ;
#3613 = ORIENTED_EDGE ( 'NONE', *, *, #3185, .F. ) ;
#3614 = ORIENTED_EDGE ( 'NONE', *, *, #3310, .F. ) ;
#3615 = CARTESIAN_POINT ( 'NONE',  ( 27.89289321881343753, 0.4393398282201638749, -0.2928932188134541481 ) ) ;
#3616 = ORIENTED_EDGE ( 'NONE', *, *, #189, .T. ) ;
#3617 = PLANE ( 'NONE',  #3502 ) ;
#3618 = CARTESIAN_POINT ( 'NONE',  ( 27.18578643762689140, 0.08578643762688696606, -1.084202172485504434E-16 ) ) ;
#3619 = CARTESIAN_POINT ( 'NONE',  ( 26.71913948421784468, 4.987773132610686666, -5.043093935963667285 ) ) ;
#3620 = CARTESIAN_POINT ( 'NONE',  ( 8.000000000000000000, 0.08578643762688700769, -1.000000000000000000 ) ) ;
#3621 = CARTESIAN_POINT ( 'NONE',  ( 0.000000000000000000, 0.08578643762688700769, -1.000000000000000000 ) ) ;
#3622 = DIRECTION ( 'NONE',  ( 1.000000000000000000, -1.734723475976805517E-15, 0.000000000000000000 ) ) ;
#3623 = ORIENTED_EDGE ( 'NONE', *, *, #2771, .T. ) ;
#3624 = FACE_OUTER_BOUND ( 'NONE', #1035, .T. ) ;
#3625 = ORIENTED_EDGE ( 'NONE', *, *, #4922, .F. ) ;
#3626 = PLANE ( 'NONE',  #768 ) ;
#3627 = ORIENTED_EDGE ( 'NONE', *, *, #3044, .F. ) ;
#3628 = DIRECTION ( 'NONE',  ( 1.000000000000000000, -0.000000000000000000, -0.000000000000000000 ) ) ;
#3629 = ADVANCED_FACE ( 'NONE', ( #4660 ), #120, .T. ) ;
#3630 = CARTESIAN_POINT ( 'NONE',  ( 32.60000000000000142, 5.500000000000000000, 0.000000000000000000 ) ) ;
#3631 = CARTESIAN_POINT ( 'NONE',  ( 5.828427124746197840, 2.200000000000000622, -7.000000000000002665 ) ) ;
#3632 = EDGE_LOOP ( 'NONE', ( #1492, #3186, #4358, #1009 ) ) ;
#3633 = ORIENTED_EDGE ( 'NONE', *, *, #4194, .T. ) ;
#3634 = CARTESIAN_POINT ( 'NONE',  ( 7.739276984598979503, 2.038070641943777517, -1.538070641943791950 ) ) ;
#3635 = FACE_OUTER_BOUND ( 'NONE', #2923, .T. ) ;
#3636 = ADVANCED_FACE ( 'NONE', ( #3901 ), #1259, .F. ) ;
#3637 = VECTOR ( 'NONE', #950, 1000.000000000000000 ) ;
#3638 = CARTESIAN_POINT ( 'NONE',  ( 4.707106781186551459, 0.4393398282201610439, -0.2928932188134530934 ) ) ;
#3639 = CARTESIAN_POINT ( 'NONE',  ( 8.000000000000000000, 1.100000000000000089, -6.000000000000002665 ) ) ;
#3640 = CARTESIAN_POINT ( 'NONE',  ( 26.62972629767178745, 4.853553390593273953, -4.860535611066651995 ) ) ;
#3641 = DIRECTION ( 'NONE',  ( 1.000000000000000000, -0.000000000000000000, -0.000000000000000000 ) ) ;
#3642 = CIRCLE ( 'NONE', #4131, 0.4999999999999999445 ) ;
#3643 = CARTESIAN_POINT ( 'NONE',  ( 4.123590881803048447, 2.348318963749499222, -1.848318963749511434 ) ) ;
#3644 = EDGE_CURVE ( 'NONE', #4221, #1229, #998, .T. ) ;
#3645 = LINE ( 'NONE', #3676, #2956 ) ;
#3646 = LINE ( 'NONE', #605, #4636 ) ;
#3647 = AXIS2_PLACEMENT_3D ( 'NONE', #1593, #2740, #4248 ) ;
#3648 = AXIS2_PLACEMENT_3D ( 'NONE', #1272, #951, #4319 ) ;
#3649 = ORIENTED_EDGE ( 'NONE', *, *, #4841, .F. ) ;
#3650 =( BOUNDED_CURVE ( )  B_SPLINE_CURVE ( 3, ( #2625, #1882, #3391, #4913 ),
 .UNSPECIFIED., .F., .F. ) 
 B_SPLINE_CURVE_WITH_KNOTS ( ( 4, 4 ),
 ( 3.926990816987244504, 4.712388980384689674 ),
 .UNSPECIFIED. ) 
 CURVE ( )  GEOMETRIC_REPRESENTATION_ITEM ( )  RATIONAL_B_SPLINE_CURVE ( ( 1.000000000000000000, 0.9492530216741915661, 0.9492530216741915661, 1.000000000000000000 ) ) 
 REPRESENTATION_ITEM ( '' )  );
#3651 = DIRECTION ( 'NONE',  ( 3.097720492815727042E-17, 0.000000000000000000, 1.000000000000000000 ) ) ;
#3652 = VERTEX_POINT ( 'NONE', #4235 ) ;
#3653 = DIRECTION ( 'NONE',  ( -1.000000000000000000, -0.000000000000000000, -0.000000000000000000 ) ) ;
#3654 = LINE ( 'NONE', #2490, #3055 ) ;
#3655 = CIRCLE ( 'NONE', #2947, 0.2999999999999999334 ) ;
#3656 = ORIENTED_EDGE ( 'NONE', *, *, #1536, .F. ) ;
#3657 = CARTESIAN_POINT ( 'NONE',  ( 20.29999999999999716, 0.000000000000000000, -0.2999999999999999889 ) ) ;
#3658 = CARTESIAN_POINT ( 'NONE',  ( 11.79999999999999716, 0.08578643762688700769, -1.000000000000000000 ) ) ;
#3659 = ADVANCED_FACE ( 'NONE', ( #4750 ), #2462, .T. ) ;
#3660 = CARTESIAN_POINT ( 'NONE',  ( 0.000000000000000000, 1.899999999999999245, -1.824264068711941800 ) ) ;
#3661 = AXIS2_PLACEMENT_3D ( 'NONE', #3045, #1976, #2368 ) ;
#3662 = LINE ( 'NONE', #3589, #3276 ) ;
#3663 = ORIENTED_EDGE ( 'NONE', *, *, #3943, .F. ) ;
#3664 = EDGE_LOOP ( 'NONE', ( #3377, #1722, #736, #3950 ) ) ;
#3665 = DIRECTION ( 'NONE',  ( -0.000000000000000000, -0.000000000000000000, -1.000000000000000000 ) ) ;
#3666 = AXIS2_PLACEMENT_3D ( 'NONE', #1773, #3704, #1111 ) ;
#3667 = CARTESIAN_POINT ( 'NONE',  ( 5.400000000000001243, 3.499999999999999556, -35.00000000000000000 ) ) ;
#3668 = ADVANCED_FACE ( 'NONE', ( #2418 ), #933, .T. ) ;
#3669 = CARTESIAN_POINT ( 'NONE',  ( 5.018881008266498078, 0.4811189917335232380, -0.06750116944100581495 ) ) ;
#3670 = CARTESIAN_POINT ( 'NONE',  ( 27.58111899173317383, 0.4811189917335770838, -0.06750116944099492089 ) ) ;
#3671 = B_SPLINE_CURVE_WITH_KNOTS ( 'NONE', 3,
 ( #2611, #4461, #4166, #3746, #2684, #1124 ),
 .UNSPECIFIED., .F., .F.,
 ( 4, 2, 4 ),
 ( 0.000000000000000000, 0.0004013122471552010590, 0.0008026244943104021180 ),
 .UNSPECIFIED. ) ;
#3672 = CARTESIAN_POINT ( 'NONE',  ( 11.79999999999999716, 0.08578643762688700769, -0.2999999999999999889 ) ) ;
#3673 = EDGE_CURVE ( 'NONE', #1206, #2975, #2099, .T. ) ;
#3674 = CARTESIAN_POINT ( 'NONE',  ( 5.374458920468712542, 2.765669573856708752, -2.265669573856561314 ) ) ;
#3675 = CIRCLE ( 'NONE', #2485, 0.5000000000000000000 ) ;
#3676 = CARTESIAN_POINT ( 'NONE',  ( 3.000000000000000000, 0.000000000000000000, -7.000000000000002665 ) ) ;
#3677 = EDGE_CURVE ( 'NONE', #600, #3812, #266, .T. ) ;
#3678 = LINE ( 'NONE', #1420, #2734 ) ;
#3679 = VECTOR ( 'NONE', #3417, 1000.000000000000000 ) ;
#3680 = EDGE_LOOP ( 'NONE', ( #958, #2878, #3537, #875 ) ) ;
#3681 = CARTESIAN_POINT ( 'NONE',  ( 2.999999999999999112, 0.1999999999999779732, -35.00000000000000000 ) ) ;
#3682 = ORIENTED_EDGE ( 'NONE', *, *, #1806, .T. ) ;
#3683 = DIRECTION ( 'NONE',  ( -0.000000000000000000, 1.000000000000000000, -0.000000000000000000 ) ) ;
#3684 = CARTESIAN_POINT ( 'NONE',  ( 2.883361010323093332, 0.08572973017249625738, -22.68729559255772443 ) ) ;
#3685 = AXIS2_PLACEMENT_3D ( 'NONE', #1238, #2370, #3070 ) ;
#3686 = CARTESIAN_POINT ( 'NONE',  ( 28.60000000000000142, 1.000000000000000000, -4.000000000000000000 ) ) ;
#3687 = ORIENTED_EDGE ( 'NONE', *, *, #807, .F. ) ;
#3688 = CARTESIAN_POINT ( 'NONE',  ( 24.90000000000000568, 1.812132034355964816, -1.312132034355979693 ) ) ;
#3689 = CARTESIAN_POINT ( 'NONE',  ( 27.18578643762689140, 0.08578643762688700769, 0.000000000000000000 ) ) ;
#3690 = CARTESIAN_POINT ( 'NONE',  ( 0.2928932188134506509, 0.4393398282201594895, -4.707106781186567446 ) ) ;
#3691 = CARTESIAN_POINT ( 'NONE',  ( 32.60000000000000142, 0.2167096997163639738, -5.348751931328394882 ) ) ;
#3692 = ORIENTED_EDGE ( 'NONE', *, *, #2657, .T. ) ;
#3693 = VERTEX_POINT ( 'NONE', #3581 ) ;
#3694 = LINE ( 'NONE', #1176, #4121 ) ;
#3695 = DIRECTION ( 'NONE',  ( 0.7071067811865457964, -0.7071067811865492381, 0.000000000000000000 ) ) ;
#3696 = CARTESIAN_POINT ( 'NONE',  ( 4.707106781186552347, 5.207106781186546129, -35.00000000000000000 ) ) ;
#3697 = CARTESIAN_POINT ( 'NONE',  ( 0.000000000000000000, -5.914213562373112687, -23.00000000000000355 ) ) ;
#3698 = DIRECTION ( 'NONE',  ( 1.000000000000000000, 0.000000000000000000, -3.097720492815726426E-17 ) ) ;
#3699 = ADVANCED_FACE ( 'NONE', ( #538 ), #3925, .F. ) ;
#3700 = DIRECTION ( 'NONE',  ( -1.000000000000000000, -0.000000000000000000, -0.000000000000000000 ) ) ;
#3701 = LINE ( 'NONE', #2215, #756 ) ;
#3702 = B_SPLINE_CURVE_WITH_KNOTS ( 'NONE', 3,
 ( #1886, #4892, #4917, #2680, #3790, #4186 ),
 .UNSPECIFIED., .F., .F.,
 ( 4, 2, 4 ),
 ( 0.000000000000000000, 0.0004078021805601932852, 0.0008156043611203865704 ),
 .UNSPECIFIED. ) ;
#3703 = ORIENTED_EDGE ( 'NONE', *, *, #1644, .T. ) ;
#3704 = DIRECTION ( 'NONE',  ( 3.097720492815727042E-17, -0.000000000000000000, 1.000000000000000000 ) ) ;
#3705 = ORIENTED_EDGE ( 'NONE', *, *, #4824, .T. ) ;
#3706 = LINE ( 'NONE', #1113, #3895 ) ;
#3707 = CARTESIAN_POINT ( 'NONE',  ( 2.956744207374798705, -0.1436439006128988893, -24.64848323515001027 ) ) ;
#3708 =( BOUNDED_SURFACE ( )  B_SPLINE_SURFACE ( 3, 2, ( 
 ( #3856, #509, #887 ),
 ( #816, #4179, #1973 ),
 ( #2294, #3894, #463 ),
 ( #3088, #3808, #2742 ),
 ( #3533, #789, #2389 ),
 ( #1931, #2020, #3484 ),
 ( #481, #1623, #83 ),
 ( #1188, #4602, #4630 ),
 ( #1993, #3439, #1597 ),
 ( #1955, #1254, #3139 ) ),
 .UNSPECIFIED., .F., .F., .T. ) 
 B_SPLINE_SURFACE_WITH_KNOTS ( ( 4, 2, 2, 2, 4 ),
 ( 3, 3 ),
 ( 3.141592653589793116, 3.534291735288517255, 3.926990816987241395, 4.319689898685965090, 4.712388980384689674 ),
 ( 0.000000000000000000, 1.000000000000000000 ),
 .UNSPECIFIED. ) 
 GEOMETRIC_REPRESENTATION_ITEM ( )  RATIONAL_B_SPLINE_SURFACE ( (
 ( 1.000000000000000000, 0.7071067811865476838, 1.000000000000000000),
 ( 1.000000000000000000, 0.7066757454026402208, 1.000000000000000000),
 ( 1.000000000000000000, 0.7265517544568337316, 1.000000000000000000),
 ( 1.000000000000000000, 0.7876784852403700965, 1.000000000000000000),
 ( 1.000000000000000000, 0.8282379410841204104, 1.000000000000000000),
 ( 1.000000000000000000, 0.9038128664847577820, 1.000000000000000000),
 ( 1.000000000000000000, 0.9386556601682070067, 1.000000000000000000),
 ( 1.000000000000000000, 0.9867291795941055543, 1.000000000000000000),
 ( 1.000000000000000000, 1.000158588025380269, 1.000000000000000000),
 ( 1.000000000000000000, 1.000000000000000000, 1.000000000000000000) ) ) 
 REPRESENTATION_ITEM ( '' )  SURFACE ( )  );
#3709 = CARTESIAN_POINT ( 'NONE',  ( 0.000000000000000000, -3.000000000000000000, 0.000000000000000000 ) ) ;
#3710 = ORIENTED_EDGE ( 'NONE', *, *, #4075, .T. ) ;
#3711 = LINE ( 'NONE', #4535, #2086 ) ;
#3712 = CARTESIAN_POINT ( 'NONE',  ( 20.60000000000000497, 0.000000000000000000, -6.000000000000001776 ) ) ;
#3713 = DIRECTION ( 'NONE',  ( 0.000000000000000000, -1.000000000000000000, 0.000000000000000000 ) ) ;
#3714 = EDGE_CURVE ( 'NONE', #1548, #1912, #193, .T. ) ;
#3715 = CARTESIAN_POINT ( 'NONE',  ( 11.49999999846637522, 1.667399608785653742, -1.632600389045671285 ) ) ;
#3716 = EDGE_LOOP ( 'NONE', ( #1602, #1244, #811, #2488 ) ) ;
#3717 = DIRECTION ( 'NONE',  ( -0.000000000000000000, -0.000000000000000000, -1.000000000000000000 ) ) ;
#3718 = CARTESIAN_POINT ( 'NONE',  ( 2.631685204016646296, -0.03171060799816002862, -21.80896763189577570 ) ) ;
#3719 = ORIENTED_EDGE ( 'NONE', *, *, #3437, .T. ) ;
#3720 = CARTESIAN_POINT ( 'NONE',  ( 4.220041619603689398, 4.064107308092447468, -6.164395040748060772 ) ) ;
#3721 = CARTESIAN_POINT ( 'NONE',  ( 27.62809402986903962, 5.438654830766128434, -5.928976788671328713 ) ) ;
#3722 = CARTESIAN_POINT ( 'NONE',  ( 27.18578643762689140, 0.08578643762688700769, 0.000000000000000000 ) ) ;
#3723 = CARTESIAN_POINT ( 'NONE',  ( 5.060660171779825411, 0.4393398282201614324, -0.6464466094067272683 ) ) ;
#3724 = CARTESIAN_POINT ( 'NONE',  ( 5.689219418073902190, 2.140773829233784120, -2.659601249963722491 ) ) ;
#3725 = EDGE_CURVE ( 'NONE', #4816, #4371, #917, .T. ) ;
#3726 = AXIS2_PLACEMENT_3D ( 'NONE', #1448, #4414, #1765 ) ;
#3727 = DIRECTION ( 'NONE',  ( 2.478176394252580648E-16, 0.000000000000000000, -1.000000000000000000 ) ) ;
#3728 = CARTESIAN_POINT ( 'NONE',  ( 24.10000000000000497, 0.7999999999999999334, -6.000000000000002665 ) ) ;
#3729 = ORIENTED_EDGE ( 'NONE', *, *, #418, .T. ) ;
#3730 = CIRCLE ( 'NONE', #1514, 0.5000000000000004441 ) ;
#3731 = CARTESIAN_POINT ( 'NONE',  ( 21.10000000000000142, 1.599999999999999867, -1.524264068711943310 ) ) ;
#3732 = CARTESIAN_POINT ( 'NONE',  ( 2.631710150595772291, -0.03165250337563250971, -24.19075736463509685 ) ) ;
#3733 = CIRCLE ( 'NONE', #2386, 0.3999999999999996336 ) ;
#3734 = AXIS2_PLACEMENT_3D ( 'NONE', #1131, #1575, #31 ) ;
#3735 = CARTESIAN_POINT ( 'NONE',  ( 5.414213562373099364, 0.08578643762688700769, 0.000000000000000000 ) ) ;
#3736 = ORIENTED_EDGE ( 'NONE', *, *, #2487, .F. ) ;
#3737 = AXIS2_PLACEMENT_3D ( 'NONE', #530, #908, #2039 ) ;
#3738 = CARTESIAN_POINT ( 'NONE',  ( 11.49999999999999822, 0.000000000000000000, 0.000000000000000000 ) ) ;
#3739 = VECTOR ( 'NONE', #1342, 999.9999999999998863 ) ;
#3740 = EDGE_CURVE ( 'NONE', #2155, #4420, #1160, .T. ) ;
#3741 = CARTESIAN_POINT ( 'NONE',  ( 8.160065365760482692, 1.466666666666667007, -6.000000000000002665 ) ) ;
#3742 = VECTOR ( 'NONE', #4497, 1000.000000000000000 ) ;
#3743 = DIRECTION ( 'NONE',  ( -0.000000000000000000, -0.000000000000000000, -1.000000000000000000 ) ) ;
#3744 = ORIENTED_EDGE ( 'NONE', *, *, #748, .T. ) ;
#3745 = B_SPLINE_CURVE_WITH_KNOTS ( 'NONE', 3,
 ( #3503, #2311, #1523, #106, #4247, #4546 ),
 .UNSPECIFIED., .F., .F.,
 ( 4, 2, 4 ),
 ( 0.000000000000000000, 0.0001855072289950081342, 0.0003710144579900162684 ),
 .UNSPECIFIED. ) ;
#3746 = CARTESIAN_POINT ( 'NONE',  ( 4.913557987010467087, 5.375588965184074475, -6.381718589473786452 ) ) ;
#3747 = LINE ( 'NONE', #1440, #4610 ) ;
#3748 = EDGE_CURVE ( 'NONE', #3592, #4739, #1723, .T. ) ;
#3749 = DIRECTION ( 'NONE',  ( 0.000000000000000000, -1.000000000000000000, 0.000000000000000000 ) ) ;
#3750 = CARTESIAN_POINT ( 'NONE',  ( 1.845037397473173524, 2.345037397473137109, -4.293635102358987155 ) ) ;
#3751 = AXIS2_PLACEMENT_3D ( 'NONE', #3731, #2542, #1059 ) ;
#3752 = CARTESIAN_POINT ( 'NONE',  ( 27.18578643762692337, 5.500000000000000000, -35.00000000000000000 ) ) ;
#3753 = AXIS2_PLACEMENT_3D ( 'NONE', #1669, #4699, #186 ) ;
#3754 = CARTESIAN_POINT ( 'NONE',  ( 10.99999999999999822, 1.744880804980768252, -1.555119195019244005 ) ) ;
#3755 = CARTESIAN_POINT ( 'NONE',  ( 6.667742724643059837, 4.417660698685753395, -3.917660698685760057 ) ) ;
#3756 = PERSON_AND_ORGANIZATION ( #4792, #102 ) ;
#3757 = CARTESIAN_POINT ( 'NONE',  ( 28.32759813075840682, 1.164248858841756995, -1.867326273985240537 ) ) ;
#3758 = EDGE_LOOP ( 'NONE', ( #4557, #64, #4304 ) ) ;
#3759 = DIRECTION ( 'NONE',  ( -1.000000000000000000, 0.000000000000000000, 0.000000000000000000 ) ) ;
#3760 = FACE_OUTER_BOUND ( 'NONE', #669, .T. ) ;
#3761 = CARTESIAN_POINT ( 'NONE',  ( 2.599999999999998312, -2.559173366053301812, -18.02569549775264335 ) ) ;
#3762 = CARTESIAN_POINT ( 'NONE',  ( 26.43560495925195397, 4.064107308092447468, -4.220041619603472682 ) ) ;
#3763 = AXIS2_PLACEMENT_3D ( 'NONE', #558, #141, #1695 ) ;
#3764 = CARTESIAN_POINT ( 'NONE',  ( 2.939696130770804494, 3.439696130770795168, -7.200410149896105949 ) ) ;
#3765 = ORIENTED_EDGE ( 'NONE', *, *, #3748, .F. ) ;
#3766 = DIRECTION ( 'NONE',  ( 8.673617379884035472E-16, 0.000000000000000000, 1.000000000000000000 ) ) ;
#3767 = DIRECTION ( 'NONE',  ( 1.000000000000000000, 0.000000000000000000, 0.000000000000000000 ) ) ;
#3768 = AXIS2_PLACEMENT_3D ( 'NONE', #2302, #3819, #49 ) ;
#3769 = DIRECTION ( 'NONE',  ( 0.000000000000000000, 0.000000000000000000, 1.000000000000000000 ) ) ;
#3770 = EDGE_CURVE ( 'NONE', #3313, #4816, #4314, .T. ) ;
#3771 = CARTESIAN_POINT ( 'NONE',  ( 5.060660171779828076, 0.7928932188134332204, -0.2928932188134514836 ) ) ;
#3772 = ORIENTED_EDGE ( 'NONE', *, *, #2196, .F. ) ;
#3773 = ORIENTED_EDGE ( 'NONE', *, *, #3490, .F. ) ;
#3774 = DIRECTION ( 'NONE',  ( -0.000000000000000000, -0.000000000000000000, -1.000000000000000000 ) ) ;
#3775 = EDGE_CURVE ( 'NONE', #3233, #2025, #2865, .T. ) ;
#3776 = DIRECTION ( 'NONE',  ( 0.000000000000000000, 0.000000000000000000, -1.000000000000000000 ) ) ;
#3777 = ORIENTED_EDGE ( 'NONE', *, *, #4806, .F. ) ;
#3778 = CARTESIAN_POINT ( 'NONE',  ( 4.555881171218101322, 4.478049081012524191, -6.103334400570012974 ) ) ;
#3779 = CARTESIAN_POINT ( 'NONE',  ( 4.860535611066598705, 4.853553390593339678, -5.970273702328258381 ) ) ;
#3780 = CARTESIAN_POINT ( 'NONE',  ( 31.58219775056495848, 1.517802249435045381, -4.335751141158234567 ) ) ;
#3781 = CARTESIAN_POINT ( 'NONE',  ( 6.300000000000000711, 3.499999999999999556, -29.00000000000000355 ) ) ;
#3782 = ORIENTED_EDGE ( 'NONE', *, *, #3214, .F. ) ;
#3783 = CARTESIAN_POINT ( 'NONE',  ( 24.26026653893713103, 1.560730098647837183, -1.224264068711943487 ) ) ;
#3784 = DIRECTION ( 'NONE',  ( -3.097720492815727042E-17, -0.000000000000000000, -1.000000000000000000 ) ) ;
#3785 = DIRECTION ( 'NONE',  ( 0.000000000000000000, 0.000000000000000000, 1.000000000000000000 ) ) ;
#3786 = CARTESIAN_POINT ( 'NONE',  ( 11.49999999999999822, 1.899999999999999245, -1.824264068711941578 ) ) ;
#3787 = ORIENTED_EDGE ( 'NONE', *, *, #2129, .F. ) ;
#3788 = CARTESIAN_POINT ( 'NONE',  ( 4.000000000000000000, -6.081118318204304707, -4.000000000000000000 ) ) ;
#3789 = DIRECTION ( 'NONE',  ( 0.5336654952351347347, 0.000000000000000000, -0.8456956540005621248 ) ) ;
#3790 = CARTESIAN_POINT ( 'NONE',  ( 26.31802902369718922, 5.500000000000000000, -5.284657056826260302 ) ) ;
#3791 = EDGE_CURVE ( 'NONE', #3821, #1423, #3913, .T. ) ;
#3792 = ORIENTED_EDGE ( 'NONE', *, *, #2949, .T. ) ;
#3793 = EDGE_LOOP ( 'NONE', ( #3119, #4640, #4061, #1260 ) ) ;
#3794 = LINE ( 'NONE', #778, #2851 ) ;
#3795 = EDGE_CURVE ( 'NONE', #2050, #3539, #3654, .T. ) ;
#3796 = FACE_OUTER_BOUND ( 'NONE', #273, .T. ) ;
#3797 = VERTEX_POINT ( 'NONE', #3996 ) ;
#3798 = CARTESIAN_POINT ( 'NONE',  ( 1.559966970939093533, 2.059966970939080433, -5.646535696398423454 ) ) ;
#3799 = DIRECTION ( 'NONE',  ( -0.000000000000000000, 1.000000000000000000, -0.000000000000000000 ) ) ;
#3800 = DIRECTION ( 'NONE',  ( 0.000000000000000000, 0.000000000000000000, -1.000000000000000000 ) ) ;
#3801 = EDGE_CURVE ( 'NONE', #3500, #2146, #4808, .T. ) ;
#3802 = DATE_TIME_ROLE ( 'creation_date' ) ;
#3803 = DIRECTION ( 'NONE',  ( -1.000000000000000000, 0.000000000000000000, 0.000000000000000000 ) ) ;
#3804 = CARTESIAN_POINT ( 'NONE',  ( 24.90000000000000568, 0.7928932188134338865, -0.2928932188134512615 ) ) ;
#3805 = DIRECTION ( 'NONE',  ( 0.000000000000000000, -1.000000000000000000, 0.000000000000000000 ) ) ;
#3806 = DIRECTION ( 'NONE',  ( 0.1256937098494319283, -0.1256937098494330107, 0.9840742769773903609 ) ) ;
#3807 = EDGE_CURVE ( 'NONE', #2824, #1797, #369, .T. ) ;
#3808 = CARTESIAN_POINT ( 'NONE',  ( 20.64992065551931333, 1.345392609888944380, -1.284008922033108790 ) ) ;
#3809 = DIRECTION ( 'NONE',  ( 0.000000000000000000, -1.000000000000000000, 0.000000000000000000 ) ) ;
#3810 = DIRECTION ( 'NONE',  ( 0.000000000000000000, 0.000000000000000000, -1.000000000000000000 ) ) ;
#3811 = AXIS2_PLACEMENT_3D ( 'NONE', #1666, #3138, #1646 ) ;
#3812 = VERTEX_POINT ( 'NONE', #2838 ) ;
#3813 = CARTESIAN_POINT ( 'NONE',  ( 5.970273702328218413, 4.853553390593271288, -4.860535611066649331 ) ) ;
#3814 = DIRECTION ( 'NONE',  ( 1.000000000000000000, 0.000000000000000000, -1.084202172485501673E-15 ) ) ;
#3815 = DIRECTION ( 'NONE',  ( 0.000000000000000000, 0.000000000000000000, -1.000000000000000000 ) ) ;
#3816 = ORIENTED_EDGE ( 'NONE', *, *, #4623, .F. ) ;
#3817 = ORIENTED_EDGE ( 'NONE', *, *, #1444, .T. ) ;
#3818 = VECTOR ( 'NONE', #4270, 1000.000000000000000 ) ;
#3819 = DIRECTION ( 'NONE',  ( 0.000000000000000000, 0.000000000000000000, -1.000000000000000000 ) ) ;
#3821 = VERTEX_POINT ( 'NONE', #1405 ) ;
#3820 = TOROIDAL_SURFACE ( 'NONE', #2458, 0.6000000000000000888, 0.4000000000000000222 ) ;
#3822 = ADVANCED_FACE ( 'NONE', ( #166 ), #3626, .F. ) ;
#3823 = AXIS2_PLACEMENT_3D ( 'NONE', #2203, #3713, #321 ) ;
#3824 = DIRECTION ( 'NONE',  ( 0.000000000000000000, -1.000000000000000000, 0.000000000000000000 ) ) ;
#3825 = ORIENTED_EDGE ( 'NONE', *, *, #1314, .T. ) ;
#3826 = FACE_OUTER_BOUND ( 'NONE', #4206, .T. ) ;
#3827 = SECURITY_CLASSIFICATION ( '', '', #880 ) ;
#3828 = CARTESIAN_POINT ( 'NONE',  ( 32.30710678118655466, 0.7928932188134472092, -5.060660171779827188 ) ) ;
#3829 = CARTESIAN_POINT ( 'NONE',  ( 4.150000000000025224, 1.350000000000016076, -35.00000000000000000 ) ) ;
#3830 = AXIS2_PLACEMENT_3D ( 'NONE', #319, #1484, #2604 ) ;
#3831 = ORIENTED_EDGE ( 'NONE', *, *, #2350, .F. ) ;
#3832 = EDGE_CURVE ( 'NONE', #3099, #1537, #632, .T. ) ;
#3833 = DIRECTION ( 'NONE',  ( 0.000000000000000000, 0.000000000000000000, -1.000000000000000000 ) ) ;
#3834 = DIRECTION ( 'NONE',  ( 0.000000000000000000, -0.000000000000000000, -1.000000000000000000 ) ) ;
#3835 = ADVANCED_FACE ( 'NONE', ( #2543 ), #1881, .F. ) ;
#3836 = LINE ( 'NONE', #3466, #1362 ) ;
#3837 = EDGE_LOOP ( 'NONE', ( #2445, #4606, #1530, #574, #935, #155 ) ) ;
#3838 = CARTESIAN_POINT ( 'NONE',  ( 5.884260699109483461, 4.999999999999999112, -5.042767277869177889 ) ) ;
#3839 = FACE_OUTER_BOUND ( 'NONE', #3680, .T. ) ;
#3840 = VECTOR ( 'NONE', #3279, 1000.000000000000000 ) ;
#3841 = VERTEX_POINT ( 'NONE', #3761 ) ;
#3842 = VERTEX_POINT ( 'NONE', #1505 ) ;
#3843 = CIRCLE ( 'NONE', #2971, 1.100000000000000311 ) ;
#3844 = CARTESIAN_POINT ( 'NONE',  ( 5.414213562373100253, 4.999999999999999112, -6.241093483101493256 ) ) ;
#3845 = ORIENTED_EDGE ( 'NONE', *, *, #125, .T. ) ;
#3846 = AXIS2_PLACEMENT_3D ( 'NONE', #90, #2026, #868 ) ;
#3847 = EDGE_LOOP ( 'NONE', ( #27, #2816, #658 ) ) ;
#3848 = EDGE_LOOP ( 'NONE', ( #2655, #3148, #4466, #507 ) ) ;
#3849 = LINE ( 'NONE', #548, #326 ) ;
#3850 = DIRECTION ( 'NONE',  ( 1.000000000000000000, -0.000000000000000000, -3.097720492815727042E-17 ) ) ;
#3851 = CARTESIAN_POINT ( 'NONE',  ( 24.60000000000000497, 0.000000000000000000, -6.000000000000002665 ) ) ;
#3852 = DIRECTION ( 'NONE',  ( 0.7071067811865465735, 0.7071067811865485719, -0.000000000000000000 ) ) ;
#3853 = LINE ( 'NONE', #4626, #4763 ) ;
#3854 = EDGE_CURVE ( 'NONE', #452, #286, #3530, .T. ) ;
#3855 = SPHERICAL_SURFACE ( 'NONE', #888, 0.5000000000000000000 ) ;
#3856 = CARTESIAN_POINT ( 'NONE',  ( 20.59999999999999787, 1.034314575050760965, -0.9585786437627064061 ) ) ;
#3857 = CARTESIAN_POINT ( 'NONE',  ( 11.53660196661064496, 1.856412408500392131, -1.495350589089922355 ) ) ;
#3858 = ORIENTED_EDGE ( 'NONE', *, *, #1565, .T. ) ;
#3859 = FACE_OUTER_BOUND ( 'NONE', #1865, .T. ) ;
#3860 = DIRECTION ( 'NONE',  ( -0.000000000000000000, -1.000000000000000000, -0.000000000000000000 ) ) ;
#3861 = ORIENTED_EDGE ( 'NONE', *, *, #2129, .T. ) ;
#3862 = ORIENTED_EDGE ( 'NONE', *, *, #2886, .T. ) ;
#3863 = CARTESIAN_POINT ( 'NONE',  ( 3.000000000000000000, 0.000000000000000000, -7.000000000000002665 ) ) ;
#3864 = EDGE_LOOP ( 'NONE', ( #2182, #1952, #3258, #4201, #1214, #528 ) ) ;
#3865 = ADVANCED_FACE ( 'NONE', ( #711 ), #4076, .T. ) ;
#3866 =( BOUNDED_CURVE ( )  B_SPLINE_CURVE ( 3, ( #1092, #4890, #2577, #295 ),
 .UNSPECIFIED., .F., .T. ) 
 B_SPLINE_CURVE_WITH_KNOTS ( ( 4, 4 ),
 ( 3.926990816987240951, 4.712388980384689674 ),
 .UNSPECIFIED. ) 
 CURVE ( )  GEOMETRIC_REPRESENTATION_ITEM ( )  RATIONAL_B_SPLINE_CURVE ( ( 1.000000000000000000, 0.9492530216741910110, 0.9492530216741910110, 1.000000000000000000 ) ) 
 REPRESENTATION_ITEM ( '' )  );
#3867 = ORIENTED_EDGE ( 'NONE', *, *, #1641, .F. ) ;
#3868 = EDGE_LOOP ( 'NONE', ( #346, #2466, #4219, #194 ) ) ;
#3869 = DIRECTION ( 'NONE',  ( 0.5773502691896248429, 0.5773502691896266192, 0.5773502691896259531 ) ) ;
#3870 = VERTEX_POINT ( 'NONE', #1089 ) ;
#3871 = CARTESIAN_POINT ( 'NONE',  ( 24.60000000000000497, 0.000000000000000000, 0.000000000000000000 ) ) ;
#3872 = CARTESIAN_POINT ( 'NONE',  ( 27.48214886980225202, 5.617851130197768939, -0.2357022603955405415 ) ) ;
#3873 = CARTESIAN_POINT ( 'NONE',  ( 4.000000000000000000, 1.000000000000000000, -5.100000000000000533 ) ) ;
#3874 = DIRECTION ( 'NONE',  ( 0.000000000000000000, 0.000000000000000000, 1.000000000000000000 ) ) ;
#3875 = ORIENTED_EDGE ( 'NONE', *, *, #3992, .F. ) ;
#3876 = EDGE_CURVE ( 'NONE', #1607, #215, #688, .T. ) ;
#3877 = AXIS2_PLACEMENT_3D ( 'NONE', #1716, #3957, #1737 ) ;
#3878 = ORIENTED_EDGE ( 'NONE', *, *, #3496, .T. ) ;
#3879 = CARTESIAN_POINT ( 'NONE',  ( 7.700000000000000178, 1.599999999999999867, -1.100000000000015854 ) ) ;
#3880 = ORIENTED_EDGE ( 'NONE', *, *, #4623, .T. ) ;
#3881 = EDGE_CURVE ( 'NONE', #561, #1263, #1631, .T. ) ;
#3882 = AXIS2_PLACEMENT_3D ( 'NONE', #4578, #860, #3833 ) ;
#3883 = ORIENTED_EDGE ( 'NONE', *, *, #61, .T. ) ;
#3884 = AXIS2_PLACEMENT_3D ( 'NONE', #442, #3465, #62 ) ;
#3885 = ORIENTED_EDGE ( 'NONE', *, *, #2557, .T. ) ;
#3886 = CARTESIAN_POINT ( 'NONE',  ( 2.599999999999999201, -3.000000000000000000, -28.90000000000000213 ) ) ;
#3887 = DIRECTION ( 'NONE',  ( 0.000000000000000000, 0.7071067811865464625, 0.7071067811865486830 ) ) ;
#3888 = CIRCLE ( 'NONE', #2235, 1.000000000000000000 ) ;
#3889 =( BOUNDED_CURVE ( )  B_SPLINE_CURVE ( 3, ( #4008, #2929, #1000, #1789 ),
 .UNSPECIFIED., .F., .T. ) 
 B_SPLINE_CURVE_WITH_KNOTS ( ( 4, 4 ),
 ( 3.141592653589792672, 4.712388980384689674 ),
 .UNSPECIFIED. ) 
 CURVE ( )  GEOMETRIC_REPRESENTATION_ITEM ( )  RATIONAL_B_SPLINE_CURVE ( ( 1.000000000000000000, 0.8047378541243649375, 0.8047378541243649375, 1.000000000000000000 ) ) 
 REPRESENTATION_ITEM ( '' )  );
#3890 = EDGE_LOOP ( 'NONE', ( #4612, #3930, #1430, #884 ) ) ;
#3891 = DIRECTION ( 'NONE',  ( 0.000000000000000000, -0.000000000000000000, -1.000000000000000000 ) ) ;
#3892 = ORIENTED_EDGE ( 'NONE', *, *, #4333, .T. ) ;
#3893 = CARTESIAN_POINT ( 'NONE',  ( 11.79999999999999716, 5.500000000000000000, 0.000000000000000000 ) ) ;
#3894 = CARTESIAN_POINT ( 'NONE',  ( 20.62126632486718236, 1.339858123681255897, -1.330066751269751046 ) ) ;
#3895 = VECTOR ( 'NONE', #4857, 1000.000000000000000 ) ;
#3896 = DIRECTION ( 'NONE',  ( 0.000000000000000000, 0.000000000000000000, 1.000000000000000000 ) ) ;
#3897 = DIRECTION ( 'NONE',  ( 0.000000000000000000, -0.7071067811865467956, -0.7071067811865484609 ) ) ;
#3898 = VERTEX_POINT ( 'NONE', #1800 ) ;
#3899 = CIRCLE ( 'NONE', #1690, 0.7999999999999999334 ) ;
#3900 = DIRECTION ( 'NONE',  ( 0.000000000000000000, -1.000000000000000000, 0.000000000000000000 ) ) ;
#3901 = FACE_OUTER_BOUND ( 'NONE', #214, .T. ) ;
#3902 = ORIENTED_EDGE ( 'NONE', *, *, #2426, .T. ) ;
#3903 = VECTOR ( 'NONE', #4299, 1000.000000000000000 ) ;
#3904 = ADVANCED_FACE ( 'NONE', ( #1824 ), #1185, .T. ) ;
#3905 = ADVANCED_FACE ( 'NONE', ( #3796 ), #4192, .F. ) ;
#3906 = ORIENTED_EDGE ( 'NONE', *, *, #453, .F. ) ;
#3907 = VECTOR ( 'NONE', #3628, 1000.000000000000000 ) ;
#3908 = ORIENTED_EDGE ( 'NONE', *, *, #4075, .F. ) ;
#3909 = DIRECTION ( 'NONE',  ( -0.000000000000000000, 1.000000000000000000, -0.000000000000000000 ) ) ;
#3910 = EDGE_CURVE ( 'NONE', #2155, #3797, #677, .T. ) ;
#3911 = DIRECTION ( 'NONE',  ( 0.000000000000000000, 0.7071067811865486830, -0.7071067811865464625 ) ) ;
#3912 = PLANE ( 'NONE',  #4531 ) ;
#3913 = CIRCLE ( 'NONE', #279, 0.9000000000000014655 ) ;
#3914 = EDGE_LOOP ( 'NONE', ( #2300, #2176, #1085, #4829, #4049, #1325 ) ) ;
#3915 = CARTESIAN_POINT ( 'NONE',  ( 0.2928932188134514836, 0.7928932188134336645, -5.060660171779839622 ) ) ;
#3916 = AXIS2_PLACEMENT_3D ( 'NONE', #2281, #431, #1945 ) ;
#3917 = CARTESIAN_POINT ( 'NONE',  ( 5.414213562373099364, 0.000000000000000000, -1.000000000000000000 ) ) ;
#3918 = CYLINDRICAL_SURFACE ( 'NONE', #1915, 0.9000000000000014655 ) ;
#3919 = CYLINDRICAL_SURFACE ( 'NONE', #4842, 0.5000000000000000000 ) ;
#3920 = EDGE_CURVE ( 'NONE', #2780, #2791, #4077, .T. ) ;
#3921 = CARTESIAN_POINT ( 'NONE',  ( 12.49999999999999822, 1.100000000000000089, -7.000000000000002665 ) ) ;
#3922 = CARTESIAN_POINT ( 'NONE',  ( 11.79999999999999716, 2.112132034355964194, -1.612132034355978183 ) ) ;
#3923 = ORIENTED_EDGE ( 'NONE', *, *, #165, .T. ) ;
#3924 = LINE ( 'NONE', #987, #1291 ) ;
#3925 = CYLINDRICAL_SURFACE ( 'NONE', #599, 2.000000000000001776 ) ;
#3926 = ORIENTED_EDGE ( 'NONE', *, *, #4274, .F. ) ;
#3927 = EDGE_LOOP ( 'NONE', ( #776, #74, #1250, #3241 ) ) ;
#3928 = DIRECTION ( 'NONE',  ( -1.000000000000000000, -0.000000000000000000, -0.000000000000000000 ) ) ;
#3929 = ORIENTED_EDGE ( 'NONE', *, *, #2743, .F. ) ;
#3930 = ORIENTED_EDGE ( 'NONE', *, *, #3078, .T. ) ;
#3931 = DIRECTION ( 'NONE',  ( 0.000000000000000000, -1.000000000000000000, 0.000000000000000000 ) ) ;
#3932 = CARTESIAN_POINT ( 'NONE',  ( 30.33433042614378294, 2.765669573856709640, -5.374458920468674350 ) ) ;
#3933 = CC_DESIGN_PERSON_AND_ORGANIZATION_ASSIGNMENT ( #3756, #363, ( #544 ) ) ;
#3934 = EDGE_CURVE ( 'NONE', #1609, #4883, #2640, .T. ) ;
#3935 = VERTEX_POINT ( 'NONE', #2306 ) ;
#3936 = DIRECTION ( 'NONE',  ( 0.000000000000000000, -0.9553458691207938891, 0.2954898819821672462 ) ) ;
#3937 = CARTESIAN_POINT ( 'NONE',  ( 0.000000000000000000, -2.600000000000000089, -13.60000000000000142 ) ) ;
#3938 = CARTESIAN_POINT ( 'NONE',  ( 24.90000000000000568, 0.08578643762688700769, -0.2999999999999999889 ) ) ;
#3939 = EDGE_CURVE ( 'NONE', #597, #824, #4565, .T. ) ;
#3940 = DIRECTION ( 'NONE',  ( 0.000000000000000000, 0.000000000000000000, 1.000000000000000000 ) ) ;
#3941 = CARTESIAN_POINT ( 'NONE',  ( 28.61780224943503370, 0.5000000000000000000, -1.017802249435046713 ) ) ;
#3942 = VERTEX_POINT ( 'NONE', #400 ) ;
#3943 = EDGE_CURVE ( 'NONE', #492, #3099, #1102, .T. ) ;
#3944 = DIRECTION ( 'NONE',  ( 0.000000000000000000, -1.000000000000000000, 0.000000000000000000 ) ) ;
#3945 = B_SPLINE_CURVE_WITH_KNOTS ( 'NONE', 3,
 ( #158, #3180, #4769, #2982, #1396, #1447 ),
 .UNSPECIFIED., .F., .F.,
 ( 4, 2, 4 ),
 ( 0.000000000000000000, 0.0001909765233661364354, 0.0003819530467322728709 ),
 .UNSPECIFIED. ) ;
#3946 = EDGE_LOOP ( 'NONE', ( #1965, #755, #504, #2275 ) ) ;
#3947 = VERTEX_POINT ( 'NONE', #4116 ) ;
#3948 = CARTESIAN_POINT ( 'NONE',  ( 26.30000000000000426, 3.499999999999999556, -29.00000000000000355 ) ) ;
#3949 = CARTESIAN_POINT ( 'NONE',  ( 27.31524736042078416, 5.500000000000033751, -6.281940818162044415 ) ) ;
#3950 = ORIENTED_EDGE ( 'NONE', *, *, #51, .T. ) ;
#3951 = ORIENTED_EDGE ( 'NONE', *, *, #3934, .F. ) ;
#3952 = VECTOR ( 'NONE', #2112, 1000.000000000000000 ) ;
#3953 = DIRECTION ( 'NONE',  ( -1.000000000000000000, 0.000000000000000000, 0.000000000000000000 ) ) ;
#3954 = PLANE ( 'NONE',  #1207 ) ;
#3955 = EDGE_LOOP ( 'NONE', ( #75, #2384, #3399, #2038 ) ) ;
#3956 = PLANE ( 'NONE',  #14 ) ;
#3957 = DIRECTION ( 'NONE',  ( 1.000000000000000000, 0.000000000000000000, -0.000000000000000000 ) ) ;
#3958 = VECTOR ( 'NONE', #110, 999.9999999999998863 ) ;
#3959 = AXIS2_PLACEMENT_3D ( 'NONE', #2853, #4390, #4360 ) ;
#3960 = DIRECTION ( 'NONE',  ( -0.7071067811865487940, -0.000000000000000000, 0.7071067811865463515 ) ) ;
#3961 = FACE_OUTER_BOUND ( 'NONE', #351, .T. ) ;
#3962 = ADVANCED_FACE ( 'NONE', ( #2953 ), #3003, .T. ) ;
#3963 = AXIS2_PLACEMENT_3D ( 'NONE', #3621, #4011, #1419 ) ;
#3964 = CARTESIAN_POINT ( 'NONE',  ( 26.62972629767178745, 4.853553390593273953, -4.860535611066651995 ) ) ;
#3965 = DIRECTION ( 'NONE',  ( 2.555489027805605814E-16, 0.7071067811865486830, -0.7071067811865464625 ) ) ;
#3966 = ORIENTED_EDGE ( 'NONE', *, *, #2925, .F. ) ;
#3967 = ORIENTED_EDGE ( 'NONE', *, *, #4233, .T. ) ;
#3968 = EDGE_CURVE ( 'NONE', #1655, #4409, #324, .T. ) ;
#3969 = CARTESIAN_POINT ( 'NONE',  ( 2.599999999999998312, -5.914213562373112687, -23.00000000000000355 ) ) ;
#3970 = AXIS2_PLACEMENT_3D ( 'NONE', #4538, #3815, #3021 ) ;
#3971 = CARTESIAN_POINT ( 'NONE',  ( 4.414213562373094035, 1.614213562373087330, -35.00000000000000000 ) ) ;
#3972 = VECTOR ( 'NONE', #3144, 1000.000000000000000 ) ;
#3973 = VERTEX_POINT ( 'NONE', #3379 ) ;
#3974 = DIRECTION ( 'NONE',  ( -0.000000000000000000, -0.000000000000000000, -1.000000000000000000 ) ) ;
#3975 = TOROIDAL_SURFACE ( 'NONE', #432, 1.500000000000000000, 1.000000000000000000 ) ;
#3976 = CARTESIAN_POINT ( 'NONE',  ( 30.73267372601475955, 1.164248858841775203, -4.272401869241585715 ) ) ;
#3977 = DIRECTION ( 'NONE',  ( 0.000000000000000000, 0.000000000000000000, 1.000000000000000000 ) ) ;
#3978 = CARTESIAN_POINT ( 'NONE',  ( 12.49999999999999822, 1.600000000000000089, -6.000000000000002665 ) ) ;
#3979 = ORIENTED_EDGE ( 'NONE', *, *, #2254, .F. ) ;
#3980 = ORIENTED_EDGE ( 'NONE', *, *, #3002, .F. ) ;
#3981 = CARTESIAN_POINT ( 'NONE',  ( 30.52984439247669002, 2.570155607522803809, -5.087597642202426940 ) ) ;
#3982 = AXIS2_PLACEMENT_3D ( 'NONE', #116, #3965, #535 ) ;
#3983 = ORIENTED_EDGE ( 'NONE', *, *, #4171, .F. ) ;
#3984 = CARTESIAN_POINT ( 'NONE',  ( 4.824957911384308851, 0.6750420886156771605, -0.1750420886156948408 ) ) ;
#3985 = CIRCLE ( 'NONE', #1553, 0.5000000000000004441 ) ;
#3986 = CARTESIAN_POINT ( 'NONE',  ( 32.30710678118654755, 0.000000000000000000, -4.707106781186548794 ) ) ;
#3987 = DIRECTION ( 'NONE',  ( 0.000000000000000000, 0.000000000000000000, -1.000000000000000000 ) ) ;
#3988 = ADVANCED_FACE ( 'NONE', ( #3456 ), #4144, .T. ) ;
#3989 = FACE_OUTER_BOUND ( 'NONE', #850, .T. ) ;
#3990 = DIRECTION ( 'NONE',  ( 0.000000000000000000, 0.000000000000000000, -1.000000000000000000 ) ) ;
#3991 = AXIS2_PLACEMENT_3D ( 'NONE', #4727, #3944, #2073 ) ;
#3992 = EDGE_CURVE ( 'NONE', #1912, #111, #1787, .T. ) ;
#3993 = ORIENTED_EDGE ( 'NONE', *, *, #4104, .F. ) ;
#3994 = ORIENTED_EDGE ( 'NONE', *, *, #318, .T. ) ;
#3995 = DIRECTION ( 'NONE',  ( -0.000000000000000000, 1.000000000000000000, -0.000000000000000000 ) ) ;
#3996 = CARTESIAN_POINT ( 'NONE',  ( 24.90000000000000568, 0.08578643762688700769, 0.000000000000000000 ) ) ;
#3997 = EDGE_CURVE ( 'NONE', #4226, #3349, #4164, .T. ) ;
#3998 = ORIENTED_EDGE ( 'NONE', *, *, #2536, .F. ) ;
#3999 = CARTESIAN_POINT ( 'NONE',  ( 0.02602734134865948221, 0.3475343654829919360, -5.283339598445084384 ) ) ;
#4000 = CARTESIAN_POINT ( 'NONE',  ( 8.500000000000000000, 1.899999999999999245, -1.824264068711941800 ) ) ;
#4001 = CARTESIAN_POINT ( 'NONE',  ( 5.147380814755535106, 4.999999999999999112, -5.818245656101210805 ) ) ;
#4002 = ORIENTED_EDGE ( 'NONE', *, *, #450, .T. ) ;
#4003 = VERTEX_POINT ( 'NONE', #328 ) ;
#4004 = CARTESIAN_POINT ( 'NONE',  ( 7.699999999999999289, 2.112132034355963306, -1.612132034355977739 ) ) ;
#4005 = ADVANCED_FACE ( 'NONE', ( #700 ), #1843, .T. ) ;
#4006 = DIRECTION ( 'NONE',  ( -0.000000000000000000, -0.000000000000000000, -1.000000000000000000 ) ) ;
#4007 = CARTESIAN_POINT ( 'NONE',  ( 0.000000000000000000, 1.000000000000000000, 0.000000000000000000 ) ) ;
#4008 = CARTESIAN_POINT ( 'NONE',  ( 20.60000000000000142, 1.034314575050760965, -0.9585786437627064061 ) ) ;
#4009 = CARTESIAN_POINT ( 'NONE',  ( 24.10000000000000497, 1.599999999999999867, -1.524264068711943310 ) ) ;
#4010 = FACE_OUTER_BOUND ( 'NONE', #3664, .T. ) ;
#4011 = DIRECTION ( 'NONE',  ( -1.000000000000000000, 0.000000000000000000, 0.000000000000000000 ) ) ;
#4012 = DIRECTION ( 'NONE',  ( -0.000000000000000000, 1.000000000000000000, -0.000000000000000000 ) ) ;
#4013 = ORIENTED_EDGE ( 'NONE', *, *, #2557, .F. ) ;
#4014 = ADVANCED_FACE ( 'NONE', ( #4664 ), #1311, .T. ) ;
#4015 = CARTESIAN_POINT ( 'NONE',  ( 2.999999999999999112, -2.600000000000000089, -28.50000000000000000 ) ) ;
#4016 = ORIENTED_EDGE ( 'NONE', *, *, #611, .F. ) ;
#4017 = DIRECTION ( 'NONE',  ( -0.000000000000000000, 1.000000000000000000, -0.000000000000000000 ) ) ;
#4018 = CARTESIAN_POINT ( 'NONE',  ( 4.335751141158238120, -6.081118318204304707, -1.371355640028317113 ) ) ;
#4019 = ORIENTED_EDGE ( 'NONE', *, *, #1770, .F. ) ;
#4020 = DIRECTION ( 'NONE',  ( -0.9840742769773902499, -0.1256937098494327609, 0.1256937098494323723 ) ) ;
#4021 = CARTESIAN_POINT ( 'NONE',  ( 27.32016698865923843, 0.3545475396915768740, -4.937061350682559758E-17 ) ) ;
#4022 = EDGE_CURVE ( 'NONE', #3540, #876, #3194, .T. ) ;
#4023 = DIRECTION ( 'NONE',  ( -1.000000000000000000, 0.000000000000000000, 0.000000000000000000 ) ) ;
#4024 = CARTESIAN_POINT ( 'NONE',  ( 32.60000000000000142, 0.08578643762690345287, -5.414213562373098476 ) ) ;
#4025 = VERTEX_POINT ( 'NONE', #4734 ) ;
#4026 = ORIENTED_EDGE ( 'NONE', *, *, #2172, .F. ) ;
#4027 = EDGE_CURVE ( 'NONE', #3935, #1772, #3662, .T. ) ;
#4028 = FACE_OUTER_BOUND ( 'NONE', #1569, .T. ) ;
#4029 = ADVANCED_FACE ( 'NONE', ( #640 ), #4047, .T. ) ;
#4030 = CARTESIAN_POINT ( 'NONE',  ( 28.18578643762690916, 1.614213562373088440, -35.00000000000000000 ) ) ;
#4031 = VECTOR ( 'NONE', #412, 1000.000000000000000 ) ;
#4032 = CARTESIAN_POINT ( 'NONE',  ( 1.112823648329600124, 0.6343805510323454744, -3.887176351670415198 ) ) ;
#4033 = CARTESIAN_POINT ( 'NONE',  ( 8.500000000000000000, 1.600000000000000089, -6.083484861008834343 ) ) ;
#4034 = DIRECTION ( 'NONE',  ( -0.3590109871422982879, 0.9333333333333340143, 8.673617379884033500E-16 ) ) ;
#4035 = DIRECTION ( 'NONE',  ( 0.000000000000000000, 0.000000000000000000, -1.000000000000000000 ) ) ;
#4036 = CARTESIAN_POINT ( 'NONE',  ( 6.164395040748066990, 4.064107308092479443, -4.220041619603785321 ) ) ;
#4037 = CARTESIAN_POINT ( 'NONE',  ( 11.79999999999999716, 2.112132034355963306, -1.612132034355977295 ) ) ;
#4038 = DIRECTION ( 'NONE',  ( -0.000000000000000000, 1.000000000000000000, -0.000000000000000000 ) ) ;
#4039 = VECTOR ( 'NONE', #4888, 1000.000000000000000 ) ;
#4040 = VECTOR ( 'NONE', #521, 1000.000000000000000 ) ;
#4041 = ORIENTED_EDGE ( 'NONE', *, *, #4307, .F. ) ;
#4042 = CARTESIAN_POINT ( 'NONE',  ( 8.288383107756860824, 1.554077077826198083, -6.034334961447153312 ) ) ;
#4043 = ORIENTED_EDGE ( 'NONE', *, *, #1290, .F. ) ;
#4044 = CARTESIAN_POINT ( 'NONE',  ( 2.999999999999999112, 44.12071982757441901, -35.00000000000000000 ) ) ;
#4045 = CARTESIAN_POINT ( 'NONE',  ( 0.000000000000000000, -3.000000000000000000, -13.60000000000000142 ) ) ;
#4046 = VECTOR ( 'NONE', #2676, 1000.000000000000000 ) ;
#4047 =( BOUNDED_SURFACE ( )  B_SPLINE_SURFACE ( 3, 2, ( 
 ( #4814, #667, #1412 ),
 ( #2922, #1331, #1387 ),
 ( #2823, #1782, #4430 ),
 ( #172, #1682, #3266 ) ),
 .UNSPECIFIED., .F., .F., .T. ) 
 B_SPLINE_SURFACE_WITH_KNOTS ( ( 4, 4 ),
 ( 3, 3 ),
 ( 0.002489584297869995144, 0.003039450538717945651 ),
 ( 0.000000000000000000, 1.000000000000000000 ),
 .UNSPECIFIED. ) 
 GEOMETRIC_REPRESENTATION_ITEM ( )  RATIONAL_B_SPLINE_SURFACE ( (
 ( 1.000000000000000000, 0.7416198487095660985, 1.000000000000000000),
 ( 1.000000000000000000, 0.7416522536571129587, 1.000000000000000000),
 ( 1.000000000000000000, 0.7291455791696004329, 1.000000000000000000),
 ( 1.000000000000000000, 0.7071067811865481278, 1.000000000000000000) ) ) 
 REPRESENTATION_ITEM ( '' )  SURFACE ( )  );
#4048 = DIRECTION ( 'NONE',  ( -2.168404344971010840E-15, 0.9553458691207936671, 0.2954898819821675793 ) ) ;
#4049 = ORIENTED_EDGE ( 'NONE', *, *, #718, .F. ) ;
#4050 = CYLINDRICAL_SURFACE ( 'NONE', #1762, 0.8999999999999998002 ) ;
#4051 = CARTESIAN_POINT ( 'NONE',  ( 0.2928932188134512615, 0.4393398282201600447, -4.707106781186565669 ) ) ;
#4052 = PLANE ( 'NONE',  #4290 ) ;
#4053 = AXIS2_PLACEMENT_3D ( 'NONE', #18, #4558, #2297 ) ;
#4054 = VERTEX_POINT ( 'NONE', #3561 ) ;
#4055 = EDGE_LOOP ( 'NONE', ( #2409, #2424, #50, #127, #2610 ) ) ;
#4056 = CARTESIAN_POINT ( 'NONE',  ( 31.22864435997168187, -6.081118318204304707, -3.835751141158234123 ) ) ;
#4057 = EDGE_CURVE ( 'NONE', #1548, #1978, #45, .T. ) ;
#4058 = ORIENTED_EDGE ( 'NONE', *, *, #3997, .T. ) ;
#4059 = CIRCLE ( 'NONE', #4781, 0.7999999999999999334 ) ;
#4060 = DIRECTION ( 'NONE',  ( -0.000000000000000000, -0.000000000000000000, -1.000000000000000000 ) ) ;
#4061 = ORIENTED_EDGE ( 'NONE', *, *, #4057, .F. ) ;
#4062 = EDGE_CURVE ( 'NONE', #2446, #4080, #4386, .T. ) ;
#4063 = CARTESIAN_POINT ( 'NONE',  ( 4.799673966222928634, 0.3930562356515631128, -0.2003260337770748911 ) ) ;
#4064 = CARTESIAN_POINT ( 'NONE',  ( 26.62972629767178745, 4.853553390593273953, -4.860535611066651995 ) ) ;
#4065 = CARTESIAN_POINT ( 'NONE',  ( 0.000000000000000000, -2.600000000000000089, -14.00000000000000000 ) ) ;
#4066 = DIRECTION ( 'NONE',  ( 0.000000000000000000, 0.000000000000000000, 1.000000000000000000 ) ) ;
#4067 = AXIS2_PLACEMENT_3D ( 'NONE', #1851, #1451, #284 ) ;
#4068 = DIRECTION ( 'NONE',  ( 0.000000000000000000, 0.000000000000000000, 1.000000000000000000 ) ) ;
#4069 = CARTESIAN_POINT ( 'NONE',  ( 25.60000000000000497, 1.300000000000000044, -6.000000000000002665 ) ) ;
#4070 = CIRCLE ( 'NONE', #2491, 0.2999999999999999334 ) ;
#4071 = ORIENTED_EDGE ( 'NONE', *, *, #784, .T. ) ;
#4072 = CYLINDRICAL_SURFACE ( 'NONE', #3666, 0.4000000000000001887 ) ;
#4073 = ORIENTED_EDGE ( 'NONE', *, *, #503, .T. ) ;
#4074 = DIRECTION ( 'NONE',  ( -1.000000000000000000, 0.000000000000000000, -0.000000000000000000 ) ) ;
#4075 = EDGE_CURVE ( 'NONE', #2102, #3606, #4710, .T. ) ;
#4076 = CYLINDRICAL_SURFACE ( 'NONE', #1392, 0.2999999999999999889 ) ;
#4077 = CIRCLE ( 'NONE', #3290, 1.000000000000000000 ) ;
#4078 = DIRECTION ( 'NONE',  ( 0.000000000000000000, -0.000000000000000000, 1.000000000000000000 ) ) ;
#4079 = CARTESIAN_POINT ( 'NONE',  ( 25.97493361564609060, 3.599240245364186297, -3.099240245364195179 ) ) ;
#4080 = VERTEX_POINT ( 'NONE', #2083 ) ;
#4081 = CARTESIAN_POINT ( 'NONE',  ( 6.300000000000000711, 3.499999999999999556, -29.00000000000000355 ) ) ;
#4082 = DIRECTION ( 'NONE',  ( 0.000000000000000000, 0.7071067811865471286, -0.7071067811865479058 ) ) ;
#4083 =( BOUNDED_CURVE ( )  B_SPLINE_CURVE ( 3, ( #371, #2249, #3764, #1906 ),
 .UNSPECIFIED., .F., .T. ) 
 B_SPLINE_CURVE_WITH_KNOTS ( ( 4, 4 ),
 ( 3.268632641526501903, 5.124177656340322073 ),
 .UNSPECIFIED. ) 
 CURVE ( )  GEOMETRIC_REPRESENTATION_ITEM ( )  RATIONAL_B_SPLINE_CURVE ( ( 1.000000000000000000, 0.7330787334324715410, 0.7330787334324715410, 1.000000000000000000 ) ) 
 REPRESENTATION_ITEM ( '' )  );
#4084 = CARTESIAN_POINT ( 'NONE',  ( 30.73267372601475955, 1.000000000000000000, -4.272401869241585715 ) ) ;
#4085 = CARTESIAN_POINT ( 'NONE',  ( 24.17251980180582294, 1.299999994403877590, -6.909546606992699402 ) ) ;
#4086 = ORIENTED_EDGE ( 'NONE', *, *, #445, .T. ) ;
#4087 = EDGE_LOOP ( 'NONE', ( #2729, #2603, #3331, #751, #4002 ) ) ;
#4088 = CARTESIAN_POINT ( 'NONE',  ( 3.982197750564964167, 1.164248858841755219, -1.017802249435043382 ) ) ;
#4089 = DIRECTION ( 'NONE',  ( 1.000000000000000000, 0.000000000000000000, 0.000000000000000000 ) ) ;
#4090 = DIRECTION ( 'NONE',  ( 0.000000000000000000, 0.000000000000000000, 1.000000000000000000 ) ) ;
#4091 = ORIENTED_EDGE ( 'NONE', *, *, #3608, .F. ) ;
#4092 = FACE_BOUND ( 'NONE', #3268, .T. ) ;
#4093 = CARTESIAN_POINT ( 'NONE',  ( 4.971871272898426675, 5.438642630427039215, -5.928998642307827360 ) ) ;
#4094 = CARTESIAN_POINT ( 'NONE',  ( 26.66703574174669811, 4.937049883550646889, -4.943043167298170282 ) ) ;
#4095 = CARTESIAN_POINT ( 'NONE',  ( 32.30710678118654755, 0.4393398282201749216, -4.707106781186551459 ) ) ;
#4096 = EDGE_CURVE ( 'NONE', #1516, #3487, #1017, .T. ) ;
#4097 = CARTESIAN_POINT ( 'NONE',  ( 0.000000000000000000, 5.500000000000000000, 0.000000000000000000 ) ) ;
#4098 = LINE ( 'NONE', #3829, #4236 ) ;
#4099 = ORIENTED_EDGE ( 'NONE', *, *, #4403, .F. ) ;
#4100 = CARTESIAN_POINT ( 'NONE',  ( 24.10000000000000497, 1.300000000000000044, -6.005012562893382366 ) ) ;
#4101 = EDGE_CURVE ( 'NONE', #1672, #4516, #2574, .T. ) ;
#4102 = CYLINDRICAL_SURFACE ( 'NONE', #109, 1.000000000000000888 ) ;
#4103 = CARTESIAN_POINT ( 'NONE',  ( 24.90000000000000568, 5.500000000000000000, -0.2999999999999999889 ) ) ;
#4104 = EDGE_CURVE ( 'NONE', #4516, #2128, #243, .T. ) ;
#4105 = DIRECTION ( 'NONE',  ( -0.000000000000000000, 1.000000000000000000, -0.000000000000000000 ) ) ;
#4106 = ORIENTED_EDGE ( 'NONE', *, *, #359, .T. ) ;
#4107 = EDGE_CURVE ( 'NONE', #2824, #4114, #2885, .T. ) ;
#4108 = CARTESIAN_POINT ( 'NONE',  ( 0.000000000000000000, 0.000000000000000000, -5.414213562373112687 ) ) ;
#4109 = CARTESIAN_POINT ( 'NONE',  ( 0.000000000000000000, 0.08578643762688700769, -35.00000000000000000 ) ) ;
#4110 = CARTESIAN_POINT ( 'NONE',  ( 11.61563597918669366, 1.721994819145673761, -1.306988986505428052 ) ) ;
#4111 = VERTEX_POINT ( 'NONE', #2498 ) ;
#4112 = ORIENTED_EDGE ( 'NONE', *, *, #2219, .T. ) ;
#4113 = DIRECTION ( 'NONE',  ( -1.000000000000000000, 0.000000000000000000, 3.097720492815727042E-17 ) ) ;
#4114 = VERTEX_POINT ( 'NONE', #4001 ) ;
#4115 = LINE ( 'NONE', #2158, #3179 ) ;
#4116 = CARTESIAN_POINT ( 'NONE',  ( 8.000000000000000000, 1.100000000000000089, -1.824264068711941800 ) ) ;
#4117 = CARTESIAN_POINT ( 'NONE',  ( 3.917660698685664578, 4.417660698685658360, -6.667742724643077601 ) ) ;
#4118 = CARTESIAN_POINT ( 'NONE',  ( 26.64613535088578899, 4.899860604364268291, -4.898105614692175536 ) ) ;
#4119 = DIRECTION ( 'NONE',  ( -0.000000000000000000, -0.000000000000000000, -1.000000000000000000 ) ) ;
#4120 = CARTESIAN_POINT ( 'NONE',  ( 4.293635102358994260, 2.345037397472992335, -1.845037397473101137 ) ) ;
#4121 = VECTOR ( 'NONE', #1467, 1000.000000000000000 ) ;
#4122 = CARTESIAN_POINT ( 'NONE',  ( 0.000000000000000000, 0.000000000000000000, 0.000000000000000000 ) ) ;
#4123 = DIRECTION ( 'NONE',  ( -0.000000000000000000, 1.000000000000000000, -0.000000000000000000 ) ) ;
#4124 = ORIENTED_EDGE ( 'NONE', *, *, #203, .T. ) ;
#4125 = CARTESIAN_POINT ( 'NONE',  ( 7.700000000000000178, 0.5807611844574696036, -0.5050252531694159330 ) ) ;
#4126 = VECTOR ( 'NONE', #1559, 1000.000000000000000 ) ;
#4127 = EDGE_CURVE ( 'NONE', #2055, #3500, #4789, .T. ) ;
#4128 = DIRECTION ( 'NONE',  ( 0.000000000000000000, 0.000000000000000000, -1.000000000000000000 ) ) ;
#4129 = CARTESIAN_POINT ( 'NONE',  ( 2.876201152349515677, 0.05973879954025648059, -23.62986069846374448 ) ) ;
#4130 = CIRCLE ( 'NONE', #3255, 0.4000000000000000777 ) ;
#4131 = AXIS2_PLACEMENT_3D ( 'NONE', #4148, #56, #1202 ) ;
#4132 = LINE ( 'NONE', #1141, #1837 ) ;
#4133 = VERTEX_POINT ( 'NONE', #3631 ) ;
#4134 = ADVANCED_FACE ( 'NONE', ( #1756 ), #2187, .T. ) ;
#4135 = FACE_OUTER_BOUND ( 'NONE', #906, .T. ) ;
#4136 = AXIS2_PLACEMENT_3D ( 'NONE', #2160, #3597, #3224 ) ;
#4137 = CARTESIAN_POINT ( 'NONE',  ( 5.471404520791035786, 5.264297739604484327, -0.2357022603955152285 ) ) ;
#4138 = DIRECTION ( 'NONE',  ( -1.000000000000000000, 0.000000000000000000, 0.000000000000000000 ) ) ;
#4139 = LINE ( 'NONE', #694, #2174 ) ;
#4140 = ORIENTED_EDGE ( 'NONE', *, *, #3198, .F. ) ;
#4141 = DIRECTION ( 'NONE',  ( -0.7071067811865441310, 0.7071067811865510144, 0.000000000000000000 ) ) ;
#4142 = ORIENTED_EDGE ( 'NONE', *, *, #3801, .T. ) ;
#4143 = VECTOR ( 'NONE', #4449, 1000.000000000000000 ) ;
#4144 = CYLINDRICAL_SURFACE ( 'NONE', #2419, 1.000000000000000888 ) ;
#4145 = EDGE_LOOP ( 'NONE', ( #4787, #129, #4844, #3494, #4866 ) ) ;
#4146 = CARTESIAN_POINT ( 'NONE',  ( 2.415880707949297879, 1.840374091402081635, -5.463112135158996630 ) ) ;
#4147 = EDGE_CURVE ( 'NONE', #4883, #190, #699, .T. ) ;
#4148 = CARTESIAN_POINT ( 'NONE',  ( 28.26424885884175708, 1.164248858841756551, -1.371355640028319334 ) ) ;
#4149 = CARTESIAN_POINT ( 'NONE',  ( 27.68902718288709153, 1.383798638376853241, -2.045451566815574385 ) ) ;
#4150 = ORIENTED_EDGE ( 'NONE', *, *, #1841, .F. ) ;
#4151 = CARTESIAN_POINT ( 'NONE',  ( 11.49999999999999822, 0.5807611844574697146, -0.5050252531694159330 ) ) ;
#4152 = AXIS2_PLACEMENT_3D ( 'NONE', #3728, #1005, #4826 ) ;
#4153 = ADVANCED_FACE ( 'NONE', ( #1864 ), #4569, .T. ) ;
#4154 = DIRECTION ( 'NONE',  ( 0.000000000000000000, -1.000000000000000000, 0.000000000000000000 ) ) ;
#4155 = AXIS2_PLACEMENT_3D ( 'NONE', #3844, #2749, #4588 ) ;
#4156 = EDGE_CURVE ( 'NONE', #1732, #2279, #4139, .T. ) ;
#4157 = CARTESIAN_POINT ( 'NONE',  ( 6.318825972614739328, 5.500000000000003553, -5.167849405323596379 ) ) ;
#4158 = ORIENTED_EDGE ( 'NONE', *, *, #1592, .T. ) ;
#4159 = DIRECTION ( 'NONE',  ( -0.000000000000000000, -0.000000000000000000, -1.000000000000000000 ) ) ;
#4160 = LINE ( 'NONE', #2277, #1873 ) ;
#4161 = CARTESIAN_POINT ( 'NONE',  ( 2.999999999999999112, 0.1999999999999779732, -35.00000000000000000 ) ) ;
#4162 = ADVANCED_FACE ( 'NONE', ( #4865 ), #162, .F. ) ;
#4163 = ORIENTED_EDGE ( 'NONE', *, *, #440, .F. ) ;
#4164 = CIRCLE ( 'NONE', #2013, 1.500000000000001332 ) ;
#4165 = ORIENTED_EDGE ( 'NONE', *, *, #4539, .F. ) ;
#4166 = CARTESIAN_POINT ( 'NONE',  ( 5.157088357604343365, 5.475294145458913242, -6.318256919552919015 ) ) ;
#4167 = ADVANCED_FACE ( 'NONE', ( #4342 ), #3141, .T. ) ;
#4168 = CARTESIAN_POINT ( 'NONE',  ( 2.894864019732286131, -0.03755200318433575546, -21.78110128950767077 ) ) ;
#4169 = ORIENTED_EDGE ( 'NONE', *, *, #4388, .T. ) ;
#4170 = PLANE ( 'NONE',  #1360 ) ;
#4171 = EDGE_CURVE ( 'NONE', #1663, #4516, #2835, .T. ) ;
#4172 = DIRECTION ( 'NONE',  ( 0.7071067811865510144, 0.7071067811865441310, 0.000000000000000000 ) ) ;
#4173 = DIRECTION ( 'NONE',  ( 0.000000000000000000, 0.7071067811865464625, 0.7071067811865486830 ) ) ;
#4174 = PERSON_AND_ORGANIZATION_ROLE ( 'creator' ) ;
#4175 = CARTESIAN_POINT ( 'NONE',  ( 11.79999999999999716, 5.500000000000000000, -0.2999999999999999889 ) ) ;
#4176 = EDGE_LOOP ( 'NONE', ( #3340, #1147, #865, #3875 ) ) ;
#4177 = CARTESIAN_POINT ( 'NONE',  ( 0.000000000000000000, 0.000000000000000000, -35.00000000000000000 ) ) ;
#4178 = CARTESIAN_POINT ( 'NONE',  ( 0.000000000000000000, 1.899999999999999245, -1.524264068711941977 ) ) ;
#4179 = CARTESIAN_POINT ( 'NONE',  ( 20.60000000153371857, 1.367399608785600407, -1.332600389045602185 ) ) ;
#4180 = DIRECTION ( 'NONE',  ( 0.000000000000000000, 0.000000000000000000, -1.000000000000000000 ) ) ;
#4181 = CARTESIAN_POINT ( 'NONE',  ( 26.17152311108382534, 5.207106781186546129, -4.707106781186552347 ) ) ;
#4182 = ADVANCED_FACE ( 'NONE', ( #1300 ), #913, .T. ) ;
#4183 = CARTESIAN_POINT ( 'NONE',  ( 26.73820531892872054, 3.286647292286309252, -2.786647292286313249 ) ) ;
#4184 = ORIENTED_EDGE ( 'NONE', *, *, #1606, .F. ) ;
#4185 = CARTESIAN_POINT ( 'NONE',  ( 2.599999999999998312, -0.1821383476483398878, -24.77293929189298183 ) ) ;
#4186 = CARTESIAN_POINT ( 'NONE',  ( 26.35890651689850728, 5.500000000000000000, -5.414213562373100253 ) ) ;
#4187 = EDGE_LOOP ( 'NONE', ( #3361, #1286, #2698, #2527 ) ) ;
#4188 = EDGE_LOOP ( 'NONE', ( #1966, #4433, #690, #2085 ) ) ;
#4189 = DIRECTION ( 'NONE',  ( -0.7071067811865457964, 0.000000000000000000, -0.7071067811865492381 ) ) ;
#4190 = ORIENTED_EDGE ( 'NONE', *, *, #1987, .F. ) ;
#4191 = EDGE_CURVE ( 'NONE', #1609, #2962, #3675, .T. ) ;
#4192 = CYLINDRICAL_SURFACE ( 'NONE', #3455, 1.099999999999999423 ) ;
#4193 = EDGE_LOOP ( 'NONE', ( #3633, #1802, #4019, #1809 ) ) ;
#4194 = EDGE_CURVE ( 'NONE', #1007, #17, #117, .T. ) ;
#4195 = CARTESIAN_POINT ( 'NONE',  ( 2.659601249963702507, 2.140773829233844960, -5.689219418073882650 ) ) ;
#4196 = EDGE_CURVE ( 'NONE', #3812, #663, #2807, .T. ) ;
#4197 = CARTESIAN_POINT ( 'NONE',  ( 4.707106781186552347, 0.000000000000000000, -0.2928932188134541481 ) ) ;
#4198 = DIRECTION ( 'NONE',  ( -0.000000000000000000, 1.000000000000000000, -0.000000000000000000 ) ) ;
#4199 = APPROVAL_DATE_TIME ( #3062, #2425 ) ;
#4200 = CARTESIAN_POINT ( 'NONE',  ( 28.26424885884175708, 1.517802249435030282, -1.017802249435044937 ) ) ;
#4201 = ORIENTED_EDGE ( 'NONE', *, *, #611, .T. ) ;
#4202 = CARTESIAN_POINT ( 'NONE',  ( 3.000000000000000000, 44.12071982757441901, -7.000000000000002665 ) ) ;
#4203 = PLANE ( 'NONE',  #3884 ) ;
#4204 = CIRCLE ( 'NONE', #3328, 6.000000000000001776 ) ;
#4205 = VECTOR ( 'NONE', #3960, 1000.000000000000000 ) ;
#4206 = EDGE_LOOP ( 'NONE', ( #2142, #4658, #3367, #1278, #1677, #145, #2028, #3454 ) ) ;
#4207 = DIRECTION ( 'NONE',  ( -4.956352788505161296E-16, 0.000000000000000000, 1.000000000000000000 ) ) ;
#4208 = DIRECTION ( 'NONE',  ( 0.5773502691896167383, 0.5773502691896312822, -0.5773502691896295058 ) ) ;
#4209 = AXIS2_PLACEMENT_3D ( 'NONE', #461, #4577, #2694 ) ;
#4210 = ORIENTED_EDGE ( 'NONE', *, *, #315, .T. ) ;
#4211 = ORIENTED_EDGE ( 'NONE', *, *, #556, .F. ) ;
#4212 = CIRCLE ( 'NONE', #3100, 0.8000000000000001554 ) ;
#4213 = LINE ( 'NONE', #4614, #2896 ) ;
#4215 = ORIENTED_EDGE ( 'NONE', *, *, #4813, .F. ) ;
#4214 = AXIS2_PLACEMENT_3D ( 'NONE', #3938, #977, #3987 ) ;
#4216 = VECTOR ( 'NONE', #2763, 1000.000000000000000 ) ;
#4217 = AXIS2_PLACEMENT_3D ( 'NONE', #297, #1067, #2104 ) ;
#4218 =( BOUNDED_CURVE ( )  B_SPLINE_CURVE ( 3, ( #1752, #4784, #4021, #3689 ),
 .UNSPECIFIED., .F., .T. ) 
 B_SPLINE_CURVE_WITH_KNOTS ( ( 4, 4 ),
 ( 3.926990816987243615, 4.712388980384689674 ),
 .UNSPECIFIED. ) 
 CURVE ( )  GEOMETRIC_REPRESENTATION_ITEM ( )  RATIONAL_B_SPLINE_CURVE ( ( 1.000000000000000000, 0.9492530216741914550, 0.9492530216741914550, 1.000000000000000000 ) ) 
 REPRESENTATION_ITEM ( '' )  );
#4219 = ORIENTED_EDGE ( 'NONE', *, *, #1614, .T. ) ;
#4220 = ADVANCED_FACE ( 'NONE', ( #3162 ), #2436, .F. ) ;
#4221 = VERTEX_POINT ( 'NONE', #2022 ) ;
#4222 = LOCAL_TIME ( 20, 3, 17.00000000000000000, #3154 ) ;
#4223 = DIRECTION ( 'NONE',  ( 0.000000000000000000, 0.000000000000000000, -1.000000000000000000 ) ) ;
#4224 = LINE ( 'NONE', #3433, #1687 ) ;
#4225 = AXIS2_PLACEMENT_3D ( 'NONE', #3969, #4749, #2864 ) ;
#4226 = VERTEX_POINT ( 'NONE', #1626 ) ;
#4227 = CIRCLE ( 'NONE', #4460, 2.149999999999997247 ) ;
#4228 = CARTESIAN_POINT ( 'NONE',  ( 2.821604349725331140, -2.948839553063065555, -28.27494481402588988 ) ) ;
#4229 = CARTESIAN_POINT ( 'NONE',  ( 0.000000000000000000, 1.300000000000000044, -1.524264068711943310 ) ) ;
#4230 = CARTESIAN_POINT ( 'NONE',  ( 26.49666559943046806, 4.478049081011610255, -4.555881171219205328 ) ) ;
#4231 = CARTESIAN_POINT ( 'NONE',  ( 11.44635877191326578, 1.677063844742768595, -1.547076002994520971 ) ) ;
#4232 = ORIENTED_EDGE ( 'NONE', *, *, #292, .T. ) ;
#4233 = EDGE_CURVE ( 'NONE', #4409, #4325, #2701, .T. ) ;
#4234 = DIRECTION ( 'NONE',  ( -0.000000000000000000, 1.000000000000000000, -0.000000000000000000 ) ) ;
#4235 = CARTESIAN_POINT ( 'NONE',  ( 21.10000000000000142, 1.387867965644035362, -1.312132034355979249 ) ) ;
#4236 = VECTOR ( 'NONE', #1159, 999.9999999999998863 ) ;
#4237 = EDGE_CURVE ( 'NONE', #2987, #118, #4679, .T. ) ;
#4238 = ORIENTED_EDGE ( 'NONE', *, *, #2254, .T. ) ;
#4239 = VECTOR ( 'NONE', #3095, 1000.000000000000000 ) ;
#4240 = CARTESIAN_POINT ( 'NONE',  ( 11.33993463423951908, 1.466666666666666563, -7.000000000000003553 ) ) ;
#4241 = ORIENTED_EDGE ( 'NONE', *, *, #839, .F. ) ;
#4242 = CIRCLE ( 'NONE', #205, 0.4000000000000010214 ) ;
#4243 = DIRECTION ( 'NONE',  ( -1.000000000000000000, 0.000000000000000000, 0.000000000000000000 ) ) ;
#4244 = ORIENTED_EDGE ( 'NONE', *, *, #3992, .T. ) ;
#4245 = EDGE_LOOP ( 'NONE', ( #3744, #915, #1745, #2818 ) ) ;
#4246 = CARTESIAN_POINT ( 'NONE',  ( 5.818245656101210805, 4.999999999999999112, -5.147380814755535106 ) ) ;
#4247 = CARTESIAN_POINT ( 'NONE',  ( 5.095092750713013707, 4.999999999999999112, -5.851241374431010556 ) ) ;
#4248 = DIRECTION ( 'NONE',  ( -1.000000000000000000, 0.000000000000000000, -4.336808689942013792E-16 ) ) ;
#4249 = ADVANCED_FACE ( 'NONE', ( #1275 ), #4657, .F. ) ;
#4250 = DIRECTION ( 'NONE',  ( 3.097720492815727042E-17, 0.000000000000000000, 1.000000000000000000 ) ) ;
#4251 = CARTESIAN_POINT ( 'NONE',  ( 28.60000000000000142, -6.081118318204304707, -4.000000000000000000 ) ) ;
#4252 = CARTESIAN_POINT ( 'NONE',  ( 2.065576447617989864, 1.408603724017007508, -5.824531220121502706 ) ) ;
#4253 = CARTESIAN_POINT ( 'NONE',  ( 11.02082186776830675, 1.748914314129919489, -1.562128148792052196 ) ) ;
#4254 = EDGE_CURVE ( 'NONE', #2201, #4739, #1153, .T. ) ;
#4255 = EDGE_LOOP ( 'NONE', ( #4589, #1194, #3951, #149 ) ) ;
#4256 = DIRECTION ( 'NONE',  ( -0.000000000000000000, 1.000000000000000000, -0.000000000000000000 ) ) ;
#4257 = DIRECTION ( 'NONE',  ( 1.000000000000000000, 0.000000000000000000, 0.000000000000000000 ) ) ;
#4258 = ORIENTED_EDGE ( 'NONE', *, *, #1839, .T. ) ;
#4259 = EDGE_CURVE ( 'NONE', #4325, #2839, #1212, .T. ) ;
#4260 = CARTESIAN_POINT ( 'NONE',  ( 11.63409359737715398, 2.200000000000000622, -7.000000000000002665 ) ) ;
#4261 = ORIENTED_EDGE ( 'NONE', *, *, #2283, .F. ) ;
#4262 = FACE_OUTER_BOUND ( 'NONE', #1443, .T. ) ;
#4263 = EDGE_LOOP ( 'NONE', ( #4013, #1585, #2552, #1871 ) ) ;
#4264 = ORIENTED_EDGE ( 'NONE', *, *, #1728, .T. ) ;
#4265 = DIRECTION ( 'NONE',  ( 0.000000000000000000, 1.000000000000000000, 0.000000000000000000 ) ) ;
#4266 = CARTESIAN_POINT ( 'NONE',  ( 24.12082186776841297, 1.448914314129919889, -1.262128148792053706 ) ) ;
#4267 = CARTESIAN_POINT ( 'NONE',  ( 30.67134618423188996, 1.239838619643958140, -4.599713295042197281 ) ) ;
#4268 = EDGE_LOOP ( 'NONE', ( #3553, #1110, #2927, #2303, #1757 ) ) ;
#4269 = CARTESIAN_POINT ( 'NONE',  ( 24.63851648071345224, 2.200000000000000622, -6.000000000000002665 ) ) ;
#4270 = DIRECTION ( 'NONE',  ( -0.000000000000000000, -0.7071067811865485719, 0.7071067811865465735 ) ) ;
#4271 = CARTESIAN_POINT ( 'NONE',  ( 0.000000000000000000, 2.112132034355962418, -1.612132034355976851 ) ) ;
#4272 = CARTESIAN_POINT ( 'NONE',  ( 24.60000000000000497, 1.300000000000000044, 0.000000000000000000 ) ) ;
#4273 = CARTESIAN_POINT ( 'NONE',  ( 11.76072301540107468, 2.038070641943778849, -1.538070641943792838 ) ) ;
#4274 = EDGE_CURVE ( 'NONE', #2328, #190, #1711, .T. ) ;
#4275 = ORIENTED_EDGE ( 'NONE', *, *, #1536, .T. ) ;
#4276 = LINE ( 'NONE', #3234, #3584 ) ;
#4277 = CARTESIAN_POINT ( 'NONE',  ( 24.10000000000000497, 0.7999999999999999334, 0.000000000000000000 ) ) ;
#4278 = EDGE_CURVE ( 'NONE', #1907, #2262, #2764, .T. ) ;
#4279 = EDGE_LOOP ( 'NONE', ( #2773, #1042, #4652, #2058 ) ) ;
#4280 = ORIENTED_EDGE ( 'NONE', *, *, #3306, .F. ) ;
#4281 = CARTESIAN_POINT ( 'NONE',  ( 11.31698785943698482, 1.487940494392509416, -6.000000034434505025 ) ) ;
#4282 = VECTOR ( 'NONE', #1183, 1000.000000000000114 ) ;
#4283 = VERTEX_POINT ( 'NONE', #1323 ) ;
#4284 = AXIS2_PLACEMENT_3D ( 'NONE', #4269, #3570, #181 ) ;
#4285 = AXIS2_PLACEMENT_3D ( 'NONE', #1560, #3111, #3834 ) ;
#4286 = ORIENTED_EDGE ( 'NONE', *, *, #4062, .F. ) ;
#4287 = FACE_OUTER_BOUND ( 'NONE', #3479, .T. ) ;
#4288 = LINE ( 'NONE', #4691, #907 ) ;
#4289 = EDGE_CURVE ( 'NONE', #1980, #2396, #1777, .T. ) ;
#4290 = AXIS2_PLACEMENT_3D ( 'NONE', #4428, #3292, #4812 ) ;
#4291 = CARTESIAN_POINT ( 'NONE',  ( 30.18411929205070621, 1.840374091402140033, -5.463112135158989524 ) ) ;
#4292 = ORIENTED_EDGE ( 'NONE', *, *, #898, .T. ) ;
#4293 = CARTESIAN_POINT ( 'NONE',  ( 0.000000000000000000, 0.08578643762688700769, -35.00000000000000000 ) ) ;
#4294 = DIRECTION ( 'NONE',  ( 6.133173666733491622E-16, -0.7071067811865464625, -0.7071067811865486830 ) ) ;
#4295 = CARTESIAN_POINT ( 'NONE',  ( 4.335751141158238120, 1.164248858841755219, -1.371355640028317113 ) ) ;
#4296 = CARTESIAN_POINT ( 'NONE',  ( 28.32759813075840682, 1.000000000000000000, -1.867326273985240981 ) ) ;
#4297 = AXIS2_PLACEMENT_3D ( 'NONE', #4552, #1187, #4250 ) ;
#4298 = DIRECTION ( 'NONE',  ( 0.000000000000000000, 0.000000000000000000, 1.000000000000000000 ) ) ;
#4299 = DIRECTION ( 'NONE',  ( 0.000000000000000000, -1.000000000000000000, 0.000000000000000000 ) ) ;
#4300 = VERTEX_POINT ( 'NONE', #2511 ) ;
#4301 = CIRCLE ( 'NONE', #3269, 0.2999999999999999334 ) ;
#4302 = LINE ( 'NONE', #144, #2265 ) ;
#4303 = EDGE_LOOP ( 'NONE', ( #4920, #3295, #3512, #3591 ) ) ;
#4304 = ORIENTED_EDGE ( 'NONE', *, *, #986, .F. ) ;
#4305 = CARTESIAN_POINT ( 'NONE',  ( 1.371355640028318224, 1.164248858841755219, -4.335751141158245225 ) ) ;
#4306 = CIRCLE ( 'NONE', #914, 0.5000000000000004441 ) ;
#4307 = EDGE_CURVE ( 'NONE', #4080, #2197, #3646, .T. ) ;
#4308 = ORIENTED_EDGE ( 'NONE', *, *, #4237, .T. ) ;
#4309 = AXIS2_PLACEMENT_3D ( 'NONE', #1485, #4483, #3767 ) ;
#4310 = ORIENTED_EDGE ( 'NONE', *, *, #588, .T. ) ;
#4311 = EDGE_CURVE ( 'NONE', #674, #1584, #2407, .T. ) ;
#4312 = CARTESIAN_POINT ( 'NONE',  ( 11.49999999999999822, 1.458578643762689309, -1.134314575050775931 ) ) ;
#4313 = CARTESIAN_POINT ( 'NONE',  ( 29.80537486591456187, 2.307198616639694944, -5.788072281599549562 ) ) ;
#4314 = CIRCLE ( 'NONE', #3991, 0.2999999999999999889 ) ;
#4315 = ADVANCED_FACE ( 'NONE', ( #2193 ), #3330, .T. ) ;
#4316 = ORIENTED_EDGE ( 'NONE', *, *, #2499, .T. ) ;
#4317 = DIRECTION ( 'NONE',  ( 0.000000000000000000, 0.000000000000000000, 1.000000000000000000 ) ) ;
#4318 = LINE ( 'NONE', #2092, #726 ) ;
#4319 = DIRECTION ( 'NONE',  ( -1.000000000000000000, 0.000000000000000000, 0.000000000000000000 ) ) ;
#4320 = CARTESIAN_POINT ( 'NONE',  ( 0.000000000000000000, 5.500000000000000000, 0.000000000000000000 ) ) ;
#4321 = CARTESIAN_POINT ( 'NONE',  ( 11.72799507137450448, 2.061257772604165428, -1.561175949487346948 ) ) ;
#4322 = ORIENTED_EDGE ( 'NONE', *, *, #1444, .F. ) ;
#4323 = DIRECTION ( 'NONE',  ( 3.097720492815727042E-17, -2.178940998026277999E-33, 1.000000000000000000 ) ) ;
#4324 = EDGE_LOOP ( 'NONE', ( #2450, #3885 ) ) ;
#4325 = VERTEX_POINT ( 'NONE', #1771 ) ;
#4326 = DIRECTION ( 'NONE',  ( 0.000000000000000000, -1.000000000000000000, 0.000000000000000000 ) ) ;
#4327 = CARTESIAN_POINT ( 'NONE',  ( 27.73946438893337074, 4.853553390593271288, -5.970273702328224630 ) ) ;
#4328 = CARTESIAN_POINT ( 'NONE',  ( 20.29999999999999716, 1.300000000000000044, -0.2999999999999999889 ) ) ;
#4329 = CARTESIAN_POINT ( 'NONE',  ( 27.79796607232005456, 5.302033927679955738, -6.407746725914467589 ) ) ;
#4330 = ORIENTED_EDGE ( 'NONE', *, *, #946, .F. ) ;
#4331 = ORIENTED_EDGE ( 'NONE', *, *, #4191, .F. ) ;
#4332 = EDGE_CURVE ( 'NONE', #2682, #3947, #707, .T. ) ;
#4333 = EDGE_CURVE ( 'NONE', #4420, #3842, #3701, .T. ) ;
#4334 = DIRECTION ( 'NONE',  ( 0.000000000000000000, 0.000000000000000000, -1.000000000000000000 ) ) ;
#4335 = EDGE_CURVE ( 'NONE', #4025, #4901, #655, .T. ) ;
#4336 = ORIENTED_EDGE ( 'NONE', *, *, #3515, .T. ) ;
#4337 = EDGE_CURVE ( 'NONE', #2902, #3935, #2933, .T. ) ;
#4338 = LINE ( 'NONE', #3547, #3958 ) ;
#4339 = CARTESIAN_POINT ( 'NONE',  ( 13.79999999999994387, 0.000000000000000000, 13.79999999999999361 ) ) ;
#4340 = CARTESIAN_POINT ( 'NONE',  ( 2.853553390593283279, 0.5000000000000000000, -2.853553390593275729 ) ) ;
#4341 = FACE_OUTER_BOUND ( 'NONE', #1749, .T. ) ;
#4342 = FACE_OUTER_BOUND ( 'NONE', #471, .T. ) ;
#4343 = ORIENTED_EDGE ( 'NONE', *, *, #3008, .T. ) ;
#4344 = ORIENTED_EDGE ( 'NONE', *, *, #344, .F. ) ;
#4345 = CARTESIAN_POINT ( 'NONE',  ( 11.38634881328205140, 1.980628330619406352, -1.524264068711941977 ) ) ;
#4346 = ORIENTED_EDGE ( 'NONE', *, *, #3832, .T. ) ;
#4347 = CARTESIAN_POINT ( 'NONE',  ( 1.017802249435043382, 0.5000000000000000000, -3.982197750564972161 ) ) ;
#4348 = DIRECTION ( 'NONE',  ( 1.752335333352424452E-16, 0.7071067811865485719, -0.7071067811865465735 ) ) ;
#4349 = DIRECTION ( 'NONE',  ( -0.000000000000000000, 1.000000000000000000, -0.000000000000000000 ) ) ;
#4350 = ORIENTED_EDGE ( 'NONE', *, *, #1043, .T. ) ;
#4351 = ORIENTED_EDGE ( 'NONE', *, *, #732, .T. ) ;
#4352 = CIRCLE ( 'NONE', #564, 1.000000000000000222 ) ;
#4353 = DIRECTION ( 'NONE',  ( 0.000000000000000000, 0.000000000000000000, 1.000000000000000000 ) ) ;
#4354 = ADVANCED_FACE ( 'NONE', ( #1794 ), #1381, .T. ) ;
#4355 = CARTESIAN_POINT ( 'NONE',  ( 30.73267372601476310, 1.164248858841772982, -4.272401869241584826 ) ) ;
#4356 = EDGE_CURVE ( 'NONE', #2500, #111, #3678, .T. ) ;
#4357 = VECTOR ( 'NONE', #3641, 1000.000000000000000 ) ;
#4358 = ORIENTED_EDGE ( 'NONE', *, *, #2593, .T. ) ;
#4359 = DIRECTION ( 'NONE',  ( 2.478176394252580648E-16, 0.000000000000000000, -1.000000000000000000 ) ) ;
#4360 = DIRECTION ( 'NONE',  ( 0.000000000000000000, 0.000000000000000000, 1.000000000000000000 ) ) ;
#4361 = AXIS2_PLACEMENT_3D ( 'NONE', #4785, #2497, #2945 ) ;
#4362 = VECTOR ( 'NONE', #3665, 1000.000000000000000 ) ;
#4363 = DIRECTION ( 'NONE',  ( 0.000000000000000000, -1.000000000000000000, 0.000000000000000000 ) ) ;
#4364 = DIRECTION ( 'NONE',  ( -0.000000000000000000, 1.000000000000000000, 0.000000000000000000 ) ) ;
#4365 = EDGE_CURVE ( 'NONE', #663, #2055, #2115, .T. ) ;
#4366 = AXIS2_PLACEMENT_3D ( 'NONE', #3182, #1994, #4656 ) ;
#4367 = FACE_OUTER_BOUND ( 'NONE', #4187, .T. ) ;
#4368 = CARTESIAN_POINT ( 'NONE',  ( 8.000000000000000000, 1.100000000000000089, 0.000000000000000000 ) ) ;
#4369 =( BOUNDED_CURVE ( )  B_SPLINE_CURVE ( 3, ( #302, #1811, #327, #2952 ),
 .UNSPECIFIED., .F., .T. ) 
 B_SPLINE_CURVE_WITH_KNOTS ( ( 4, 4 ),
 ( 1.159007650839263714, 3.014552665653086994 ),
 .UNSPECIFIED. ) 
 CURVE ( )  GEOMETRIC_REPRESENTATION_ITEM ( )  RATIONAL_B_SPLINE_CURVE ( ( 1.000000000000000000, 0.7330787334324707638, 0.7330787334324707638, 1.000000000000000000 ) ) 
 REPRESENTATION_ITEM ( '' )  );
#4370 = ORIENTED_EDGE ( 'NONE', *, *, #4027, .T. ) ;
#4371 = VERTEX_POINT ( 'NONE', #233 ) ;
#4372 = CARTESIAN_POINT ( 'NONE',  ( 21.03814781006375512, 1.300000000000000044, -6.005012562893382366 ) ) ;
#4373 = CARTESIAN_POINT ( 'NONE',  ( 0.2928932188134514281, 0.7928932188134335535, -5.353553390593291716 ) ) ;
#4374 = ADVANCED_FACE ( 'NONE', ( #1375 ), #2597, .T. ) ;
#4375 = VECTOR ( 'NONE', #659, 1000.000000000000000 ) ;
#4376 = ORIENTED_EDGE ( 'NONE', *, *, #2866, .T. ) ;
#4377 = DIRECTION ( 'NONE',  ( 0.000000000000000000, 0.000000000000000000, -1.000000000000000000 ) ) ;
#4378 = AXIS2_PLACEMENT_3D ( 'NONE', #912, #510, #2021 ) ;
#4379 = CARTESIAN_POINT ( 'NONE',  ( 11.00000000000000000, 1.100000000000000089, -7.000000000000002665 ) ) ;
#4380 = CARTESIAN_POINT ( 'NONE',  ( 27.89289321881347306, 5.207106781186545241, -6.454078238361611319 ) ) ;
#4381 = DIRECTION ( 'NONE',  ( 0.000000000000000000, 0.000000000000000000, -1.000000000000000000 ) ) ;
#4382 = ORIENTED_EDGE ( 'NONE', *, *, #3277, .F. ) ;
#4383 = ORIENTED_EDGE ( 'NONE', *, *, #1754, .F. ) ;
#4384 = CARTESIAN_POINT ( 'NONE',  ( 7.700000000000000178, 2.112132034355964194, -1.612132034355978405 ) ) ;
#4385 = DIRECTION ( 'NONE',  ( -1.000000000000000000, -0.000000000000000000, -0.000000000000000000 ) ) ;
#4386 = CIRCLE ( 'NONE', #2258, 0.5000000000000000000 ) ;
#4387 = ORIENTED_EDGE ( 'NONE', *, *, #3288, .T. ) ;
#4388 = EDGE_CURVE ( 'NONE', #3195, #3935, #4306, .T. ) ;
#4389 = DIRECTION ( 'NONE',  ( -0.000000000000000000, -0.000000000000000000, -1.000000000000000000 ) ) ;
#4390 = DIRECTION ( 'NONE',  ( -1.000000000000000000, 0.000000000000000000, 0.000000000000000000 ) ) ;
#4391 = AXIS2_PLACEMENT_3D ( 'NONE', #963, #2441, #2871 ) ;
#4392 = LINE ( 'NONE', #280, #1833 ) ;
#4393 = DIRECTION ( 'NONE',  ( -0.5773502691896247319, -0.5773502691896262862, -0.5773502691896262862 ) ) ;
#4394 = DIRECTION ( 'NONE',  ( 0.000000000000000000, 1.000000000000000000, 0.000000000000000000 ) ) ;
#4395 = DIRECTION ( 'NONE',  ( 0.000000000000000000, -1.000000000000000000, 0.000000000000000000 ) ) ;
#4396 = ORIENTED_EDGE ( 'NONE', *, *, #1015, .F. ) ;
#4397 = ADVANCED_FACE ( 'NONE', ( #3253 ), #2568, .T. ) ;
#4398 = CARTESIAN_POINT ( 'NONE',  ( 3.982197750564964167, 1.000000000000000000, -1.724909030621590622 ) ) ;
#4399 = ORIENTED_EDGE ( 'NONE', *, *, #1510, .F. ) ;
#4400 = FACE_OUTER_BOUND ( 'NONE', #1983, .T. ) ;
#4401 = CARTESIAN_POINT ( 'NONE',  ( 0.000000000000000000, 0.1464466094067079782, -5.414213562373112687 ) ) ;
#4402 =( BOUNDED_CURVE ( )  B_SPLINE_CURVE ( 3, ( #3915, #883, #1535, #553 ),
 .UNSPECIFIED., .F., .T. ) 
 B_SPLINE_CURVE_WITH_KNOTS ( ( 4, 4 ),
 ( 3.926990816987242283, 4.712388980384689674 ),
 .UNSPECIFIED. ) 
 CURVE ( )  GEOMETRIC_REPRESENTATION_ITEM ( )  RATIONAL_B_SPLINE_CURVE ( ( 1.000000000000000000, 0.9492530216741912330, 0.9492530216741912330, 1.000000000000000000 ) ) 
 REPRESENTATION_ITEM ( '' )  );
#4403 = EDGE_CURVE ( 'NONE', #1222, #618, #981, .T. ) ;
#4404 = ORIENTED_EDGE ( 'NONE', *, *, #3725, .F. ) ;
#4405 = CARTESIAN_POINT ( 'NONE',  ( 24.10000000000000853, 1.444880804980769318, -1.255119195019245293 ) ) ;
#4406 = FACE_OUTER_BOUND ( 'NONE', #4693, .T. ) ;
#4407 = CARTESIAN_POINT ( 'NONE',  ( 0.2928932188134506509, 0.7928932188134328873, -35.00000000000000000 ) ) ;
#4408 = EDGE_LOOP ( 'NONE', ( #922, #3867, #4331 ) ) ;
#4409 = VERTEX_POINT ( 'NONE', #1476 ) ;
#4410 = DIRECTION ( 'NONE',  ( 1.000000000000000000, 0.000000000000000000, -0.000000000000000000 ) ) ;
#4411 = CARTESIAN_POINT ( 'NONE',  ( 2.999999999999999556, 0.1999999999999779732, -24.89113524468584870 ) ) ;
#4412 = CARTESIAN_POINT ( 'NONE',  ( 27.68140299922059100, 0.5814029992206165565, -0.1109734861408145368 ) ) ;
#4413 = CARTESIAN_POINT ( 'NONE',  ( 6.241093483101493256, 5.500000000000000000, -5.414213562373100253 ) ) ;
#4414 = DIRECTION ( 'NONE',  ( -3.097720492815727042E-17, 0.000000000000000000, -1.000000000000000000 ) ) ;
#4415 = CARTESIAN_POINT ( 'NONE',  ( 5.970273702328218413, 4.853553390593273953, -4.860535611066651107 ) ) ;
#4416 = CARTESIAN_POINT ( 'NONE',  ( 26.62972629767174482, 4.853553390593338790, -4.860535611066597816 ) ) ;
#4417 = DIRECTION ( 'NONE',  ( 0.000000000000000000, 0.7071067811865485719, -0.7071067811865465735 ) ) ;
#4418 = ORIENTED_EDGE ( 'NONE', *, *, #4147, .F. ) ;
#4419 = CARTESIAN_POINT ( 'NONE',  ( 11.33993463423951731, 1.466666666666667007, -6.000000000000002665 ) ) ;
#4420 = VERTEX_POINT ( 'NONE', #1819 ) ;
#4421 = CARTESIAN_POINT ( 'NONE',  ( 2.999999999999999556, 0.1999999999999779732, -22.67547890856305060 ) ) ;
#4422 = ADVANCED_FACE ( 'NONE', ( #4801 ), #1399, .F. ) ;
#4423 = DIRECTION ( 'NONE',  ( -0.000000000000000000, 1.000000000000000000, -0.000000000000000000 ) ) ;
#4424 = ORIENTED_EDGE ( 'NONE', *, *, #1724, .T. ) ;
#4425 = CARTESIAN_POINT ( 'NONE',  ( 4.707106781186552347, 5.207106781186546129, -35.00000000000000000 ) ) ;
#4426 = FACE_OUTER_BOUND ( 'NONE', #146, .T. ) ;
#4427 =( BOUNDED_CURVE ( )  B_SPLINE_CURVE ( 3, ( #3976, #590, #1410, #4327 ),
 .UNSPECIFIED., .F., .F. ) 
 B_SPLINE_CURVE_WITH_KNOTS ( ( 4, 4 ),
 ( 3.268632641526497906, 5.124177656340312303 ),
 .UNSPECIFIED. ) 
 CURVE ( )  GEOMETRIC_REPRESENTATION_ITEM ( )  RATIONAL_B_SPLINE_CURVE ( ( 1.000000000000000000, 0.7330787334324730953, 0.7330787334324730953, 1.000000000000000000 ) ) 
 REPRESENTATION_ITEM ( '' )  );
#4428 = CARTESIAN_POINT ( 'NONE',  ( 3.000000000000000000, 44.12071982757441901, -7.000000000000002665 ) ) ;
#4429 = EDGE_CURVE ( 'NONE', #1206, #1941, #4098, .T. ) ;
#4430 = CARTESIAN_POINT ( 'NONE',  ( 20.73477409097666779, 2.200000000000000622, -7.000000000000002665 ) ) ;
#4431 = ORIENTED_EDGE ( 'NONE', *, *, #986, .T. ) ;
#4432 = ORIENTED_EDGE ( 'NONE', *, *, #3468, .F. ) ;
#4433 = ORIENTED_EDGE ( 'NONE', *, *, #61, .F. ) ;
#4434 = DIRECTION ( 'NONE',  ( -1.000000000000000000, 0.000000000000000000, -4.956352788505141574E-16 ) ) ;
#4435 = ORIENTED_EDGE ( 'NONE', *, *, #4467, .T. ) ;
#4436 = CIRCLE ( 'NONE', #2857, 1.000000000000000000 ) ;
#4437 = LINE ( 'NONE', #4874, #4450 ) ;
#4438 = ADVANCED_FACE ( 'NONE', ( #810 ), #2314, .T. ) ;
#4439 = CYLINDRICAL_SURFACE ( 'NONE', #3959, 0.2999999999999999334 ) ;
#4440 = CARTESIAN_POINT ( 'NONE',  ( 24.10000000000000497, 0.7999999999999999334, -6.000000000000002665 ) ) ;
#4441 = CARTESIAN_POINT ( 'NONE',  ( 4.599713295042275440, 1.239838619643891304, -1.928653815768138324 ) ) ;
#4442 = CIRCLE ( 'NONE', #252, 0.3999999999999993006 ) ;
#4443 = DIRECTION ( 'NONE',  ( 0.000000000000000000, -1.000000000000000000, 0.000000000000000000 ) ) ;
#4444 = CARTESIAN_POINT ( 'NONE',  ( 27.18578643762692337, 4.500000000000000000, 0.000000000000000000 ) ) ;
#4445 = CIRCLE ( 'NONE', #2944, 1.000000000000000888 ) ;
#4446 = EDGE_LOOP ( 'NONE', ( #294, #397, #2320, #2070 ) ) ;
#4447 = PLANE ( 'NONE',  #2652 ) ;
#4448 = VERTEX_POINT ( 'NONE', #34 ) ;
#4449 = DIRECTION ( 'NONE',  ( 1.000000000000000000, -0.000000000000000000, -0.000000000000000000 ) ) ;
#4450 = VECTOR ( 'NONE', #757, 1000.000000000000000 ) ;
#4451 = DIRECTION ( 'NONE',  ( -0.000000000000000000, -0.000000000000000000, 1.000000000000000000 ) ) ;
#4452 = ORIENTED_EDGE ( 'NONE', *, *, #503, .F. ) ;
#4453 = CARTESIAN_POINT ( 'NONE',  ( 24.86072301540072615, 1.738070641943844752, -1.238070641943860073 ) ) ;
#4454 = DIRECTION ( 'NONE',  ( 0.000000000000000000, 0.000000000000000000, 1.000000000000000000 ) ) ;
#4455 = FACE_OUTER_BOUND ( 'NONE', #3420, .T. ) ;
#4456 = AXIS2_PLACEMENT_3D ( 'NONE', #1908, #3470, #3513 ) ;
#4457 = CARTESIAN_POINT ( 'NONE',  ( 24.63851648071345579, 2.200000000000000622, -7.000000000000002665 ) ) ;
#4458 = ORIENTED_EDGE ( 'NONE', *, *, #1277, .T. ) ;
#4459 = ORIENTED_EDGE ( 'NONE', *, *, #3443, .F. ) ;
#4460 = AXIS2_PLACEMENT_3D ( 'NONE', #1233, #1649, #4722 ) ;
#4461 = CARTESIAN_POINT ( 'NONE',  ( 5.284657056826260302, 5.500000000000000000, -6.281970976302811316 ) ) ;
#4462 = ADVANCED_FACE ( 'NONE', ( #1556, #2339, #4907 ), #3462, .F. ) ;
#4463 = VECTOR ( 'NONE', #1743, 1000.000000000000000 ) ;
#4464 = CARTESIAN_POINT ( 'NONE',  ( 0.000000000000000000, 0.000000000000000000, 0.000000000000000000 ) ) ;
#4465 = DIRECTION ( 'NONE',  ( 0.000000000000000000, 0.000000000000000000, 1.000000000000000000 ) ) ;
#4466 = ORIENTED_EDGE ( 'NONE', *, *, #1891, .F. ) ;
#4467 = EDGE_CURVE ( 'NONE', #600, #995, #3085, .T. ) ;
#4468 = FACE_OUTER_BOUND ( 'NONE', #1483, .T. ) ;
#4469 = DIRECTION ( 'NONE',  ( 3.097720492815727042E-17, -0.000000000000000000, 1.000000000000000000 ) ) ;
#4470 = DIRECTION ( 'NONE',  ( -0.5773502691896217343, 0.5773502691896325034, -0.5773502691896231775 ) ) ;
#4471 = CARTESIAN_POINT ( 'NONE',  ( 5.511914363228704872, 2.884595512138895756, -2.384595512138907747 ) ) ;
#4472 = AXIS2_PLACEMENT_3D ( 'NONE', #3612, #2876, #992 ) ;
#4473 = ADVANCED_FACE ( 'NONE', ( #785 ), #2719, .T. ) ;
#4474 = DIRECTION ( 'NONE',  ( 0.000000000000000000, 0.7071067811865489050, -0.7071067811865461294 ) ) ;
#4475 = AXIS2_PLACEMENT_3D ( 'NONE', #4512, #4921, #2976 ) ;
#4476 = ORIENTED_EDGE ( 'NONE', *, *, #4686, .T. ) ;
#4477 = FACE_OUTER_BOUND ( 'NONE', #4408, .T. ) ;
#4478 = DIRECTION ( 'NONE',  ( 0.000000000000000000, -0.7071067811865485719, 0.7071067811865465735 ) ) ;
#4479 = DIRECTION ( 'NONE',  ( -1.000000000000000000, -0.000000000000000000, -0.000000000000000000 ) ) ;
#4480 = AXIS2_PLACEMENT_3D ( 'NONE', #4608, #2348, #2728 ) ;
#4481 = CARTESIAN_POINT ( 'NONE',  ( 21.10000000000000497, 0.7999999999999999334, -6.000000000000002665 ) ) ;
#4482 = ORIENTED_EDGE ( 'NONE', *, *, #4196, .T. ) ;
#4483 = DIRECTION ( 'NONE',  ( -0.000000000000000000, -0.000000000000000000, -1.000000000000000000 ) ) ;
#4484 = DIRECTION ( 'NONE',  ( 1.000000000000000000, 0.000000000000000000, 0.000000000000000000 ) ) ;
#4485 = CARTESIAN_POINT ( 'NONE',  ( 11.10097088021362843, 1.821475626451024121, -1.532072269125060338 ) ) ;
#4486 = ORIENTED_EDGE ( 'NONE', *, *, #550, .F. ) ;
#4487 = ORIENTED_EDGE ( 'NONE', *, *, #815, .T. ) ;
#4488 = CARTESIAN_POINT ( 'NONE',  ( 12.15000000000014069, 17.65000000000001990, -35.00000000000000000 ) ) ;
#4489 = LINE ( 'NONE', #4818, #2637 ) ;
#4490 = DIRECTION ( 'NONE',  ( 0.5773502691896240657, -0.5773502691896273964, 0.5773502691896256200 ) ) ;
#4491 = ORIENTED_EDGE ( 'NONE', *, *, #4096, .F. ) ;
#4492 = EDGE_CURVE ( 'NONE', #2069, #1732, #4548, .T. ) ;
#4493 = DIRECTION ( 'NONE',  ( 0.000000000000000000, 0.9919412679138426281, 0.1266985438332993152 ) ) ;
#4494 = CARTESIAN_POINT ( 'NONE',  ( 27.45261918524448674, 5.000000000000003553, -5.818245656101222352 ) ) ;
#4495 = DIRECTION ( 'NONE',  ( -0.000000000000000000, -1.000000000000000000, 0.000000000000000000 ) ) ;
#4496 = CARTESIAN_POINT ( 'NONE',  ( 5.803370771242470028, 2.193927481995403106, -1.693927481995416207 ) ) ;
#4497 = DIRECTION ( 'NONE',  ( -0.000000000000000000, 1.000000000000000000, -0.000000000000000000 ) ) ;
#4498 = EDGE_CURVE ( 'NONE', #536, #3196, #409, .T. ) ;
#4499 = CARTESIAN_POINT ( 'NONE',  ( 27.53933982822016091, 0.7928932188134341086, -0.2928932188134514836 ) ) ;
#4500 = VERTEX_POINT ( 'NONE', #4499 ) ;
#4501 = LINE ( 'NONE', #4855, #4463 ) ;
#4502 = CARTESIAN_POINT ( 'NONE',  ( 0.000000000000000000, -3.000000000000000000, 0.000000000000000000 ) ) ;
#4503 = CARTESIAN_POINT ( 'NONE',  ( 2.692034337083195172, 0.06290991787868248364, -22.39762400730954894 ) ) ;
#4504 = CARTESIAN_POINT ( 'NONE',  ( 28.61780224943503015, 0.5000000000000000000, -1.017802249435044049 ) ) ;
#4505 = ORIENTED_EDGE ( 'NONE', *, *, #3158, .F. ) ;
#4506 = FACE_OUTER_BOUND ( 'NONE', #3632, .T. ) ;
#4507 = CARTESIAN_POINT ( 'NONE',  ( 26.35890651689850728, 4.999999999999999112, -5.414213562373100253 ) ) ;
#4508 = CARTESIAN_POINT ( 'NONE',  ( 0.2928932188134506509, 0.4393398282201594895, -4.707106781186567446 ) ) ;
#4509 = CARTESIAN_POINT ( 'NONE',  ( 11.65461725677497995, 1.993549495624417300, -1.525112325883703157 ) ) ;
#4510 = ORIENTED_EDGE ( 'NONE', *, *, #1618, .F. ) ;
#4511 = ORIENTED_EDGE ( 'NONE', *, *, #1618, .T. ) ;
#4512 = CARTESIAN_POINT ( 'NONE',  ( 8.500000000000000000, 2.600000000000000089, -6.083484861008834343 ) ) ;
#4513 = EDGE_LOOP ( 'NONE', ( #3998, #454, #4418 ) ) ;
#4514 = EDGE_CURVE ( 'NONE', #2301, #3057, #1062, .T. ) ;
#4515 = CARTESIAN_POINT ( 'NONE',  ( 0.2357022603955258866, 5.617851130197762721, -5.117851130197767162 ) ) ;
#4516 = VERTEX_POINT ( 'NONE', #1925 ) ;
#4517 = CARTESIAN_POINT ( 'NONE',  ( 1.928653815768146096, 1.239838619643941930, -4.599713295042297645 ) ) ;
#4518 = FACE_OUTER_BOUND ( 'NONE', #3232, .T. ) ;
#4519 = ADVANCED_FACE ( 'NONE', ( #836 ), #734, .T. ) ;
#4520 = VECTOR ( 'NONE', #3151, 1000.000000000000000 ) ;
#4521 = CARTESIAN_POINT ( 'NONE',  ( 0.000000000000000000, -3.000000000000000000, -28.90000000000000213 ) ) ;
#4522 = CARTESIAN_POINT ( 'NONE',  ( 27.54020770905933446, 1.478120367956928805, -2.121976743644598429 ) ) ;
#4523 = ORIENTED_EDGE ( 'NONE', *, *, #3876, .T. ) ;
#4524 = CARTESIAN_POINT ( 'NONE',  ( 24.55007934448068951, 1.345392609888944824, -1.284008922033131883 ) ) ;
#4525 = VECTOR ( 'NONE', #2388, 1000.000000000000000 ) ;
#4526 = EDGE_CURVE ( 'NONE', #3973, #551, #4224, .T. ) ;
#4527 = CARTESIAN_POINT ( 'NONE',  ( 31.22864435997168187, 1.164248858841772538, -4.335751141158234567 ) ) ;
#4528 = CARTESIAN_POINT ( 'NONE',  ( 2.928931343215725569, -0.1043142778658547321, -24.50622753613235361 ) ) ;
#4529 = CARTESIAN_POINT ( 'NONE',  ( 25.93225727535792657, 4.417660698685720533, -3.917660698685728082 ) ) ;
#4530 = AXIS2_PLACEMENT_3D ( 'NONE', #858, #4294, #531 ) ;
#4531 = AXIS2_PLACEMENT_3D ( 'NONE', #2755, #526, #4334 ) ;
#4532 = CARTESIAN_POINT ( 'NONE',  ( 6.385129943158591281, 5.405600243732849641, -4.905600243732855859 ) ) ;
#4533 = ADVANCED_FACE ( 'NONE', ( #4576 ), #2731, .T. ) ;
#4534 = ORIENTED_EDGE ( 'NONE', *, *, #359, .F. ) ;
#4535 = CARTESIAN_POINT ( 'NONE',  ( 27.20000000000000639, 3.499999999999999556, -29.00000000000000355 ) ) ;
#4536 = AXIS2_PLACEMENT_3D ( 'NONE', #1494, #3353, #4493 ) ;
#4537 = DIRECTION ( 'NONE',  ( -2.478176394252580648E-16, -0.000000000000000000, 1.000000000000000000 ) ) ;
#4538 = CARTESIAN_POINT ( 'NONE',  ( 6.300000000000000711, 3.499999999999999556, -35.00000000000000000 ) ) ;
#4539 = EDGE_CURVE ( 'NONE', #3218, #2033, #3836, .T. ) ;
#4540 = ORIENTED_EDGE ( 'NONE', *, *, #1702, .F. ) ;
#4541 = CARTESIAN_POINT ( 'NONE',  ( 26.77157287525380625, 0.1999999999999996503, -7.000000000000002665 ) ) ;
#4542 = ORIENTED_EDGE ( 'NONE', *, *, #223, .T. ) ;
#4543 = DIRECTION ( 'NONE',  ( 3.097720492815727042E-17, -0.000000000000000000, 1.000000000000000000 ) ) ;
#4544 = CARTESIAN_POINT ( 'NONE',  ( 29.60000000000000497, 0.1999999999999779732, -35.00000000000000000 ) ) ;
#4545 = LINE ( 'NONE', #2713, #2305 ) ;
#4546 = CARTESIAN_POINT ( 'NONE',  ( 5.147380814755535106, 4.999999999999999112, -5.818245656101210805 ) ) ;
#4547 = EDGE_CURVE ( 'NONE', #3563, #366, #3650, .T. ) ;
#4548 = LINE ( 'NONE', #1501, #982 ) ;
#4549 = DIRECTION ( 'NONE',  ( 1.000000000000000000, -0.000000000000000000, 4.956352788505161296E-16 ) ) ;
#4550 = CARTESIAN_POINT ( 'NONE',  ( 24.59169666161087875, 1.484897685982246029, -1.203359620254729645 ) ) ;
#4551 = AXIS2_PLACEMENT_3D ( 'NONE', #2537, #4038, #4852 ) ;
#4552 = CARTESIAN_POINT ( 'NONE',  ( 2.999999999999999112, 44.12071982757441901, -35.00000000000000000 ) ) ;
#4553 = DIRECTION ( 'NONE',  ( 1.000000000000000000, -0.000000000000000000, 0.000000000000000000 ) ) ;
#4554 = CARTESIAN_POINT ( 'NONE',  ( 11.79999999999999716, 0.7928932188134334424, -0.2928932188134516501 ) ) ;
#4555 = AXIS2_PLACEMENT_3D ( 'NONE', #4541, #3717, #399 ) ;
#4556 = CARTESIAN_POINT ( 'NONE',  ( 1.371355640028318224, 1.164248858841755219, -4.335751141158245225 ) ) ;
#4557 = ORIENTED_EDGE ( 'NONE', *, *, #3590, .F. ) ;
#4558 = DIRECTION ( 'NONE',  ( 0.7071067811865485719, -0.7071067811865465735, 0.000000000000000000 ) ) ;
#4559 = CARTESIAN_POINT ( 'NONE',  ( 6.281940818162032869, 5.500000000000032863, -5.284752639579242128 ) ) ;
#4560 = VECTOR ( 'NONE', #988, 1000.000000000000000 ) ;
#4561 = ADVANCED_FACE ( 'NONE', ( #3014, #1933 ), #1140, .F. ) ;
#4562 = CARTESIAN_POINT ( 'NONE',  ( 8.500000000000000000, 1.600000000000000311, -6.083484861008834343 ) ) ;
#4563 = EDGE_CURVE ( 'NONE', #4448, #3421, #112, .T. ) ;
#4564 = ORIENTED_EDGE ( 'NONE', *, *, #76, .T. ) ;
#4565 = CIRCLE ( 'NONE', #4802, 0.4000000000000010214 ) ;
#4566 = ORIENTED_EDGE ( 'NONE', *, *, #4127, .F. ) ;
#4567 = CARTESIAN_POINT ( 'NONE',  ( 31.58219775056495848, 0.5000000000000000000, -3.982197750564960614 ) ) ;
#4568 = ORIENTED_EDGE ( 'NONE', *, *, #3415, .T. ) ;
#4569 =( BOUNDED_SURFACE ( )  B_SPLINE_SURFACE ( 3, 2, ( 
 ( #2745, #1211, #4457 ),
 ( #3372, #4893, #2946 ),
 ( #1095, #4085, #3348 ),
 ( #1068, #2581, #2344 ) ),
 .UNSPECIFIED., .F., .F., .F. ) 
 B_SPLINE_SURFACE_WITH_KNOTS ( ( 4, 4 ),
 ( 3, 3 ),
 ( 0.001940192516779879178, 0.002489584297869991674 ),
 ( 0.000000000000000000, 1.000000000000000000 ),
 .UNSPECIFIED. ) 
 GEOMETRIC_REPRESENTATION_ITEM ( )  RATIONAL_B_SPLINE_SURFACE ( (
 ( 1.000000000000000000, 0.7071067811865472397, 1.000000000000000000),
 ( 1.000000000000000000, 0.7291275540978271463, 1.000000000000000000),
 ( 1.000000000000000000, 0.7417137999763173672, 1.000000000000000000),
 ( 1.000000000000000000, 0.7416198487095660985, 1.000000000000000000) ) ) 
 REPRESENTATION_ITEM ( '' )  SURFACE ( )  );
#4570 = CARTESIAN_POINT ( 'NONE',  ( 7.875735931288071257, 1.780761184457486657, -1.280761184457501534 ) ) ;
#4571 = ORIENTED_EDGE ( 'NONE', *, *, #3337, .F. ) ;
#4572 = CARTESIAN_POINT ( 'NONE',  ( 4.331576575794126249, 4.831576575794120032, -6.592493245824387671 ) ) ;
#4573 = CARTESIAN_POINT ( 'NONE',  ( 19.60000000000000142, 0.7999999999999999334, -7.000000000000002665 ) ) ;
#4574 = PLANE ( 'NONE',  #3418 ) ;
#4575 = APPROVAL_DATE_TIME ( #706, #67 ) ;
#4576 = FACE_OUTER_BOUND ( 'NONE', #1488, .T. ) ;
#4577 = DIRECTION ( 'NONE',  ( 0.000000000000000000, 0.000000000000000000, 1.000000000000000000 ) ) ;
#4578 = CARTESIAN_POINT ( 'NONE',  ( 4.000000000000000000, 0.000000000000000000, -4.000000000000000000 ) ) ;
#4579 = DIRECTION ( 'NONE',  ( 0.000000000000000000, 0.000000000000000000, 1.000000000000000000 ) ) ;
#4580 = CARTESIAN_POINT ( 'NONE',  ( 27.60000000000001918, 5.500000000000000000, -35.00000000000000000 ) ) ;
#4581 = ORIENTED_EDGE ( 'NONE', *, *, #4744, .F. ) ;
#4582 = CARTESIAN_POINT ( 'NONE',  ( 5.970273702328218413, 4.853553390593271288, -4.860535611066649331 ) ) ;
#4583 = CARTESIAN_POINT ( 'NONE',  ( 32.60000000000000142, 0.000000000000000000, -5.414213562373098476 ) ) ;
#4584 = DIRECTION ( 'NONE',  ( 1.000000000000000000, 0.000000000000000000, 0.000000000000000000 ) ) ;
#4585 = ADVANCED_FACE ( 'NONE', ( #414 ), #1956, .T. ) ;
#4586 = ORIENTED_EDGE ( 'NONE', *, *, #4632, .F. ) ;
#4587 = ORIENTED_EDGE ( 'NONE', *, *, #3527, .F. ) ;
#4588 = DIRECTION ( 'NONE',  ( 0.5336654952351315151, 0.000000000000000000, -0.8456956540005642342 ) ) ;
#4589 = ORIENTED_EDGE ( 'NONE', *, *, #1914, .F. ) ;
#4590 = CARTESIAN_POINT ( 'NONE',  ( 0.02602734134864160762, 0.2166604015549398188, -5.152465634517050752 ) ) ;
#4591 = EDGE_CURVE ( 'NONE', #4805, #2014, #1905, .T. ) ;
#4592 = VERTEX_POINT ( 'NONE', #3441 ) ;
#4593 = CARTESIAN_POINT ( 'NONE',  ( 2.786647292286498878, 3.286647292286817734, -5.861794681071128998 ) ) ;
#4594 = CARTESIAN_POINT ( 'NONE',  ( 11.49999999999999822, 0.08578643762688700769, -1.000000000000000000 ) ) ;
#4595 = B_SPLINE_CURVE_WITH_KNOTS ( 'NONE', 3,
 ( #2622, #1402, #607, #2913, #1821, #4419 ),
 .UNSPECIFIED., .F., .F.,
 ( 4, 2, 4 ),
 ( 0.000000000000000000, 0.0001916537894134849552, 0.0003833075788269699104 ),
 .UNSPECIFIED. ) ;
#4596 = LINE ( 'NONE', #2287, #3413 ) ;
#4597 = CARTESIAN_POINT ( 'NONE',  ( 1.867326273985239427, 1.164248858841755219, -4.272401869241595485 ) ) ;
#4598 =( BOUNDED_SURFACE ( )  B_SPLINE_SURFACE ( 3, 2, ( 
 ( #2332, #543, #1610 ),
 ( #2052, #3123, #455 ),
 ( #4590, #1036, #3999 ),
 ( #2547, #2919, #1014 ),
 ( #4708, #614, #240 ),
 ( #4051, #2496, #3587 ) ),
 .UNSPECIFIED., .F., .F., .F. ) 
 B_SPLINE_SURFACE_WITH_KNOTS ( ( 4, 2, 4 ),
 ( 3, 3 ),
 ( 1.570796326794896558, 1.963495408493620031, 2.356194490192343505 ),
 ( 0.000000000000000000, 1.000000000000000000 ),
 .UNSPECIFIED. ) 
 GEOMETRIC_REPRESENTATION_ITEM ( )  RATIONAL_B_SPLINE_SURFACE ( (
 ( 1.000000000000000000, 1.000000000000000000, 1.000000000000000000),
 ( 1.000000000000000000, 1.000158598892031625, 1.000000000000000000),
 ( 1.000000000000000000, 0.9867291651255369889, 1.000000000000000000),
 ( 1.000000000000000000, 0.9386556746367764603, 1.000000000000000000),
 ( 1.000000000000000000, 0.9039896001661951175, 1.000000000000000000),
 ( 1.000000000000000000, 0.8660254037844391517, 1.000000000000000000) ) ) 
 REPRESENTATION_ITEM ( '' )  SURFACE ( )  );
#4599 = EDGE_CURVE ( 'NONE', #918, #3155, #353, .T. ) ;
#4600 = DIRECTION ( 'NONE',  ( 0.000000000000000000, -1.000000000000000000, 0.000000000000000000 ) ) ;
#4601 = ORIENTED_EDGE ( 'NONE', *, *, #4871, .T. ) ;
#4602 = CARTESIAN_POINT ( 'NONE',  ( 20.44538274322502147, 1.693549495624343759, -1.225112325883645381 ) ) ;
#4603 = AXIS2_PLACEMENT_3D ( 'NONE', #4690, #1661, #4620 ) ;
#4604 = CARTESIAN_POINT ( 'NONE',  ( 32.39967396622284923, 0.3930562356517441347, -4.799673966222850474 ) ) ;
#4605 = AXIS2_PLACEMENT_3D ( 'NONE', #2909, #4469, #3698 ) ;
#4606 = ORIENTED_EDGE ( 'NONE', *, *, #2565, .T. ) ;
#4607 = LINE ( 'NONE', #2276, #1456 ) ;
#4608 = CARTESIAN_POINT ( 'NONE',  ( 26.30000000000000426, 3.499999999999999556, -29.00000000000000355 ) ) ;
#4609 = AXIS2_PLACEMENT_3D ( 'NONE', #3709, #2940, #4078 ) ;
#4610 = VECTOR ( 'NONE', #1022, 1000.000000000000000 ) ;
#4611 = ORIENTED_EDGE ( 'NONE', *, *, #4311, .F. ) ;
#4612 = ORIENTED_EDGE ( 'NONE', *, *, #4682, .F. ) ;
#4613 = VECTOR ( 'NONE', #1395, 1000.000000000000000 ) ;
#4614 = CARTESIAN_POINT ( 'NONE',  ( 7.700000000000000178, 5.500000000000000000, 0.000000000000000000 ) ) ;
#4616 = ORIENTED_EDGE ( 'NONE', *, *, #3545, .T. ) ;
#4615 = CIRCLE ( 'NONE', #337, 1.100000000000000311 ) ;
#4617 = CIRCLE ( 'NONE', #4772, 0.5000000000000000000 ) ;
#4618 = ORIENTED_EDGE ( 'NONE', *, *, #4333, .F. ) ;
#4619 = ORIENTED_EDGE ( 'NONE', *, *, #498, .F. ) ;
#4620 = DIRECTION ( 'NONE',  ( -1.000000000000000000, 0.000000000000000000, 0.000000000000000000 ) ) ;
#4621 = DIRECTION ( 'NONE',  ( 0.000000000000000000, -1.000000000000000000, 0.000000000000000000 ) ) ;
#4622 = CARTESIAN_POINT ( 'NONE',  ( 11.79999999999999716, 0.8378679656440284340, -0.7621320343559736532 ) ) ;
#4623 = EDGE_CURVE ( 'NONE', #3142, #819, #3067, .T. ) ;
#4624 = APPROVAL_DATE_TIME ( #4648, #741 ) ;
#4625 = AXIS2_PLACEMENT_3D ( 'NONE', #2323, #1538, #467 ) ;
#4626 = CARTESIAN_POINT ( 'NONE',  ( 20.60000000000000142, 0.000000000000000000, 0.000000000000000000 ) ) ;
#4627 = CIRCLE ( 'NONE', #4366, 2.649999999999999467 ) ;
#4628 = FACE_OUTER_BOUND ( 'NONE', #3946, .T. ) ;
#4629 = EDGE_CURVE ( 'NONE', #190, #1689, #1694, .T. ) ;
#4630 = CARTESIAN_POINT ( 'NONE',  ( 20.50939832108016248, 1.751085689013974322, -1.262128150094296908 ) ) ;
#4631 = CARTESIAN_POINT ( 'NONE',  ( 26.77546877987850138, 1.408603724017007952, -2.065576447617990752 ) ) ;
#4632 = EDGE_CURVE ( 'NONE', #2609, #4689, #487, .T. ) ;
#4633 = CARTESIAN_POINT ( 'NONE',  ( 32.39967396622284923, 0.7003260337771542998, -5.106943764348226722 ) ) ;
#4634 = ORIENTED_EDGE ( 'NONE', *, *, #3881, .T. ) ;
#4635 = CARTESIAN_POINT ( 'NONE',  ( 1.724909030621591288, 1.000000000000000000, -3.982197750564971273 ) ) ;
#4636 = VECTOR ( 'NONE', #261, 1000.000000000000000 ) ;
#4637 = ORIENTED_EDGE ( 'NONE', *, *, #2702, .T. ) ;
#4638 = CIRCLE ( 'NONE', #365, 0.5000000000000000000 ) ;
#4639 = CARTESIAN_POINT ( 'NONE',  ( 11.31949818358782878, 1.495504548451180638, -6.841530398557233994 ) ) ;
#4640 = ORIENTED_EDGE ( 'NONE', *, *, #2866, .F. ) ;
#4641 = CARTESIAN_POINT ( 'NONE',  ( 28.82490903062158338, 1.000000000000000000, -1.517802249435044271 ) ) ;
#4642 = VECTOR ( 'NONE', #2605, 1000.000000000000000 ) ;
#4643 = ORIENTED_EDGE ( 'NONE', *, *, #229, .T. ) ;
#4644 = ORIENTED_EDGE ( 'NONE', *, *, #4696, .T. ) ;
#4645 = DIRECTION ( 'NONE',  ( 0.000000000000000000, 0.000000000000000000, -1.000000000000000000 ) ) ;
#4646 = CARTESIAN_POINT ( 'NONE',  ( 24.57873367513282048, 1.339858123681256119, -1.330066751269725067 ) ) ;
#4647 = CARTESIAN_POINT ( 'NONE',  ( 28.33911142130680005, 4.760888578690207318, -6.187851464230646137 ) ) ;
#4648 = DATE_AND_TIME ( #133, #652 ) ;
#4649 = ADVANCED_FACE ( 'NONE', ( #4341 ), #1322, .F. ) ;
#4650 = CARTESIAN_POINT ( 'NONE',  ( 25.39958985010389725, 3.439696130770794724, -2.939696130770803606 ) ) ;
#4651 = EDGE_CURVE ( 'NONE', #536, #2446, #4227, .T. ) ;
#4652 = ORIENTED_EDGE ( 'NONE', *, *, #2739, .F. ) ;
#4653 = LINE ( 'NONE', #1321, #2455 ) ;
#4654 = PLANE ( 'NONE',  #4764 ) ;
#4655 = ADVANCED_FACE ( 'NONE', ( #953 ), #2364, .T. ) ;
#4656 = DIRECTION ( 'NONE',  ( 0.000000000000000000, 0.000000000000000000, -1.000000000000000000 ) ) ;
#4657 = PLANE ( 'NONE',  #1621 ) ;
#4658 = ORIENTED_EDGE ( 'NONE', *, *, #4365, .T. ) ;
#4659 = DIRECTION ( 'NONE',  ( 0.000000000000000000, 0.000000000000000000, 1.000000000000000000 ) ) ;
#4660 = FACE_OUTER_BOUND ( 'NONE', #317, .T. ) ;
#4661 = VERTEX_POINT ( 'NONE', #3873 ) ;
#4662 = CARTESIAN_POINT ( 'NONE',  ( 11.09719962985518471, 1.599999996331484819, -6.738138533972930944 ) ) ;
#4663 = DIRECTION ( 'NONE',  ( -1.000000000000000000, -0.000000000000000000, 0.000000000000000000 ) ) ;
#4664 = FACE_OUTER_BOUND ( 'NONE', #1759, .T. ) ;
#4665 = ORIENTED_EDGE ( 'NONE', *, *, #2449, .T. ) ;
#4666 = ORIENTED_EDGE ( 'NONE', *, *, #2517, .F. ) ;
#4667 = CARTESIAN_POINT ( 'NONE',  ( 2.999999999999999112, 0.1999999999999779732, -35.00000000000000000 ) ) ;
#4668 = DIRECTION ( 'NONE',  ( 1.000000000000000000, 0.000000000000000000, 0.000000000000000000 ) ) ;
#4669 = CARTESIAN_POINT ( 'NONE',  ( 28.26842342420628285, 4.831576575793737227, -6.592493245823002113 ) ) ;
#4670 = ORIENTED_EDGE ( 'NONE', *, *, #1707, .T. ) ;
#4671 = EDGE_CURVE ( 'NONE', #1489, #1907, #4676, .T. ) ;
#4672 = DIRECTION ( 'NONE',  ( 0.000000000000000000, 0.000000000000000000, 1.000000000000000000 ) ) ;
#4673 = CARTESIAN_POINT ( 'NONE',  ( 21.10000000000000142, 1.300000000000000044, -1.524264068711943310 ) ) ;
#4674 = EDGE_CURVE ( 'NONE', #851, #1710, #2304, .T. ) ;
#4675 = DIRECTION ( 'NONE',  ( 0.000000000000000000, 0.000000000000000000, 1.000000000000000000 ) ) ;
#4676 =( BOUNDED_CURVE ( )  B_SPLINE_CURVE ( 3, ( #583, #2788, #4252, #483 ),
 .UNSPECIFIED., .F., .F. ) 
 B_SPLINE_CURVE_WITH_KNOTS ( ( 4, 4 ),
 ( 1.159007650839263714, 3.014552665653084329 ),
 .UNSPECIFIED. ) 
 CURVE ( )  GEOMETRIC_REPRESENTATION_ITEM ( )  RATIONAL_B_SPLINE_CURVE ( ( 1.000000000000000000, 0.7330787334324713189, 0.7330787334324713189, 1.000000000000000000 ) ) 
 REPRESENTATION_ITEM ( '' )  );
#4677 = CARTESIAN_POINT ( 'NONE',  ( 32.60000000000000142, 0.000000000000000000, -35.00000000000000000 ) ) ;
#4678 = DIRECTION ( 'NONE',  ( -0.000000000000000000, 1.000000000000000000, -0.000000000000000000 ) ) ;
#4679 = LINE ( 'NONE', #3941, #439 ) ;
#4680 = EDGE_LOOP ( 'NONE', ( #4280, #475, #1018, #1361 ) ) ;
#4681 = DIRECTION ( 'NONE',  ( -1.084202172485501673E-15, 0.000000000000000000, -1.000000000000000000 ) ) ;
#4682 = EDGE_CURVE ( 'NONE', #3942, #1797, #4627, .T. ) ;
#4683 = AXIS2_PLACEMENT_3D ( 'NONE', #4527, #3806, #3039 ) ;
#4684 = ORIENTED_EDGE ( 'NONE', *, *, #8, .T. ) ;
#4685 = CARTESIAN_POINT ( 'NONE',  ( 11.21136453245180853, 1.554187457405533657, -6.034430430510696830 ) ) ;
#4686 = EDGE_CURVE ( 'NONE', #3313, #2791, #1274, .T. ) ;
#4687 = ORIENTED_EDGE ( 'NONE', *, *, #253, .F. ) ;
#4688 = VECTOR ( 'NONE', #413, 1000.000000000000000 ) ;
#4689 = VERTEX_POINT ( 'NONE', #115 ) ;
#4690 = CARTESIAN_POINT ( 'NONE',  ( 1.000000000000000000, 0.08578643762688700769, 0.000000000000000000 ) ) ;
#4691 = CARTESIAN_POINT ( 'NONE',  ( 28.32759813075840682, -6.081118318204304707, -1.867326273985240537 ) ) ;
#4692 = FACE_OUTER_BOUND ( 'NONE', #1635, .T. ) ;
#4693 = EDGE_LOOP ( 'NONE', ( #942, #4482, #1283, #2850 ) ) ;
#4694 = DIRECTION ( 'NONE',  ( 0.000000000000000000, 0.8290507503745583318, -0.5591733660533033667 ) ) ;
#4695 = DIRECTION ( 'NONE',  ( 1.000000000000000000, 0.000000000000000000, 0.000000000000000000 ) ) ;
#4696 = EDGE_CURVE ( 'NONE', #4883, #234, #85, .T. ) ;
#4697 = LINE ( 'NONE', #2113, #2548 ) ;
#4698 = VECTOR ( 'NONE', #3116, 1000.000000000000000 ) ;
#4699 = DIRECTION ( 'NONE',  ( -1.000000000000000000, 0.000000000000000000, 3.097720492815727042E-17 ) ) ;
#4700 = DIRECTION ( 'NONE',  ( -1.000000000000000000, 0.000000000000000000, -0.000000000000000000 ) ) ;
#4701 = CIRCLE ( 'NONE', #2880, 1.000000000000000000 ) ;
#4702 = ORIENTED_EDGE ( 'NONE', *, *, #3008, .F. ) ;
#4703 = AXIS2_PLACEMENT_3D ( 'NONE', #2658, #717, #3071 ) ;
#4704 = DIRECTION ( 'NONE',  ( -0.000000000000000000, 1.000000000000000000, -0.000000000000000000 ) ) ;
#4705 = EDGE_CURVE ( 'NONE', #4713, #3935, #4701, .T. ) ;
#4706 = EDGE_LOOP ( 'NONE', ( #2008, #4316, #4618, #48 ) ) ;
#4707 = CARTESIAN_POINT ( 'NONE',  ( 0.000000000000000000, 0.000000000000000000, -28.90000000000000213 ) ) ;
#4708 = CARTESIAN_POINT ( 'NONE',  ( 0.2003260337770728372, 0.3930562356515694966, -4.799673966222944621 ) ) ;
#4709 = ADVANCED_FACE ( 'NONE', ( #2390 ), #3975, .T. ) ;
#4710 = CIRCLE ( 'NONE', #990, 0.4000000000000010214 ) ;
#4711 = ADVANCED_FACE ( 'NONE', ( #3575 ), #1299, .F. ) ;
#4712 = DIRECTION ( 'NONE',  ( 0.000000000000000000, -1.000000000000000000, 0.000000000000000000 ) ) ;
#4713 = VERTEX_POINT ( 'NONE', #3921 ) ;
#4714 = AXIS2_PLACEMENT_3D ( 'NONE', #671, #301, #4840 ) ;
#4715 = ORIENTED_EDGE ( 'NONE', *, *, #2101, .F. ) ;
#4716 = CARTESIAN_POINT ( 'NONE',  ( 20.29999999999999716, 0.6878679656440277457, -0.6121320343559740751 ) ) ;
#4717 = FACE_OUTER_BOUND ( 'NONE', #1117, .T. ) ;
#4718 = ORIENTED_EDGE ( 'NONE', *, *, #1468, .T. ) ;
#4719 = DIRECTION ( 'NONE',  ( -0.7071067811865464625, -0.7071067811865485719, 0.000000000000000000 ) ) ;
#4720 = LINE ( 'NONE', #3573, #3637 ) ;
#4721 = DIRECTION ( 'NONE',  ( -0.000000000000000000, 1.000000000000000000, -0.000000000000000000 ) ) ;
#4722 = DIRECTION ( 'NONE',  ( 0.000000000000000000, 0.000000000000000000, -1.000000000000000000 ) ) ;
#4723 = CARTESIAN_POINT ( 'NONE',  ( 7.700000000000000178, 2.112132034355963306, -1.612132034355977295 ) ) ;
#4724 =( BOUNDED_CURVE ( )  B_SPLINE_CURVE ( 3, ( #2736, #3128, #4312, #3480 ),
 .UNSPECIFIED., .F., .F. ) 
 B_SPLINE_CURVE_WITH_KNOTS ( ( 4, 4 ),
 ( 1.570796326794896780, 3.141592653589793116 ),
 .UNSPECIFIED. ) 
 CURVE ( )  GEOMETRIC_REPRESENTATION_ITEM ( )  RATIONAL_B_SPLINE_CURVE ( ( 1.000000000000000000, 0.8047378541243650485, 0.8047378541243650485, 1.000000000000000000 ) ) 
 REPRESENTATION_ITEM ( '' )  );
#4725 = ORIENTED_EDGE ( 'NONE', *, *, #1314, .F. ) ;
#4726 = ORIENTED_EDGE ( 'NONE', *, *, #3775, .F. ) ;
#4727 = CARTESIAN_POINT ( 'NONE',  ( 24.90000000000000568, 0.000000000000000000, -0.2999999999999999889 ) ) ;
#4728 = ORIENTED_EDGE ( 'NONE', *, *, #616, .T. ) ;
#4729 = CARTESIAN_POINT ( 'NONE',  ( 11.33993463423951731, 1.466666666666667007, -6.000000000000002665 ) ) ;
#4730 = CARTESIAN_POINT ( 'NONE',  ( 24.82147562959507425, 1.658543831010981240, -1.169586292091217672 ) ) ;
#4731 = DIRECTION ( 'NONE',  ( 1.000000000000000000, -0.000000000000000000, 4.956352788505161296E-16 ) ) ;
#4732 = EDGE_CURVE ( 'NONE', #3898, #88, #3534, .T. ) ;
#4733 = CARTESIAN_POINT ( 'NONE',  ( 28.61780224943503370, 1.000000000000000000, -1.724909030621590622 ) ) ;
#4734 = CARTESIAN_POINT ( 'NONE',  ( 4.000000000000000000, 0.000000000000000000, -2.899999999999999911 ) ) ;
#4735 = ORIENTED_EDGE ( 'NONE', *, *, #139, .F. ) ;
#4736 = ORIENTED_EDGE ( 'NONE', *, *, #4332, .F. ) ;
#4737 = CARTESIAN_POINT ( 'NONE',  ( 7.845382743225016497, 1.993549495624401091, -1.525112325883703601 ) ) ;
#4738 = CARTESIAN_POINT ( 'NONE',  ( 30.70416289390536591, 2.395837106094273139, -4.653967944455811967 ) ) ;
#4739 = VERTEX_POINT ( 'NONE', #160 ) ;
#4740 = CARTESIAN_POINT ( 'NONE',  ( 11.79999999999999716, 0.08578643762688700769, -1.000000000000000000 ) ) ;
#4741 = CARTESIAN_POINT ( 'NONE',  ( 27.28395492789481835, 0.1839549278949702271, -9.255403918910487786E-05 ) ) ;
#4742 = DIRECTION ( 'NONE',  ( -0.000000000000000000, -0.000000000000000000, -1.000000000000000000 ) ) ;
#4743 = DIRECTION ( 'NONE',  ( 0.000000000000000000, -0.000000000000000000, -1.000000000000000000 ) ) ;
#4744 = EDGE_CURVE ( 'NONE', #3693, #3164, #2869, .T. ) ;
#4745 = CARTESIAN_POINT ( 'NONE',  ( 26.28117744147957424, 5.500000000000000000, -5.167860162784156941 ) ) ;
#4746 = CARTESIAN_POINT ( 'NONE',  ( 28.26424885884175708, -6.081118318204304707, -1.371355640028319112 ) ) ;
#4747 = ORIENTED_EDGE ( 'NONE', *, *, #2398, .T. ) ;
#4748 = ORIENTED_EDGE ( 'NONE', *, *, #312, .T. ) ;
#4749 = DIRECTION ( 'NONE',  ( -1.000000000000000000, 0.000000000000000000, 3.097720492815727042E-17 ) ) ;
#4750 = FACE_OUTER_BOUND ( 'NONE', #1703, .T. ) ;
#4751 =( BOUNDED_CURVE ( )  B_SPLINE_CURVE ( 3, ( #3559, #4405, #196, #1013 ),
 .UNSPECIFIED., .F., .T. ) 
 B_SPLINE_CURVE_WITH_KNOTS ( ( 4, 4 ),
 ( 3.141592653589793116, 3.926990816987244504 ),
 .UNSPECIFIED. ) 
 CURVE ( )  GEOMETRIC_REPRESENTATION_ITEM ( )  RATIONAL_B_SPLINE_CURVE ( ( 1.000000000000000000, 0.9492530216741906779, 0.9492530216741906779, 1.000000000000000000 ) ) 
 REPRESENTATION_ITEM ( '' )  );
#4752 = ORIENTED_EDGE ( 'NONE', *, *, #1181, .T. ) ;
#4753 = CARTESIAN_POINT ( 'NONE',  ( 0.000000000000000000, -3.000000000000000000, -28.24474587686388105 ) ) ;
#4754 = CARTESIAN_POINT ( 'NONE',  ( 1.017802249435044049, 1.517802249435027839, -4.335751141158245225 ) ) ;
#4755 = AXIS2_PLACEMENT_3D ( 'NONE', #4594, #2428, #3172 ) ;
#4756 = CARTESIAN_POINT ( 'NONE',  ( 0.000000000000000000, 5.500000000000000000, -35.00000000000000000 ) ) ;
#4757 = CARTESIAN_POINT ( 'NONE',  ( 4.335751141158238120, 1.000000000000000000, -1.371355640028316003 ) ) ;
#4758 = ORIENTED_EDGE ( 'NONE', *, *, #3920, .T. ) ;
#4759 = VERTEX_POINT ( 'NONE', #2813 ) ;
#4760 = CIRCLE ( 'NONE', #2383, 1.000000000000000000 ) ;
#4761 = CARTESIAN_POINT ( 'NONE',  ( 7.772004928632343379, 2.061257772609096151, -1.561175949492118020 ) ) ;
#4762 = CARTESIAN_POINT ( 'NONE',  ( 20.29999999999999716, 0.7928932188134335535, -0.2928932188134514281 ) ) ;
#4763 = VECTOR ( 'NONE', #3531, 1000.000000000000000 ) ;
#4764 = AXIS2_PLACEMENT_3D ( 'NONE', #4272, #4553, #1165 ) ;
#4765 = ADVANCED_FACE ( 'NONE', ( #930 ), #3278, .F. ) ;
#4766 = ORIENTED_EDGE ( 'NONE', *, *, #1173, .T. ) ;
#4767 = CARTESIAN_POINT ( 'NONE',  ( 27.43759590606387633, 0.5894053745009589784, -0.1262135936287661908 ) ) ;
#4768 = AXIS2_PLACEMENT_3D ( 'NONE', #3660, #271, #1834 ) ;
#4769 = CARTESIAN_POINT ( 'NONE',  ( 8.260411055125890911, 1.543024467796046517, -6.024095888321958192 ) ) ;
#4770 = DIRECTION ( 'NONE',  ( -1.000000000000000000, 0.000000000000000000, 3.097720492815727042E-17 ) ) ;
#4771 = ADVANCED_FACE ( 'NONE', ( #2137 ), #2960, .F. ) ;
#4772 = AXIS2_PLACEMENT_3D ( 'NONE', #1374, #1719, #3302 ) ;
#4773 = DIRECTION ( 'NONE',  ( 0.000000000000000000, -1.000000000000000000, 0.000000000000000000 ) ) ;
#4774 = DIRECTION ( 'NONE',  ( -0.5773502691896255090, 0.5773502691896281735, 0.5773502691896236216 ) ) ;
#4775 = ORIENTED_EDGE ( 'NONE', *, *, #3082, .F. ) ;
#4776 = DIRECTION ( 'NONE',  ( -0.000000000000000000, -0.000000000000000000, -1.000000000000000000 ) ) ;
#4777 = ORIENTED_EDGE ( 'NONE', *, *, #4171, .T. ) ;
#4778 = CARTESIAN_POINT ( 'NONE',  ( 28.60000000000000142, 0.000000000000000000, -2.900000000000000799 ) ) ;
#4779 = DIRECTION ( 'NONE',  ( -0.000000000000000000, 0.000000000000000000, 1.000000000000000000 ) ) ;
#4780 = CIRCLE ( 'NONE', #3265, 0.5000000000000004441 ) ;
#4781 = AXIS2_PLACEMENT_3D ( 'NONE', #1540, #349, #2997 ) ;
#4782 = VERTEX_POINT ( 'NONE', #2192 ) ;
#4783 = CARTESIAN_POINT ( 'NONE',  ( 27.73946438893337074, 4.853553390593271288, -5.970273702328224630 ) ) ;
#4784 = CARTESIAN_POINT ( 'NONE',  ( 27.44431842932560883, 0.6028504210243208483, -0.1028504210243395001 ) ) ;
#4785 = CARTESIAN_POINT ( 'NONE',  ( 31.95355339059327449, 0.4393398282201749772, -5.060660171779824523 ) ) ;
#4786 = CARTESIAN_POINT ( 'NONE',  ( 3.000000000000000000, 44.12071982757441901, -13.99999999999999822 ) ) ;
#4787 = ORIENTED_EDGE ( 'NONE', *, *, #3126, .F. ) ;
#4788 = EDGE_LOOP ( 'NONE', ( #2046, #1328, #2662, #1946, #388 ) ) ;
#4789 = CIRCLE ( 'NONE', #3448, 1.000000000000000000 ) ;
#4790 = CARTESIAN_POINT ( 'NONE',  ( 0.000000000000000000, 1.600000000000000089, -1.824264068711941800 ) ) ;
#4791 = CIRCLE ( 'NONE', #515, 0.2999999999999999889 ) ;
#4792 = PERSON ( 'UNSPECIFIED', 'UNSPECIFIED', 'UNSPECIFIED', ('UNSPECIFIED'), ('UNSPECIFIED'), ('UNSPECIFIED') ) ;
#4793 = VERTEX_POINT ( 'NONE', #2858 ) ;
#4794 = DIRECTION ( 'NONE',  ( 0.000000000000000000, -0.000000000000000000, -1.000000000000000000 ) ) ;
#4795 = CARTESIAN_POINT ( 'NONE',  ( 27.31666040155500141, 0.3475343654829918805, -0.02602734134865946139 ) ) ;
#4796 = CIRCLE ( 'NONE', #3374, 0.4000000000000001887 ) ;
#4797 = CARTESIAN_POINT ( 'NONE',  ( 25.60000000000000497, 0.000000000000000000, -6.000000000000002665 ) ) ;
#4798 = CARTESIAN_POINT ( 'NONE',  ( 5.087597642202468684, 2.570155607522805141, -2.070155607522989882 ) ) ;
#4799 = ADVANCED_FACE ( 'NONE', ( #1793 ), #980, .T. ) ;
#4800 = CARTESIAN_POINT ( 'NONE',  ( 8.500000000000000000, 1.334314575050760565, -1.258578643762704674 ) ) ;
#4801 = FACE_OUTER_BOUND ( 'NONE', #2237, .T. ) ;
#4802 = AXIS2_PLACEMENT_3D ( 'NONE', #1126, #3824, #3776 ) ;
#4803 = EDGE_LOOP ( 'NONE', ( #3036, #2726, #2673, #2477 ) ) ;
#4804 = CARTESIAN_POINT ( 'NONE',  ( 8.180343732693115655, 1.495346378156331646, -6.841878793687313554 ) ) ;
#4805 = VERTEX_POINT ( 'NONE', #4037 ) ;
#4806 = EDGE_CURVE ( 'NONE', #4448, #1960, #3645, .T. ) ;
#4807 = DIRECTION ( 'NONE',  ( 0.000000000000000000, 0.000000000000000000, -1.000000000000000000 ) ) ;
#4808 = LINE ( 'NONE', #4401, #2494 ) ;
#4809 = CARTESIAN_POINT ( 'NONE',  ( 4.000000000000000000, 0.000000000000000000, -5.100000000000000533 ) ) ;
#4810 = VERTEX_POINT ( 'NONE', #1450 ) ;
#4811 = CARTESIAN_POINT ( 'NONE',  ( 26.35890651689850728, 5.500000000000000000, -5.414213562373100253 ) ) ;
#4812 = DIRECTION ( 'NONE',  ( 1.000000000000000000, 0.000000000000000000, -0.000000000000000000 ) ) ;
#4813 = EDGE_CURVE ( 'NONE', #1655, #2839, #1215, .T. ) ;
#4814 = CARTESIAN_POINT ( 'NONE',  ( 21.10000000000000497, 1.300000000000000044, -6.005012562893382366 ) ) ;
#4815 = ORIENTED_EDGE ( 'NONE', *, *, #1839, .F. ) ;
#4816 = VERTEX_POINT ( 'NONE', #1343 ) ;
#4817 = CARTESIAN_POINT ( 'NONE',  ( 7.963398033389353259, 1.856412408500408340, -1.495350589089922799 ) ) ;
#4818 = CARTESIAN_POINT ( 'NONE',  ( 0.000000000000000000, -3.000000000000000000, -28.90000000000000213 ) ) ;
#4819 = CARTESIAN_POINT ( 'NONE',  ( 5.414213562373099364, 0.08578643762688695218, -1.084202172485504434E-16 ) ) ;
#4820 = CARTESIAN_POINT ( 'NONE',  ( 27.25124806867157901, 0.2167096997164730254, -1.013228529880883499E-16 ) ) ;
#4821 = DIRECTION ( 'NONE',  ( 4.956352788505161296E-16, 0.000000000000000000, -1.000000000000000000 ) ) ;
#4822 = CARTESIAN_POINT ( 'NONE',  ( 26.30000000000000426, 3.499999999999999556, -29.00000000000000355 ) ) ;
#4823 = CARTESIAN_POINT ( 'NONE',  ( 4.938684714867408232, 2.497881173820331924, -1.997881173820221568 ) ) ;
#4824 = EDGE_CURVE ( 'NONE', #1225, #3842, #971, .T. ) ;
#4825 = CARTESIAN_POINT ( 'NONE',  ( 26.52865206533617126, 5.129117062673392624, -4.629117062673265615 ) ) ;
#4826 = DIRECTION ( 'NONE',  ( 1.000000000000000000, 0.000000000000000000, 0.000000000000000000 ) ) ;
#4827 = ORIENTED_EDGE ( 'NONE', *, *, #2645, .T. ) ;
#4828 = CARTESIAN_POINT ( 'NONE',  ( 8.260309920346562862, 1.539895254229242116, -6.023141367104966726 ) ) ;
#4829 = ORIENTED_EDGE ( 'NONE', *, *, #2786, .F. ) ;
#4830 = CARTESIAN_POINT ( 'NONE',  ( 27.20000000000000639, 3.499999999999999556, -29.00000000000000355 ) ) ;
#4831 = CARTESIAN_POINT ( 'NONE',  ( 2.886764924110505337, -0.008347261840527730667, -21.92995519666835591 ) ) ;
#4832 = ADVANCED_FACE ( 'NONE', ( #4367 ), #814, .T. ) ;
#4833 = CARTESIAN_POINT ( 'NONE',  ( 6.428476888916176080, 5.207106781186546129, -4.707106781186552347 ) ) ;
#4834 = CARTESIAN_POINT ( 'NONE',  ( 26.47022915986451963, 3.245686854770913232, -3.556040119739324989 ) ) ;
#4835 = ORIENTED_EDGE ( 'NONE', *, *, #1021, .F. ) ;
#4836 = ADVANCED_FACE ( 'NONE', ( #3989 ), #3329, .F. ) ;
#4837 = DIRECTION ( 'NONE',  ( -0.000000000000000000, -0.000000000000000000, -1.000000000000000000 ) ) ;
#4838 = CARTESIAN_POINT ( 'NONE',  ( 5.155681570674382819, 0.6028504210243211814, -0.1028504210243395833 ) ) ;
#4839 = ORIENTED_EDGE ( 'NONE', *, *, #4744, .T. ) ;
#4840 = DIRECTION ( 'NONE',  ( 0.000000000000000000, -0.000000000000000000, -1.000000000000000000 ) ) ;
#4841 = EDGE_CURVE ( 'NONE', #1489, #3025, #4617, .T. ) ;
#4842 = AXIS2_PLACEMENT_3D ( 'NONE', #3181, #533, #2434 ) ;
#4843 = CARTESIAN_POINT ( 'NONE',  ( 2.999999999999999112, -2.599999999999998312, -35.00000000000000000 ) ) ;
#4844 = ORIENTED_EDGE ( 'NONE', *, *, #784, .F. ) ;
#4845 = VECTOR ( 'NONE', #927, 1000.000000000000000 ) ;
#4846 = CARTESIAN_POINT ( 'NONE',  ( 5.414213562373099364, 0.08578643762688696606, -1.084202172485504434E-16 ) ) ;
#4847 = DIRECTION ( 'NONE',  ( 0.000000000000000000, -0.000000000000000000, -1.000000000000000000 ) ) ;
#4848 = VECTOR ( 'NONE', #4451, 1000.000000000000000 ) ;
#4849 = CYLINDRICAL_SURFACE ( 'NONE', #3344, 0.2999999999999999334 ) ;
#4850 = CARTESIAN_POINT ( 'NONE',  ( 6.625066384352921389, 3.599240245364145441, -3.099240245364153878 ) ) ;
#4851 = DIRECTION ( 'NONE',  ( 0.000000000000000000, 0.000000000000000000, 1.000000000000000000 ) ) ;
#4852 = DIRECTION ( 'NONE',  ( 0.000000000000000000, 0.000000000000000000, -1.000000000000000000 ) ) ;
#4853 = CIRCLE ( 'NONE', #1758, 1.000000000000000000 ) ;
#4854 = ORIENTED_EDGE ( 'NONE', *, *, #3505, .F. ) ;
#4855 = CARTESIAN_POINT ( 'NONE',  ( 5.828427124746197840, 2.199999999999999734, -1.805483814520934098E-16 ) ) ;
#4857 = DIRECTION ( 'NONE',  ( 0.000000000000000000, -1.000000000000000000, 0.000000000000000000 ) ) ;
#4856 = AXIS2_PLACEMENT_3D ( 'NONE', #2932, #4443, #1054 ) ;
#4858 = VECTOR ( 'NONE', #2299, 1000.000000000000000 ) ;
#4859 = DIRECTION ( 'NONE',  ( 0.000000000000000000, 0.000000000000000000, -1.000000000000000000 ) ) ;
#4860 = EDGE_LOOP ( 'NONE', ( #989, #3614, #4486, #3773 ) ) ;
#4861 = LINE ( 'NONE', #2226, #3452 ) ;
#4862 = DIRECTION ( 'NONE',  ( -1.000000000000000000, 0.000000000000000000, -2.478176394252580648E-16 ) ) ;
#4863 = ADVANCED_FACE ( 'NONE', ( #3602 ), #212, .T. ) ;
#4864 = AXIS2_PLACEMENT_3D ( 'NONE', #3788, #4256, #1958 ) ;
#4865 = FACE_OUTER_BOUND ( 'NONE', #410, .T. ) ;
#4866 = ORIENTED_EDGE ( 'NONE', *, *, #3677, .F. ) ;
#4867 = ORIENTED_EDGE ( 'NONE', *, *, #705, .T. ) ;
#4868 = AXIS2_PLACEMENT_3D ( 'NONE', #1898, #2313, #3727 ) ;
#4869 = ADVANCED_FACE ( 'NONE', ( #1004 ), #1740, .T. ) ;
#4870 = CARTESIAN_POINT ( 'NONE',  ( 30.46192881254229690, 1.930964406271159728, -3.569035593728850930 ) ) ;
#4871 = EDGE_CURVE ( 'NONE', #2262, #3540, #188, .T. ) ;
#4872 = LINE ( 'NONE', #4030, #1525 ) ;
#4873 = CARTESIAN_POINT ( 'NONE',  ( 2.999999999999997780, 0.1999999999999720335, -21.41831074751063468 ) ) ;
#4874 = CARTESIAN_POINT ( 'NONE',  ( 0.000000000000000000, -2.600000000000000089, -28.90000000000000213 ) ) ;
#4875 = CARTESIAN_POINT ( 'NONE',  ( 5.167860162784286615, 5.500000000000000000, -6.318822558520913901 ) ) ;
#4876 = DIRECTION ( 'NONE',  ( 0.000000000000000000, 0.000000000000000000, -1.000000000000000000 ) ) ;
#4877 = DIRECTION ( 'NONE',  ( 0.000000000000000000, 0.000000000000000000, 1.000000000000000000 ) ) ;
#4878 = CARTESIAN_POINT ( 'NONE',  ( 6.203903044762253849, 2.660752007232990213, -2.160752007233001759 ) ) ;
#4879 = AXIS2_PLACEMENT_3D ( 'NONE', #58, #2672, #762 ) ;
#4880 = APPROVAL_STATUS ( 'not_yet_approved' ) ;
#4881 = DIRECTION ( 'NONE',  ( -0.000000000000000000, -1.000000000000000000, 0.000000000000000000 ) ) ;
#4882 = CIRCLE ( 'NONE', #3203, 0.4999999999999999445 ) ;
#4883 = VERTEX_POINT ( 'NONE', #2567 ) ;
#4884 = CARTESIAN_POINT ( 'NONE',  ( 31.36302491100402534, 0.7585319916987193212, -3.835751141158232347 ) ) ;
#4885 = LINE ( 'NONE', #4044, #1144 ) ;
#4886 = CARTESIAN_POINT ( 'NONE',  ( 2.599999999999998312, -0.1821383476483412756, -24.77293929189298538 ) ) ;
#4887 = AXIS2_PLACEMENT_3D ( 'NONE', #514, #2298, #848 ) ;
#4888 = DIRECTION ( 'NONE',  ( 1.000000000000000000, -0.000000000000000000, -0.000000000000000000 ) ) ;
#4889 = EDGE_LOOP ( 'NONE', ( #853, #2007, #1307, #4459 ) ) ;
#4890 = CARTESIAN_POINT ( 'NONE',  ( 27.70285042102432271, 0.3443184293256048578, -0.1028504210243405131 ) ) ;
#4891 = DIRECTION ( 'NONE',  ( -1.000000000000000000, 0.000000000000000000, -4.336808689942013792E-16 ) ) ;
#4892 = CARTESIAN_POINT ( 'NONE',  ( 26.19227167311101567, 5.302118180128272407, -4.802118180128278624 ) ) ;
#4893 = CARTESIAN_POINT ( 'NONE',  ( 24.24516439634618692, 1.279876226370988856, -6.939696026811693841 ) ) ;
#4894 = ORIENTED_EDGE ( 'NONE', *, *, #3098, .T. ) ;
#4895 =( BOUNDED_CURVE ( )  B_SPLINE_CURVE ( 3, ( #1422, #4884, #3332, #1453 ),
 .UNSPECIFIED., .F., .F. ) 
 B_SPLINE_CURVE_WITH_KNOTS ( ( 4, 4 ),
 ( 3.926990816987236066, 4.712388980384690562 ),
 .UNSPECIFIED. ) 
 CURVE ( )  GEOMETRIC_REPRESENTATION_ITEM ( )  RATIONAL_B_SPLINE_CURVE ( ( 1.000000000000000000, 0.9492530216741903448, 0.9492530216741903448, 1.000000000000000000 ) ) 
 REPRESENTATION_ITEM ( '' )  );
#4896 = ORIENTED_EDGE ( 'NONE', *, *, #4194, .F. ) ;
#4897 = DIRECTION ( 'NONE',  ( 0.000000000000000000, 0.000000000000000000, 1.000000000000000000 ) ) ;
#4898 = EDGE_CURVE ( 'NONE', #2102, #3209, #1526, .T. ) ;
#4899 = ORIENTED_EDGE ( 'NONE', *, *, #3545, .F. ) ;
#4900 = CARTESIAN_POINT ( 'NONE',  ( 3.000000000000013767, -0.1821383476483546815, -21.22706070810697909 ) ) ;
#4901 = VERTEX_POINT ( 'NONE', #1498 ) ;
#4902 = EDGE_CURVE ( 'NONE', #2217, #4300, #1576, .T. ) ;
#4903 = DIRECTION ( 'NONE',  ( 3.469446951953614189E-15, 1.000000000000000000, 0.000000000000000000 ) ) ;
#4904 = CARTESIAN_POINT ( 'NONE',  ( 27.69439975626715622, 5.405600243732861188, -6.385129943158800003 ) ) ;
#4905 = CARTESIAN_POINT ( 'NONE',  ( 10.99999999999999822, 1.687867965644034740, -1.612132034355977961 ) ) ;
#4906 = CARTESIAN_POINT ( 'NONE',  ( 4.522360656410380209, 2.370116897751677332, -1.870116897751597840 ) ) ;
#4907 = FACE_OUTER_BOUND ( 'NONE', #1900, .T. ) ;
#4908 = ORIENTED_EDGE ( 'NONE', *, *, #2199, .T. ) ;
#4909 = CARTESIAN_POINT ( 'NONE',  ( 2.599999999999999201, -2.600000000000000089, -28.50000000000000000 ) ) ;
#4910 = CARTESIAN_POINT ( 'NONE',  ( 26.77157287525380625, 0.1999999999999996503, -35.00000000000000000 ) ) ;
#4911 = ADVANCED_FACE ( 'NONE', ( #334 ), #2088, .F. ) ;
#4912 = CARTESIAN_POINT ( 'NONE',  ( 2.999999999999999556, 0.1999999999999780287, -24.73660255424723431 ) ) ;
#4913 = CARTESIAN_POINT ( 'NONE',  ( 24.90000000000000568, 1.812132034355963706, -1.312132034355979027 ) ) ;
#4914 = CARTESIAN_POINT ( 'NONE',  ( 11.79999999999999716, 0.5807611844574696036, -0.5050252531694159330 ) ) ;
#4915 = ORIENTED_EDGE ( 'NONE', *, *, #4547, .F. ) ;
#4916 = CARTESIAN_POINT ( 'NONE',  ( 20.60000000000000142, 1.599999999999999867, -1.524264068711943532 ) ) ;
#4917 = CARTESIAN_POINT ( 'NONE',  ( 26.21828141052621675, 5.375588965184074475, -4.913557987010467976 ) ) ;
#4918 = CARTESIAN_POINT ( 'NONE',  ( 11.47873367513271781, 1.639858123681306123, -1.630066751269790615 ) ) ;
#4919 = ORIENTED_EDGE ( 'NONE', *, *, #125, .F. ) ;
#4920 = ORIENTED_EDGE ( 'NONE', *, *, #4599, .F. ) ;
#4921 = DIRECTION ( 'NONE',  ( -1.000000000000000000, -0.000000000000000000, 0.000000000000000000 ) ) ;
#4922 = EDGE_CURVE ( 'NONE', #474, #2512, #2804, .T. ) ;
#4923 = ORIENTED_EDGE ( 'NONE', *, *, #1524, .F. ) ;
#4924 = VECTOR ( 'NONE', #788, 1000.000000000000000 ) ;
ENDSEC;
END-ISO-10303-21;
