ISO-10303-21;
HEADER;
FILE_DESCRIPTION (( 'STEP AP203' ),
    '1' );
FILE_NAME ('Part1.STEP',
    '2026-07-28T19:37:34',
    ( '' ),
    ( '' ),
    'SwSTEP 2.0',
    'SolidWorks 2026',
    '' );
FILE_SCHEMA (( 'CONFIG_CONTROL_DESIGN' ));
ENDSEC;

DATA;
#1 = VERTEX_POINT ( 'NONE', #2040 ) ;
#2 = CARTESIAN_POINT ( 'NONE',  ( 0.8649568314489606280, 9.673669023748672657, -30.59643441758723981 ) ) ;
#3 =( BOUNDED_SURFACE ( )  B_SPLINE_SURFACE ( 3, 2, ( 
 ( #569, #3076, #1691 ),
 ( #2254, #273, #1728 ),
 ( #836, #1704, #2851 ),
 ( #1976, #3117, #519 ),
 ( #291, #556, #2554 ),
 ( #2835, #1132, #1656 ),
 ( #1445, #2820, #2578 ),
 ( #309, #258, #2275 ),
 ( #1430, #3415, #2 ),
 ( #1147, #2594, #2289 ),
 ( #3668, #1375, #1159 ),
 ( #865, #2005, #589 ),
 ( #241, #3150, #2800 ),
 ( #2521, #3377, #1092 ),
 ( #811, #1958, #3096 ),
 ( #540, #958, #2685 ),
 ( #39, #2384, #2663 ),
 ( #2331, #1216, #93 ),
 ( #3182, #2923, #1785 ),
 ( #2085, #3199, #1802 ),
 ( #644, #1180, #2886 ),
 ( #900, #3241, #1817 ),
 ( #2104, #2632, #1235 ),
 ( #3485, #2901, #327 ),
 ( #679, #2939, #345 ),
 ( #2028, #2401, #380 ),
 ( #1505, #1461, #365 ),
 ( #884, #625, #396 ),
 ( #1519, #1762, #2954 ),
 ( #1198, #3468, #3525 ),
 ( #1539, #117, #1259 ),
 ( #2647, #2362, #3501 ),
 ( #1486, #935, #1744 ),
 ( #3167, #63, #3226 ),
 ( #2347, #2062, #2611 ),
 ( #2044, #916, #663 ),
 ( #3013, #3621, #2161 ),
 ( #178, #3256, #2440 ),
 ( #452, #3556, #499 ),
 ( #2761, #1616, #2138 ),
 ( #735, #2719, #1033 ),
 ( #1635, #1348, #1894 ),
 ( #990, #1591, #3282 ),
 ( #776, #2741, #1052 ),
 ( #199, #3602, #135 ),
 ( #694, #717, #419 ),
 ( #3057, #1314, #2461 ),
 ( #1277, #1331, #1856 ) ),
 .UNSPECIFIED., .F., .F., .F. ) 
 B_SPLINE_SURFACE_WITH_KNOTS ( ( 4, 2, 2, 2, 2, 2, 2, 2, 2, 2, 2, 2, 2, 2, 2, 2, 2, 2, 2, 2, 2, 2, 2, 4 ),
 ( 3, 3 ),
 ( 0.000000000000000000, 0.0004687484625682163206, 0.0009374969251364326413, 0.001406245387704648962, 0.001874993850272865283, 0.002343742312841081386, 0.002812490775409297924, 0.003046865006693406409, 0.003281239237977514461, 0.003398426353619568487, 0.003515613469261622513, 0.003632800584903676539, 0.003749987700545730565, 0.003867174816187784591, 0.003984361931829838617, 0.004101549047471892209, 0.004218736163113946669, 0.004453110394398054721, 0.004687484625682162773, 0.005156233088250378876, 0.005624981550818595848, 0.006093730013386812819, 0.006562478475955028923, 0.007499975401091461130 ),
 ( 0.000000000000000000, 1.000000000000000000 ),
 .UNSPECIFIED. ) 
 GEOMETRIC_REPRESENTATION_ITEM ( )  RATIONAL_B_SPLINE_SURFACE ( (
 ( 1.000000000000000000, 0.7071067811865475727, 1.000000000000000000),
 ( 1.000000000000000000, 0.7101842161566689349, 1.000000000000000000),
 ( 1.000000000000000000, 0.7074592984258213368, 1.000000000000000000),
 ( 1.000000000000000000, 0.6907504130839868806, 1.000000000000000000),
 ( 1.000000000000000000, 0.6768892878407477554, 1.000000000000000000),
 ( 1.000000000000000000, 0.6406586061315391323, 1.000000000000000000),
 ( 1.000000000000000000, 0.6181731443107594259, 1.000000000000000000),
 ( 1.000000000000000000, 0.5680636448783111803, 1.000000000000000000),
 ( 1.000000000000000000, 0.5399415086511976103, 1.000000000000000000),
 ( 1.000000000000000000, 0.4799337445232148003, 1.000000000000000000),
 ( 1.000000000000000000, 0.4483908004077701848, 1.000000000000000000),
 ( 1.000000000000000000, 0.3828549777085630268, 1.000000000000000000),
 ( 1.000000000000000000, 0.3487195110177805368, 1.000000000000000000),
 ( 1.000000000000000000, 0.2965555615144804258, 1.000000000000000000),
 ( 1.000000000000000000, 0.2791084135410543121, 1.000000000000000000),
 ( 1.000000000000000000, 0.2445018750415115794, 1.000000000000000000),
 ( 1.000000000000000000, 0.2272212409099509389, 1.000000000000000000),
 ( 1.000000000000000000, 0.2028524176192826045, 1.000000000000000000),
 ( 1.000000000000000000, 0.1949941225445663562, 1.000000000000000000),
 ( 1.000000000000000000, 0.1802454814268579508, 1.000000000000000000),
 ( 1.000000000000000000, 0.1733481786387474910, 1.000000000000000000),
 ( 1.000000000000000000, 0.1613150177911347460, 1.000000000000000000),
 ( 1.000000000000000000, 0.1562423619995227941, 1.000000000000000000),
 ( 1.000000000000000000, 0.1492981180103771233, 1.000000000000000000),
 ( 1.000000000000000000, 0.1473982729616017950, 1.000000000000000000),
 ( 1.000000000000000000, 0.1474871856241604107, 1.000000000000000000),
 ( 1.000000000000000000, 0.1494731575758221631, 1.000000000000000000),
 ( 1.000000000000000000, 0.1565618385353279296, 1.000000000000000000),
 ( 1.000000000000000000, 0.1616915824318217731, 1.000000000000000000),
 ( 1.000000000000000000, 0.1738171740299441770, 1.000000000000000000),
 ( 1.000000000000000000, 0.1807512677462427275, 1.000000000000000000),
 ( 1.000000000000000000, 0.1955643682004475914, 1.000000000000000000),
 ( 1.000000000000000000, 0.2034502539095820739, 1.000000000000000000),
 ( 1.000000000000000000, 0.2278954597084280609, 1.000000000000000000),
 ( 1.000000000000000000, 0.2451853301238414440, 1.000000000000000000),
 ( 1.000000000000000000, 0.2796652823276628563, 1.000000000000000000),
 ( 1.000000000000000000, 0.2969996148846762440, 1.000000000000000000),
 ( 1.000000000000000000, 0.3487138605590103246, 1.000000000000000000),
 ( 1.000000000000000000, 0.3829961297819295396, 1.000000000000000000),
 ( 1.000000000000000000, 0.4489818630415065015, 1.000000000000000000),
 ( 1.000000000000000000, 0.4804384923685304787, 1.000000000000000000),
 ( 1.000000000000000000, 0.5397434000171257296, 1.000000000000000000),
 ( 1.000000000000000000, 0.5678282331144330897, 1.000000000000000000),
 ( 1.000000000000000000, 0.6183238079109895091, 1.000000000000000000),
 ( 1.000000000000000000, 0.6403826409565960276, 1.000000000000000000),
 ( 1.000000000000000000, 0.6948944552871714198, 1.000000000000000000),
 ( 1.000000000000000000, 0.7137075637959262586, 1.000000000000000000),
 ( 1.000000000000000000, 0.7071067811865475727, 1.000000000000000000) ) ) 
 REPRESENTATION_ITEM ( '' )  SURFACE ( )  );
#4 = EDGE_LOOP ( 'NONE', ( #1822, #3168 ) ) ;
#5 = DIRECTION ( 'NONE',  ( 0.000000000000000000, -1.000000000000000000, 0.000000000000000000 ) ) ;
#6 = FACE_BOUND ( 'NONE', #813, .T. ) ;
#7 = DIRECTION ( 'NONE',  ( -0.000000000000000000, 1.000000000000000000, -0.000000000000000000 ) ) ;
#8 = CARTESIAN_POINT ( 'NONE',  ( 30.25000000000000355, 8.175000000000000711, -31.00000000000000000 ) ) ;
#9 = EDGE_CURVE ( 'NONE', #1742, #2063, #1465, .T. ) ;
#10 = PLANE ( 'NONE',  #94 ) ;
#11 = DIRECTION ( 'NONE',  ( -4.046002276330746380E-16, -1.000000000000000000, 0.000000000000000000 ) ) ;
#12 = EDGE_CURVE ( 'NONE', #1849, #1, #925, .T. ) ;
#13 = EDGE_LOOP ( 'NONE', ( #3373, #1836 ) ) ;
#14 = CARTESIAN_POINT ( 'NONE',  ( 27.74999999999998579, 14.34999999999999964, -8.999999999999998224 ) ) ;
#15 = ORIENTED_EDGE ( 'NONE', *, *, #3294, .T. ) ;
#16 = PERSON_AND_ORGANIZATION ( #456, #1182 ) ;
#17 = EDGE_LOOP ( 'NONE', ( #1016, #386, #1559, #3131, #3699, #2718, #3198, #2308, #1857, #1621, #1429, #3646, #230, #962, #24 ) ) ;
#18 = CARTESIAN_POINT ( 'NONE',  ( 2.249999999999987121, 6.349999999999999645, -1.050000000000012257 ) ) ;
#19 = ORIENTED_EDGE ( 'NONE', *, *, #1257, .T. ) ;
#20 = CARTESIAN_POINT ( 'NONE',  ( 2.249999999999986677, 8.175000000000000711, -15.49999999999999645 ) ) ;
#21 = CARTESIAN_POINT ( 'NONE',  ( 18.90362770414493809, 2.591370086129843653, -27.95271889588477165 ) ) ;
#22 = DIRECTION ( 'NONE',  ( -1.000000000000000000, -0.000000000000000000, -8.540177112501212273E-16 ) ) ;
#23 = ORIENTED_EDGE ( 'NONE', *, *, #252, .F. ) ;
#24 = ORIENTED_EDGE ( 'NONE', *, *, #2118, .T. ) ;
#25 = FACE_BOUND ( 'NONE', #3180, .T. ) ;
#26 = DIRECTION ( 'NONE',  ( 0.000000000000000000, -1.000000000000000000, 0.000000000000000000 ) ) ;
#27 = LINE ( 'NONE', #602, #1828 ) ;
#28 = EDGE_CURVE ( 'NONE', #1145, #626, #3689, .T. ) ;
#29 = LINE ( 'NONE', #1142, #3102 ) ;
#30 = AXIS2_PLACEMENT_3D ( 'NONE', #2603, #1152, #874 ) ;
#31 = ORIENTED_EDGE ( 'NONE', *, *, #3407, .T. ) ;
#32 = DIRECTION ( 'NONE',  ( 8.540177112501211287E-16, -0.000000000000000000, -1.000000000000000000 ) ) ;
#33 = EDGE_LOOP ( 'NONE', ( #2013, #1692, #1037, #1278, #2940, #1086 ) ) ;
#34 = EDGE_CURVE ( 'NONE', #599, #1005, #1998, .T. ) ;
#35 = VECTOR ( 'NONE', #940, 1000.000000000000000 ) ;
#36 = EDGE_CURVE ( 'NONE', #1495, #1639, #3383, .T. ) ;
#37 = CIRCLE ( 'NONE', #527, 0.9499999999999995115 ) ;
#38 = EDGE_LOOP ( 'NONE', ( #184, #3165, #1678, #1273 ) ) ;
#39 = CARTESIAN_POINT ( 'NONE',  ( 0.5583319218575175658, 8.627149190449188154, -29.55650269082063275 ) ) ;
#40 = ORIENTED_EDGE ( 'NONE', *, *, #570, .F. ) ;
#41 = EDGE_CURVE ( 'NONE', #3490, #659, #1953, .T. ) ;
#42 = AXIS2_PLACEMENT_3D ( 'NONE', #1015, #1574, #2119 ) ;
#43 = CARTESIAN_POINT ( 'NONE',  ( 0.1497116051628145372, 8.562979302986622798, -29.55353832162350969 ) ) ;
#44 = CARTESIAN_POINT ( 'NONE',  ( 30.24999999999998579, 14.34999999999999964, -1.050000000000011369 ) ) ;
#45 = CARTESIAN_POINT ( 'NONE',  ( 23.81364329430719096, 2.420700180351561315, -27.29653846286884900 ) ) ;
#46 = CIRCLE ( 'NONE', #3516, 0.9499999999999995115 ) ;
#47 = VECTOR ( 'NONE', #3350, 1000.000000000000000 ) ;
#48 = EDGE_LOOP ( 'NONE', ( #2780, #2415, #732, #2760, #267, #213 ) ) ;
#49 = SECURITY_CLASSIFICATION ( '', '', #1459 ) ;
#50 = CARTESIAN_POINT ( 'NONE',  ( 40.76439812258387008, 17.14999999999999858, -1.370904781386445670 ) ) ;
#51 = AXIS2_PLACEMENT_3D ( 'NONE', #2915, #1270, #1531 ) ;
#52 = DIRECTION ( 'NONE',  ( -1.000000000000000000, 0.000000000000000000, -8.539429528766384727E-16 ) ) ;
#53 = FACE_OUTER_BOUND ( 'NONE', #398, .T. ) ;
#54 = AXIS2_PLACEMENT_3D ( 'NONE', #1665, #510, #1027 ) ;
#55 = LINE ( 'NONE', #1440, #1071 ) ;
#56 = DIRECTION ( 'NONE',  ( 1.000000000000000000, -0.000000000000000000, -0.000000000000000000 ) ) ;
#57 = CARTESIAN_POINT ( 'NONE',  ( 32.49999999999995737, 14.34999999999999964, -4.199999999999997513 ) ) ;
#58 = ORIENTED_EDGE ( 'NONE', *, *, #3422, .F. ) ;
#59 = PERSON_AND_ORGANIZATION_ROLE ( 'creator' ) ;
#60 = EDGE_CURVE ( 'NONE', #2868, #443, #304, .T. ) ;
#61 = ORIENTED_EDGE ( 'NONE', *, *, #383, .F. ) ;
#62 = EDGE_CURVE ( 'NONE', #143, #2834, #1766, .T. ) ;
#63 = CARTESIAN_POINT ( 'NONE',  ( 0.4378036234957887740, 8.175763278244632559, -30.27230489034249317 ) ) ;
#64 = ORIENTED_EDGE ( 'NONE', *, *, #256, .F. ) ;
#65 = CARTESIAN_POINT ( 'NONE',  ( 0.3662051075270684741, 7.235039782392163943, -30.00817236405769606 ) ) ;
#66 = FACE_OUTER_BOUND ( 'NONE', #1126, .T. ) ;
#67 = EDGE_CURVE ( 'NONE', #2201, #116, #1407, .T. ) ;
#68 = DIRECTION ( 'NONE',  ( 0.000000000000000000, -1.000000000000000000, 0.000000000000000000 ) ) ;
#69 = ORIENTED_EDGE ( 'NONE', *, *, #3149, .T. ) ;
#70 = CARTESIAN_POINT ( 'NONE',  ( 32.49999999999997158, 14.34999999999999964, -22.57999999999999474 ) ) ;
#71 = CARTESIAN_POINT ( 'NONE',  ( 30.24999999999998934, 8.175000000000000711, -15.49999999999999645 ) ) ;
#72 = DIRECTION ( 'NONE',  ( 0.000000000000000000, 1.000000000000000000, 0.000000000000000000 ) ) ;
#73 = DIRECTION ( 'NONE',  ( 0.000000000000000000, 0.000000000000000000, -1.000000000000000000 ) ) ;
#74 = DIRECTION ( 'NONE',  ( 0.000000000000000000, 0.000000000000000000, 1.000000000000000000 ) ) ;
#75 = FACE_OUTER_BOUND ( 'NONE', #2183, .T. ) ;
#76 = ORIENTED_EDGE ( 'NONE', *, *, #1153, .T. ) ;
#77 = VERTEX_POINT ( 'NONE', #3274 ) ;
#78 = ORIENTED_EDGE ( 'NONE', *, *, #2746, .F. ) ;
#79 = EDGE_CURVE ( 'NONE', #2329, #118, #912, .T. ) ;
#80 = DIRECTION ( 'NONE',  ( -0.000000000000000000, -1.000000000000000000, -0.000000000000000000 ) ) ;
#81 = CARTESIAN_POINT ( 'NONE',  ( 32.49999999999997868, 17.14999999999999858, -31.19999999999999929 ) ) ;
#82 = CARTESIAN_POINT ( 'NONE',  ( 43.10007163353181880, 17.14999999999999503, 20.16144882284027062 ) ) ;
#83 = ORIENTED_EDGE ( 'NONE', *, *, #1026, .T. ) ;
#84 = EDGE_CURVE ( 'NONE', #542, #709, #2698, .T. ) ;
#85 = DIRECTION ( 'NONE',  ( 0.000000000000000000, 1.000000000000000000, 0.000000000000000000 ) ) ;
#86 = DIRECTION ( 'NONE',  ( 0.000000000000000000, 0.000000000000000000, 1.000000000000000000 ) ) ;
#87 = CARTESIAN_POINT ( 'NONE',  ( 32.49999999999997868, 14.34999999999999964, -27.00000000000001421 ) ) ;
#88 = CARTESIAN_POINT ( 'NONE',  ( 29.24999999999998934, 17.14999999999999858, -27.50000000000001421 ) ) ;
#89 = CARTESIAN_POINT ( 'NONE',  ( 22.08220994568728912, 2.021449815963761942, -27.22920304640994260 ) ) ;
#90 = DIRECTION ( 'NONE',  ( 0.000000000000000000, 0.000000000000000000, -1.000000000000000000 ) ) ;
#91 = ORIENTED_EDGE ( 'NONE', *, *, #2701, .T. ) ;
#92 = ORIENTED_EDGE ( 'NONE', *, *, #2418, .F. ) ;
#93 = CARTESIAN_POINT ( 'NONE',  ( 0.1545943108651345876, 8.580022843174161196, -29.56580151825329850 ) ) ;
#94 = AXIS2_PLACEMENT_3D ( 'NONE', #3461, #1453, #3138 ) ;
#95 = ORIENTED_EDGE ( 'NONE', *, *, #1222, .F. ) ;
#96 = CARTESIAN_POINT ( 'NONE',  ( 30.24999999999999645, 8.175000000000000711, -23.70000000000000284 ) ) ;
#97 = CARTESIAN_POINT ( 'NONE',  ( 0.6103724866537274529, 7.553644406945915435, -29.69362812173595501 ) ) ;
#98 = DIRECTION ( 'NONE',  ( 1.000000000000000000, -0.000000000000000000, -0.000000000000000000 ) ) ;
#99 = VERTEX_POINT ( 'NONE', #2057 ) ;
#100 = AXIS2_PLACEMENT_3D ( 'NONE', #3061, #1598, #2980 ) ;
#101 = CARTESIAN_POINT ( 'NONE',  ( 33.49999999999995737, 17.14999999999999858, -5.199999999999996625 ) ) ;
#102 = VECTOR ( 'NONE', #2168, 1000.000000000000000 ) ;
#103 = DIRECTION ( 'NONE',  ( 0.000000000000000000, 0.000000000000000000, -1.000000000000000000 ) ) ;
#104 = PRODUCT_RELATED_PRODUCT_CATEGORY ( 'detail', '', ( #1261 ) ) ;
#105 = DIRECTION ( 'NONE',  ( 1.000000000000000000, -0.000000000000000000, -0.000000000000000000 ) ) ;
#106 = EDGE_CURVE ( 'NONE', #2441, #1108, #1210, .T. ) ;
#107 = AXIS2_PLACEMENT_3D ( 'NONE', #3387, #2528, #805 ) ;
#108 = CARTESIAN_POINT ( 'NONE',  ( 3.199999999999988631, 8.175000000000000711, -22.57999999999999474 ) ) ;
#109 = APPROVAL_PERSON_ORGANIZATION ( #3289, #1592, #2166 ) ;
#110 = AXIS2_PLACEMENT_3D ( 'NONE', #303, #266, #2828 ) ;
#111 = DIRECTION ( 'NONE',  ( 0.000000000000000000, 0.000000000000000000, -1.000000000000000000 ) ) ;
#112 = EDGE_CURVE ( 'NONE', #2834, #143, #454, .T. ) ;
#113 = DIRECTION ( 'NONE',  ( 0.000000000000000000, 0.000000000000000000, -1.000000000000000000 ) ) ;
#114 = ORIENTED_EDGE ( 'NONE', *, *, #1202, .F. ) ;
#115 = VECTOR ( 'NONE', #2989, 1000.000000000000000 ) ;
#116 = VERTEX_POINT ( 'NONE', #2643 ) ;
#117 = CARTESIAN_POINT ( 'NONE',  ( 0.4505659752063418400, 8.351312960044415590, -30.43311693313439648 ) ) ;
#118 = VERTEX_POINT ( 'NONE', #2969 ) ;
#119 = PLANE ( 'NONE',  #1058 ) ;
#120 = CARTESIAN_POINT ( 'NONE',  ( 24.91886101671972398, 1.999999999999966249, -26.99999999999999645 ) ) ;
#121 = ORIENTED_EDGE ( 'NONE', *, *, #2556, .T. ) ;
#122 = FACE_OUTER_BOUND ( 'NONE', #1503, .T. ) ;
#123 = CARTESIAN_POINT ( 'NONE',  ( 32.49999999999997868, 16.35000000000000142, -27.00000000000001421 ) ) ;
#124 = LINE ( 'NONE', #982, #1906 ) ;
#125 = ORIENTED_EDGE ( 'NONE', *, *, #1000, .F. ) ;
#126 = CYLINDRICAL_SURFACE ( 'NONE', #1468, 0.9499999999999995115 ) ;
#127 = EDGE_CURVE ( 'NONE', #2478, #1145, #1831, .T. ) ;
#128 = DIRECTION ( 'NONE',  ( -1.000000000000000000, 0.000000000000000000, -8.540177112501211287E-16 ) ) ;
#129 = DIRECTION ( 'NONE',  ( -0.000000000000000000, 1.000000000000000000, -0.000000000000000000 ) ) ;
#130 = DIRECTION ( 'NONE',  ( -0.000000000000000000, -1.000000000000000000, -0.000000000000000000 ) ) ;
#131 = VERTEX_POINT ( 'NONE', #1797 ) ;
#132 = B_SPLINE_CURVE_WITH_KNOTS ( 'NONE', 3,
 ( #459, #1926, #138, #1281, #1300, #2422, #3562, #1036 ),
 .UNSPECIFIED., .F., .F.,
 ( 4, 2, 2, 4 ),
 ( -6.898251121056704326E-06, 0.0008344834844686731994, 0.001255174352263535792, 0.001675865220058398494 ),
 .UNSPECIFIED. ) ;
#133 = EDGE_CURVE ( 'NONE', #2868, #3499, #2426, .T. ) ;
#134 = ORIENTED_EDGE ( 'NONE', *, *, #2740, .F. ) ;
#135 = CARTESIAN_POINT ( 'NONE',  ( 1.365575800325566691, 6.387858805037396337, -30.93371461612044016 ) ) ;
#136 = ORIENTED_EDGE ( 'NONE', *, *, #1947, .T. ) ;
#137 = DIRECTION ( 'NONE',  ( -0.000000000000000000, -0.000000000000000000, 1.000000000000000000 ) ) ;
#138 = CARTESIAN_POINT ( 'NONE',  ( 15.77231849706524791, 4.793852361694010966, -27.09261505488775512 ) ) ;
#139 = EDGE_LOOP ( 'NONE', ( #423, #1690, #284, #864 ) ) ;
#140 = PERSON_AND_ORGANIZATION ( #456, #1182 ) ;
#141 = CARTESIAN_POINT ( 'NONE',  ( 5.412938852231339973E-16, 20.83836651245905713, -22.57999999999999474 ) ) ;
#142 = DIRECTION ( 'NONE',  ( -1.000000000000000000, 3.273041043400585048E-16, 0.000000000000000000 ) ) ;
#143 = VERTEX_POINT ( 'NONE', #674 ) ;
#144 = CARTESIAN_POINT ( 'NONE',  ( 2.249999999999987121, 14.34999999999999964, -2.000000000000011990 ) ) ;
#145 = DIRECTION ( 'NONE',  ( 0.000000000000000000, 1.000000000000000000, -0.000000000000000000 ) ) ;
#146 = DIRECTION ( 'NONE',  ( 0.000000000000000000, 0.000000000000000000, -1.000000000000000000 ) ) ;
#147 = FACE_BOUND ( 'NONE', #2819, .T. ) ;
#148 = EDGE_CURVE ( 'NONE', #1801, #1816, #928, .T. ) ;
#149 = ORIENTED_EDGE ( 'NONE', *, *, #1526, .F. ) ;
#150 = ORIENTED_EDGE ( 'NONE', *, *, #1362, .F. ) ;
#151 = FACE_OUTER_BOUND ( 'NONE', #2008, .T. ) ;
#152 = EDGE_CURVE ( 'NONE', #3606, #3475, #2304, .T. ) ;
#153 = EDGE_CURVE ( 'NONE', #1761, #1425, #1194, .T. ) ;
#154 = EDGE_LOOP ( 'NONE', ( #1383, #3056 ) ) ;
#155 = VECTOR ( 'NONE', #129, 1000.000000000000000 ) ;
#156 = CARTESIAN_POINT ( 'NONE',  ( 40.86495314021180292, 11.14999999999999858, -28.76343258757277255 ) ) ;
#157 = AXIS2_PLACEMENT_3D ( 'NONE', #1772, #3549, #2913 ) ;
#158 = CARTESIAN_POINT ( 'NONE',  ( 33.49999999999995737, 17.14999999999999858, -5.199999999999996625 ) ) ;
#159 = ADVANCED_FACE ( 'NONE', ( #3551 ), #986, .F. ) ;
#160 = ORIENTED_EDGE ( 'NONE', *, *, #315, .F. ) ;
#161 = CIRCLE ( 'NONE', #1593, 0.9499999999999995115 ) ;
#162 = DIRECTION ( 'NONE',  ( 0.000000000000000000, 1.000000000000000000, 0.000000000000000000 ) ) ;
#163 = DIRECTION ( 'NONE',  ( -1.000000000000000000, 0.000000000000000000, 0.000000000000000000 ) ) ;
#164 = VERTEX_POINT ( 'NONE', #2132 ) ;
#165 = AXIS2_PLACEMENT_3D ( 'NONE', #3320, #1638, #202 ) ;
#166 = CARTESIAN_POINT ( 'NONE',  ( 32.49999999999997158, 14.34999999999999964, -19.99999999999999645 ) ) ;
#167 = VECTOR ( 'NONE', #130, 1000.000000000000000 ) ;
#168 = DIRECTION ( 'NONE',  ( 8.540177112501211287E-16, -0.000000000000000000, -1.000000000000000000 ) ) ;
#169 = DIRECTION ( 'NONE',  ( 0.000000000000000000, 1.000000000000000000, 0.000000000000000000 ) ) ;
#170 = PLANE ( 'NONE',  #830 ) ;
#171 = AXIS2_PLACEMENT_3D ( 'NONE', #3655, #1625, #163 ) ;
#172 = VECTOR ( 'NONE', #1303, 1000.000000000000000 ) ;
#173 = VERTEX_POINT ( 'NONE', #2990 ) ;
#174 = AXIS2_PLACEMENT_3D ( 'NONE', #3115, #3607, #462 ) ;
#175 = CARTESIAN_POINT ( 'NONE',  ( 2.500000000000002665, 17.14999999999999858, -31.20000000000002416 ) ) ;
#176 = AXIS2_PLACEMENT_3D ( 'NONE', #2269, #1985, #1739 ) ;
#177 = ORIENTED_EDGE ( 'NONE', *, *, #2692, .F. ) ;
#178 = CARTESIAN_POINT ( 'NONE',  ( 0.7017690536956388003, 7.351689272864340374, -29.88337120654555790 ) ) ;
#179 = ORIENTED_EDGE ( 'NONE', *, *, #3294, .F. ) ;
#180 = CIRCLE ( 'NONE', #2270, 0.9499999999999986233 ) ;
#181 = EDGE_CURVE ( 'NONE', #1432, #1902, #3194, .T. ) ;
#182 = DIRECTION ( 'NONE',  ( -1.000000000000000000, 0.000000000000000000, -9.637400586054646550E-16 ) ) ;
#183 = DIRECTION ( 'NONE',  ( 0.000000000000000000, -0.000000000000000000, -1.000000000000000000 ) ) ;
#184 = ORIENTED_EDGE ( 'NONE', *, *, #2241, .F. ) ;
#185 = B_SPLINE_CURVE_WITH_KNOTS ( 'NONE', 3,
 ( #848, #2549, #1104, #1372, #794, #285, #565, #3663, #1088, #268, #2845, #1424, #2235, #832, #3391, #1675, #3697, #2249 ),
 .UNSPECIFIED., .F., .F.,
 ( 4, 2, 2, 2, 2, 2, 2, 2, 4 ),
 ( 0.003486866632290720140, 0.003704657007079550576, 0.003922447381868381447, 0.004358028131446052729, 0.005229189630601397895, 0.005664770380179075249, 0.006100351129756752602, 0.006535931879334429956, 0.006971512628912107309 ),
 .UNSPECIFIED. ) ;
#186 = CALENDAR_DATE ( 2026, 28, 7 ) ;
#187 = DIRECTION ( 'NONE',  ( -0.000000000000000000, -1.000000000000000000, -0.000000000000000000 ) ) ;
#188 = EDGE_CURVE ( 'NONE', #979, #328, #3534, .T. ) ;
#189 = CARTESIAN_POINT ( 'NONE',  ( 35.49999999999996447, 17.14999999999999858, -6.699999999999994849 ) ) ;
#190 = CARTESIAN_POINT ( 'NONE',  ( 2.500000000000000000, 0.000000000000000000, -2.500000000000000000 ) ) ;
#191 = ORIENTED_EDGE ( 'NONE', *, *, #366, .T. ) ;
#192 = DIRECTION ( 'NONE',  ( -0.000000000000000000, -1.000000000000000000, -0.000000000000000000 ) ) ;
#193 = DIRECTION ( 'NONE',  ( -0.000000000000000000, 1.000000000000000000, -0.000000000000000000 ) ) ;
#194 = CARTESIAN_POINT ( 'NONE',  ( 31.19999999999997087, 8.175000000000000711, 0.001000000000022627971 ) ) ;
#195 = LINE ( 'NONE', #2970, #2858 ) ;
#196 = EDGE_LOOP ( 'NONE', ( #2043, #1408, #2929, #2600 ) ) ;
#197 = CARTESIAN_POINT ( 'NONE',  ( 30.24999999999998934, 8.175000000000000711, -19.99999999999999645 ) ) ;
#198 = VERTEX_POINT ( 'NONE', #2917 ) ;
#199 = CARTESIAN_POINT ( 'NONE',  ( 1.537731814618163773, 6.571155343740348265, -30.75501745232347517 ) ) ;
#200 = ORIENTED_EDGE ( 'NONE', *, *, #1340, .T. ) ;
#201 = DIRECTION ( 'NONE',  ( 0.000000000000000000, -1.000000000000000000, 0.000000000000000000 ) ) ;
#202 = DIRECTION ( 'NONE',  ( 0.000000000000000000, -0.000000000000000000, -1.000000000000000000 ) ) ;
#203 = ORIENTED_EDGE ( 'NONE', *, *, #2452, .F. ) ;
#204 = ADVANCED_FACE ( 'NONE', ( #1212 ), #2358, .F. ) ;
#205 = APPROVAL_STATUS ( 'not_yet_approved' ) ;
#206 = CARTESIAN_POINT ( 'NONE',  ( 40.10007163353182591, 0.000000000000000000, -29.14999999999998792 ) ) ;
#207 = DIRECTION ( 'NONE',  ( 0.000000000000000000, -1.000000000000000000, 0.000000000000000000 ) ) ;
#208 = DIRECTION ( 'NONE',  ( -0.000000000000000000, -1.000000000000000000, -0.000000000000000000 ) ) ;
#209 = EDGE_CURVE ( 'NONE', #640, #1268, #2474, .T. ) ;
#210 = CARTESIAN_POINT ( 'NONE',  ( 2.249999999999993339, 8.175000000000000711, -23.70000000000002416 ) ) ;
#211 = LINE ( 'NONE', #1010, #2730 ) ;
#212 = CARTESIAN_POINT ( 'NONE',  ( 15.49780612516853928, 4.299964183234049386, -27.00000000000001066 ) ) ;
#213 = ORIENTED_EDGE ( 'NONE', *, *, #277, .F. ) ;
#214 = DIRECTION ( 'NONE',  ( 0.000000000000000000, -1.000000000000000000, 0.000000000000000000 ) ) ;
#215 = ORIENTED_EDGE ( 'NONE', *, *, #60, .T. ) ;
#216 = CARTESIAN_POINT ( 'NONE',  ( 28.30000000000000071, 8.175000000000000711, -31.19999999999999929 ) ) ;
#217 = VERTEX_POINT ( 'NONE', #1327 ) ;
#218 = DIRECTION ( 'NONE',  ( 0.000000000000000000, -1.000000000000000000, 0.000000000000000000 ) ) ;
#219 = AXIS2_PLACEMENT_3D ( 'NONE', #391, #1271, #2412 ) ;
#220 = VERTEX_POINT ( 'NONE', #2512 ) ;
#221 = AXIS2_PLACEMENT_3D ( 'NONE', #923, #2657, #3191 ) ;
#222 = DIRECTION ( 'NONE',  ( 0.000000000000000000, 0.000000000000000000, 1.000000000000000000 ) ) ;
#223 = DIRECTION ( 'NONE',  ( 0.000000000000000000, 1.000000000000000000, -0.000000000000000000 ) ) ;
#224 = CARTESIAN_POINT ( 'NONE',  ( 40.86495314021180292, 11.14999999999999858, -28.76343258757277255 ) ) ;
#225 = DIRECTION ( 'NONE',  ( 0.000000000000000000, 0.000000000000000000, 1.000000000000000000 ) ) ;
#226 = CARTESIAN_POINT ( 'NONE',  ( 12.45003581676593640, 16.35000000000000142, -28.00000000000001421 ) ) ;
#227 = ADVANCED_FACE ( 'NONE', ( #471 ), #1611, .F. ) ;
#228 = CARTESIAN_POINT ( 'NONE',  ( 2.249999999999986677, 8.175000000000000711, -19.99999999999999645 ) ) ;
#229 = DIRECTION ( 'NONE',  ( -1.000000000000000000, 0.000000000000000000, 0.000000000000000000 ) ) ;
#230 = ORIENTED_EDGE ( 'NONE', *, *, #1490, .T. ) ;
#231 = CIRCLE ( 'NONE', #1717, 1.749999999999998002 ) ;
#232 = DIRECTION ( 'NONE',  ( -1.000000000000000000, 0.000000000000000000, -0.000000000000000000 ) ) ;
#233 = EDGE_CURVE ( 'NONE', #290, #1488, #769, .T. ) ;
#234 = AXIS2_PLACEMENT_3D ( 'NONE', #2094, #2355, #3492 ) ;
#235 = VECTOR ( 'NONE', #3370, 1000.000000000000000 ) ;
#236 = VERTEX_POINT ( 'NONE', #2173 ) ;
#237 = DIRECTION ( 'NONE',  ( -1.000000000000000000, 0.000000000000000000, 0.000000000000000000 ) ) ;
#238 = ORIENTED_EDGE ( 'NONE', *, *, #1689, .T. ) ;
#239 = CIRCLE ( 'NONE', #945, 1.000000000000000888 ) ;
#240 = AXIS2_PLACEMENT_3D ( 'NONE', #1929, #3608, #2451 ) ;
#241 = CARTESIAN_POINT ( 'NONE',  ( 0.7017228944439724003, 8.998355520255852724, -29.88336728201671022 ) ) ;
#242 = CIRCLE ( 'NONE', #414, 2.499999999999998668 ) ;
#243 = ORIENTED_EDGE ( 'NONE', *, *, #2000, .F. ) ;
#244 = CARTESIAN_POINT ( 'NONE',  ( 1.392345711329622038, 9.972654019637433365, -30.94688630074350755 ) ) ;
#245 = FACE_OUTER_BOUND ( 'NONE', #1103, .T. ) ;
#246 = DIRECTION ( 'NONE',  ( 0.000000000000000000, -1.000000000000000000, 0.000000000000000000 ) ) ;
#247 = VERTEX_POINT ( 'NONE', #3027 ) ;
#248 = DIRECTION ( 'NONE',  ( -1.000000000000000000, -0.000000000000000000, -8.540177112501212273E-16 ) ) ;
#249 = LINE ( 'NONE', #843, #815 ) ;
#250 = DIRECTION ( 'NONE',  ( -0.000000000000000000, -0.000000000000000000, -1.000000000000000000 ) ) ;
#251 = VERTEX_POINT ( 'NONE', #1289 ) ;
#252 = EDGE_CURVE ( 'NONE', #1757, #1617, #3615, .T. ) ;
#253 = CARTESIAN_POINT ( 'NONE',  ( 3.000000000000026645, 3.000000000000000000, -3.000000000000000000 ) ) ;
#254 = CARTESIAN_POINT ( 'NONE',  ( 17.88944455762923269, 2.000000000000000000, -27.00000000000001066 ) ) ;
#255 = ORIENTED_EDGE ( 'NONE', *, *, #430, .T. ) ;
#256 = EDGE_CURVE ( 'NONE', #2344, #2648, #3658, .T. ) ;
#257 = ORIENTED_EDGE ( 'NONE', *, *, #3561, .F. ) ;
#258 = CARTESIAN_POINT ( 'NONE',  ( 1.089240892409044426, 9.501430224391278045, -30.77347876071953792 ) ) ;
#259 = ORIENTED_EDGE ( 'NONE', *, *, #1666, .F. ) ;
#260 = CARTESIAN_POINT ( 'NONE',  ( 43.10007163353183302, -1.441388310942828259E-16, -2.499999999999997780 ) ) ;
#261 = CARTESIAN_POINT ( 'NONE',  ( 19.28642833922418021, 2.420700180351401887, -27.29653846286886676 ) ) ;
#262 = DIRECTION ( 'NONE',  ( -1.000000000000000000, 0.000000000000000000, 0.000000000000000000 ) ) ;
#263 = DIRECTION ( 'NONE',  ( 0.000000000000000000, 0.000000000000000000, 1.000000000000000000 ) ) ;
#264 = LINE ( 'NONE', #895, #1166 ) ;
#265 = LINE ( 'NONE', #1969, #2021 ) ;
#266 = DIRECTION ( 'NONE',  ( -0.000000000000000000, 0.000000000000000000, 1.000000000000000000 ) ) ;
#267 = ORIENTED_EDGE ( 'NONE', *, *, #1755, .F. ) ;
#268 = CARTESIAN_POINT ( 'NONE',  ( 1.114638108393961380, 9.511580362548999190, -30.43513032728544943 ) ) ;
#269 = ORIENTED_EDGE ( 'NONE', *, *, #3059, .F. ) ;
#270 = PERSON_AND_ORGANIZATION ( #456, #1182 ) ;
#271 = ORIENTED_EDGE ( 'NONE', *, *, #455, .F. ) ;
#272 = EDGE_CURVE ( 'NONE', #2344, #2618, #2433, .T. ) ;
#273 = CARTESIAN_POINT ( 'NONE',  ( 2.320231768712221587, 9.930482736387688192, -31.19825196498675268 ) ) ;
#274 = ORIENTED_EDGE ( 'NONE', *, *, #2489, .T. ) ;
#275 = DIRECTION ( 'NONE',  ( 0.000000000000000000, 0.000000000000000000, -1.000000000000000000 ) ) ;
#276 = DIRECTION ( 'NONE',  ( 0.000000000000000000, -1.000000000000000000, 0.000000000000000000 ) ) ;
#277 = EDGE_CURVE ( 'NONE', #3426, #247, #2192, .T. ) ;
#278 = CARTESIAN_POINT ( 'NONE',  ( 27.74999999999998934, 5.797296546263467576, -27.15793788689708421 ) ) ;
#279 = DIRECTION ( 'NONE',  ( -1.000000000000000000, 0.000000000000000000, -8.540177112501212273E-16 ) ) ;
#280 = VECTOR ( 'NONE', #105, 1000.000000000000000 ) ;
#281 = CYLINDRICAL_SURFACE ( 'NONE', #3200, 0.9500000000000007327 ) ;
#282 = AXIS2_PLACEMENT_3D ( 'NONE', #1359, #2509, #2129 ) ;
#283 = LINE ( 'NONE', #1123, #1184 ) ;
#284 = ORIENTED_EDGE ( 'NONE', *, *, #3243, .T. ) ;
#285 = CARTESIAN_POINT ( 'NONE',  ( 0.5732325285104411527, 8.690221499241488345, -29.59984319853818491 ) ) ;
#286 = AXIS2_PLACEMENT_3D ( 'NONE', #797, #2482, #1900 ) ;
#287 = VERTEX_POINT ( 'NONE', #1933 ) ;
#288 = PERSON_AND_ORGANIZATION_ROLE ( 'design_supplier' ) ;
#289 = AXIS2_PLACEMENT_3D ( 'NONE', #1534, #1916, #1029 ) ;
#290 = VERTEX_POINT ( 'NONE', #1028 ) ;
#291 = CARTESIAN_POINT ( 'NONE',  ( 1.785752027878134029, 9.867361312819408425, -30.87337225583826594 ) ) ;
#292 = AXIS2_PLACEMENT_3D ( 'NONE', #1752, #103, #2619 ) ;
#293 = ORIENTED_EDGE ( 'NONE', *, *, #1050, .T. ) ;
#294 = AXIS2_PLACEMENT_3D ( 'NONE', #3322, #3290, #1603 ) ;
#295 = EDGE_CURVE ( 'NONE', #970, #1432, #636, .T. ) ;
#296 = CYLINDRICAL_SURFACE ( 'NONE', #3026, 0.9499999999999995115 ) ;
#297 = CIRCLE ( 'NONE', #1489, 0.9499999999999986233 ) ;
#298 = DIRECTION ( 'NONE',  ( 0.000000000000000000, 1.000000000000000000, -0.000000000000000000 ) ) ;
#299 = AXIS2_PLACEMENT_3D ( 'NONE', #3051, #494, #2214 ) ;
#300 = EDGE_CURVE ( 'NONE', #979, #2305, #1915, .T. ) ;
#301 = CYLINDRICAL_SURFACE ( 'NONE', #3223, 1.500000000000001332 ) ;
#302 = DIRECTION ( 'NONE',  ( -1.000000000000000000, 0.000000000000000000, -0.000000000000000000 ) ) ;
#303 = CARTESIAN_POINT ( 'NONE',  ( 28.74999999999998579, 4.799999999999999822, 0.000000000000000000 ) ) ;
#304 = LINE ( 'NONE', #1441, #2191 ) ;
#305 = FACE_OUTER_BOUND ( 'NONE', #2158, .T. ) ;
#306 = ORIENTED_EDGE ( 'NONE', *, *, #3036, .T. ) ;
#307 = APPROVAL_ROLE ( '' ) ;
#308 = VERTEX_POINT ( 'NONE', #2733 ) ;
#309 = CARTESIAN_POINT ( 'NONE',  ( 1.218210954409334024, 9.593703906878467080, -30.53030584718069917 ) ) ;
#310 = UNCERTAINTY_MEASURE_WITH_UNIT (LENGTH_MEASURE( 1.000000000000000082E-05 ), #1622, 'distance_accuracy_value', 'NONE');
#311 = VERTEX_POINT ( 'NONE', #3311 ) ;
#312 = DIRECTION ( 'NONE',  ( 0.000000000000000000, 1.000000000000000000, 0.000000000000000000 ) ) ;
#313 = CARTESIAN_POINT ( 'NONE',  ( 27.74999999999998579, 17.14999999999999858, -31.19999999999999929 ) ) ;
#314 = DIRECTION ( 'NONE',  ( 0.000000000000000000, 0.000000000000000000, -1.000000000000000000 ) ) ;
#315 = EDGE_CURVE ( 'NONE', #3603, #3430, #3052, .T. ) ;
#316 = EDGE_LOOP ( 'NONE', ( #3563, #2120, #1199, #1012, #2081, #1084, #1093, #3091, #3718, #1910, #2503 ) ) ;
#317 = DIRECTION ( 'NONE',  ( 0.000000000000000000, 0.000000000000000000, -1.000000000000000000 ) ) ;
#318 = EDGE_CURVE ( 'NONE', #542, #1446, #211, .T. ) ;
#319 = PLANE ( 'NONE',  #3439 ) ;
#320 = EDGE_CURVE ( 'NONE', #3397, #99, #2307, .T. ) ;
#321 = DIRECTION ( 'NONE',  ( 0.000000000000000000, -1.000000000000000000, 0.000000000000000000 ) ) ;
#322 = VERTEX_POINT ( 'NONE', #2216 ) ;
#323 = EDGE_CURVE ( 'NONE', #1653, #772, #3353, .T. ) ;
#324 = DIRECTION ( 'NONE',  ( 1.000000000000000000, 0.000000000000000000, 0.000000000000000000 ) ) ;
#325 = VERTEX_POINT ( 'NONE', #3085 ) ;
#326 = ORIENTED_EDGE ( 'NONE', *, *, #614, .F. ) ;
#327 = CARTESIAN_POINT ( 'NONE',  ( 0.1099603410564032185, 8.252615098696152174, -29.43333573751004195 ) ) ;
#328 = VERTEX_POINT ( 'NONE', #2790 ) ;
#329 = CARTESIAN_POINT ( 'NONE',  ( 0.4244112042357987002, 9.229733678021862175, -30.11441683340504483 ) ) ;
#330 = CARTESIAN_POINT ( 'NONE',  ( 1.769722594296743612, 6.487054836365665267, -30.86704884156445416 ) ) ;
#331 = LINE ( 'NONE', #401, #467 ) ;
#332 = ORIENTED_EDGE ( 'NONE', *, *, #3269, .F. ) ;
#333 = DIRECTION ( 'NONE',  ( 0.000000000000000000, -1.000000000000000000, 0.000000000000000000 ) ) ;
#334 = DIRECTION ( 'NONE',  ( 0.000000000000000000, 0.000000000000000000, -1.000000000000000000 ) ) ;
#335 = CARTESIAN_POINT ( 'NONE',  ( 18.90876563861612780, 2.583655284605607783, -27.95708178501633157 ) ) ;
#336 = AXIS2_PLACEMENT_3D ( 'NONE', #1721, #2866, #3163 ) ;
#337 = EDGE_CURVE ( 'NONE', #131, #898, #1654, .T. ) ;
#338 = VECTOR ( 'NONE', #789, 1000.000000000000000 ) ;
#339 = CARTESIAN_POINT ( 'NONE',  ( 33.49999999999995737, 17.14999999999999858, -4.199999999999996625 ) ) ;
#340 = CARTESIAN_POINT ( 'NONE',  ( 27.74999999999998579, 8.199964183234049742, -27.99999999999999645 ) ) ;
#341 = VERTEX_POINT ( 'NONE', #1082 ) ;
#342 = AXIS2_PLACEMENT_3D ( 'NONE', #3060, #3702, #2003 ) ;
#343 = ADVANCED_FACE ( 'NONE', ( #3007 ), #804, .F. ) ;
#344 = ORIENTED_EDGE ( 'NONE', *, *, #951, .T. ) ;
#345 = CARTESIAN_POINT ( 'NONE',  ( 0.1086653882602851423, 8.213472389500765303, -29.42905334910904003 ) ) ;
#346 = EDGE_LOOP ( 'NONE', ( #2606, #1556 ) ) ;
#347 = VECTOR ( 'NONE', #1973, 1000.000000000000000 ) ;
#348 = DIRECTION ( 'NONE',  ( -1.000000000000000000, 0.000000000000000000, 0.000000000000000000 ) ) ;
#349 = CARTESIAN_POINT ( 'NONE',  ( 2.329320216359574314, 6.420692134753816838, -31.00000000000002842 ) ) ;
#350 = CARTESIAN_POINT ( 'NONE',  ( 23.53994170053308821, 2.319349072253700239, -27.29760023095068533 ) ) ;
#351 = AXIS2_PLACEMENT_3D ( 'NONE', #654, #2893, #3270 ) ;
#352 = AXIS2_PLACEMENT_3D ( 'NONE', #1978, #2291, #3431 ) ;
#353 = ORIENTED_EDGE ( 'NONE', *, *, #209, .T. ) ;
#354 = DIRECTION ( 'NONE',  ( -8.540177112501212273E-16, 0.000000000000000000, 1.000000000000000000 ) ) ;
#355 = AXIS2_PLACEMENT_3D ( 'NONE', #3110, #3126, #1718 ) ;
#356 = DIRECTION ( 'NONE',  ( 1.000000000000000000, 0.000000000000000000, 0.000000000000000000 ) ) ;
#357 = LINE ( 'NONE', #1498, #3326 ) ;
#358 = CIRCLE ( 'NONE', #3209, 2.500000000000000000 ) ;
#359 = DIRECTION ( 'NONE',  ( 1.000000000000000000, 0.000000000000000000, 0.000000000000000000 ) ) ;
#360 = DIRECTION ( 'NONE',  ( 0.000000000000000000, -1.000000000000000000, 0.000000000000000000 ) ) ;
#361 = DIRECTION ( 'NONE',  ( -0.000000000000000000, -1.000000000000000000, -0.000000000000000000 ) ) ;
#362 = ADVANCED_FACE ( 'NONE', ( #857 ), #10, .F. ) ;
#363 = ORIENTED_EDGE ( 'NONE', *, *, #318, .T. ) ;
#364 = ORIENTED_EDGE ( 'NONE', *, *, #993, .T. ) ;
#365 = CARTESIAN_POINT ( 'NONE',  ( 0.1100820250513258464, 8.094638133731223206, -29.43373432783717192 ) ) ;
#366 = EDGE_CURVE ( 'NONE', #435, #2834, #27, .T. ) ;
#367 = VERTEX_POINT ( 'NONE', #1715 ) ;
#368 = DIRECTION ( 'NONE',  ( 1.000000000000000000, -1.204540229209917547E-15, 8.540177112501211287E-16 ) ) ;
#369 = PLANE ( 'NONE',  #3328 ) ;
#370 = CARTESIAN_POINT ( 'NONE',  ( 24.61785569018922004, 2.811306358100115421, -27.07116700400187526 ) ) ;
#371 = ORIENTED_EDGE ( 'NONE', *, *, #2418, .T. ) ;
#372 = LINE ( 'NONE', #101, #533 ) ;
#373 = CARTESIAN_POINT ( 'NONE',  ( 30.24999999999997158, 8.175000000000000711, 0.001000000000021816771 ) ) ;
#374 = CARTESIAN_POINT ( 'NONE',  ( 32.49999999999997868, 17.14999999999999858, -26.00000000000001421 ) ) ;
#375 = FACE_OUTER_BOUND ( 'NONE', #866, .T. ) ;
#376 = DIRECTION ( 'NONE',  ( -1.000000000000000000, 0.000000000000000000, 0.000000000000000000 ) ) ;
#377 = CARTESIAN_POINT ( 'NONE',  ( 30.24999999999999645, 8.175000000000000711, -23.70000000000000284 ) ) ;
#378 = ORIENTED_EDGE ( 'NONE', *, *, #678, .F. ) ;
#379 = VERTEX_POINT ( 'NONE', #2826 ) ;
#380 = CARTESIAN_POINT ( 'NONE',  ( 0.1087269873497771766, 8.133754998578336171, -29.42925536687923227 ) ) ;
#381 = ORIENTED_EDGE ( 'NONE', *, *, #3379, .T. ) ;
#382 = CARTESIAN_POINT ( 'NONE',  ( 0.1145917918301059268, 8.339569183083572312, -29.44895395096388668 ) ) ;
#383 = EDGE_CURVE ( 'NONE', #3526, #3054, #249, .T. ) ;
#384 = DIRECTION ( 'NONE',  ( -1.000000000000000000, 0.000000000000000000, 0.000000000000000000 ) ) ;
#385 = CARTESIAN_POINT ( 'NONE',  ( 27.74999999999998579, 14.34999999999999964, -5.199999999999996625 ) ) ;
#386 = ORIENTED_EDGE ( 'NONE', *, *, #3362, .F. ) ;
#387 = CARTESIAN_POINT ( 'NONE',  ( 0.000000000000000000, 14.34999999999999964, -2.499999999999998668 ) ) ;
#388 = ADVANCED_FACE ( 'NONE', ( #3123 ), #281, .F. ) ;
#389 = DIRECTION ( 'NONE',  ( -8.540177112501211287E-16, -0.000000000000000000, 1.000000000000000000 ) ) ;
#390 = DIRECTION ( 'NONE',  ( 0.000000000000000000, 0.000000000000000000, 1.000000000000000000 ) ) ;
#391 = CARTESIAN_POINT ( 'NONE',  ( 2.500000000000000000, 14.34999999999999964, -2.500000000000000000 ) ) ;
#392 = FACE_OUTER_BOUND ( 'NONE', #3666, .T. ) ;
#393 = ORIENTED_EDGE ( 'NONE', *, *, #3449, .T. ) ;
#394 = AXIS2_PLACEMENT_3D ( 'NONE', #3515, #72, #634 ) ;
#395 = EDGE_LOOP ( 'NONE', ( #3553, #1804, #2577, #125 ) ) ;
#396 = CARTESIAN_POINT ( 'NONE',  ( 0.1151876950386299669, 8.017700393168697204, -29.45016282294864496 ) ) ;
#397 = AXIS2_PLACEMENT_3D ( 'NONE', #2745, #484, #3040 ) ;
#398 = EDGE_LOOP ( 'NONE', ( #684, #892, #662, #2575 ) ) ;
#399 = AXIS2_PLACEMENT_3D ( 'NONE', #719, #421, #1597 ) ;
#400 = DIRECTION ( 'NONE',  ( 8.540177112501211287E-16, 0.000000000000000000, -1.000000000000000000 ) ) ;
#401 = CARTESIAN_POINT ( 'NONE',  ( 3.000000000000026645, 3.000000000000000000, -2.050000000000001599 ) ) ;
#402 = ORIENTED_EDGE ( 'NONE', *, *, #1984, .F. ) ;
#403 = AXIS2_PLACEMENT_3D ( 'NONE', #2034, #611, #1379 ) ;
#404 = EDGE_CURVE ( 'NONE', #1034, #835, #264, .T. ) ;
#405 = LINE ( 'NONE', #1809, #1177 ) ;
#406 = CIRCLE ( 'NONE', #1663, 0.1999999999999987899 ) ;
#407 = DIRECTION ( 'NONE',  ( -1.000000000000000000, 0.000000000000000000, 0.000000000000000000 ) ) ;
#408 = VECTOR ( 'NONE', #1586, 1000.000000000000000 ) ;
#409 = ORIENTED_EDGE ( 'NONE', *, *, #1388, .T. ) ;
#410 = FACE_BOUND ( 'NONE', #957, .T. ) ;
#411 = ADVANCED_FACE ( 'NONE', ( #1683 ), #1982, .T. ) ;
#412 = CIRCLE ( 'NONE', #2566, 1.500000000000001332 ) ;
#413 = DIRECTION ( 'NONE',  ( -1.000000000000000000, 0.000000000000000000, 0.000000000000000000 ) ) ;
#414 = AXIS2_PLACEMENT_3D ( 'NONE', #3579, #2665, #627 ) ;
#415 = CARTESIAN_POINT ( 'NONE',  ( 22.61097518569315667, 2.085638337517887742, -27.45018425437934440 ) ) ;
#416 = CARTESIAN_POINT ( 'NONE',  ( 15.35003581676593498, 5.299964183234050275, -28.00000000000001066 ) ) ;
#417 = ORIENTED_EDGE ( 'NONE', *, *, #2122, .T. ) ;
#418 = ORIENTED_EDGE ( 'NONE', *, *, #924, .T. ) ;
#419 = CARTESIAN_POINT ( 'NONE',  ( 1.813575142679621832, 6.240550759145081727, -31.12578191920693627 ) ) ;
#420 = ORIENTED_EDGE ( 'NONE', *, *, #2309, .T. ) ;
#421 = DIRECTION ( 'NONE',  ( -8.540177112501212273E-16, -0.000000000000000000, 1.000000000000000000 ) ) ;
#422 = DIRECTION ( 'NONE',  ( 0.000000000000000000, -0.000000000000000000, -1.000000000000000000 ) ) ;
#423 = ORIENTED_EDGE ( 'NONE', *, *, #2831, .F. ) ;
#424 = FACE_OUTER_BOUND ( 'NONE', #1276, .T. ) ;
#425 = DIRECTION ( 'NONE',  ( 8.540177112501211287E-16, 0.000000000000000000, -1.000000000000000000 ) ) ;
#426 = CARTESIAN_POINT ( 'NONE',  ( 40.10007163353182591, 3.000000000000000000, -3.950000000000000178 ) ) ;
#427 = EDGE_CURVE ( 'NONE', #2707, #3703, #3145, .T. ) ;
#428 = ORIENTED_EDGE ( 'NONE', *, *, #1227, .T. ) ;
#429 = CARTESIAN_POINT ( 'NONE',  ( 27.74999999999998579, 14.34999999999999964, -5.199999999999996625 ) ) ;
#430 = EDGE_CURVE ( 'NONE', #1879, #598, #2296, .T. ) ;
#431 = ADVANCED_FACE ( 'NONE', ( #3108 ), #2490, .T. ) ;
#432 = DIRECTION ( 'NONE',  ( -0.000000000000000000, -0.000000000000000000, -1.000000000000000000 ) ) ;
#433 = DIRECTION ( 'NONE',  ( 0.000000000000000000, 0.000000000000000000, 1.000000000000000000 ) ) ;
#434 = EDGE_CURVE ( 'NONE', #847, #251, #1350, .T. ) ;
#435 = VERTEX_POINT ( 'NONE', #3421 ) ;
#436 = LINE ( 'NONE', #972, #702 ) ;
#437 = ORIENTED_EDGE ( 'NONE', *, *, #1737, .T. ) ;
#438 = CARTESIAN_POINT ( 'NONE',  ( 30.24999999999998579, 6.349999999999999645, -1.050000000000011369 ) ) ;
#439 = LINE ( 'NONE', #738, #3698 ) ;
#440 = ORIENTED_EDGE ( 'NONE', *, *, #62, .F. ) ;
#441 = DIRECTION ( 'NONE',  ( 1.000000000000000000, -1.204540229209917547E-15, 8.540177112501211287E-16 ) ) ;
#442 = LINE ( 'NONE', #785, #2622 ) ;
#443 = VERTEX_POINT ( 'NONE', #2017 ) ;
#444 = CARTESIAN_POINT ( 'NONE',  ( 18.48221594334219020, 2.811306358099831648, -27.07116700400315068 ) ) ;
#445 = FACE_BOUND ( 'NONE', #346, .T. ) ;
#446 = CARTESIAN_POINT ( 'NONE',  ( 6.368163355566241312E-16, 17.14999999999999858, -26.00000000000001421 ) ) ;
#447 = CARTESIAN_POINT ( 'NONE',  ( 3.999999999999993339, 8.175000000000000711, -23.70000000000002416 ) ) ;
#448 = ORIENTED_EDGE ( 'NONE', *, *, #594, .T. ) ;
#449 = ADVANCED_FACE ( 'NONE', ( #1381 ), #1996, .F. ) ;
#450 = CARTESIAN_POINT ( 'NONE',  ( 32.49999999999997868, 17.14999999999999858, -26.00000000000001421 ) ) ;
#451 = VERTEX_POINT ( 'NONE', #578 ) ;
#452 = CARTESIAN_POINT ( 'NONE',  ( 0.7568585937812588593, 7.255518329690831436, -29.98131168230628774 ) ) ;
#453 = ORIENTED_EDGE ( 'NONE', *, *, #434, .T. ) ;
#454 = CIRCLE ( 'NONE', #2843, 0.9499999999999996225 ) ;
#455 = EDGE_CURVE ( 'NONE', #1476, #2478, #1532, .T. ) ;
#456 = PERSON ( 'UNSPECIFIED', 'UNSPECIFIED', 'UNSPECIFIED', ('UNSPECIFIED'), ('UNSPECIFIED'), ('UNSPECIFIED') ) ;
#457 = CARTESIAN_POINT ( 'NONE',  ( 5.412938852231339973E-16, 14.34999999999999964, -22.57999999999999474 ) ) ;
#458 = AXIS2_PLACEMENT_3D ( 'NONE', #228, #3635, #1065 ) ;
#459 = CARTESIAN_POINT ( 'NONE',  ( 15.49780612516853928, 4.299964183234049386, -27.00000000000001066 ) ) ;
#460 = ORIENTED_EDGE ( 'NONE', *, *, #2534, .F. ) ;
#461 = AXIS2_PLACEMENT_3D ( 'NONE', #190, #246, #3307 ) ;
#462 = DIRECTION ( 'NONE',  ( -1.000000000000000000, 0.000000000000000000, -8.540177112501212273E-16 ) ) ;
#463 = CARTESIAN_POINT ( 'NONE',  ( 15.35003581676593498, 8.199964183234049742, -27.00000000000001066 ) ) ;
#464 = DIRECTION ( 'NONE',  ( 1.000000000000000000, -0.000000000000000000, -0.000000000000000000 ) ) ;
#465 = LINE ( 'NONE', #2470, #1297 ) ;
#466 = ORIENTED_EDGE ( 'NONE', *, *, #3613, .F. ) ;
#467 = VECTOR ( 'NONE', #3489, 1000.000000000000000 ) ;
#468 = AXIS2_PLACEMENT_3D ( 'NONE', #1885, #1008, #728 ) ;
#469 = AXIS2_PLACEMENT_3D ( 'NONE', #2078, #2376, #2590 ) ;
#470 = CARTESIAN_POINT ( 'NONE',  ( 27.74999999999998579, 14.34999999999999964, -9.999999999999998224 ) ) ;
#471 = FACE_OUTER_BOUND ( 'NONE', #630, .T. ) ;
#472 = CARTESIAN_POINT ( 'NONE',  ( 12.45003581676593640, 8.199964183234049742, -28.00000000000001421 ) ) ;
#473 = CIRCLE ( 'NONE', #880, 0.9500000000000002887 ) ;
#474 = VECTOR ( 'NONE', #558, 1000.000000000000000 ) ;
#475 = ORIENTED_EDGE ( 'NONE', *, *, #1685, .T. ) ;
#476 = AXIS2_PLACEMENT_3D ( 'NONE', #2708, #1320, #3545 ) ;
#477 = CARTESIAN_POINT ( 'NONE',  ( 32.49999999999997868, 17.14999999999999858, -25.00000000000001421 ) ) ;
#478 = AXIS2_PLACEMENT_3D ( 'NONE', #450, #2495, #232 ) ;
#479 = ORIENTED_EDGE ( 'NONE', *, *, #2536, .T. ) ;
#480 = ADVANCED_FACE ( 'NONE', ( #3161 ), #319, .F. ) ;
#481 = CARTESIAN_POINT ( 'NONE',  ( 32.49999999999997868, 17.14999999999999858, -25.00000000000001421 ) ) ;
#482 = EDGE_LOOP ( 'NONE', ( #955, #1345, #1148, #3357, #1990, #2955, #3009, #1234, #2383, #61, #3681, #2332 ) ) ;
#483 = CIRCLE ( 'NONE', #1672, 1.749999999999998002 ) ;
#484 = DIRECTION ( 'NONE',  ( -8.540177112501211287E-16, -0.000000000000000000, 1.000000000000000000 ) ) ;
#485 = ADVANCED_FACE ( 'NONE', ( #1967 ), #1667, .F. ) ;
#486 = FACE_OUTER_BOUND ( 'NONE', #2919, .T. ) ;
#487 = ORIENTED_EDGE ( 'NONE', *, *, #3403, .T. ) ;
#488 = CALENDAR_DATE ( 2026, 28, 7 ) ;
#489 = CARTESIAN_POINT ( 'NONE',  ( 32.49999999999997158, 2.000000000000000000, -19.99999999999999645 ) ) ;
#490 = CARTESIAN_POINT ( 'NONE',  ( 32.49999999999993605, 17.14999999999999858, 0.000000000000000000 ) ) ;
#491 = DIRECTION ( 'NONE',  ( 0.000000000000000000, 0.000000000000000000, -1.000000000000000000 ) ) ;
#492 = VERTEX_POINT ( 'NONE', #3692 ) ;
#493 = LINE ( 'NONE', #166, #693 ) ;
#494 = DIRECTION ( 'NONE',  ( 0.000000000000000000, -1.000000000000000000, 0.000000000000000000 ) ) ;
#495 = CARTESIAN_POINT ( 'NONE',  ( 4.749999999999986677, 20.83836651245905713, -27.00000000000002487 ) ) ;
#496 = DIRECTION ( 'NONE',  ( -1.000000000000000000, 0.000000000000000000, -8.540177112501211287E-16 ) ) ;
#497 = EDGE_LOOP ( 'NONE', ( #2001, #2180 ) ) ;
#498 = FACE_OUTER_BOUND ( 'NONE', #2273, .T. ) ;
#499 = CARTESIAN_POINT ( 'NONE',  ( 0.4197976779567451078, 7.150434710249834680, -30.09273008780072800 ) ) ;
#500 = ORIENTED_EDGE ( 'NONE', *, *, #2836, .T. ) ;
#501 = CARTESIAN_POINT ( 'NONE',  ( 27.74999999999998579, 20.83836651245905713, -27.00000000000002487 ) ) ;
#502 = DIRECTION ( 'NONE',  ( 0.000000000000000000, -0.000000000000000000, 1.000000000000000000 ) ) ;
#503 = EDGE_LOOP ( 'NONE', ( #150, #2458, #1701, #2462 ) ) ;
#504 = EDGE_CURVE ( 'NONE', #3187, #2276, #927, .T. ) ;
#505 = DIRECTION ( 'NONE',  ( 0.000000000000000000, 0.000000000000000000, -1.000000000000000000 ) ) ;
#506 = DIRECTION ( 'NONE',  ( -0.000000000000000000, 1.000000000000000000, -0.000000000000000000 ) ) ;
#507 = DIRECTION ( 'NONE',  ( 0.000000000000000000, 1.000000000000000000, 0.000000000000000000 ) ) ;
#508 = CARTESIAN_POINT ( 'NONE',  ( 40.76439812258387008, 11.14999999999999858, -3.270904781386446913 ) ) ;
#509 = EDGE_CURVE ( 'NONE', #2478, #341, #2670, .T. ) ;
#510 = DIRECTION ( 'NONE',  ( 0.9917476720930109568, -0.1282051282051304975, 0.000000000000000000 ) ) ;
#511 = DIRECTION ( 'NONE',  ( -0.000000000000000000, 0.000000000000000000, 1.000000000000000000 ) ) ;
#512 = FACE_OUTER_BOUND ( 'NONE', #736, .T. ) ;
#513 = ORIENTED_EDGE ( 'NONE', *, *, #548, .F. ) ;
#514 = DIRECTION ( 'NONE',  ( -1.000000000000000000, 0.000000000000000000, 0.000000000000000000 ) ) ;
#515 = VERTEX_POINT ( 'NONE', #617 ) ;
#516 = LINE ( 'NONE', #2498, #1122 ) ;
#517 = ORIENTED_EDGE ( 'NONE', *, *, #79, .T. ) ;
#518 = LINE ( 'NONE', #3667, #2904 ) ;
#519 = CARTESIAN_POINT ( 'NONE',  ( 1.826237171862126418, 10.09581860981967338, -31.11351578616348235 ) ) ;
#520 = ORIENTED_EDGE ( 'NONE', *, *, #1362, .T. ) ;
#521 = AXIS2_PLACEMENT_3D ( 'NONE', #1439, #2842, #2568 ) ;
#522 = CARTESIAN_POINT ( 'NONE',  ( 1.843942111829336428, 10.09855850702005675, -31.11806897006992045 ) ) ;
#523 = FACE_OUTER_BOUND ( 'NONE', #1889, .T. ) ;
#524 = ADVANCED_FACE ( 'NONE', ( #3494 ), #2620, .F. ) ;
#525 = CIRCLE ( 'NONE', #2614, 1.500000000000001332 ) ;
#526 = LINE ( 'NONE', #2190, #950 ) ;
#527 = AXIS2_PLACEMENT_3D ( 'NONE', #1837, #2179, #2199 ) ;
#528 = DIRECTION ( 'NONE',  ( 0.000000000000000000, 0.000000000000000000, -1.000000000000000000 ) ) ;
#529 = EDGE_CURVE ( 'NONE', #251, #1986, #2902, .T. ) ;
#530 = CARTESIAN_POINT ( 'NONE',  ( 27.74999999999998579, 5.799999999999999822, -7.499999999999998224 ) ) ;
#531 = EDGE_LOOP ( 'NONE', ( #2402, #2924, #3129, #612 ) ) ;
#532 = LINE ( 'NONE', #1671, #1246 ) ;
#533 = VECTOR ( 'NONE', #2070, 1000.000000000000000 ) ;
#534 = VECTOR ( 'NONE', #250, 1000.000000000000000 ) ;
#535 = ORIENTED_EDGE ( 'NONE', *, *, #2564, .T. ) ;
#536 = DIRECTION ( 'NONE',  ( 0.000000000000000000, 0.000000000000000000, 1.000000000000000000 ) ) ;
#537 = ORIENTED_EDGE ( 'NONE', *, *, #434, .F. ) ;
#538 = APPROVAL_PERSON_ORGANIZATION ( #2749, #2986, #2467 ) ;
#539 = VECTOR ( 'NONE', #673, 1000.000000000000000 ) ;
#540 = CARTESIAN_POINT ( 'NONE',  ( 0.5746145627917060850, 8.683809919982143910, -29.60078934562995912 ) ) ;
#541 = TOROIDAL_SURFACE ( 'NONE', #3032, 3.899999999999999911, 1.000000000000000000 ) ;
#542 = VERTEX_POINT ( 'NONE', #2641 ) ;
#543 = DIRECTION ( 'NONE',  ( 0.000000000000000000, 0.000000000000000000, -1.000000000000000000 ) ) ;
#544 = CARTESIAN_POINT ( 'NONE',  ( 21.55003581676593782, 2.000000000000000888, -27.00000000000000355 ) ) ;
#545 = CARTESIAN_POINT ( 'NONE',  ( 40.10007163353182591, 3.000000000000000000, -3.000000000000000000 ) ) ;
#546 = CARTESIAN_POINT ( 'NONE',  ( 0.000000000000000000, 14.34999999999999964, 0.000000000000000000 ) ) ;
#547 = LINE ( 'NONE', #1668, #943 ) ;
#548 = EDGE_CURVE ( 'NONE', #640, #3554, #3631, .T. ) ;
#549 = EDGE_CURVE ( 'NONE', #2618, #2218, #357, .T. ) ;
#550 = FACE_OUTER_BOUND ( 'NONE', #1231, .T. ) ;
#551 = EDGE_LOOP ( 'NONE', ( #1657, #2116, #420, #2887 ) ) ;
#552 = PLANE ( 'NONE',  #3337 ) ;
#553 = EDGE_LOOP ( 'NONE', ( #3557, #3548, #2538, #3660, #1214, #2390, #1855 ) ) ;
#554 = ADVANCED_FACE ( 'NONE', ( #687 ), #910, .F. ) ;
#555 = ORIENTED_EDGE ( 'NONE', *, *, #1803, .T. ) ;
#556 = CARTESIAN_POINT ( 'NONE',  ( 1.714053021715162162, 9.848402567621969084, -31.07804088887286298 ) ) ;
#557 = ORIENTED_EDGE ( 'NONE', *, *, #2122, .F. ) ;
#558 = DIRECTION ( 'NONE',  ( -0.000000000000000000, -0.000000000000000000, -1.000000000000000000 ) ) ;
#559 = CARTESIAN_POINT ( 'NONE',  ( 20.96780242756376467, 2.000000000003764988, -27.11658915553030624 ) ) ;
#560 = CYLINDRICAL_SURFACE ( 'NONE', #1960, 0.9500000000000007327 ) ;
#561 = DIRECTION ( 'NONE',  ( -0.000000000000000000, -1.000000000000000000, -0.000000000000000000 ) ) ;
#562 = DIRECTION ( 'NONE',  ( 0.000000000000000000, 1.000000000000000000, 0.000000000000000000 ) ) ;
#563 = DIRECTION ( 'NONE',  ( -0.000000000000000000, -1.000000000000000000, -0.000000000000000000 ) ) ;
#564 = DIRECTION ( 'NONE',  ( 8.540177112501211287E-16, 0.000000000000000000, -1.000000000000000000 ) ) ;
#565 = CARTESIAN_POINT ( 'NONE',  ( 0.6101979280821799856, 8.796036995370782208, -29.69330772618518566 ) ) ;
#566 = ADVANCED_FACE ( 'NONE', ( #410, #53 ), #2074, .F. ) ;
#567 = ORIENTED_EDGE ( 'NONE', *, *, #2268, .F. ) ;
#568 = ORIENTED_EDGE ( 'NONE', *, *, #2148, .F. ) ;
#569 = CARTESIAN_POINT ( 'NONE',  ( 2.474358974358976671, 9.910558426162767276, -31.00000000000002487 ) ) ;
#570 = EDGE_CURVE ( 'NONE', #311, #3058, #1769, .T. ) ;
#571 = ORIENTED_EDGE ( 'NONE', *, *, #1257, .F. ) ;
#572 = CARTESIAN_POINT ( 'NONE',  ( 2.249999999999988898, 8.175000000000000711, -22.57999999999999474 ) ) ;
#573 = CARTESIAN_POINT ( 'NONE',  ( 32.49999999999997158, 20.83836651245905713, -22.57999999999999474 ) ) ;
#574 = SPHERICAL_SURFACE ( 'NONE', #2436, 1.500000000000000000 ) ;
#575 = VECTOR ( 'NONE', #1533, 1000.000000000000000 ) ;
#576 = LINE ( 'NONE', #1168, #1009 ) ;
#577 = CIRCLE ( 'NONE', #1055, 1.499999999999999556 ) ;
#578 = CARTESIAN_POINT ( 'NONE',  ( 0.4999999999999937272, 8.175000000000000711, -23.70000000000002416 ) ) ;
#579 = CIRCLE ( 'NONE', #282, 1.950000000000000400 ) ;
#580 = CARTESIAN_POINT ( 'NONE',  ( 31.19999999999998863, 8.175000000000000711, -19.99999999999999645 ) ) ;
#581 = DIRECTION ( 'NONE',  ( -0.000000000000000000, 1.000000000000000000, -0.000000000000000000 ) ) ;
#582 = CARTESIAN_POINT ( 'NONE',  ( 27.74999999999998934, 8.199964183234049742, -31.19999999999999929 ) ) ;
#583 = VECTOR ( 'NONE', #3630, 1000.000000000000000 ) ;
#584 = ORIENTED_EDGE ( 'NONE', *, *, #1920, .F. ) ;
#585 = AXIS2_PLACEMENT_3D ( 'NONE', #1548, #3249, #86 ) ;
#586 = VECTOR ( 'NONE', #691, 1000.000000000000000 ) ;
#587 = ADVANCED_FACE ( 'NONE', ( #1209 ), #2356, .T. ) ;
#588 = EDGE_LOOP ( 'NONE', ( #92, #1353, #2682, #1485, #1562 ) ) ;
#589 = CARTESIAN_POINT ( 'NONE',  ( 0.4195687556798449180, 9.199115807834346015, -30.09229859698644205 ) ) ;
#590 = ORIENTED_EDGE ( 'NONE', *, *, #3639, .T. ) ;
#591 = CIRCLE ( 'NONE', #886, 0.9499999999999995115 ) ;
#592 = EDGE_CURVE ( 'NONE', #3426, #2248, #2895, .T. ) ;
#593 = CARTESIAN_POINT ( 'NONE',  ( 17.88944455762923624, 1.999999999999998224, -28.00000000000000711 ) ) ;
#594 = EDGE_CURVE ( 'NONE', #1444, #2223, #3212, .T. ) ;
#595 = DIRECTION ( 'NONE',  ( 0.000000000000000000, 1.000000000000000000, 0.000000000000000000 ) ) ;
#596 = AXIS2_PLACEMENT_3D ( 'NONE', #96, #1185, #348 ) ;
#597 = CARTESIAN_POINT ( 'NONE',  ( 40.76439812258387008, 17.14999999999999858, -2.320904781386446292 ) ) ;
#598 = VERTEX_POINT ( 'NONE', #1795 ) ;
#599 = VERTEX_POINT ( 'NONE', #87 ) ;
#600 = AXIS2_PLACEMENT_3D ( 'NONE', #803, #145, #1363 ) ;
#601 = EDGE_CURVE ( 'NONE', #1590, #2441, #3257, .T. ) ;
#602 = CARTESIAN_POINT ( 'NONE',  ( 1.299999999999970290, 8.175000000000000711, 0.001000000000000188889 ) ) ;
#603 = CARTESIAN_POINT ( 'NONE',  ( 30.24999999999998579, 14.34999999999999964, -2.950000000000013056 ) ) ;
#604 = CARTESIAN_POINT ( 'NONE',  ( 2.249999999999990230, 8.175000000000000711, -23.70000000000002416 ) ) ;
#605 = DIRECTION ( 'NONE',  ( -0.000000000000000000, 1.000000000000000000, -0.000000000000000000 ) ) ;
#606 = ORIENTED_EDGE ( 'NONE', *, *, #1673, .F. ) ;
#607 = ORIENTED_EDGE ( 'NONE', *, *, #188, .T. ) ;
#608 = ORIENTED_EDGE ( 'NONE', *, *, #2423, .F. ) ;
#609 = CARTESIAN_POINT ( 'NONE',  ( 0.4353105495893953014, 7.127538436706368330, -30.11573900601916165 ) ) ;
#610 = FACE_BOUND ( 'NONE', #154, .T. ) ;
#611 = DIRECTION ( 'NONE',  ( -1.000000000000000000, 0.000000000000000000, 0.000000000000000000 ) ) ;
#612 = ORIENTED_EDGE ( 'NONE', *, *, #3362, .T. ) ;
#613 = ADVANCED_FACE ( 'NONE', ( #2694 ), #126, .F. ) ;
#614 = EDGE_CURVE ( 'NONE', #1446, #3255, #493, .T. ) ;
#615 = LINE ( 'NONE', #631, #706 ) ;
#616 = FACE_OUTER_BOUND ( 'NONE', #2645, .T. ) ;
#617 = CARTESIAN_POINT ( 'NONE',  ( 43.10007163353184012, 17.14999999999999503, -2.499999999999998668 ) ) ;
#618 = ADVANCED_FACE ( 'NONE', ( #2987 ), #787, .F. ) ;
#619 = DIRECTION ( 'NONE',  ( 1.000000000000000000, 0.000000000000000000, -0.000000000000000000 ) ) ;
#620 = ORIENTED_EDGE ( 'NONE', *, *, #1618, .F. ) ;
#621 = CARTESIAN_POINT ( 'NONE',  ( 40.60007163353186144, 17.14999999999999858, -31.19999999999999929 ) ) ;
#622 = ORIENTED_EDGE ( 'NONE', *, *, #2697, .F. ) ;
#623 = DATE_AND_TIME ( #1482, #2086 ) ;
#624 = ORIENTED_EDGE ( 'NONE', *, *, #1567, .T. ) ;
#625 = CARTESIAN_POINT ( 'NONE',  ( 0.4812844082934096268, 8.349396855849999355, -30.61381538014763848 ) ) ;
#626 = VERTEX_POINT ( 'NONE', #1339 ) ;
#627 = DIRECTION ( 'NONE',  ( 0.000000000000000000, 0.000000000000000000, -1.000000000000000000 ) ) ;
#628 = LINE ( 'NONE', #667, #3388 ) ;
#629 = CARTESIAN_POINT ( 'NONE',  ( 25.06568975573823010, 2.000000000000000000, -27.00000000000000355 ) ) ;
#630 = EDGE_LOOP ( 'NONE', ( #2762, #238, #191, #440 ) ) ;
#631 = CARTESIAN_POINT ( 'NONE',  ( 35.49999999999996447, 7.299999999999998934, -7.499999999999995559 ) ) ;
#632 = DIRECTION ( 'NONE',  ( -1.000000000000000000, 0.000000000000000000, 0.000000000000000000 ) ) ;
#633 = ADVANCED_FACE ( 'NONE', ( #1042 ), #2188, .T. ) ;
#634 = DIRECTION ( 'NONE',  ( 0.000000000000000000, 0.000000000000000000, 1.000000000000000000 ) ) ;
#635 = CARTESIAN_POINT ( 'NONE',  ( 31.99999999999999289, 8.175000000000000711, -23.70000000000000284 ) ) ;
#636 = CIRCLE ( 'NONE', #1891, 2.899999999999999911 ) ;
#637 = EDGE_CURVE ( 'NONE', #1815, #598, #1025, .T. ) ;
#638 = CARTESIAN_POINT ( 'NONE',  ( 40.60007163353183302, 0.000000000000000000, -2.500000000000000000 ) ) ;
#639 = LINE ( 'NONE', #2918, #2739 ) ;
#640 = VERTEX_POINT ( 'NONE', #3656 ) ;
#641 = AXIS2_PLACEMENT_3D ( 'NONE', #1150, #276, #3154 ) ;
#642 = AXIS2_PLACEMENT_3D ( 'NONE', #385, #941, #1204 ) ;
#643 = ORIENTED_EDGE ( 'NONE', *, *, #84, .F. ) ;
#644 = CARTESIAN_POINT ( 'NONE',  ( 0.5161156666039552476, 8.414288540922228776, -29.42724792298367831 ) ) ;
#645 = EDGE_LOOP ( 'NONE', ( #3348, #3392, #3201, #2093 ) ) ;
#646 = TOROIDAL_SURFACE ( 'NONE', #1542, 7.199964183234047965, 1.000000000000000000 ) ;
#647 = CARTESIAN_POINT ( 'NONE',  ( 15.35003581676593498, 5.299964183234050275, -28.00000000000001066 ) ) ;
#648 = CARTESIAN_POINT ( 'NONE',  ( 0.4999999999999982792, 8.101430909750312992, -29.37082039324995364 ) ) ;
#649 = LINE ( 'NONE', #1524, #3093 ) ;
#650 = CIRCLE ( 'NONE', #2859, 1.950000000000000400 ) ;
#651 = ORIENTED_EDGE ( 'NONE', *, *, #3491, .T. ) ;
#652 = LINE ( 'NONE', #1206, #1001 ) ;
#653 = CIRCLE ( 'NONE', #596, 1.749999999999998002 ) ;
#654 = CARTESIAN_POINT ( 'NONE',  ( 28.74999999999998579, 7.299999999999998934, -6.699999999999995737 ) ) ;
#655 = DIRECTION ( 'NONE',  ( 0.000000000000000000, 0.000000000000000000, -1.000000000000000000 ) ) ;
#656 = DIRECTION ( 'NONE',  ( 8.540177112501211287E-16, 0.000000000000000000, -1.000000000000000000 ) ) ;
#657 = DIRECTION ( 'NONE',  ( -0.000000000000000000, -1.000000000000000000, -0.000000000000000000 ) ) ;
#658 = LINE ( 'NONE', #3179, #2318 ) ;
#659 = VERTEX_POINT ( 'NONE', #508 ) ;
#660 = PRODUCT_DEFINITION ( 'UNKNOWN', '', #3218, #3651 ) ;
#661 = EDGE_CURVE ( 'NONE', #2937, #2704, #3612, .T. ) ;
#662 = ORIENTED_EDGE ( 'NONE', *, *, #2650, .F. ) ;
#663 = CARTESIAN_POINT ( 'NONE',  ( 0.2446634550103275463, 7.484875840273842229, -29.78000289565249403 ) ) ;
#664 = ORIENTED_EDGE ( 'NONE', *, *, #3664, .T. ) ;
#665 = PRODUCT_DEFINITION_SHAPE ( 'NONE', 'NONE',  #660 ) ;
#666 = CARTESIAN_POINT ( 'NONE',  ( 0.1358612939885033288, 7.854393202135438123, -29.51361760594747707 ) ) ;
#667 = CARTESIAN_POINT ( 'NONE',  ( 27.74999999999998579, 14.34999999999999964, -19.99999999999999645 ) ) ;
#668 = CARTESIAN_POINT ( 'NONE',  ( 2.664535259100379799E-14, 14.34999999999999964, -27.00000000000001421 ) ) ;
#669 = ORIENTED_EDGE ( 'NONE', *, *, #455, .T. ) ;
#670 = DIRECTION ( 'NONE',  ( 0.000000000000000000, 0.000000000000000000, -1.000000000000000000 ) ) ;
#671 = CARTESIAN_POINT ( 'NONE',  ( 10.95003581676593640, 17.14999999999999858, -27.50000000000001421 ) ) ;
#672 = CARTESIAN_POINT ( 'NONE',  ( 20.22551099194993540, 2.136961726775594261, -27.55539921887114119 ) ) ;
#673 = DIRECTION ( 'NONE',  ( -0.000000000000000000, -1.000000000000000000, -0.000000000000000000 ) ) ;
#674 = CARTESIAN_POINT ( 'NONE',  ( 3.199999999999989964, 8.175000000000000711, -23.70000000000002416 ) ) ;
#675 = CARTESIAN_POINT ( 'NONE',  ( 0.000000000000000000, 14.34999999999999964, -19.99999999999999645 ) ) ;
#676 = VERTEX_POINT ( 'NONE', #1628 ) ;
#677 = ORIENTED_EDGE ( 'NONE', *, *, #601, .F. ) ;
#678 = EDGE_CURVE ( 'NONE', #2868, #3603, #577, .T. ) ;
#679 = CARTESIAN_POINT ( 'NONE',  ( 0.4999750119610903987, 8.209526503397480468, -29.37072908119111503 ) ) ;
#680 = EDGE_LOOP ( 'NONE', ( #3486, #3522, #177, #1074 ) ) ;
#681 = CARTESIAN_POINT ( 'NONE',  ( 0.5322195316398651288, 7.835337635760346586, -29.48007762568083123 ) ) ;
#682 = EDGE_CURVE ( 'NONE', #1575, #3133, #579, .T. ) ;
#683 = CYLINDRICAL_SURFACE ( 'NONE', #1596, 1.000000000000000000 ) ;
#684 = ORIENTED_EDGE ( 'NONE', *, *, #2171, .T. ) ;
#685 = CARTESIAN_POINT ( 'NONE',  ( 28.74999999999998579, 14.34999999999999964, -9.999999999999998224 ) ) ;
#686 = DIRECTION ( 'NONE',  ( 1.000000000000000000, 0.000000000000000000, -0.000000000000000000 ) ) ;
#687 = FACE_OUTER_BOUND ( 'NONE', #2147, .T. ) ;
#688 = LINE ( 'NONE', #429, #2377 ) ;
#689 = AXIS2_PLACEMENT_3D ( 'NONE', #638, #360, #1813 ) ;
#690 = CARTESIAN_POINT ( 'NONE',  ( 32.49999999999996447, 17.14999999999999858, -9.999999999999998224 ) ) ;
#691 = DIRECTION ( 'NONE',  ( -0.000000000000000000, -0.000000000000000000, 1.000000000000000000 ) ) ;
#692 = ORIENTED_EDGE ( 'NONE', *, *, #2669, .F. ) ;
#693 = VECTOR ( 'NONE', #192, 1000.000000000000000 ) ;
#694 = CARTESIAN_POINT ( 'NONE',  ( 1.907618451154584838, 6.438955797716436891, -30.93171935468518186 ) ) ;
#695 = AXIS2_PLACEMENT_3D ( 'NONE', #156, #2722, #737 ) ;
#696 = EDGE_LOOP ( 'NONE', ( #255, #1540, #3508, #2535 ) ) ;
#697 = EDGE_CURVE ( 'NONE', #1617, #3538, #3634, .T. ) ;
#698 = AXIS2_PLACEMENT_3D ( 'NONE', #1677, #3704, #2238 ) ;
#699 = CARTESIAN_POINT ( 'NONE',  ( 11.45003581676593463, 8.199964183234049742, -27.00000000000001421 ) ) ;
#700 = CARTESIAN_POINT ( 'NONE',  ( 33.99999999999995737, 17.14999999999999858, -6.699999999999995737 ) ) ;
#701 = ORIENTED_EDGE ( 'NONE', *, *, #1044, .T. ) ;
#702 = VECTOR ( 'NONE', #754, 1000.000000000000000 ) ;
#703 = ADVANCED_FACE ( 'NONE', ( #1006 ), #2572, .T. ) ;
#704 = ADVANCED_FACE ( 'NONE', ( #6, #1945 ), #3120, .F. ) ;
#705 = DIRECTION ( 'NONE',  ( -1.000000000000000000, 0.000000000000000000, -0.000000000000000000 ) ) ;
#706 = VECTOR ( 'NONE', #354, 1000.000000000000000 ) ;
#707 = DIRECTION ( 'NONE',  ( 0.000000000000000000, 0.000000000000000000, -1.000000000000000000 ) ) ;
#708 = VECTOR ( 'NONE', #1708, 1000.000000000000000 ) ;
#709 = VERTEX_POINT ( 'NONE', #3366 ) ;
#710 = EDGE_CURVE ( 'NONE', #1571, #721, #2673, .T. ) ;
#711 = DIRECTION ( 'NONE',  ( -0.000000000000000000, -0.000000000000000000, -1.000000000000000000 ) ) ;
#712 = AXIS2_PLACEMENT_3D ( 'NONE', #2635, #2888, #1161 ) ;
#713 = CARTESIAN_POINT ( 'NONE',  ( 21.68223341123964332, 2.000000000000002665, -27.05721339375754653 ) ) ;
#714 = CARTESIAN_POINT ( 'NONE',  ( 2.249999999999987121, 6.349999999999999645, -2.000000000000011990 ) ) ;
#715 = ORIENTED_EDGE ( 'NONE', *, *, #1069, .F. ) ;
#716 = ORIENTED_EDGE ( 'NONE', *, *, #3491, .F. ) ;
#717 = CARTESIAN_POINT ( 'NONE',  ( 1.837566058022703119, 6.451108347697498857, -31.12650789156328912 ) ) ;
#718 = VERTEX_POINT ( 'NONE', #2278 ) ;
#719 = CARTESIAN_POINT ( 'NONE',  ( 15.35003581676593853, 8.199964183234049742, -31.20000000000001350 ) ) ;
#720 = DIRECTION ( 'NONE',  ( 0.000000000000000000, 0.000000000000000000, 1.000000000000000000 ) ) ;
#721 = VERTEX_POINT ( 'NONE', #2856 ) ;
#722 = LINE ( 'NONE', #260, #708 ) ;
#723 = CARTESIAN_POINT ( 'NONE',  ( 35.49999999999996447, 7.299999999999998934, -7.499999999999995559 ) ) ;
#724 = DIRECTION ( 'NONE',  ( -1.000000000000000000, 0.000000000000000000, 0.000000000000000000 ) ) ;
#725 = ORIENTED_EDGE ( 'NONE', *, *, #2414, .F. ) ;
#726 = CARTESIAN_POINT ( 'NONE',  ( 18.39786253943820427, 2.861110420197836124, -27.00000000000001066 ) ) ;
#727 = ADVANCED_FACE ( 'NONE', ( #1962 ), #296, .F. ) ;
#728 = DIRECTION ( 'NONE',  ( 0.000000000000000000, 0.000000000000000000, 1.000000000000000000 ) ) ;
#729 = DIRECTION ( 'NONE',  ( 8.095376221225092411E-15, 0.000000000000000000, 1.000000000000000000 ) ) ;
#730 = ADVANCED_FACE ( 'NONE', ( #245 ), #3080, .T. ) ;
#731 = CARTESIAN_POINT ( 'NONE',  ( 0.000000000000000000, 14.34999999999999964, 0.000000000000000000 ) ) ;
#732 = ORIENTED_EDGE ( 'NONE', *, *, #2174, .F. ) ;
#733 = CARTESIAN_POINT ( 'NONE',  ( 33.99999999999995737, 5.799999999999999822, 2.903660218250408248E-14 ) ) ;
#734 = ORIENTED_EDGE ( 'NONE', *, *, #1374, .T. ) ;
#735 = CARTESIAN_POINT ( 'NONE',  ( 0.9584617452299226681, 6.988612414905624348, -30.26626993769531282 ) ) ;
#736 = EDGE_LOOP ( 'NONE', ( #2850, #2872, #3244, #2471 ) ) ;
#737 = DIRECTION ( 'NONE',  ( 0.000000000000000000, 0.000000000000000000, 1.000000000000000000 ) ) ;
#738 = CARTESIAN_POINT ( 'NONE',  ( 2.664535259100379799E-14, 17.14999999999999858, -31.20000000000002771 ) ) ;
#739 = VERTEX_POINT ( 'NONE', #1095 ) ;
#740 = DIRECTION ( 'NONE',  ( 8.540177112501211287E-16, -0.000000000000000000, -1.000000000000000000 ) ) ;
#741 = DIRECTION ( 'NONE',  ( -0.000000000000000000, 1.000000000000000000, -0.000000000000000000 ) ) ;
#742 = CARTESIAN_POINT ( 'NONE',  ( 3.199999999999969535, 8.175000000000000711, 0.001000000000001811289 ) ) ;
#743 = DIRECTION ( 'NONE',  ( 0.000000000000000000, 0.000000000000000000, 1.000000000000000000 ) ) ;
#744 = EDGE_LOOP ( 'NONE', ( #779, #1292, #2553, #257 ) ) ;
#745 = CARTESIAN_POINT ( 'NONE',  ( 28.74999999999998579, 14.34999999999999964, -4.199999999999995737 ) ) ;
#746 = ADVANCED_FACE ( 'NONE', ( #523 ), #3432, .T. ) ;
#747 = DIRECTION ( 'NONE',  ( 1.000000000000000000, 0.000000000000000000, 0.000000000000000000 ) ) ;
#748 = CARTESIAN_POINT ( 'NONE',  ( 2.249999999999987121, 6.349999999999999645, -2.950000000000012168 ) ) ;
#749 = LINE ( 'NONE', #3297, #167 ) ;
#750 = EDGE_LOOP ( 'NONE', ( #1128, #701, #2398, #1706, #363, #1702 ) ) ;
#751 = ADVANCED_FACE ( 'NONE', ( #1136 ), #3672, .F. ) ;
#752 = LINE ( 'NONE', #733, #2324 ) ;
#753 = ORIENTED_EDGE ( 'NONE', *, *, #3288, .F. ) ;
#754 = DIRECTION ( 'NONE',  ( -0.000000000000000000, -0.000000000000000000, -1.000000000000000000 ) ) ;
#755 = EDGE_LOOP ( 'NONE', ( #453, #2758, #3332, #3530, #3324, #64, #3434, #31, #1876, #2634 ) ) ;
#756 = CYLINDRICAL_SURFACE ( 'NONE', #399, 2.899999999999998135 ) ;
#757 = AXIS2_PLACEMENT_3D ( 'NONE', #745, #2430, #2712 ) ;
#758 = DIRECTION ( 'NONE',  ( 0.000000000000000000, -1.000000000000000000, 0.000000000000000000 ) ) ;
#759 = VERTEX_POINT ( 'NONE', #801 ) ;
#760 = AXIS2_PLACEMENT_3D ( 'NONE', #1789, #1508, #3527 ) ;
#761 = DIRECTION ( 'NONE',  ( 0.000000000000000000, 0.000000000000000000, -1.000000000000000000 ) ) ;
#762 = PLANE ( 'NONE',  #942 ) ;
#763 = VERTEX_POINT ( 'NONE', #313 ) ;
#764 = CIRCLE ( 'NONE', #1061, 1.000000000000000888 ) ;
#765 = DIRECTION ( 'NONE',  ( -0.000000000000000000, 1.000000000000000000, -0.000000000000000000 ) ) ;
#766 = CIRCLE ( 'NONE', #1121, 1.499999999999999556 ) ;
#767 = VECTOR ( 'NONE', #2816, 1000.000000000000000 ) ;
#768 = DIRECTION ( 'NONE',  ( 0.000000000000000000, 0.000000000000000000, -1.000000000000000000 ) ) ;
#769 = LINE ( 'NONE', #1364, #812 ) ;
#770 = DIRECTION ( 'NONE',  ( 1.000000000000000000, 0.000000000000000000, 0.000000000000000000 ) ) ;
#771 = CIRCLE ( 'NONE', #2083, 0.9499999999999995115 ) ;
#772 = VERTEX_POINT ( 'NONE', #1448 ) ;
#773 = LINE ( 'NONE', #175, #2806 ) ;
#774 = AXIS2_PLACEMENT_3D ( 'NONE', #1641, #2838, #275 ) ;
#775 = ORIENTED_EDGE ( 'NONE', *, *, #2881, .T. ) ;
#776 = CARTESIAN_POINT ( 'NONE',  ( 1.425099299845811851, 6.626751844090333243, -30.68557835889829377 ) ) ;
#777 = CC_DESIGN_PERSON_AND_ORGANIZATION_ASSIGNMENT ( #2406, #2982, ( #660 ) ) ;
#778 = EDGE_CURVE ( 'NONE', #2063, #759, #2597, .T. ) ;
#779 = ORIENTED_EDGE ( 'NONE', *, *, #504, .F. ) ;
#780 = AXIS2_PLACEMENT_3D ( 'NONE', #3193, #966, #73 ) ;
#781 = LINE ( 'NONE', #501, #1471 ) ;
#782 = CARTESIAN_POINT ( 'NONE',  ( 33.99999999999995737, 5.799999999999999822, -7.499999999999998224 ) ) ;
#783 = EDGE_LOOP ( 'NONE', ( #1315, #2550, #2315, #959 ) ) ;
#784 =( NAMED_UNIT ( * ) SI_UNIT ( $, .STERADIAN. ) SOLID_ANGLE_UNIT ( ) );
#785 = CARTESIAN_POINT ( 'NONE',  ( 32.49999999999997868, 16.35000000000000142, -31.19999999999999929 ) ) ;
#786 = CARTESIAN_POINT ( 'NONE',  ( 3.000000000000029754, 0.000000000000000000, -28.19999999999998863 ) ) ;
#787 = CYLINDRICAL_SURFACE ( 'NONE', #2251, 0.9499999999999995115 ) ;
#788 = DIRECTION ( 'NONE',  ( -1.000000000000000000, 0.000000000000000000, 0.000000000000000000 ) ) ;
#789 = DIRECTION ( 'NONE',  ( -0.000000000000000000, -1.000000000000000000, -0.000000000000000000 ) ) ;
#790 = CARTESIAN_POINT ( 'NONE',  ( 27.74999999999998579, 20.83836651245905713, -22.57999999999999474 ) ) ;
#791 = ORIENTED_EDGE ( 'NONE', *, *, #1069, .T. ) ;
#792 = DIRECTION ( 'NONE',  ( -1.000000000000000000, 0.000000000000000000, 0.000000000000000000 ) ) ;
#793 = VERTEX_POINT ( 'NONE', #2242 ) ;
#794 = CARTESIAN_POINT ( 'NONE',  ( 0.5321552429454060595, 8.514315454027888919, -29.47987228030815388 ) ) ;
#795 = ORIENTED_EDGE ( 'NONE', *, *, #778, .F. ) ;
#796 = ADVANCED_FACE ( 'NONE', ( #2687 ), #1219, .F. ) ;
#797 = CARTESIAN_POINT ( 'NONE',  ( 40.76439812258387008, 17.14999999999999858, -2.320904781386446292 ) ) ;
#798 = ORIENTED_EDGE ( 'NONE', *, *, #3466, .T. ) ;
#799 = CARTESIAN_POINT ( 'NONE',  ( 2.500000000000002665, 6.241092039418629334, -31.00000000000002487 ) ) ;
#800 = EDGE_CURVE ( 'NONE', #3054, #898, #2942, .T. ) ;
#801 = CARTESIAN_POINT ( 'NONE',  ( 15.35003581676593498, 4.299964183234050275, -27.00000000000001066 ) ) ;
#802 = DIRECTION ( 'NONE',  ( -0.000000000000000000, 1.000000000000000000, -0.000000000000000000 ) ) ;
#803 = CARTESIAN_POINT ( 'NONE',  ( 11.45003581676593640, 16.35000000000000142, -28.00000000000001421 ) ) ;
#804 = PLANE ( 'NONE',  #2551 ) ;
#805 = DIRECTION ( 'NONE',  ( -1.000000000000000000, 0.000000000000000000, -8.540177112501212273E-16 ) ) ;
#806 = ORIENTED_EDGE ( 'NONE', *, *, #1473, .F. ) ;
#807 = CARTESIAN_POINT ( 'NONE',  ( 27.74999999999998579, 2.000000000000000000, -2.599999999999998312 ) ) ;
#808 = ORIENTED_EDGE ( 'NONE', *, *, #1090, .F. ) ;
#809 = DIRECTION ( 'NONE',  ( -0.000000000000000000, -0.000000000000000000, -1.000000000000000000 ) ) ;
#810 = VERTEX_POINT ( 'NONE', #1543 ) ;
#811 = CARTESIAN_POINT ( 'NONE',  ( 0.6116137234418627111, 8.792652253835298026, -29.69210271051838390 ) ) ;
#812 = VECTOR ( 'NONE', #2491, 1000.000000000000000 ) ;
#813 = EDGE_LOOP ( 'NONE', ( #1285, #513 ) ) ;
#814 = EDGE_CURVE ( 'NONE', #914, #220, #2090, .T. ) ;
#815 = VECTOR ( 'NONE', #3406, 1000.000000000000000 ) ;
#816 = DIRECTION ( 'NONE',  ( -0.1282051282051304975, 0.9917476720930108458, 0.000000000000000000 ) ) ;
#817 = CARTESIAN_POINT ( 'NONE',  ( 18.58422968424606836, 2.753467182055215456, -27.12799858249857365 ) ) ;
#818 = LINE ( 'NONE', #2840, #3030 ) ;
#819 = EDGE_CURVE ( 'NONE', #2250, #2514, #2794, .T. ) ;
#820 = AXIS2_PLACEMENT_3D ( 'NONE', #3302, #1841, #1316 ) ;
#821 = EDGE_CURVE ( 'NONE', #198, #3696, #628, .T. ) ;
#822 = CARTESIAN_POINT ( 'NONE',  ( 33.49999999999996447, 14.34999999999999964, -8.999999999999998224 ) ) ;
#823 = AXIS2_PLACEMENT_3D ( 'NONE', #1681, #1164, #2293 ) ;
#824 = CARTESIAN_POINT ( 'NONE',  ( 0.000000000000000000, 2.000000000000000000, 0.000000000000000000 ) ) ;
#825 = DIRECTION ( 'NONE',  ( 0.000000000000000000, 1.000000000000000000, 0.000000000000000000 ) ) ;
#826 = ADVANCED_FACE ( 'NONE', ( #66, #610 ), #119, .T. ) ;
#827 = VECTOR ( 'NONE', #324, 1000.000000000000000 ) ;
#828 = CARTESIAN_POINT ( 'NONE',  ( 27.74999999999998579, 2.000000000000000000, -27.00000000000000000 ) ) ;
#829 = AXIS2_PLACEMENT_3D ( 'NONE', #1356, #1930, #1882 ) ;
#830 = AXIS2_PLACEMENT_3D ( 'NONE', #731, #3617, #1312 ) ;
#831 = EDGE_LOOP ( 'NONE', ( #3227, #2684, #3012, #2416 ) ) ;
#832 = CARTESIAN_POINT ( 'NONE',  ( 1.772017465886893461, 9.863601879481898038, -30.86797897740161645 ) ) ;
#833 = ORIENTED_EDGE ( 'NONE', *, *, #2848, .F. ) ;
#834 = VECTOR ( 'NONE', #2759, 1000.000000000000000 ) ;
#835 = VERTEX_POINT ( 'NONE', #44 ) ;
#836 = CARTESIAN_POINT ( 'NONE',  ( 2.193503663853475949, 9.929568382108215019, -30.98399179352507815 ) ) ;
#837 = ORIENTED_EDGE ( 'NONE', *, *, #2515, .F. ) ;
#838 = DIRECTION ( 'NONE',  ( 0.000000000000000000, 0.000000000000000000, -1.000000000000000000 ) ) ;
#839 = CARTESIAN_POINT ( 'NONE',  ( 20.48109928262078228, 2.068291288162677155, -27.46402743503831800 ) ) ;
#840 = CYLINDRICAL_SURFACE ( 'NONE', #933, 0.9500000000000002887 ) ;
#841 = CARTESIAN_POINT ( 'NONE',  ( 3.000000000000026645, 3.000000000000000000, -3.000000000000000000 ) ) ;
#842 = EDGE_CURVE ( 'NONE', #2514, #2250, #3147, .T. ) ;
#843 = CARTESIAN_POINT ( 'NONE',  ( 6.368163355566241312E-16, 17.14999999999999858, -26.00000000000001421 ) ) ;
#844 = LINE ( 'NONE', #1120, #3039 ) ;
#845 = CARTESIAN_POINT ( 'NONE',  ( 2.358913378794948557, 17.14999999999999858, -27.95107627553058549 ) ) ;
#846 = ADVANCED_FACE ( 'NONE', ( #1820 ), #369, .T. ) ;
#847 = VERTEX_POINT ( 'NONE', #904 ) ;
#848 = CARTESIAN_POINT ( 'NONE',  ( 0.4999999999999986122, 8.175000000000002487, -29.37082039324995719 ) ) ;
#849 = ORIENTED_EDGE ( 'NONE', *, *, #2589, .T. ) ;
#850 = ORIENTED_EDGE ( 'NONE', *, *, #800, .T. ) ;
#851 = DIRECTION ( 'NONE',  ( -1.000000000000000000, 0.000000000000000000, 0.000000000000000000 ) ) ;
#852 = ORIENTED_EDGE ( 'NONE', *, *, #1666, .T. ) ;
#853 = SPHERICAL_SURFACE ( 'NONE', #2744, 1.500000000000000000 ) ;
#854 = CARTESIAN_POINT ( 'NONE',  ( 19.42065103918033842, 2.370373532652681803, -27.83360070995783886 ) ) ;
#855 = FACE_OUTER_BOUND ( 'NONE', #3281, .T. ) ;
#856 = LINE ( 'NONE', #1682, #1187 ) ;
#857 = FACE_OUTER_BOUND ( 'NONE', #755, .T. ) ;
#858 = ADVANCED_BREP_SHAPE_REPRESENTATION ( 'Part1', ( #2754, #476 ), #3346 ) ;
#859 = ADVANCED_FACE ( 'NONE', ( #2906 ), #2047, .T. ) ;
#860 = DIRECTION ( 'NONE',  ( 0.000000000000000000, -1.000000000000000000, 0.000000000000000000 ) ) ;
#861 = CARTESIAN_POINT ( 'NONE',  ( 28.74999999999998579, 5.799999999999999822, -7.499999999999998224 ) ) ;
#862 = ORIENTED_EDGE ( 'NONE', *, *, #890, .F. ) ;
#863 = EDGE_CURVE ( 'NONE', #626, #341, #3204, .T. ) ;
#864 = ORIENTED_EDGE ( 'NONE', *, *, #1673, .T. ) ;
#865 = CARTESIAN_POINT ( 'NONE',  ( 0.7566695863223850127, 9.094078288617367889, -29.98091471118982554 ) ) ;
#866 = EDGE_LOOP ( 'NONE', ( #274, #3098 ) ) ;
#867 = LINE ( 'NONE', #2580, #474 ) ;
#868 = DIRECTION ( 'NONE',  ( 0.000000000000000000, -0.000000000000000000, 1.000000000000000000 ) ) ;
#869 = AXIS2_PLACEMENT_3D ( 'NONE', #1143, #2829, #1154 ) ;
#870 = CARTESIAN_POINT ( 'NONE',  ( 27.74999999999998579, 17.14999999999999858, -31.19999999999999929 ) ) ;
#871 = ORIENTED_EDGE ( 'NONE', *, *, #366, .F. ) ;
#872 = DIRECTION ( 'NONE',  ( 0.000000000000000000, -1.000000000000000000, 0.000000000000000000 ) ) ;
#873 = AXIS2_PLACEMENT_3D ( 'NONE', #2403, #3542, #2163 ) ;
#874 = DIRECTION ( 'NONE',  ( 0.000000000000000000, 0.000000000000000000, -1.000000000000000000 ) ) ;
#875 = CIRCLE ( 'NONE', #2202, 2.500000000000000444 ) ;
#876 = ORIENTED_EDGE ( 'NONE', *, *, #2772, .T. ) ;
#877 = DIRECTION ( 'NONE',  ( 0.000000000000000000, -1.000000000000000000, 0.000000000000000000 ) ) ;
#878 = CIRCLE ( 'NONE', #1658, 1.499999999999999556 ) ;
#879 = ORIENTED_EDGE ( 'NONE', *, *, #3107, .F. ) ;
#880 = AXIS2_PLACEMENT_3D ( 'NONE', #2428, #2152, #3609 ) ;
#881 = AXIS2_PLACEMENT_3D ( 'NONE', #2286, #3680, #1073 ) ;
#882 = EDGE_LOOP ( 'NONE', ( #1243, #1158, #2435 ) ) ;
#883 = EDGE_CURVE ( 'NONE', #2579, #77, #1475, .T. ) ;
#884 = CARTESIAN_POINT ( 'NONE',  ( 0.5053601014095867594, 8.033833686310767774, -29.39014979631971514 ) ) ;
#885 = EDGE_LOOP ( 'NONE', ( #1165, #1565, #2187, #466, #1927 ) ) ;
#886 = AXIS2_PLACEMENT_3D ( 'NONE', #2010, #5, #838 ) ;
#887 = CARTESIAN_POINT ( 'NONE',  ( 1.254693411654647539, 6.437592614703971705, -30.87298244445462814 ) ) ;
#888 = CARTESIAN_POINT ( 'NONE',  ( 0.5734276073682750274, 7.659087169275660578, -29.60037757492952082 ) ) ;
#889 = VECTOR ( 'NONE', #80, 1000.000000000000000 ) ;
#890 = EDGE_CURVE ( 'NONE', #1801, #763, #2651, .T. ) ;
#891 = PLANE ( 'NONE',  #403 ) ;
#892 = ORIENTED_EDGE ( 'NONE', *, *, #821, .F. ) ;
#893 = FACE_OUTER_BOUND ( 'NONE', #1535, .T. ) ;
#894 = DIRECTION ( 'NONE',  ( 0.000000000000000000, 0.000000000000000000, -1.000000000000000000 ) ) ;
#895 = CARTESIAN_POINT ( 'NONE',  ( 30.24999999999998579, 6.349999999999999645, -1.050000000000011369 ) ) ;
#896 = ORIENTED_EDGE ( 'NONE', *, *, #3111, .F. ) ;
#897 = PLANE ( 'NONE',  #3211 ) ;
#898 = VERTEX_POINT ( 'NONE', #2387 ) ;
#899 = EDGE_LOOP ( 'NONE', ( #3077, #3637 ) ) ;
#900 = CARTESIAN_POINT ( 'NONE',  ( 0.5082526821022793628, 8.348003375715714824, -29.40041161737346442 ) ) ;
#901 = ORIENTED_EDGE ( 'NONE', *, *, #3616, .T. ) ;
#902 = EDGE_CURVE ( 'NONE', #759, #936, #2252, .T. ) ;
#903 = CARTESIAN_POINT ( 'NONE',  ( 0.2507353155079274920, 7.462070141291300196, -29.79781781563455922 ) ) ;
#904 = CARTESIAN_POINT ( 'NONE',  ( 27.74999999999998579, 4.799999999999999822, -7.499999999999998224 ) ) ;
#905 = CARTESIAN_POINT ( 'NONE',  ( 21.55003581676593782, 2.000000000000000888, -27.00000000000000355 ) ) ;
#906 = ORIENTED_EDGE ( 'NONE', *, *, #3442, .T. ) ;
#907 = ADVANCED_FACE ( 'NONE', ( #1262 ), #756, .F. ) ;
#908 = CARTESIAN_POINT ( 'NONE',  ( 11.45003581676593640, 16.35000000000000142, -27.00000000000001421 ) ) ;
#909 = DIRECTION ( 'NONE',  ( -0.000000000000000000, -1.000000000000000000, -0.000000000000000000 ) ) ;
#910 = PLANE ( 'NONE',  #3385 ) ;
#911 = CARTESIAN_POINT ( 'NONE',  ( 28.74999999999998579, 7.299999999999998934, -6.699999999999995737 ) ) ;
#912 = LINE ( 'NONE', #953, #3141 ) ;
#913 = CARTESIAN_POINT ( 'NONE',  ( 32.49999999999993605, 17.14999999999999858, 0.000000000000000000 ) ) ;
#914 = VERTEX_POINT ( 'NONE', #457 ) ;
#915 = EDGE_LOOP ( 'NONE', ( #3049, #725, #1874, #1991 ) ) ;
#916 = CARTESIAN_POINT ( 'NONE',  ( 0.4665995969572399038, 7.941910535697473073, -30.24252597596875347 ) ) ;
#917 = ORIENTED_EDGE ( 'NONE', *, *, #1411, .T. ) ;
#918 = CARTESIAN_POINT ( 'NONE',  ( 2.249999999999987121, 14.34999999999999964, -2.000000000000011990 ) ) ;
#919 = CARTESIAN_POINT ( 'NONE',  ( 1.399096326533010970, 6.623302869132506210, -30.68614801539548154 ) ) ;
#920 = CARTESIAN_POINT ( 'NONE',  ( 24.62328641355956904, 2.000000000000033751, -27.00000000000001066 ) ) ;
#921 = ORIENTED_EDGE ( 'NONE', *, *, #3078, .T. ) ;
#922 = FACE_OUTER_BOUND ( 'NONE', #696, .T. ) ;
#923 = CARTESIAN_POINT ( 'NONE',  ( 32.49999999999997158, 14.34999999999999964, -19.99999999999999645 ) ) ;
#924 = EDGE_CURVE ( 'NONE', #1268, #793, #1169, .T. ) ;
#925 = CIRCLE ( 'NONE', #869, 1.000000000000000000 ) ;
#926 = LINE ( 'NONE', #3273, #3046 ) ;
#927 = CIRCLE ( 'NONE', #2009, 1.000000000000000000 ) ;
#928 = LINE ( 'NONE', #2077, #1226 ) ;
#929 = EDGE_CURVE ( 'NONE', #1986, #1653, #1536, .T. ) ;
#930 = LINE ( 'NONE', #2099, #3456 ) ;
#931 = VERTEX_POINT ( 'NONE', #1637 ) ;
#932 = VECTOR ( 'NONE', #3171, 1000.000000000000000 ) ;
#933 = AXIS2_PLACEMENT_3D ( 'NONE', #545, #2857, #1396 ) ;
#934 = ORIENTED_EDGE ( 'NONE', *, *, #3477, .T. ) ;
#935 = CARTESIAN_POINT ( 'NONE',  ( 0.4392368044798597992, 8.274456925216128411, -30.33492924132405832 ) ) ;
#936 = VERTEX_POINT ( 'NONE', #699 ) ;
#937 = VECTOR ( 'NONE', #2295, 1000.000000000000000 ) ;
#938 = CIRCLE ( 'NONE', #2136, 1.500000000000001332 ) ;
#939 = CARTESIAN_POINT ( 'NONE',  ( 2.500000000000002665, 6.241092039418628445, -31.20000000000002416 ) ) ;
#940 = DIRECTION ( 'NONE',  ( -1.000000000000000000, 0.000000000000000000, 0.000000000000000000 ) ) ;
#941 = DIRECTION ( 'NONE',  ( 0.000000000000000000, 0.000000000000000000, 1.000000000000000000 ) ) ;
#942 = AXIS2_PLACEMENT_3D ( 'NONE', #723, #1907, #3048 ) ;
#943 = VECTOR ( 'NONE', #2545, 1000.000000000000000 ) ;
#944 = ORIENTED_EDGE ( 'NONE', *, *, #1452, .T. ) ;
#945 = AXIS2_PLACEMENT_3D ( 'NONE', #3208, #1223, #2368 ) ;
#946 = CARTESIAN_POINT ( 'NONE',  ( 0.000000000000000000, 17.14999999999999858, 0.000000000000000000 ) ) ;
#947 = VECTOR ( 'NONE', #1892, 1000.000000000000000 ) ;
#948 = DIRECTION ( 'NONE',  ( 0.000000000000000000, 0.000000000000000000, 1.000000000000000000 ) ) ;
#949 = CARTESIAN_POINT ( 'NONE',  ( 18.39786253943820071, 2.861110420197836568, -28.00000000000000711 ) ) ;
#950 = VECTOR ( 'NONE', #2473, 1000.000000000000000 ) ;
#951 = EDGE_CURVE ( 'NONE', #3554, #640, #2494, .T. ) ;
#952 = DIRECTION ( 'NONE',  ( 0.000000000000000000, 0.000000000000000000, -1.000000000000000000 ) ) ;
#953 = CARTESIAN_POINT ( 'NONE',  ( 29.29999999999999005, 8.175000000000000711, -15.49999999999999645 ) ) ;
#954 = CYLINDRICAL_SURFACE ( 'NONE', #469, 0.9500000000000007327 ) ;
#955 = ORIENTED_EDGE ( 'NONE', *, *, #1924, .T. ) ;
#956 = EDGE_CURVE ( 'NONE', #1131, #676, #3444, .T. ) ;
#957 = EDGE_LOOP ( 'NONE', ( #2595, #2833 ) ) ;
#958 = CARTESIAN_POINT ( 'NONE',  ( 0.4431224867065037820, 8.250227056491151956, -30.25188146694358693 ) ) ;
#959 = ORIENTED_EDGE ( 'NONE', *, *, #2589, .F. ) ;
#960 = CARTESIAN_POINT ( 'NONE',  ( 40.10007163353182591, 0.000000000000000000, -28.19999999999998863 ) ) ;
#961 = CARTESIAN_POINT ( 'NONE',  ( 24.45096630042754526, 2.718686414904756710, -27.98916190096610634 ) ) ;
#962 = ORIENTED_EDGE ( 'NONE', *, *, #2966, .T. ) ;
#963 = PLANE ( 'NONE',  #2145 ) ;
#964 = CARTESIAN_POINT ( 'NONE',  ( 0.000000000000000000, 14.34999999999999964, -19.99999999999999645 ) ) ;
#965 = CARTESIAN_POINT ( 'NONE',  ( 28.74999999999998579, 7.299999999999998934, -9.999999999999998224 ) ) ;
#966 = DIRECTION ( 'NONE',  ( 0.000000000000000000, -1.000000000000000000, 0.000000000000000000 ) ) ;
#967 = CARTESIAN_POINT ( 'NONE',  ( 4.749999999999986677, 14.34999999999999964, -27.00000000000002487 ) ) ;
#968 = CARTESIAN_POINT ( 'NONE',  ( 28.74999999999998579, 7.299999999999998934, -8.999999999999998224 ) ) ;
#969 = ADVANCED_FACE ( 'NONE', ( #976 ), #2121, .F. ) ;
#970 = VERTEX_POINT ( 'NONE', #3604 ) ;
#971 = EDGE_LOOP ( 'NONE', ( #2985, #2274, #1506, #3450 ) ) ;
#972 = CARTESIAN_POINT ( 'NONE',  ( 4.749999999999986677, 2.000000000000000000, -19.99999999999999645 ) ) ;
#973 = ADVANCED_FACE ( 'NONE', ( #3585 ), #1017, .T. ) ;
#974 = ADVANCED_FACE ( 'NONE', ( #1619 ), #2781, .F. ) ;
#975 = ORIENTED_EDGE ( 'NONE', *, *, #427, .F. ) ;
#976 = FACE_OUTER_BOUND ( 'NONE', #2753, .T. ) ;
#977 = CARTESIAN_POINT ( 'NONE',  ( 24.70220909409368204, 2.861110420197833015, -27.00000000000000355 ) ) ;
#978 = ADVANCED_FACE ( 'NONE', ( #994, #2763, #1280 ), #1333, .F. ) ;
#979 = VERTEX_POINT ( 'NONE', #3559 ) ;
#980 = APPLICATION_PROTOCOL_DEFINITION ( 'international standard', 'config_control_design', 1994, #3140 ) ;
#981 = FACE_OUTER_BOUND ( 'NONE', #1264, .T. ) ;
#982 = CARTESIAN_POINT ( 'NONE',  ( 3.000000000000029754, 3.000000000000000000, -27.24999999999998934 ) ) ;
#983 = ORIENTED_EDGE ( 'NONE', *, *, #3427, .F. ) ;
#984 = CARTESIAN_POINT ( 'NONE',  ( 32.49999999999997868, 16.35000000000000142, -27.00000000000001421 ) ) ;
#985 = DIRECTION ( 'NONE',  ( 0.000000000000000000, 0.000000000000000000, -1.000000000000000000 ) ) ;
#986 = CYLINDRICAL_SURFACE ( 'NONE', #1528, 0.9500000000000002887 ) ;
#987 = CARTESIAN_POINT ( 'NONE',  ( 21.55003581676594138, 8.199964183234049742, -31.20000000000000639 ) ) ;
#988 = EDGE_LOOP ( 'NONE', ( #2981, #2139, #3583, #1607 ) ) ;
#989 = ORIENTED_EDGE ( 'NONE', *, *, #1087, .F. ) ;
#990 = CARTESIAN_POINT ( 'NONE',  ( 1.217266664704249157, 6.756904313679268803, -30.52958005798167918 ) ) ;
#991 = AXIS2_PLACEMENT_3D ( 'NONE', #144, #1286, #3571 ) ;
#992 = VERTEX_POINT ( 'NONE', #1035 ) ;
#993 = EDGE_CURVE ( 'NONE', #1476, #341, #525, .T. ) ;
#994 = FACE_BOUND ( 'NONE', #1389, .T. ) ;
#995 = DIRECTION ( 'NONE',  ( 0.000000000000000000, 1.000000000000000000, 0.000000000000000000 ) ) ;
#996 = EDGE_LOOP ( 'NONE', ( #58, #2178 ) ) ;
#997 = AXIS2_PLACEMENT_3D ( 'NONE', #2699, #2434, #1290 ) ;
#998 = COORDINATED_UNIVERSAL_TIME_OFFSET ( 8, 0, .BEHIND. ) ;
#999 = PLANE ( 'NONE',  #1242 ) ;
#1000 = EDGE_CURVE ( 'NONE', #3467, #1986, #3015, .T. ) ;
#1001 = VECTOR ( 'NONE', #2930, 1000.000000000000000 ) ;
#1002 = CARTESIAN_POINT ( 'NONE',  ( 27.74999999999998579, 14.34999999999999964, -19.99999999999999645 ) ) ;
#1003 = CIRCLE ( 'NONE', #3099, 0.9499999999999995115 ) ;
#1004 = DIRECTION ( 'NONE',  ( 0.000000000000000000, 0.000000000000000000, -1.000000000000000000 ) ) ;
#1005 = VERTEX_POINT ( 'NONE', #2481 ) ;
#1006 = FACE_OUTER_BOUND ( 'NONE', #2027, .T. ) ;
#1007 = AXIS2_PLACEMENT_3D ( 'NONE', #3055, #1589, #3372 ) ;
#1008 = DIRECTION ( 'NONE',  ( 0.000000000000000000, 1.000000000000000000, 0.000000000000000000 ) ) ;
#1009 = VECTOR ( 'NONE', #1995, 1000.000000000000000 ) ;
#1010 = CARTESIAN_POINT ( 'NONE',  ( 32.49999999999997158, 14.34999999999999964, -19.99999999999999645 ) ) ;
#1011 = CARTESIAN_POINT ( 'NONE',  ( 31.49999999999997868, 16.35000000000000142, -26.00000000000001421 ) ) ;
#1012 = ORIENTED_EDGE ( 'NONE', *, *, #272, .T. ) ;
#1013 = CARTESIAN_POINT ( 'NONE',  ( 0.6851703072756750723, 6.832096534703105739, -30.42507441705190274 ) ) ;
#1014 = ORIENTED_EDGE ( 'NONE', *, *, #890, .T. ) ;
#1015 = CARTESIAN_POINT ( 'NONE',  ( 2.249999999999999556, 8.175000000000000711, -31.00000000000002487 ) ) ;
#1016 = ORIENTED_EDGE ( 'NONE', *, *, #2896, .F. ) ;
#1017 = PLANE ( 'NONE',  #2310 ) ;
#1018 = CARTESIAN_POINT ( 'NONE',  ( 32.49999999999997868, 16.35000000000000142, -25.00000000000001421 ) ) ;
#1019 = ORIENTED_EDGE ( 'NONE', *, *, #924, .F. ) ;
#1020 = ADVANCED_FACE ( 'NONE', ( #3623 ), #1054, .F. ) ;
#1021 = APPROVAL_STATUS ( 'not_yet_approved' ) ;
#1022 = LINE ( 'NONE', #1337, #2974 ) ;
#1023 = DIRECTION ( 'NONE',  ( -0.000000000000000000, -1.000000000000000000, -0.000000000000000000 ) ) ;
#1024 = EDGE_LOOP ( 'NONE', ( #3536, #1557, #3685, #622 ) ) ;
#1025 = LINE ( 'NONE', #2212, #2847 ) ;
#1026 = EDGE_CURVE ( 'NONE', #1131, #2728, #781, .T. ) ;
#1027 = DIRECTION ( 'NONE',  ( 0.1282051282051304975, 0.9917476720930108458, 0.000000000000000000 ) ) ;
#1028 = CARTESIAN_POINT ( 'NONE',  ( 3.000000000000026645, 3.000000000000000000, -3.949999999999998845 ) ) ;
#1029 = DIRECTION ( 'NONE',  ( 0.5084179818089679115, -0.8611104201978372341, 0.000000000000000000 ) ) ;
#1030 = ORIENTED_EDGE ( 'NONE', *, *, #2772, .F. ) ;
#1031 = CARTESIAN_POINT ( 'NONE',  ( 43.10007163353181170, -1.298134379673746707E-15, 20.16144882284027062 ) ) ;
#1032 = VERTEX_POINT ( 'NONE', #2979 ) ;
#1033 = CARTESIAN_POINT ( 'NONE',  ( 0.6639754063697336228, 6.853025260150499065, -30.40246732056299450 ) ) ;
#1034 = VERTEX_POINT ( 'NONE', #438 ) ;
#1035 = CARTESIAN_POINT ( 'NONE',  ( 27.74999999999998579, 4.799999999999999822, -6.699999999999995737 ) ) ;
#1036 = CARTESIAN_POINT ( 'NONE',  ( 16.07011283615890918, 5.299964183234046722, -28.00000000000000711 ) ) ;
#1037 = ORIENTED_EDGE ( 'NONE', *, *, #800, .F. ) ;
#1038 = CYLINDRICAL_SURFACE ( 'NONE', #1305, 0.9499999999999998446 ) ;
#1039 = CARTESIAN_POINT ( 'NONE',  ( 1.299999999999986944, 8.175000000000000711, -19.99999999999999645 ) ) ;
#1040 = CARTESIAN_POINT ( 'NONE',  ( 32.49999999999993605, 17.14999999999999858, 20.16144882284025996 ) ) ;
#1041 = ORIENTED_EDGE ( 'NONE', *, *, #1897, .T. ) ;
#1042 = FACE_OUTER_BOUND ( 'NONE', #2493, .T. ) ;
#1043 = DIRECTION ( 'NONE',  ( 0.000000000000000000, -1.000000000000000000, 0.000000000000000000 ) ) ;
#1044 = EDGE_CURVE ( 'NONE', #3044, #3467, #1957, .T. ) ;
#1045 = ADVANCED_FACE ( 'NONE', ( #1726 ), #3413, .F. ) ;
#1046 = DIRECTION ( 'NONE',  ( -0.000000000000000000, 1.000000000000000000, -0.000000000000000000 ) ) ;
#1047 = LINE ( 'NONE', #447, #1903 ) ;
#1048 = ORIENTED_EDGE ( 'NONE', *, *, #3315, .F. ) ;
#1049 = CARTESIAN_POINT ( 'NONE',  ( 4.749999999999986677, 14.34999999999999964, -2.599999999999998312 ) ) ;
#1050 = EDGE_CURVE ( 'NONE', #718, #3601, #518, .T. ) ;
#1051 = ORIENTED_EDGE ( 'NONE', *, *, #902, .F. ) ;
#1052 = CARTESIAN_POINT ( 'NONE',  ( 1.229157536868202616, 6.449809199823777206, -30.85823734908904470 ) ) ;
#1053 = ORIENTED_EDGE ( 'NONE', *, *, #148, .F. ) ;
#1054 = CYLINDRICAL_SURFACE ( 'NONE', #3564, 0.9499999999999995115 ) ;
#1055 = AXIS2_PLACEMENT_3D ( 'NONE', #2787, #2771, #225 ) ;
#1056 = CARTESIAN_POINT ( 'NONE',  ( 32.49999999999997158, 14.34999999999999964, -19.99999999999999645 ) ) ;
#1057 = EDGE_LOOP ( 'NONE', ( #69, #1173, #2993, #1838, #3463, #2870 ) ) ;
#1058 = AXIS2_PLACEMENT_3D ( 'NONE', #3245, #2365, #1806 ) ;
#1059 = LINE ( 'NONE', #2690, #1840 ) ;
#1060 = CARTESIAN_POINT ( 'NONE',  ( 29.24999999999998934, 17.14999999999999858, -26.00000000000001421 ) ) ;
#1061 = AXIS2_PLACEMENT_3D ( 'NONE', #3136, #7, #314 ) ;
#1062 = AXIS2_PLACEMENT_3D ( 'NONE', #3458, #1496, #2910 ) ;
#1063 = AXIS2_PLACEMENT_3D ( 'NONE', #1272, #2715, #2475 ) ;
#1064 = PLANE ( 'NONE',  #299 ) ;
#1065 = DIRECTION ( 'NONE',  ( -1.000000000000000000, 0.000000000000000000, 0.000000000000000000 ) ) ;
#1066 = LINE ( 'NONE', #790, #3647 ) ;
#1067 = CIRCLE ( 'NONE', #3577, 0.1999999999999996503 ) ;
#1068 = ORIENTED_EDGE ( 'NONE', *, *, #2055, .F. ) ;
#1069 = EDGE_CURVE ( 'NONE', #2353, #739, #161, .T. ) ;
#1070 = DIRECTION ( 'NONE',  ( -0.000000000000000000, 1.000000000000000000, 0.000000000000000000 ) ) ;
#1071 = VECTOR ( 'NONE', #2587, 1000.000000000000000 ) ;
#1072 = ORIENTED_EDGE ( 'NONE', *, *, #1319, .F. ) ;
#1073 = DIRECTION ( 'NONE',  ( -1.000000000000000000, 0.000000000000000000, 0.000000000000000000 ) ) ;
#1074 = ORIENTED_EDGE ( 'NONE', *, *, #181, .F. ) ;
#1075 = EDGE_CURVE ( 'NONE', #936, #3644, #2169, .T. ) ;
#1076 = CARTESIAN_POINT ( 'NONE',  ( 3.999999999999993339, 8.175000000000000711, -23.70000000000002416 ) ) ;
#1077 = VERTEX_POINT ( 'NONE', #1883 ) ;
#1078 = CARTESIAN_POINT ( 'NONE',  ( 2.500000000000002665, 10.10890796058136942, -31.20000000000002416 ) ) ;
#1079 = LINE ( 'NONE', #2752, #3097 ) ;
#1080 = DIRECTION ( 'NONE',  ( -0.000000000000000000, 1.000000000000000000, -0.000000000000000000 ) ) ;
#1081 = FACE_OUTER_BOUND ( 'NONE', #2153, .T. ) ;
#1082 = CARTESIAN_POINT ( 'NONE',  ( 35.49999999999996447, 7.299999999999998934, -7.499999999999997335 ) ) ;
#1083 = CARTESIAN_POINT ( 'NONE',  ( 29.29999999999997229, 8.175000000000000711, 0.001000000000021005571 ) ) ;
#1084 = ORIENTED_EDGE ( 'NONE', *, *, #1825, .T. ) ;
#1085 = LINE ( 'NONE', #1031, #834 ) ;
#1086 = ORIENTED_EDGE ( 'NONE', *, *, #3059, .T. ) ;
#1087 = EDGE_CURVE ( 'NONE', #3037, #2363, #2073, .T. ) ;
#1088 = CARTESIAN_POINT ( 'NONE',  ( 0.8689492150298648854, 9.273714472092121852, -30.16796576579104183 ) ) ;
#1089 = ORIENTED_EDGE ( 'NONE', *, *, #2118, .F. ) ;
#1090 = EDGE_CURVE ( 'NONE', #1676, #1488, #3504, .T. ) ;
#1091 = EDGE_CURVE ( 'NONE', #2024, #3003, #3333, .T. ) ;
#1092 = CARTESIAN_POINT ( 'NONE',  ( 0.2690569078513138090, 8.921668713966719011, -29.82977752601055954 ) ) ;
#1093 = ORIENTED_EDGE ( 'NONE', *, *, #1115, .T. ) ;
#1094 = CARTESIAN_POINT ( 'NONE',  ( 29.29999999999999005, 8.175000000000000711, -15.49999999999999645 ) ) ;
#1095 = CARTESIAN_POINT ( 'NONE',  ( 40.86495314021180292, 11.14999999999999858, -29.71343258757277184 ) ) ;
#1096 = EDGE_CURVE ( 'NONE', #709, #1634, #1626, .T. ) ;
#1097 = CARTESIAN_POINT ( 'NONE',  ( 40.76439812258387008, 11.14999999999999858, -2.320904781386446292 ) ) ;
#1098 = DIRECTION ( 'NONE',  ( 1.000000000000000000, 0.000000000000000000, 5.782411586589351722E-16 ) ) ;
#1099 = DIRECTION ( 'NONE',  ( 0.000000000000000000, -0.000000000000000000, -1.000000000000000000 ) ) ;
#1100 = DIRECTION ( 'NONE',  ( -8.540177112501211287E-16, -0.000000000000000000, 1.000000000000000000 ) ) ;
#1101 = ORIENTED_EDGE ( 'NONE', *, *, #592, .T. ) ;
#1102 = CARTESIAN_POINT ( 'NONE',  ( 2.358913378794948557, 11.14999999999999858, -29.85107627553058407 ) ) ;
#1103 = EDGE_LOOP ( 'NONE', ( #1595, #2884, #259, #1053 ) ) ;
#1104 = CARTESIAN_POINT ( 'NONE',  ( 0.5046791698421051464, 8.319507275831657722, -29.38830216078069313 ) ) ;
#1105 = ORIENTED_EDGE ( 'NONE', *, *, #1452, .F. ) ;
#1106 = ORIENTED_EDGE ( 'NONE', *, *, #2740, .T. ) ;
#1107 = CARTESIAN_POINT ( 'NONE',  ( 30.24999999999999645, 8.175000000000000711, -23.70000000000000284 ) ) ;
#1108 = VERTEX_POINT ( 'NONE', #1357 ) ;
#1109 = EDGE_CURVE ( 'NONE', #1723, #992, #875, .T. ) ;
#1110 = VECTOR ( 'NONE', #3369, 1000.000000000000000 ) ;
#1111 = CARTESIAN_POINT ( 'NONE',  ( 4.749999999999986677, 14.34999999999999964, 0.000000000000000000 ) ) ;
#1112 = CARTESIAN_POINT ( 'NONE',  ( 19.38610983347602357, 2.000000000000031086, -27.00000000000004263 ) ) ;
#1113 = FACE_OUTER_BOUND ( 'NONE', #1335, .T. ) ;
#1114 = VECTOR ( 'NONE', #201, 1000.000000000000000 ) ;
#1115 = EDGE_CURVE ( 'NONE', #1815, #3606, #465, .T. ) ;
#1116 = DIRECTION ( 'NONE',  ( -8.540177112501212273E-16, 0.000000000000000000, 1.000000000000000000 ) ) ;
#1117 = CIRCLE ( 'NONE', #100, 1.000000000000000000 ) ;
#1118 = B_SPLINE_CURVE_WITH_KNOTS ( 'NONE', 3,
 ( #2012, #1980, #3382, #3121, #278, #1695, #3103, #1413 ),
 .UNSPECIFIED., .F., .F.,
 ( 4, 2, 2, 4 ),
 ( -1.574797026067267539E-05, 0.001894046183488237549, 0.002848943260362692392, 0.003803840337237147668 ),
 .UNSPECIFIED. ) ;
#1119 = CARTESIAN_POINT ( 'NONE',  ( 33.49999999999995737, 14.34999999999999964, -4.199999999999996625 ) ) ;
#1120 = CARTESIAN_POINT ( 'NONE',  ( 0.000000000000000000, 2.000000000000000000, 0.000000000000000000 ) ) ;
#1121 = AXIS2_PLACEMENT_3D ( 'NONE', #911, #1568, #985 ) ;
#1122 = VECTOR ( 'NONE', #2830, 1000.000000000000000 ) ;
#1123 = CARTESIAN_POINT ( 'NONE',  ( 4.749999999999986677, 20.83836651245905713, -22.57999999999999474 ) ) ;
#1124 = AXIS2_PLACEMENT_3D ( 'NONE', #964, #2111, #686 ) ;
#1125 = TOROIDAL_SURFACE ( 'NONE', #107, 1.949999999999999956, 0.2000000000000000111 ) ;
#1126 = EDGE_LOOP ( 'NONE', ( #500, #306 ) ) ;
#1127 = DIRECTION ( 'NONE',  ( -1.000000000000000000, 0.000000000000000000, 0.000000000000000000 ) ) ;
#1128 = ORIENTED_EDGE ( 'NONE', *, *, #3495, .T. ) ;
#1129 = LOCAL_TIME ( 12, 37, 34.00000000000000000, #1904 ) ;
#1130 = VECTOR ( 'NONE', #1454, 1000.000000000000000 ) ;
#1131 = VERTEX_POINT ( 'NONE', #1323 ) ;
#1132 = CARTESIAN_POINT ( 'NONE',  ( 1.442709469956085400, 9.738141606490369639, -30.97201664651530706 ) ) ;
#1133 = AXIS2_PLACEMENT_3D ( 'NONE', #3690, #561, #2264 ) ;
#1134 = ORIENTED_EDGE ( 'NONE', *, *, #3648, .T. ) ;
#1135 = DIRECTION ( 'NONE',  ( 1.000000000000000000, 0.000000000000000000, 0.000000000000000000 ) ) ;
#1136 = FACE_OUTER_BOUND ( 'NONE', #33, .T. ) ;
#1137 = DIRECTION ( 'NONE',  ( 0.000000000000000000, 0.000000000000000000, -1.000000000000000000 ) ) ;
#1138 = EDGE_CURVE ( 'NONE', #1005, #810, #1642, .T. ) ;
#1139 = CARTESIAN_POINT ( 'NONE',  ( 32.20000000000000284, 8.175000000000000711, -31.19999999999999929 ) ) ;
#1140 = DIRECTION ( 'NONE',  ( 1.000000000000000000, 0.000000000000000000, 0.000000000000000000 ) ) ;
#1141 = EDGE_CURVE ( 'NONE', #739, #3058, #2211, .T. ) ;
#1142 = CARTESIAN_POINT ( 'NONE',  ( 31.19999999999998863, 8.175000000000000711, -15.49999999999999645 ) ) ;
#1143 = CARTESIAN_POINT ( 'NONE',  ( 28.74999999999998579, 14.34999999999999964, -4.199999999999995737 ) ) ;
#1144 = DIRECTION ( 'NONE',  ( 0.000000000000000000, -1.000000000000000000, 0.000000000000000000 ) ) ;
#1145 = VERTEX_POINT ( 'NONE', #1946 ) ;
#1146 = ORIENTED_EDGE ( 'NONE', *, *, #2372, .F. ) ;
#1147 = CARTESIAN_POINT ( 'NONE',  ( 0.9571060569514825422, 9.360038302053807158, -30.26476050089745229 ) ) ;
#1148 = ORIENTED_EDGE ( 'NONE', *, *, #1115, .F. ) ;
#1149 = DIRECTION ( 'NONE',  ( -8.540177112501211287E-16, -0.000000000000000000, 1.000000000000000000 ) ) ;
#1150 = CARTESIAN_POINT ( 'NONE',  ( 3.000000000000029754, 0.000000000000000000, -28.19999999999998863 ) ) ;
#1151 = CARTESIAN_POINT ( 'NONE',  ( 31.19999999999999218, 8.175000000000000711, -23.70000000000000284 ) ) ;
#1152 = DIRECTION ( 'NONE',  ( 1.000000000000000000, 0.000000000000000000, 0.000000000000000000 ) ) ;
#1153 = EDGE_CURVE ( 'NONE', #2084, #718, #1661, .T. ) ;
#1154 = DIRECTION ( 'NONE',  ( 0.000000000000000000, 0.000000000000000000, -1.000000000000000000 ) ) ;
#1155 = DIRECTION ( 'NONE',  ( -1.000000000000000000, 0.000000000000000000, -8.540177112501211287E-16 ) ) ;
#1156 = EDGE_LOOP ( 'NONE', ( #3706, #2591, #3271, #2004 ) ) ;
#1157 = EDGE_CURVE ( 'NONE', #3581, #1959, #2676, .T. ) ;
#1158 = ORIENTED_EDGE ( 'NONE', *, *, #678, .T. ) ;
#1159 = CARTESIAN_POINT ( 'NONE',  ( 0.5741614507254128030, 9.400524365942478866, -30.29932342809135548 ) ) ;
#1160 = VERTEX_POINT ( 'NONE', #1449 ) ;
#1161 = DIRECTION ( 'NONE',  ( 0.000000000000000000, 0.000000000000000000, -1.000000000000000000 ) ) ;
#1162 = CARTESIAN_POINT ( 'NONE',  ( 20.30868916781391675, 1.999999999999938938, -26.99999999999993250 ) ) ;
#1163 = VECTOR ( 'NONE', #2774, 1000.000000000000000 ) ;
#1164 = DIRECTION ( 'NONE',  ( -1.000000000000000000, 0.000000000000000000, -8.540177112501211287E-16 ) ) ;
#1165 = ORIENTED_EDGE ( 'NONE', *, *, #1279, .F. ) ;
#1166 = VECTOR ( 'NONE', #1417, 1000.000000000000000 ) ;
#1167 = CARTESIAN_POINT ( 'NONE',  ( 2.249999999999987121, 14.34999999999999964, -1.050000000000012257 ) ) ;
#1168 = CARTESIAN_POINT ( 'NONE',  ( 32.49999999999997158, 7.299999999999998934, -8.999999999999998224 ) ) ;
#1169 = CIRCLE ( 'NONE', #397, 0.9499999999999995115 ) ;
#1170 = DIRECTION ( 'NONE',  ( 0.000000000000000000, 0.000000000000000000, 1.000000000000000000 ) ) ;
#1171 = VECTOR ( 'NONE', #2779, 1000.000000000000000 ) ;
#1172 = LINE ( 'NONE', #1756, #3401 ) ;
#1173 = ORIENTED_EDGE ( 'NONE', *, *, #3173, .T. ) ;
#1174 = FACE_OUTER_BOUND ( 'NONE', #915, .T. ) ;
#1175 = ADVANCED_FACE ( 'NONE', ( #855 ), #560, .F. ) ;
#1176 = ORIENTED_EDGE ( 'NONE', *, *, #1091, .T. ) ;
#1177 = VECTOR ( 'NONE', #2639, 1000.000000000000000 ) ;
#1178 = AXIS2_PLACEMENT_3D ( 'NONE', #2240, #543, #1961 ) ;
#1179 = ORIENTED_EDGE ( 'NONE', *, *, #1141, .T. ) ;
#1180 = CARTESIAN_POINT ( 'NONE',  ( 0.4576068825448295629, 7.983559106436607600, -30.47838818536402883 ) ) ;
#1181 = ADVANCED_FACE ( 'NONE', ( #1711 ), #840, .F. ) ;
#1182 = ORGANIZATION ( 'UNSPECIFIED', 'UNSPECIFIED', '' ) ;
#1183 = ORIENTED_EDGE ( 'NONE', *, *, #1026, .F. ) ;
#1184 = VECTOR ( 'NONE', #563, 1000.000000000000000 ) ;
#1185 = DIRECTION ( 'NONE',  ( 8.540177112501211287E-16, 0.000000000000000000, -1.000000000000000000 ) ) ;
#1186 = CARTESIAN_POINT ( 'NONE',  ( 30.24999999999998579, 6.349999999999999645, -2.000000000000011990 ) ) ;
#1187 = VECTOR ( 'NONE', #248, 1000.000000000000000 ) ;
#1188 = CARTESIAN_POINT ( 'NONE',  ( 22.79138246571814364, 1.999999999999999112, -27.00000000000000355 ) ) ;
#1189 = ORIENTED_EDGE ( 'NONE', *, *, #993, .F. ) ;
#1190 = DIRECTION ( 'NONE',  ( -0.000000000000000000, -1.000000000000000000, -0.000000000000000000 ) ) ;
#1191 = DIRECTION ( 'NONE',  ( 0.000000000000000000, 0.000000000000000000, -1.000000000000000000 ) ) ;
#1192 = CARTESIAN_POINT ( 'NONE',  ( 21.01762295557225002, 2.021470644642178183, -27.22930465709116277 ) ) ;
#1193 = CARTESIAN_POINT ( 'NONE',  ( 27.74999999999998579, 2.000000000000000000, -27.00000000000002487 ) ) ;
#1194 = LINE ( 'NONE', #1852, #575 ) ;
#1195 = DIRECTION ( 'NONE',  ( -1.000000000000000000, 0.000000000000000000, -0.000000000000000000 ) ) ;
#1196 = ORIENTED_EDGE ( 'NONE', *, *, #1803, .F. ) ;
#1197 = ORIENTED_EDGE ( 'NONE', *, *, #1200, .T. ) ;
#1198 = CARTESIAN_POINT ( 'NONE',  ( 0.5164331007687327224, 7.933426454757820601, -29.42831083196820785 ) ) ;
#1199 = ORIENTED_EDGE ( 'NONE', *, *, #2855, .T. ) ;
#1200 = EDGE_CURVE ( 'NONE', #1760, #1131, #1118, .T. ) ;
#1201 = DIRECTION ( 'NONE',  ( -0.5084179818089678005, -0.8611104201978375672, 0.000000000000000000 ) ) ;
#1202 = EDGE_CURVE ( 'NONE', #2253, #1495, #818, .T. ) ;
#1203 = CARTESIAN_POINT ( 'NONE',  ( 2.249999999999993339, 8.175000000000000711, -23.70000000000002416 ) ) ;
#1204 = DIRECTION ( 'NONE',  ( 1.000000000000000000, 0.000000000000000000, -0.000000000000000000 ) ) ;
#1205 = EDGE_LOOP ( 'NONE', ( #3240, #1975, #2288, #3206 ) ) ;
#1206 = CARTESIAN_POINT ( 'NONE',  ( 32.49999999999995026, 17.14999999999999858, 0.000000000000000000 ) ) ;
#1207 = ADVANCED_FACE ( 'NONE', ( #1113 ), #574, .F. ) ;
#1208 = CARTESIAN_POINT ( 'NONE',  ( 0.000000000000000000, 14.34999999999999964, -27.00000000000002487 ) ) ;
#1209 = FACE_OUTER_BOUND ( 'NONE', #750, .T. ) ;
#1210 = B_SPLINE_CURVE_WITH_KNOTS ( 'NONE', 3,
 ( #3236, #713, #1777, #89, #3220, #415, #1515, #2950, #3497, #1500, #2934, #1553 ),
 .UNSPECIFIED., .F., .F.,
 ( 4, 2, 2, 2, 2, 4 ),
 ( -1.575353276014215104E-05, 0.0004163876176415742206, 0.0008485287680432906194, 0.001712811068846713984, 0.002577093369650137241, 0.003441375670453560714 ),
 .UNSPECIFIED. ) ;
#1211 = CARTESIAN_POINT ( 'NONE',  ( 28.74999999999998579, 7.299999999999998934, -7.499999999999998224 ) ) ;
#1212 = FACE_OUTER_BOUND ( 'NONE', #1205, .T. ) ;
#1213 = DIRECTION ( 'NONE',  ( 8.540177112501211287E-16, 0.000000000000000000, -1.000000000000000000 ) ) ;
#1214 = ORIENTED_EDGE ( 'NONE', *, *, #2692, .T. ) ;
#1215 = ORIENTED_EDGE ( 'NONE', *, *, #2423, .T. ) ;
#1216 = CARTESIAN_POINT ( 'NONE',  ( 0.4393768923839888041, 8.073173443328514054, -30.33689496173424516 ) ) ;
#1217 = ORIENTED_EDGE ( 'NONE', *, *, #2241, .T. ) ;
#1218 = CARTESIAN_POINT ( 'NONE',  ( 40.10007163353182591, 0.000000000000000000, -27.24999999999998934 ) ) ;
#1219 = CYLINDRICAL_SURFACE ( 'NONE', #1232, 1.749999999999999556 ) ;
#1220 = CARTESIAN_POINT ( 'NONE',  ( 24.29553399151791737, 2.638735628213420448, -27.21198673203496909 ) ) ;
#1221 = ORIENTED_EDGE ( 'NONE', *, *, #318, .F. ) ;
#1222 = EDGE_CURVE ( 'NONE', #2105, #3355, #3207, .T. ) ;
#1223 = DIRECTION ( 'NONE',  ( -0.000000000000000000, 1.000000000000000000, -0.000000000000000000 ) ) ;
#1224 = CARTESIAN_POINT ( 'NONE',  ( 40.10007163353182591, 0.000000000000000000, -3.950000000000000178 ) ) ;
#1225 = DIRECTION ( 'NONE',  ( 0.000000000000000000, -1.000000000000000000, 0.000000000000000000 ) ) ;
#1226 = VECTOR ( 'NONE', #3481, 1000.000000000000000 ) ;
#1227 = EDGE_CURVE ( 'NONE', #763, #3601, #3688, .T. ) ;
#1228 = FACE_BOUND ( 'NONE', #3116, .T. ) ;
#1229 = AXIS2_PLACEMENT_3D ( 'NONE', #3533, #1225, #655 ) ;
#1230 = DIRECTION ( 'NONE',  ( -8.540177112501211287E-16, -0.000000000000000000, 1.000000000000000000 ) ) ;
#1231 = EDGE_LOOP ( 'NONE', ( #1740, #849, #437, #1371, #134, #1833 ) ) ;
#1232 = AXIS2_PLACEMENT_3D ( 'NONE', #1203, #2616, #384 ) ;
#1233 = VECTOR ( 'NONE', #3610, 1000.000000000000000 ) ;
#1234 = ORIENTED_EDGE ( 'NONE', *, *, #3648, .F. ) ;
#1235 = CARTESIAN_POINT ( 'NONE',  ( 0.1149535027578205970, 8.329621519044973610, -29.44941582664461777 ) ) ;
#1236 = ORIENTED_EDGE ( 'NONE', *, *, #2520, .F. ) ;
#1237 = AXIS2_PLACEMENT_3D ( 'NONE', #3105, #872, #3175 ) ;
#1238 = CARTESIAN_POINT ( 'NONE',  ( 0.5950671830580285260, 6.925819421877805304, -30.32434307421139863 ) ) ;
#1239 = CARTESIAN_POINT ( 'NONE',  ( 0.5046805156107621038, 8.030434025362200856, -29.38830936773529601 ) ) ;
#1240 = LINE ( 'NONE', #2389, #1774 ) ;
#1241 = VECTOR ( 'NONE', #2984, 1000.000000000000000 ) ;
#1242 = AXIS2_PLACEMENT_3D ( 'NONE', #463, #425, #2751 ) ;
#1243 = ORIENTED_EDGE ( 'NONE', *, *, #133, .F. ) ;
#1244 = TOROIDAL_SURFACE ( 'NONE', #174, 1.949999999999999734, 0.2000000000000000111 ) ;
#1245 = PLANE ( 'NONE',  #2262 ) ;
#1246 = VECTOR ( 'NONE', #3600, 1000.000000000000000 ) ;
#1247 = CARTESIAN_POINT ( 'NONE',  ( 3.000000000000026645, 3.000000000000000000, -2.050000000000001599 ) ) ;
#1248 = ADVANCED_FACE ( 'NONE', ( #3710 ), #1963, .T. ) ;
#1249 = DIRECTION ( 'NONE',  ( -0.000000000000000000, -0.000000000000000000, 1.000000000000000000 ) ) ;
#1250 = AXIS2_PLACEMENT_3D ( 'NONE', #2172, #3712, #894 ) ;
#1251 = DIRECTION ( 'NONE',  ( 0.000000000000000000, 0.000000000000000000, 1.000000000000000000 ) ) ;
#1252 = ADVANCED_FACE ( 'NONE', ( #1748 ), #3172, .T. ) ;
#1253 = ADVANCED_FACE ( 'NONE', ( #3402 ), #2875, .F. ) ;
#1254 = CARTESIAN_POINT ( 'NONE',  ( 15.35003581676593853, 5.299964183234050275, -31.20000000000001350 ) ) ;
#1255 = DIRECTION ( 'NONE',  ( -1.000000000000000000, 0.000000000000000000, -1.119182901519237088E-15 ) ) ;
#1256 = ORIENTED_EDGE ( 'NONE', *, *, #383, .T. ) ;
#1257 = EDGE_CURVE ( 'NONE', #709, #217, #764, .T. ) ;
#1258 = EDGE_LOOP ( 'NONE', ( #3029, #2170, #3166, #3231 ) ) ;
#1259 = CARTESIAN_POINT ( 'NONE',  ( 0.1343866621223926416, 7.870279682134346366, -29.50887334117232896 ) ) ;
#1260 = ORIENTED_EDGE ( 'NONE', *, *, #3669, .T. ) ;
#1261 = PRODUCT ( 'Part1', 'Part1', '', ( #3018 ) ) ;
#1262 = FACE_OUTER_BOUND ( 'NONE', #2882, .T. ) ;
#1263 = CARTESIAN_POINT ( 'NONE',  ( 24.02287173626989869, 1.999999999999885203, -26.99999999999994316 ) ) ;
#1264 = EDGE_LOOP ( 'NONE', ( #23, #716, #2337, #3620 ) ) ;
#1265 =( NAMED_UNIT ( * ) PLANE_ANGLE_UNIT ( ) SI_UNIT ( $, .RADIAN. ) );
#1266 = DIRECTION ( 'NONE',  ( 0.000000000000000000, -1.000000000000000000, 0.000000000000000000 ) ) ;
#1267 = CARTESIAN_POINT ( 'NONE',  ( 2.249999999999993339, 8.175000000000000711, -23.70000000000002416 ) ) ;
#1268 = VERTEX_POINT ( 'NONE', #1151 ) ;
#1269 = CARTESIAN_POINT ( 'NONE',  ( 4.749999999999986677, 20.83836651245905713, -27.00000000000002487 ) ) ;
#1270 = DIRECTION ( 'NONE',  ( 0.000000000000000000, 1.000000000000000000, 0.000000000000000000 ) ) ;
#1271 = DIRECTION ( 'NONE',  ( -0.000000000000000000, 1.000000000000000000, -0.000000000000000000 ) ) ;
#1272 = CARTESIAN_POINT ( 'NONE',  ( 2.500000000000000444, 17.14999999999999858, -28.70000000000002416 ) ) ;
#1273 = ORIENTED_EDGE ( 'NONE', *, *, #1989, .F. ) ;
#1274 = APPROVAL ( #2869, 'UNSPECIFIED' ) ;
#1275 = ADVANCED_FACE ( 'NONE', ( #3454 ), #891, .F. ) ;
#1276 = EDGE_LOOP ( 'NONE', ( #2294, #460, #1745, #795 ) ) ;
#1277 = CARTESIAN_POINT ( 'NONE',  ( 2.474358974358976226, 6.439441573837230592, -31.00000000000002487 ) ) ;
#1278 = ORIENTED_EDGE ( 'NONE', *, *, #2675, .F. ) ;
#1279 = EDGE_CURVE ( 'NONE', #322, #599, #2525, .T. ) ;
#1280 = FACE_OUTER_BOUND ( 'NONE', #316, .T. ) ;
#1281 = CARTESIAN_POINT ( 'NONE',  ( 15.93772562249527347, 5.077926940462565319, -27.35844548850068136 ) ) ;
#1282 = ORIENTED_EDGE ( 'NONE', *, *, #1473, .T. ) ;
#1283 = FACE_OUTER_BOUND ( 'NONE', #1919, .T. ) ;
#1284 = LINE ( 'NONE', #1002, #102 ) ;
#1285 = ORIENTED_EDGE ( 'NONE', *, *, #951, .F. ) ;
#1286 = DIRECTION ( 'NONE',  ( 0.000000000000000000, 1.000000000000000000, 0.000000000000000000 ) ) ;
#1287 = CARTESIAN_POINT ( 'NONE',  ( 32.49999999999995026, 14.34999999999999964, 0.000000000000000000 ) ) ;
#1288 = AXIS2_PLACEMENT_3D ( 'NONE', #1887, #3296, #2756 ) ;
#1289 = CARTESIAN_POINT ( 'NONE',  ( 27.74999999999998579, 7.299999999999998934, -9.999999999999998224 ) ) ;
#1290 = DIRECTION ( 'NONE',  ( 0.000000000000000000, 0.000000000000000000, 1.000000000000000000 ) ) ;
#1291 = ORIENTED_EDGE ( 'NONE', *, *, #153, .F. ) ;
#1292 = ORIENTED_EDGE ( 'NONE', *, *, #1753, .F. ) ;
#1293 = ADVANCED_FACE ( 'NONE', ( #1791 ), #683, .T. ) ;
#1294 = CARTESIAN_POINT ( 'NONE',  ( 15.35003581676593498, 8.199964183234049742, -27.00000000000001066 ) ) ;
#1295 = AXIS2_PLACEMENT_3D ( 'NONE', #2011, #1660, #1680 ) ;
#1296 = ORIENTED_EDGE ( 'NONE', *, *, #3173, .F. ) ;
#1297 = VECTOR ( 'NONE', #743, 1000.000000000000000 ) ;
#1298 = DIRECTION ( 'NONE',  ( -8.540177112501212273E-16, -0.000000000000000000, 1.000000000000000000 ) ) ;
#1299 = EDGE_CURVE ( 'NONE', #3430, #2253, #878, .T. ) ;
#1300 = CARTESIAN_POINT ( 'NONE',  ( 15.98522009737695804, 5.158065462224943332, -27.46867658345662022 ) ) ;
#1301 = ORIENTED_EDGE ( 'NONE', *, *, #3334, .F. ) ;
#1302 = AXIS2_PLACEMENT_3D ( 'NONE', #2221, #3717, #1700 ) ;
#1303 = DIRECTION ( 'NONE',  ( -1.000000000000000000, 0.000000000000000000, 0.000000000000000000 ) ) ;
#1304 = DIRECTION ( 'NONE',  ( 8.540177112501211287E-16, -0.000000000000000000, -1.000000000000000000 ) ) ;
#1305 = AXIS2_PLACEMENT_3D ( 'NONE', #1580, #741, #1847 ) ;
#1306 = DIRECTION ( 'NONE',  ( 0.000000000000000000, 0.000000000000000000, 1.000000000000000000 ) ) ;
#1307 = ORIENTED_EDGE ( 'NONE', *, *, #2582, .F. ) ;
#1308 = CIRCLE ( 'NONE', #2088, 1.000000000000000888 ) ;
#1309 = CARTESIAN_POINT ( 'NONE',  ( 28.49999999999999645, 8.175000000000000711, -23.70000000000000284 ) ) ;
#1310 = TOROIDAL_SURFACE ( 'NONE', #3404, 1.949999999999999956, 0.2000000000000000111 ) ;
#1311 = DIRECTION ( 'NONE',  ( 0.000000000000000000, 0.000000000000000000, -1.000000000000000000 ) ) ;
#1312 = DIRECTION ( 'NONE',  ( 0.000000000000000000, -0.000000000000000000, -1.000000000000000000 ) ) ;
#1313 = DIRECTION ( 'NONE',  ( 0.000000000000000000, 0.000000000000000000, -1.000000000000000000 ) ) ;
#1314 = CARTESIAN_POINT ( 'NONE',  ( 2.166623112329864931, 6.399659978833941665, -31.19650981680421609 ) ) ;
#1315 = ORIENTED_EDGE ( 'NONE', *, *, #3341, .F. ) ;
#1316 = DIRECTION ( 'NONE',  ( 0.000000000000000000, -0.000000000000000000, -1.000000000000000000 ) ) ;
#1317 = CARTESIAN_POINT ( 'NONE',  ( 0.000000000000000000, 5.799999999999999822, 0.000000000000000000 ) ) ;
#1318 = ORIENTED_EDGE ( 'NONE', *, *, #2154, .T. ) ;
#1319 = EDGE_CURVE ( 'NONE', #3360, #1676, #331, .T. ) ;
#1320 = DIRECTION ( 'NONE',  ( 0.000000000000000000, 0.000000000000000000, 1.000000000000000000 ) ) ;
#1321 = DIRECTION ( 'NONE',  ( -0.000000000000000000, -0.000000000000000000, -1.000000000000000000 ) ) ;
#1322 = CARTESIAN_POINT ( 'NONE',  ( 2.249999999999987121, 6.349999999999999645, -2.000000000000011990 ) ) ;
#1323 = CARTESIAN_POINT ( 'NONE',  ( 27.74999999999998579, 4.539372924097340167, -27.00000000000002487 ) ) ;
#1324 = ORIENTED_EDGE ( 'NONE', *, *, #1943, .T. ) ;
#1325 = ADVANCED_FACE ( 'NONE', ( #2928 ), #3329, .T. ) ;
#1326 = FACE_BOUND ( 'NONE', #996, .T. ) ;
#1327 = CARTESIAN_POINT ( 'NONE',  ( 33.49999999999996447, 17.14999999999999858, -8.999999999999998224 ) ) ;
#1328 = LINE ( 'NONE', #472, #2681 ) ;
#1329 = VERTEX_POINT ( 'NONE', #2048 ) ;
#1330 = DIRECTION ( 'NONE',  ( -0.000000000000000000, 1.000000000000000000, -0.000000000000000000 ) ) ;
#1331 = CARTESIAN_POINT ( 'NONE',  ( 2.474358974358976226, 6.439441573837231481, -31.20000000000002061 ) ) ;
#1332 = ORIENTED_EDGE ( 'NONE', *, *, #1599, .T. ) ;
#1333 = PLANE ( 'NONE',  #820 ) ;
#1334 = CARTESIAN_POINT ( 'NONE',  ( 27.83578643762689353, 16.35000000000000142, -27.00000000000001421 ) ) ;
#1335 = EDGE_LOOP ( 'NONE', ( #271, #364, #3679 ) ) ;
#1336 = APPROVAL_DATE_TIME ( #2767, #1592 ) ;
#1337 = CARTESIAN_POINT ( 'NONE',  ( 40.10007163353182591, 3.000000000000000000, -27.24999999999998934 ) ) ;
#1338 = DIRECTION ( 'NONE',  ( 0.000000000000000000, 0.000000000000000000, -1.000000000000000000 ) ) ;
#1339 = CARTESIAN_POINT ( 'NONE',  ( 35.49999999999996447, 17.14999999999999858, -7.499999999999997335 ) ) ;
#1340 = EDGE_CURVE ( 'NONE', #1510, #979, #2907, .T. ) ;
#1341 = DIRECTION ( 'NONE',  ( 8.540177112501211287E-16, 0.000000000000000000, -1.000000000000000000 ) ) ;
#1342 = DIRECTION ( 'NONE',  ( -0.000000000000000000, -0.000000000000000000, -1.000000000000000000 ) ) ;
#1343 = ADVANCED_FACE ( 'NONE', ( #2637 ), #1544, .F. ) ;
#1344 = DIRECTION ( 'NONE',  ( -1.000000000000000000, 0.000000000000000000, -1.196361017915039437E-15 ) ) ;
#1345 = ORIENTED_EDGE ( 'NONE', *, *, #3470, .T. ) ;
#1346 = PLANE ( 'NONE',  #478 ) ;
#1347 = ORIENTED_EDGE ( 'NONE', *, *, #819, .T. ) ;
#1348 = CARTESIAN_POINT ( 'NONE',  ( 0.9863011092489648579, 6.945532256929549675, -30.69948222349190203 ) ) ;
#1349 = ORIENTED_EDGE ( 'NONE', *, *, #2472, .T. ) ;
#1350 = CIRCLE ( 'NONE', #3084, 2.500000000000000444 ) ;
#1351 = AXIS2_PLACEMENT_3D ( 'NONE', #2143, #137, #1576 ) ;
#1352 = PLANE ( 'NONE',  #1537 ) ;
#1353 = ORIENTED_EDGE ( 'NONE', *, *, #2466, .F. ) ;
#1354 = CIRCLE ( 'NONE', #286, 0.9500000000000007327 ) ;
#1355 = FACE_OUTER_BOUND ( 'NONE', #2629, .T. ) ;
#1356 = CARTESIAN_POINT ( 'NONE',  ( 30.24999999999998579, 6.349999999999999645, -2.000000000000011990 ) ) ;
#1357 = CARTESIAN_POINT ( 'NONE',  ( 24.70220909409368204, 2.861110420197838788, -28.00000000000000355 ) ) ;
#1358 = VECTOR ( 'NONE', #1516, 1000.000000000000000 ) ;
#1359 = CARTESIAN_POINT ( 'NONE',  ( 30.25000000000000355, 8.175000000000000711, -31.19999999999999929 ) ) ;
#1360 = CIRCLE ( 'NONE', #1716, 0.9499999999999998446 ) ;
#1361 = CIRCLE ( 'NONE', #1063, 2.499999999999998668 ) ;
#1362 = EDGE_CURVE ( 'NONE', #515, #367, #3205, .T. ) ;
#1363 = DIRECTION ( 'NONE',  ( 0.000000000000000000, 0.000000000000000000, 1.000000000000000000 ) ) ;
#1364 = CARTESIAN_POINT ( 'NONE',  ( 3.000000000000026645, 3.000000000000000000, -3.949999999999998845 ) ) ;
#1365 = LINE ( 'NONE', #2492, #1843 ) ;
#1366 = CIRCLE ( 'NONE', #1908, 0.9500000000000007327 ) ;
#1367 = ORIENTED_EDGE ( 'NONE', *, *, #1075, .F. ) ;
#1368 = EDGE_CURVE ( 'NONE', #3003, #99, #649, .T. ) ;
#1369 = EDGE_CURVE ( 'NONE', #2648, #2218, #1240, .T. ) ;
#1370 = DIRECTION ( 'NONE',  ( 8.540177112501212273E-16, -0.000000000000000000, -1.000000000000000000 ) ) ;
#1371 = ORIENTED_EDGE ( 'NONE', *, *, #2000, .T. ) ;
#1372 = CARTESIAN_POINT ( 'NONE',  ( 0.5209272576059355009, 8.453091000323988524, -29.44357604158281561 ) ) ;
#1373 = ORIENTED_EDGE ( 'NONE', *, *, #41, .T. ) ;
#1374 = EDGE_CURVE ( 'NONE', #3475, #3037, #2958, .T. ) ;
#1375 = CARTESIAN_POINT ( 'NONE',  ( 0.7277695508131922786, 9.080334048444175465, -30.48237932279183582 ) ) ;
#1376 = ORIENTED_EDGE ( 'NONE', *, *, #1521, .F. ) ;
#1377 = DIRECTION ( 'NONE',  ( 0.000000000000000000, 1.000000000000000000, -0.000000000000000000 ) ) ;
#1378 = CARTESIAN_POINT ( 'NONE',  ( 15.35003581676593143, 4.299964183234050275, -27.00000000000001066 ) ) ;
#1379 = DIRECTION ( 'NONE',  ( 0.000000000000000000, 0.000000000000000000, 1.000000000000000000 ) ) ;
#1380 = CYLINDRICAL_SURFACE ( 'NONE', #2630, 1.499999999999999556 ) ;
#1381 = FACE_OUTER_BOUND ( 'NONE', #3622, .T. ) ;
#1382 = LINE ( 'NONE', #3001, #2263 ) ;
#1383 = ORIENTED_EDGE ( 'NONE', *, *, #112, .T. ) ;
#1384 = DIRECTION ( 'NONE',  ( -0.000000000000000000, -1.000000000000000000, -0.000000000000000000 ) ) ;
#1385 = ORIENTED_EDGE ( 'NONE', *, *, #1075, .T. ) ;
#1386 = CARTESIAN_POINT ( 'NONE',  ( 32.49999999999995737, 17.14999999999999858, -4.199999999999995737 ) ) ;
#1387 = CC_DESIGN_DATE_AND_TIME_ASSIGNMENT ( #623, #1427, ( #49 ) ) ;
#1388 = EDGE_CURVE ( 'NONE', #759, #1896, #1117, .T. ) ;
#1389 = EDGE_LOOP ( 'NONE', ( #837, #3443 ) ) ;
#1390 = ORIENTED_EDGE ( 'NONE', *, *, #323, .T. ) ;
#1391 = LINE ( 'NONE', #1406, #3446 ) ;
#1392 = ADVANCED_FACE ( 'NONE', ( #2764 ), #1352, .T. ) ;
#1393 = EDGE_LOOP ( 'NONE', ( #1332, #1651, #1699, #2686 ) ) ;
#1394 = DIRECTION ( 'NONE',  ( -1.000000000000000000, 0.000000000000000000, 0.000000000000000000 ) ) ;
#1395 = CARTESIAN_POINT ( 'NONE',  ( 3.000000000000029754, 3.000000000000000000, -28.19999999999998863 ) ) ;
#1396 = DIRECTION ( 'NONE',  ( 0.000000000000000000, 0.000000000000000000, -1.000000000000000000 ) ) ;
#1397 = CARTESIAN_POINT ( 'NONE',  ( 32.49999999999997158, 14.34999999999999964, -4.199999999999997513 ) ) ;
#1398 = DIRECTION ( 'NONE',  ( 0.000000000000000000, -0.000000000000000000, -1.000000000000000000 ) ) ;
#1399 = FACE_OUTER_BOUND ( 'NONE', #503, .T. ) ;
#1400 = CARTESIAN_POINT ( 'NONE',  ( 5.412938852231339973E-16, 14.34999999999999964, -22.57999999999999474 ) ) ;
#1401 = ORIENTED_EDGE ( 'NONE', *, *, #529, .F. ) ;
#1402 = FACE_OUTER_BOUND ( 'NONE', #1156, .T. ) ;
#1403 = ORIENTED_EDGE ( 'NONE', *, *, #2007, .T. ) ;
#1404 = ADVANCED_FACE ( 'NONE', ( #3041 ), #2225, .F. ) ;
#1405 = ORIENTED_EDGE ( 'NONE', *, *, #67, .T. ) ;
#1406 = CARTESIAN_POINT ( 'NONE',  ( 32.49999999999993605, 17.14999999999999858, 20.16144882284025996 ) ) ;
#1407 = CIRCLE ( 'NONE', #689, 2.500000000000000000 ) ;
#1408 = ORIENTED_EDGE ( 'NONE', *, *, #863, .T. ) ;
#1409 = AXIS2_PLACEMENT_3D ( 'NONE', #2810, #3675, #1099 ) ;
#1410 = LINE ( 'NONE', #1111, #1484 ) ;
#1411 = EDGE_CURVE ( 'NONE', #1578, #287, #439, .T. ) ;
#1412 = DIRECTION ( 'NONE',  ( -4.046002276330746380E-16, -1.000000000000000000, -3.455357603744763952E-31 ) ) ;
#1413 = CARTESIAN_POINT ( 'NONE',  ( 27.74999999999998579, 4.539372924097340167, -27.00000000000002487 ) ) ;
#1414 = VECTOR ( 'NONE', #2351, 1000.000000000000000 ) ;
#1415 = DIRECTION ( 'NONE',  ( -1.000000000000000000, 0.000000000000000000, -8.540177112501210301E-16 ) ) ;
#1416 = VECTOR ( 'NONE', #2243, 1000.000000000000000 ) ;
#1417 = DIRECTION ( 'NONE',  ( -0.000000000000000000, 1.000000000000000000, -0.000000000000000000 ) ) ;
#1418 = CIRCLE ( 'NONE', #2388, 1.749999999999999556 ) ;
#1419 = CIRCLE ( 'NONE', #3513, 0.9499999999999995115 ) ;
#1420 = FACE_OUTER_BOUND ( 'NONE', #1974, .T. ) ;
#1421 = AXIS2_PLACEMENT_3D ( 'NONE', #671, #3512, #948 ) ;
#1422 = AXIS2_PLACEMENT_3D ( 'NONE', #2151, #1266, #761 ) ;
#1423 = ORIENTED_EDGE ( 'NONE', *, *, #3149, .F. ) ;
#1424 = CARTESIAN_POINT ( 'NONE',  ( 1.410782485721991275, 9.715401971186468089, -30.67596018093584220 ) ) ;
#1425 = VERTEX_POINT ( 'NONE', #2204 ) ;
#1426 = VECTOR ( 'NONE', #3090, 1000.000000000000000 ) ;
#1427 = DATE_TIME_ROLE ( 'classification_date' ) ;
#1428 = CARTESIAN_POINT ( 'NONE',  ( 15.35003581676593853, 5.299964183234050275, -31.20000000000001350 ) ) ;
#1429 = ORIENTED_EDGE ( 'NONE', *, *, #2925, .F. ) ;
#1430 = CARTESIAN_POINT ( 'NONE',  ( 1.124400256157079392, 9.519959383017518206, -30.44471966065067292 ) ) ;
#1431 = AXIS2_PLACEMENT_3D ( 'NONE', #88, #2341, #952 ) ;
#1432 = VERTEX_POINT ( 'NONE', #2747 ) ;
#1433 = DIRECTION ( 'NONE',  ( 1.000000000000000000, 0.000000000000000000, 5.782411586589351722E-16 ) ) ;
#1434 = DIRECTION ( 'NONE',  ( -0.000000000000000000, -1.000000000000000000, -0.000000000000000000 ) ) ;
#1435 = DIRECTION ( 'NONE',  ( 0.000000000000000000, 1.000000000000000000, 0.000000000000000000 ) ) ;
#1436 = CC_DESIGN_PERSON_AND_ORGANIZATION_ASSIGNMENT ( #140, #3000, ( #1261 ) ) ;
#1437 = ADVANCED_FACE ( 'NONE', ( #2998 ), #3605, .T. ) ;
#1438 = DIRECTION ( 'NONE',  ( 0.000000000000000000, 0.000000000000000000, -1.000000000000000000 ) ) ;
#1439 = CARTESIAN_POINT ( 'NONE',  ( 2.249999999999999556, 8.175000000000000711, -31.00000000000002487 ) ) ;
#1440 = CARTESIAN_POINT ( 'NONE',  ( 12.45003581676593996, 8.199964183234049742, -31.20000000000001350 ) ) ;
#1441 = CARTESIAN_POINT ( 'NONE',  ( 27.74999999999998579, 7.299999999999998934, -5.199999999999996625 ) ) ;
#1442 = CARTESIAN_POINT ( 'NONE',  ( 21.55003581676593782, 8.199964183234049742, -28.00000000000000355 ) ) ;
#1443 = ORIENTED_EDGE ( 'NONE', *, *, #2960, .F. ) ;
#1444 = VERTEX_POINT ( 'NONE', #1334 ) ;
#1445 = CARTESIAN_POINT ( 'NONE',  ( 1.424503863258050229, 9.722858371498256602, -30.68511438860142349 ) ) ;
#1446 = VERTEX_POINT ( 'NONE', #1056 ) ;
#1447 = CARTESIAN_POINT ( 'NONE',  ( 4.749999999999986677, 2.000000000000000000, -22.57999999999999474 ) ) ;
#1448 = CARTESIAN_POINT ( 'NONE',  ( 28.74999999999998579, 5.799999999999999822, -6.699999999999995737 ) ) ;
#1449 = CARTESIAN_POINT ( 'NONE',  ( 28.50000000000000355, 8.175000000000000711, -31.00000000000000000 ) ) ;
#1450 = ORIENTED_EDGE ( 'NONE', *, *, #2051, .F. ) ;
#1451 = FACE_OUTER_BOUND ( 'NONE', #3112, .T. ) ;
#1452 = EDGE_CURVE ( 'NONE', #936, #1649, #3638, .T. ) ;
#1453 = DIRECTION ( 'NONE',  ( 1.000000000000000000, 0.000000000000000000, 0.000000000000000000 ) ) ;
#1454 = DIRECTION ( 'NONE',  ( -1.000000000000000000, -0.000000000000000000, -0.000000000000000000 ) ) ;
#1455 = EDGE_CURVE ( 'NONE', #1432, #1896, #2446, .T. ) ;
#1456 = ORIENTED_EDGE ( 'NONE', *, *, #181, .T. ) ;
#1457 = LINE ( 'NONE', #1501, #1662 ) ;
#1458 = EDGE_LOOP ( 'NONE', ( #1189, #2448, #1549, #3544 ) ) ;
#1459 = SECURITY_CLASSIFICATION_LEVEL ( 'unclassified' ) ;
#1460 = ORIENTED_EDGE ( 'NONE', *, *, #2196, .F. ) ;
#1461 = CARTESIAN_POINT ( 'NONE',  ( 0.4952527875036242255, 8.281903795012114600, -30.68811215224940270 ) ) ;
#1462 = EDGE_LOOP ( 'NONE', ( #850, #798, #402, #1256 ) ) ;
#1463 = CARTESIAN_POINT ( 'NONE',  ( 0.2023818341062404991, 8.764799548115313144, -29.69019371099549076 ) ) ;
#1464 = CARTESIAN_POINT ( 'NONE',  ( 0.4999999999999986122, 8.175000000000002487, -29.37082039324995719 ) ) ;
#1465 = CIRCLE ( 'NONE', #3558, 7.199964183234048853 ) ;
#1466 = CARTESIAN_POINT ( 'NONE',  ( 25.21062707590264651, 2.000000000000000000, -27.00000000000000355 ) ) ;
#1467 = VERTEX_POINT ( 'NONE', #1076 ) ;
#1468 = AXIS2_PLACEMENT_3D ( 'NONE', #1754, #2340, #1911 ) ;
#1469 = DIRECTION ( 'NONE',  ( -1.000000000000000000, 0.000000000000000000, -8.540177112501216218E-16 ) ) ;
#1470 = FACE_OUTER_BOUND ( 'NONE', #2287, .T. ) ;
#1471 = VECTOR ( 'NONE', #1923, 1000.000000000000000 ) ;
#1472 = DIRECTION ( 'NONE',  ( 0.000000000000000000, 0.000000000000000000, -1.000000000000000000 ) ) ;
#1473 = EDGE_CURVE ( 'NONE', #1959, #3581, #1354, .T. ) ;
#1474 = AXIS2_PLACEMENT_3D ( 'NONE', #3433, #1137, #2279 ) ;
#1475 = B_SPLINE_CURVE_WITH_KNOTS ( 'NONE', 3,
 ( #1747, #349, #3488, #2636, #330, #919, #1492, #2889, #2065, #97, #888, #681, #3506, #1239, #648, #1464 ),
 .UNSPECIFIED., .F., .F.,
 ( 4, 2, 2, 2, 2, 2, 2, 4 ),
 ( 0.000000000000000000, 0.0004358583290363412643, 0.0008717166580726831791, 0.001743433316145361588, 0.002615149974218039779, 0.003051008303254378225, 0.003268937467772548965, 0.003486866632290720140 ),
 .UNSPECIFIED. ) ;
#1476 = VERTEX_POINT ( 'NONE', #782 ) ;
#1477 = CARTESIAN_POINT ( 'NONE',  ( 40.60007163353185433, 0.000000000000000000, -31.19999999999999218 ) ) ;
#1478 = AXIS2_PLACEMENT_3D ( 'NONE', #2479, #3539, #1921 ) ;
#1479 = ORIENTED_EDGE ( 'NONE', *, *, #28, .T. ) ;
#1480 = ADVANCED_FACE ( 'NONE', ( #2706 ), #3586, .F. ) ;
#1481 = EDGE_CURVE ( 'NONE', #2063, #236, #132, .T. ) ;
#1482 = CALENDAR_DATE ( 2026, 28, 7 ) ;
#1483 = VECTOR ( 'NONE', #1794, 1000.000000000000000 ) ;
#1484 = VECTOR ( 'NONE', #1135, 1000.000000000000000 ) ;
#1485 = ORIENTED_EDGE ( 'NONE', *, *, #1685, .F. ) ;
#1486 = CARTESIAN_POINT ( 'NONE',  ( 0.5383758515685073132, 7.809262574882925634, -29.49798750352428556 ) ) ;
#1487 = CC_DESIGN_SECURITY_CLASSIFICATION ( #49, ( #3218 ) ) ;
#1488 = VERTEX_POINT ( 'NONE', #1577 ) ;
#1489 = AXIS2_PLACEMENT_3D ( 'NONE', #2570, #2623, #3177 ) ;
#1490 = EDGE_CURVE ( 'NONE', #676, #2441, #3286, .T. ) ;
#1491 = FACE_OUTER_BOUND ( 'NONE', #2499, .T. ) ;
#1492 = CARTESIAN_POINT ( 'NONE',  ( 1.194618133617489253, 6.760917501581340971, -30.52216712161134993 ) ) ;
#1493 = CIRCLE ( 'NONE', #780, 0.9499999999999995115 ) ;
#1494 = CARTESIAN_POINT ( 'NONE',  ( 23.71396180005575971, 1.999999999999999112, -27.00000000000000355 ) ) ;
#1495 = VERTEX_POINT ( 'NONE', #158 ) ;
#1496 = DIRECTION ( 'NONE',  ( 0.000000000000000000, 1.000000000000000000, 0.000000000000000000 ) ) ;
#1497 = FACE_BOUND ( 'NONE', #3503, .T. ) ;
#1498 = CARTESIAN_POINT ( 'NONE',  ( 4.749999999999986677, 14.34999999999999964, -2.599999999999998312 ) ) ;
#1499 = LINE ( 'NONE', #2395, #3652 ) ;
#1500 = CARTESIAN_POINT ( 'NONE',  ( 24.19125974600548545, 2.583632289005085347, -27.95707439493126145 ) ) ;
#1501 = CARTESIAN_POINT ( 'NONE',  ( 32.49999999999997158, 2.000000000000000000, 0.000000000000000000 ) ) ;
#1502 = VERTEX_POINT ( 'NONE', #1018 ) ;
#1503 = EDGE_LOOP ( 'NONE', ( #1988, #753, #371, #620, #975 ) ) ;
#1504 = ADVANCED_FACE ( 'NONE', ( #2164 ), #3303, .T. ) ;
#1505 = CARTESIAN_POINT ( 'NONE',  ( 0.5011446418441716233, 8.102880376291725639, -29.37503558240324608 ) ) ;
#1506 = ORIENTED_EDGE ( 'NONE', *, *, #1090, .T. ) ;
#1507 = LINE ( 'NONE', #2649, #889 ) ;
#1508 = DIRECTION ( 'NONE',  ( 0.000000000000000000, -1.000000000000000000, 0.000000000000000000 ) ) ;
#1509 = ADVANCED_FACE ( 'NONE', ( #486 ), #1620, .T. ) ;
#1510 = VERTEX_POINT ( 'NONE', #2871 ) ;
#1511 = DIRECTION ( 'NONE',  ( 0.000000000000000000, -0.000000000000000000, -1.000000000000000000 ) ) ;
#1512 = CARTESIAN_POINT ( 'NONE',  ( 2.249999999999999556, 8.175000000000000711, -31.20000000000002416 ) ) ;
#1513 = DIRECTION ( 'NONE',  ( 1.000000000000000000, -0.000000000000000000, -0.000000000000000000 ) ) ;
#1514 = CARTESIAN_POINT ( 'NONE',  ( 27.74999999999998934, 8.199964183234049742, -31.19999999999999929 ) ) ;
#1515 = CARTESIAN_POINT ( 'NONE',  ( 22.87439423892149648, 2.136924360566164527, -27.55533552430836508 ) ) ;
#1516 = DIRECTION ( 'NONE',  ( -0.000000000000000000, -1.000000000000000000, -0.000000000000000000 ) ) ;
#1517 = ORIENTED_EDGE ( 'NONE', *, *, #209, .F. ) ;
#1518 = EDGE_LOOP ( 'NONE', ( #409, #557, #1105, #1051 ) ) ;
#1519 = CARTESIAN_POINT ( 'NONE',  ( 0.5084885112397602436, 7.999644058021179838, -29.40123561544500674 ) ) ;
#1520 = ORIENTED_EDGE ( 'NONE', *, *, #2284, .F. ) ;
#1521 = EDGE_CURVE ( 'NONE', #1784, #1639, #1391, .T. ) ;
#1522 = CARTESIAN_POINT ( 'NONE',  ( 0.1148806642948397710, 8.007362114739736469, -29.44988744783121248 ) ) ;
#1523 = CARTESIAN_POINT ( 'NONE',  ( 6.368163355566241312E-16, 16.35000000000000142, -26.00000000000001421 ) ) ;
#1524 = CARTESIAN_POINT ( 'NONE',  ( 3.199999999999986855, 8.175000000000000711, -15.49999999999999645 ) ) ;
#1525 = VERTEX_POINT ( 'NONE', #18 ) ;
#1526 = EDGE_CURVE ( 'NONE', #1032, #2975, #1834, .T. ) ;
#1527 = LINE ( 'NONE', #70, #3156 ) ;
#1528 = AXIS2_PLACEMENT_3D ( 'NONE', #2678, #657, #111 ) ;
#1529 = DIRECTION ( 'NONE',  ( 8.540177112501211287E-16, -0.000000000000000000, -1.000000000000000000 ) ) ;
#1530 = CARTESIAN_POINT ( 'NONE',  ( 21.41518336888053042, 2.000000000000000888, -27.05836237966994773 ) ) ;
#1531 = DIRECTION ( 'NONE',  ( 0.000000000000000000, -0.000000000000000000, 1.000000000000000000 ) ) ;
#1532 = CIRCLE ( 'NONE', #30, 1.499999999999999556 ) ;
#1533 = DIRECTION ( 'NONE',  ( -0.000000000000000000, 1.000000000000000000, 0.000000000000000000 ) ) ;
#1534 = CARTESIAN_POINT ( 'NONE',  ( 25.21062707590265006, 2.000000000000002220, -28.00000000000000355 ) ) ;
#1535 = EDGE_LOOP ( 'NONE', ( #3578, #2465, #1736, #2999 ) ) ;
#1536 = CIRCLE ( 'NONE', #873, 1.499999999999999556 ) ;
#1537 = AXIS2_PLACEMENT_3D ( 'NONE', #1561, #995, #502 ) ;
#1538 = ORIENTED_EDGE ( 'NONE', *, *, #1947, .F. ) ;
#1539 = CARTESIAN_POINT ( 'NONE',  ( 0.5212115464073949767, 7.901533047574979207, -29.44416347489476493 ) ) ;
#1540 = ORIENTED_EDGE ( 'NONE', *, *, #637, .F. ) ;
#1541 = VECTOR ( 'NONE', #142, 1000.000000000000000 ) ;
#1542 = AXIS2_PLACEMENT_3D ( 'NONE', #1442, #1213, #1155 ) ;
#1543 = CARTESIAN_POINT ( 'NONE',  ( 32.49999999999997158, 2.000000000000000000, -22.57999999999999474 ) ) ;
#1544 = PLANE ( 'NONE',  #642 ) ;
#1545 = LOCAL_TIME ( 12, 37, 34.00000000000000000, #2592 ) ;
#1546 = CIRCLE ( 'NONE', #2443, 2.499999999999998668 ) ;
#1547 = ORIENTED_EDGE ( 'NONE', *, *, #3403, .F. ) ;
#1548 = CARTESIAN_POINT ( 'NONE',  ( 2.358913378794948557, 17.14999999999999858, -28.90107627553058478 ) ) ;
#1549 = ORIENTED_EDGE ( 'NONE', *, *, #2349, .T. ) ;
#1550 = CARTESIAN_POINT ( 'NONE',  ( 19.69675522182330951, 2.277151014225232473, -27.74550504876511781 ) ) ;
#1551 = ADVANCED_FACE ( 'NONE', ( #3448 ), #2306, .T. ) ;
#1552 = PLANE ( 'NONE',  #2450 ) ;
#1553 = CARTESIAN_POINT ( 'NONE',  ( 24.70220909409368204, 2.861110420197838788, -28.00000000000000355 ) ) ;
#1554 = ADVANCED_FACE ( 'NONE', ( #1940 ), #3, .T. ) ;
#1555 = CARTESIAN_POINT ( 'NONE',  ( 6.368163355566241312E-16, 17.14999999999999858, -26.00000000000001421 ) ) ;
#1556 = ORIENTED_EDGE ( 'NONE', *, *, #3537, .F. ) ;
#1557 = ORIENTED_EDGE ( 'NONE', *, *, #1758, .F. ) ;
#1558 = CARTESIAN_POINT ( 'NONE',  ( 12.45003581676593640, 17.14999999999999858, -31.20000000000002771 ) ) ;
#1559 = ORIENTED_EDGE ( 'NONE', *, *, #2102, .T. ) ;
#1560 = DIRECTION ( 'NONE',  ( 0.000000000000000000, -0.000000000000000000, 1.000000000000000000 ) ) ;
#1561 = CARTESIAN_POINT ( 'NONE',  ( 40.86495314021180292, 11.14999999999999858, -28.76343258757277255 ) ) ;
#1562 = ORIENTED_EDGE ( 'NONE', *, *, #883, .F. ) ;
#1563 = CARTESIAN_POINT ( 'NONE',  ( 0.000000000000000000, 17.14999999999999858, 0.000000000000000000 ) ) ;
#1564 = DIRECTION ( 'NONE',  ( 1.000000000000000000, 0.000000000000000000, 0.000000000000000000 ) ) ;
#1565 = ORIENTED_EDGE ( 'NONE', *, *, #2174, .T. ) ;
#1566 = DIRECTION ( 'NONE',  ( -0.000000000000000000, -0.000000000000000000, -1.000000000000000000 ) ) ;
#1567 = EDGE_CURVE ( 'NONE', #1780, #3526, #2995, .T. ) ;
#1568 = DIRECTION ( 'NONE',  ( -1.000000000000000000, -0.000000000000000000, -0.000000000000000000 ) ) ;
#1569 = CARTESIAN_POINT ( 'NONE',  ( 27.74999999999998579, 14.34999999999999964, -2.599999999999998312 ) ) ;
#1570 = DIRECTION ( 'NONE',  ( -0.000000000000000000, 1.000000000000000000, -0.000000000000000000 ) ) ;
#1571 = VERTEX_POINT ( 'NONE', #3300 ) ;
#1572 = EDGE_CURVE ( 'NONE', #2329, #3390, #37, .T. ) ;
#1573 = EDGE_LOOP ( 'NONE', ( #3414, #136, #2994, #1547 ) ) ;
#1574 = DIRECTION ( 'NONE',  ( 8.540177112501211287E-16, 0.000000000000000000, -1.000000000000000000 ) ) ;
#1575 = VERTEX_POINT ( 'NONE', #216 ) ;
#1576 = DIRECTION ( 'NONE',  ( -1.000000000000000000, 0.000000000000000000, 0.000000000000000000 ) ) ;
#1577 = CARTESIAN_POINT ( 'NONE',  ( 3.000000000000026645, 0.000000000000000000, -3.949999999999998845 ) ) ;
#1578 = VERTEX_POINT ( 'NONE', #1558 ) ;
#1579 = DATE_AND_TIME ( #186, #2624 ) ;
#1580 = CARTESIAN_POINT ( 'NONE',  ( 2.249999999999987121, 6.349999999999999645, -2.000000000000011990 ) ) ;
#1581 = LINE ( 'NONE', #2209, #3342 ) ;
#1582 = ORIENTED_EDGE ( 'NONE', *, *, #2354, .T. ) ;
#1583 = CARTESIAN_POINT ( 'NONE',  ( 18.52267072383963864, 2.787421002745377852, -27.99999999118946192 ) ) ;
#1584 = FACE_OUTER_BOUND ( 'NONE', #2885, .T. ) ;
#1585 = DIRECTION ( 'NONE',  ( -1.000000000000000000, 0.000000000000000000, -1.196361017915039437E-15 ) ) ;
#1586 = DIRECTION ( 'NONE',  ( 4.046002276330746873E-16, 1.000000000000000000, 0.000000000000000000 ) ) ;
#1587 = EDGE_LOOP ( 'NONE', ( #2599, #535, #2817, #3375 ) ) ;
#1588 = AXIS2_PLACEMENT_3D ( 'NONE', #965, #2112, #2932 ) ;
#1589 = DIRECTION ( 'NONE',  ( -0.000000000000000000, -1.000000000000000000, -0.000000000000000000 ) ) ;
#1590 = VERTEX_POINT ( 'NONE', #2703 ) ;
#1591 = CARTESIAN_POINT ( 'NONE',  ( 1.088128308009183698, 6.849398813528482677, -30.77280513386989824 ) ) ;
#1592 = APPROVAL ( #1021, 'UNSPECIFIED' ) ;
#1593 = AXIS2_PLACEMENT_3D ( 'NONE', #224, #507, #1306 ) ;
#1594 = ADVANCED_FACE ( 'NONE', ( #151 ), #2417, .F. ) ;
#1595 = ORIENTED_EDGE ( 'NONE', *, *, #2472, .F. ) ;
#1596 = AXIS2_PLACEMENT_3D ( 'NONE', #2366, #2336, #2123 ) ;
#1597 = DIRECTION ( 'NONE',  ( 1.000000000000000000, 0.000000000000000000, 1.196361017915040226E-15 ) ) ;
#1598 = DIRECTION ( 'NONE',  ( -1.000000000000000000, 1.734723475976806897E-15, 0.000000000000000000 ) ) ;
#1599 = EDGE_CURVE ( 'NONE', #2218, #1879, #436, .T. ) ;
#1600 = AXIS2_PLACEMENT_3D ( 'NONE', #3657, #3368, #2155 ) ;
#1601 = ORIENTED_EDGE ( 'NONE', *, *, #3595, .F. ) ;
#1602 = CIRCLE ( 'NONE', #3572, 2.499999999999998668 ) ;
#1603 = DIRECTION ( 'NONE',  ( 0.000000000000000000, 0.000000000000000000, 1.000000000000000000 ) ) ;
#1604 = AXIS2_PLACEMENT_3D ( 'NONE', #1267, #1529, #3478 ) ;
#1605 = DIRECTION ( 'NONE',  ( 0.000000000000000000, 1.000000000000000000, 0.000000000000000000 ) ) ;
#1606 = CIRCLE ( 'NONE', #1422, 1.500000000000001332 ) ;
#1607 = ORIENTED_EDGE ( 'NONE', *, *, #2655, .T. ) ;
#1608 = CC_DESIGN_APPROVAL ( #1274, ( #49 ) ) ;
#1609 = AXIS2_PLACEMENT_3D ( 'NONE', #2311, #2926, #3452 ) ;
#1610 = VECTOR ( 'NONE', #909, 1000.000000000000000 ) ;
#1611 = CYLINDRICAL_SURFACE ( 'NONE', #1288, 0.9499999999999996225 ) ;
#1612 = FACE_OUTER_BOUND ( 'NONE', #38, .T. ) ;
#1613 = ORIENTED_EDGE ( 'NONE', *, *, #3589, .T. ) ;
#1614 = LINE ( 'NONE', #1102, #1725 ) ;
#1615 = EDGE_LOOP ( 'NONE', ( #651, #1217 ) ) ;
#1616 = CARTESIAN_POINT ( 'NONE',  ( 0.7290079739768827727, 7.267593267456368800, -30.48355721278730712 ) ) ;
#1617 = VERTEX_POINT ( 'NONE', #3339 ) ;
#1618 = EDGE_CURVE ( 'NONE', #3703, #2579, #2563, .T. ) ;
#1619 = FACE_OUTER_BOUND ( 'NONE', #553, .T. ) ;
#1620 = PLANE ( 'NONE',  #2736 ) ;
#1621 = ORIENTED_EDGE ( 'NONE', *, *, #2655, .F. ) ;
#1622 =( LENGTH_UNIT ( ) NAMED_UNIT ( * ) SI_UNIT ( .MILLI., .METRE. ) );
#1623 = CARTESIAN_POINT ( 'NONE',  ( 4.749999999999986677, 2.000000000000000000, -2.599999999999998312 ) ) ;
#1624 = ADVANCED_FACE ( 'NONE', ( #2976 ), #3317, .F. ) ;
#1625 = DIRECTION ( 'NONE',  ( -8.540177112501211287E-16, -0.000000000000000000, 1.000000000000000000 ) ) ;
#1626 = LINE ( 'NONE', #1040, #583 ) ;
#1627 = ORIENTED_EDGE ( 'NONE', *, *, #1138, .T. ) ;
#1628 = CARTESIAN_POINT ( 'NONE',  ( 25.21062707590265006, 2.000000000000000000, -27.00000000000000355 ) ) ;
#1629 = CYLINDRICAL_SURFACE ( 'NONE', #2750, 2.500000000000000000 ) ;
#1630 = CARTESIAN_POINT ( 'NONE',  ( 35.49999999999996447, 7.299999999999998934, -6.699999999999994849 ) ) ;
#1631 = DIRECTION ( 'NONE',  ( -1.000000000000000000, -0.000000000000000000, -8.540177112501211287E-16 ) ) ;
#1632 = ORIENTED_EDGE ( 'NONE', *, *, #1648, .F. ) ;
#1633 = FACE_OUTER_BOUND ( 'NONE', #831, .T. ) ;
#1634 = VERTEX_POINT ( 'NONE', #481 ) ;
#1635 = CARTESIAN_POINT ( 'NONE',  ( 1.123899706772036433, 6.830572725956328917, -30.44412983589512933 ) ) ;
#1636 = ORIENTED_EDGE ( 'NONE', *, *, #3427, .T. ) ;
#1637 = CARTESIAN_POINT ( 'NONE',  ( 12.45003581676593640, 17.14999999999999858, -27.50000000000001421 ) ) ;
#1638 = DIRECTION ( 'NONE',  ( 0.000000000000000000, -1.000000000000000000, 0.000000000000000000 ) ) ;
#1639 = VERTEX_POINT ( 'NONE', #1386 ) ;
#1640 = EDGE_CURVE ( 'NONE', #3003, #2024, #2378, .T. ) ;
#1641 = CARTESIAN_POINT ( 'NONE',  ( 40.10007163353182591, 3.000000000000000000, -28.19999999999998863 ) ) ;
#1642 = LINE ( 'NONE', #2487, #1233 ) ;
#1643 = ADVANCED_FACE ( 'NONE', ( #1999 ), #552, .T. ) ;
#1644 = ADVANCED_FACE ( 'NONE', ( #1402 ), #3425, .F. ) ;
#1645 = CARTESIAN_POINT ( 'NONE',  ( 6.368163355566241312E-16, 16.35000000000000142, -26.00000000000001421 ) ) ;
#1646 = DIRECTION ( 'NONE',  ( -1.000000000000000000, -0.000000000000000000, -0.000000000000000000 ) ) ;
#1647 = CARTESIAN_POINT ( 'NONE',  ( 0.000000000000000000, 2.000000000000000000, -27.00000000000002487 ) ) ;
#1648 = EDGE_CURVE ( 'NONE', #3490, #3581, #516, .T. ) ;
#1649 = VERTEX_POINT ( 'NONE', #3359 ) ;
#1650 = DIRECTION ( 'NONE',  ( 0.000000000000000000, 0.000000000000000000, -1.000000000000000000 ) ) ;
#1651 = ORIENTED_EDGE ( 'NONE', *, *, #2832, .F. ) ;
#1652 = CARTESIAN_POINT ( 'NONE',  ( 3.000000000000026645, 0.000000000000000000, -2.050000000000001599 ) ) ;
#1653 = VERTEX_POINT ( 'NONE', #861 ) ;
#1654 = CIRCLE ( 'NONE', #1956, 1.500000000000001332 ) ;
#1655 = AXIS2_PLACEMENT_3D ( 'NONE', #2292, #1412, #2560 ) ;
#1656 = CARTESIAN_POINT ( 'NONE',  ( 1.367476984781359262, 9.962906293828805104, -30.93466841818343482 ) ) ;
#1657 = ORIENTED_EDGE ( 'NONE', *, *, #1368, .F. ) ;
#1658 = AXIS2_PLACEMENT_3D ( 'NONE', #700, #68, #2092 ) ;
#1659 = DIRECTION ( 'NONE',  ( 0.000000000000000000, 0.000000000000000000, -1.000000000000000000 ) ) ;
#1660 = DIRECTION ( 'NONE',  ( 0.000000000000000000, 1.000000000000000000, -0.000000000000000000 ) ) ;
#1661 = LINE ( 'NONE', #1864, #1416 ) ;
#1662 = VECTOR ( 'NONE', #2644, 1000.000000000000000 ) ;
#1663 = AXIS2_PLACEMENT_3D ( 'NONE', #1751, #1770, #2671 ) ;
#1664 = AXIS2_PLACEMENT_3D ( 'NONE', #1679, #2822, #1659 ) ;
#1665 = CARTESIAN_POINT ( 'NONE',  ( 2.500000000000002665, 10.10890796058136942, -31.00000000000002487 ) ) ;
#1666 = EDGE_CURVE ( 'NONE', #1816, #3073, #1602, .T. ) ;
#1667 = PLANE ( 'NONE',  #1409 ) ;
#1668 = CARTESIAN_POINT ( 'NONE',  ( 40.86495314021180292, 11.14999999999999858, -27.81343258757277326 ) ) ;
#1669 = AXIS2_PLACEMENT_3D ( 'NONE', #2864, #11, #2131 ) ;
#1670 = ORIENTED_EDGE ( 'NONE', *, *, #2836, .F. ) ;
#1671 = CARTESIAN_POINT ( 'NONE',  ( 2.664535259100379799E-14, 16.35000000000000142, -31.20000000000002771 ) ) ;
#1672 = AXIS2_PLACEMENT_3D ( 'NONE', #3614, #1341, #2511 ) ;
#1673 = EDGE_CURVE ( 'NONE', #1160, #2460, #231, .T. ) ;
#1674 = EDGE_LOOP ( 'NONE', ( #3023, #332, #2815, #2379 ) ) ;
#1675 = CARTESIAN_POINT ( 'NONE',  ( 2.186482988042371733, 9.929557570118923593, -30.98313575514723084 ) ) ;
#1676 = VERTEX_POINT ( 'NONE', #1652 ) ;
#1677 = CARTESIAN_POINT ( 'NONE',  ( 2.500000000000000444, 8.199964183234049742, -28.70000000000002416 ) ) ;
#1678 = ORIENTED_EDGE ( 'NONE', *, *, #697, .T. ) ;
#1679 = CARTESIAN_POINT ( 'NONE',  ( 40.10007163353182591, 0.000000000000000000, -3.000000000000000000 ) ) ;
#1680 = DIRECTION ( 'NONE',  ( 0.000000000000000000, 0.000000000000000000, 1.000000000000000000 ) ) ;
#1681 = CARTESIAN_POINT ( 'NONE',  ( 32.49999999999993605, 17.14999999999999858, 20.16144882284025996 ) ) ;
#1682 = CARTESIAN_POINT ( 'NONE',  ( 35.49999999999996447, 17.14999999999999858, -8.999999999999996447 ) ) ;
#1683 = FACE_OUTER_BOUND ( 'NONE', #2638, .T. ) ;
#1684 = LINE ( 'NONE', #1083, #235 ) ;
#1685 = EDGE_CURVE ( 'NONE', #77, #2707, #185, .T. ) ;
#1686 = ORIENTED_EDGE ( 'NONE', *, *, #1109, .F. ) ;
#1687 = CARTESIAN_POINT ( 'NONE',  ( 40.60007163353185433, 0.000000000000000000, -28.69999999999999218 ) ) ;
#1688 = EDGE_LOOP ( 'NONE', ( #269, #1367, #944, #243 ) ) ;
#1689 = EDGE_CURVE ( 'NONE', #2903, #435, #1835, .T. ) ;
#1690 = ORIENTED_EDGE ( 'NONE', *, *, #2489, .F. ) ;
#1691 = CARTESIAN_POINT ( 'NONE',  ( 2.500000000000002665, 10.10890796058136942, -31.20000000000002416 ) ) ;
#1692 = ORIENTED_EDGE ( 'NONE', *, *, #337, .T. ) ;
#1693 = CARTESIAN_POINT ( 'NONE',  ( 33.99999999999995737, 7.299999999999998934, -6.699999999999995737 ) ) ;
#1694 = CARTESIAN_POINT ( 'NONE',  ( 19.03195655376873319, 2.532641587740478872, -27.92704540330158736 ) ) ;
#1695 = CARTESIAN_POINT ( 'NONE',  ( 27.74999999999998224, 5.175047056183575300, -27.03839377106015363 ) ) ;
#1696 = CARTESIAN_POINT ( 'NONE',  ( 27.74999999999998579, 4.800000000000000711, -19.99999999999999645 ) ) ;
#1697 = DIRECTION ( 'NONE',  ( 8.540177112501211287E-16, 0.000000000000000000, -1.000000000000000000 ) ) ;
#1698 = CARTESIAN_POINT ( 'NONE',  ( 2.474358974358976671, 9.910558426162767276, -31.00000000000002487 ) ) ;
#1699 = ORIENTED_EDGE ( 'NONE', *, *, #2297, .F. ) ;
#1700 = DIRECTION ( 'NONE',  ( -1.000000000000000000, 0.000000000000000000, 0.000000000000000000 ) ) ;
#1701 = ORIENTED_EDGE ( 'NONE', *, *, #2582, .T. ) ;
#1702 = ORIENTED_EDGE ( 'NONE', *, *, #2650, .T. ) ;
#1703 = ADVANCED_FACE ( 'NONE', ( #305 ), #3128, .F. ) ;
#1704 = CARTESIAN_POINT ( 'NONE',  ( 2.164472906092715476, 9.929573182929416930, -31.18203167034700840 ) ) ;
#1705 = VECTOR ( 'NONE', #2098, 1000.000000000000000 ) ;
#1706 = ORIENTED_EDGE ( 'NONE', *, *, #2452, .T. ) ;
#1707 = VECTOR ( 'NONE', #511, 1000.000000000000000 ) ;
#1708 = DIRECTION ( 'NONE',  ( -4.046002276330746873E-16, -1.000000000000000000, -0.000000000000000000 ) ) ;
#1709 = CARTESIAN_POINT ( 'NONE',  ( 20.36655011543157201, 2.089045794709916137, -27.23635028180045836 ) ) ;
#1710 = EDGE_CURVE ( 'NONE', #2846, #1760, #3143, .T. ) ;
#1711 = FACE_OUTER_BOUND ( 'NONE', #1573, .T. ) ;
#1712 = AXIS2_PLACEMENT_3D ( 'NONE', #3709, #595, #868 ) ;
#1713 = DIRECTION ( 'NONE',  ( 0.000000000000000000, -0.000000000000000000, -1.000000000000000000 ) ) ;
#1714 = VECTOR ( 'NONE', #1807, 1000.000000000000000 ) ;
#1715 = CARTESIAN_POINT ( 'NONE',  ( 43.10007163353186144, 17.14999999999999503, -28.69999999999998508 ) ) ;
#1716 = AXIS2_PLACEMENT_3D ( 'NONE', #1322, #1605, #3592 ) ;
#1717 = AXIS2_PLACEMENT_3D ( 'NONE', #2532, #2272, #237 ) ;
#1718 = DIRECTION ( 'NONE',  ( -8.540177112501212273E-16, 0.000000000000000000, 1.000000000000000000 ) ) ;
#1719 = AXIS2_PLACEMENT_3D ( 'NONE', #373, #2053, #52 ) ;
#1720 = AXIS2_PLACEMENT_3D ( 'NONE', #3676, #1100, #1344 ) ;
#1721 = CARTESIAN_POINT ( 'NONE',  ( 40.76439812258387008, 11.14999999999999858, -2.320904781386446292 ) ) ;
#1722 = LINE ( 'NONE', #3074, #347 ) ;
#1723 = VERTEX_POINT ( 'NONE', #1938 ) ;
#1724 = CC_DESIGN_APPROVAL ( #1592, ( #3218 ) ) ;
#1725 = VECTOR ( 'NONE', #1330, 1000.000000000000000 ) ;
#1726 = FACE_OUTER_BOUND ( 'NONE', #680, .T. ) ;
#1727 = ORIENTED_EDGE ( 'NONE', *, *, #956, .T. ) ;
#1728 = CARTESIAN_POINT ( 'NONE',  ( 2.328828074397031767, 10.12926545662879008, -31.20000000000002416 ) ) ;
#1729 = AXIS2_PLACEMENT_3D ( 'NONE', #2825, #2567, #317 ) ;
#1730 = ORIENTED_EDGE ( 'NONE', *, *, #682, .T. ) ;
#1731 = EDGE_CURVE ( 'NONE', #3073, #367, #1722, .T. ) ;
#1732 = CARTESIAN_POINT ( 'NONE',  ( 33.99999999999995737, 7.299999999999998934, -8.999999999999998224 ) ) ;
#1733 = CARTESIAN_POINT ( 'NONE',  ( 19.07719989726149734, 2.000000000000057732, -27.00000000000003553 ) ) ;
#1734 = CARTESIAN_POINT ( 'NONE',  ( 33.99999999999995737, 7.299999999999998934, -7.499999999999998224 ) ) ;
#1735 = ORIENTED_EDGE ( 'NONE', *, *, #1227, .F. ) ;
#1736 = ORIENTED_EDGE ( 'NONE', *, *, #1648, .T. ) ;
#1737 = EDGE_CURVE ( 'NONE', #131, #3014, #3645, .T. ) ;
#1738 = LINE ( 'NONE', #2317, #3511 ) ;
#1739 = DIRECTION ( 'NONE',  ( 0.000000000000000000, 0.000000000000000000, 1.000000000000000000 ) ) ;
#1740 = ORIENTED_EDGE ( 'NONE', *, *, #2149, .F. ) ;
#1741 = CARTESIAN_POINT ( 'NONE',  ( 2.500000000000002220, 0.000000000000000000, -31.20000000000002416 ) ) ;
#1742 = VERTEX_POINT ( 'NONE', #254 ) ;
#1743 = ORIENTED_EDGE ( 'NONE', *, *, #3125, .F. ) ;
#1744 = CARTESIAN_POINT ( 'NONE',  ( 0.1551757255266388857, 7.767464012448212607, -29.56737772021736887 ) ) ;
#1745 = ORIENTED_EDGE ( 'NONE', *, *, #1388, .F. ) ;
#1746 = CARTESIAN_POINT ( 'NONE',  ( 1.685546637509297341, 6.284544894718687935, -31.06901390011744013 ) ) ;
#1747 = CARTESIAN_POINT ( 'NONE',  ( 2.474358974358976671, 6.439441573837231481, -31.00000000000002487 ) ) ;
#1748 = FACE_OUTER_BOUND ( 'NONE', #3283, .T. ) ;
#1749 = EDGE_CURVE ( 'NONE', #835, #2700, #3701, .T. ) ;
#1750 = ORIENTED_EDGE ( 'NONE', *, *, #2961, .T. ) ;
#1751 = CARTESIAN_POINT ( 'NONE',  ( 32.20000000000000284, 8.175000000000000711, -31.00000000000000000 ) ) ;
#1752 = CARTESIAN_POINT ( 'NONE',  ( 30.24999999999998934, 8.175000000000000711, -15.49999999999999645 ) ) ;
#1753 = EDGE_CURVE ( 'NONE', #1639, #3187, #2898, .T. ) ;
#1754 = CARTESIAN_POINT ( 'NONE',  ( 30.24999999999997158, 8.175000000000000711, 0.001000000000021816771 ) ) ;
#1755 = EDGE_CURVE ( 'NONE', #247, #1444, #938, .T. ) ;
#1756 = CARTESIAN_POINT ( 'NONE',  ( 32.49999999999997158, 5.799999999999999822, -6.699999999999995737 ) ) ;
#1757 = VERTEX_POINT ( 'NONE', #3221 ) ;
#1758 = EDGE_CURVE ( 'NONE', #1972, #2248, #658, .T. ) ;
#1759 = DIRECTION ( 'NONE',  ( -0.000000000000000000, 1.000000000000000000, -0.000000000000000000 ) ) ;
#1760 = VERTEX_POINT ( 'NONE', #340 ) ;
#1761 = VERTEX_POINT ( 'NONE', #1741 ) ;
#1762 = CARTESIAN_POINT ( 'NONE',  ( 0.4725117237417681970, 8.366279267855540880, -30.56615745593898836 ) ) ;
#1763 = EDGE_LOOP ( 'NONE', ( #2087, #2959, #2588 ) ) ;
#1764 = CARTESIAN_POINT ( 'NONE',  ( 2.333616869694181695, 6.221304065662715210, -31.20000000000003126 ) ) ;
#1765 = DIRECTION ( 'NONE',  ( 0.000000000000000000, 0.000000000000000000, -1.000000000000000000 ) ) ;
#1766 = CIRCLE ( 'NONE', #3019, 0.9499999999999996225 ) ;
#1767 = CARTESIAN_POINT ( 'NONE',  ( 22.13226920596955694, 2.000000000003765432, -27.11658915552596483 ) ) ;
#1768 = EDGE_LOOP ( 'NONE', ( #3483, #2973, #517, #2117 ) ) ;
#1769 = CIRCLE ( 'NONE', #394, 0.9499999999999995115 ) ;
#1770 = DIRECTION ( 'NONE',  ( -1.224646799147353207E-16, 1.000000000000000000, -1.045870056497609456E-31 ) ) ;
#1771 = CYLINDRICAL_SURFACE ( 'NONE', #2502, 1.500000000000001332 ) ;
#1772 = CARTESIAN_POINT ( 'NONE',  ( 0.000000000000000000, 14.34999999999999964, 0.000000000000000000 ) ) ;
#1773 = CC_DESIGN_PERSON_AND_ORGANIZATION_ASSIGNMENT ( #270, #3412, ( #49 ) ) ;
#1774 = VECTOR ( 'NONE', #3528, 1000.000000000000000 ) ;
#1775 = EDGE_CURVE ( 'NONE', #1935, #164, #1779, .T. ) ;
#1776 = CARTESIAN_POINT ( 'NONE',  ( 2.249999999999986677, 8.175000000000000711, -19.99999999999999645 ) ) ;
#1777 = CARTESIAN_POINT ( 'NONE',  ( 21.81673091567019540, 2.004310641090250034, -27.11542231999761654 ) ) ;
#1778 = LINE ( 'NONE', #2883, #2912 ) ;
#1779 = CIRCLE ( 'NONE', #2799, 0.9500000000000002887 ) ;
#1780 = VERTEX_POINT ( 'NONE', #3237 ) ;
#1781 = ADVANCED_FACE ( 'NONE', ( #3498 ), #1798, .F. ) ;
#1782 = CIRCLE ( 'NONE', #1421, 1.500000000000001332 ) ;
#1783 = AXIS2_PLACEMENT_3D ( 'NONE', #2775, #3408, #2827 ) ;
#1784 = VERTEX_POINT ( 'NONE', #913 ) ;
#1785 = CARTESIAN_POINT ( 'NONE',  ( 0.1471425385311760092, 8.546389492878228467, -29.54525717159019393 ) ) ;
#1786 = EDGE_LOOP ( 'NONE', ( #78, #2029, #114, #1613, #215, #1977 ) ) ;
#1787 = AXIS2_PLACEMENT_3D ( 'NONE', #2713, #656, #2949 ) ;
#1788 = CYLINDRICAL_SURFACE ( 'NONE', #1609, 0.9499999999999995115 ) ;
#1789 = CARTESIAN_POINT ( 'NONE',  ( 40.10007163353182591, 0.000000000000000000, -28.19999999999998863 ) ) ;
#1790 = CIRCLE ( 'NONE', #1133, 1.000000000000000000 ) ;
#1791 = FACE_OUTER_BOUND ( 'NONE', #744, .T. ) ;
#1792 = ORIENTED_EDGE ( 'NONE', *, *, #2051, .T. ) ;
#1793 = CARTESIAN_POINT ( 'NONE',  ( 3.000000000000029754, 3.000000000000000000, -29.14999999999998792 ) ) ;
#1794 = DIRECTION ( 'NONE',  ( -1.224646799147354193E-16, 0.000000000000000000, -1.000000000000000000 ) ) ;
#1795 = CARTESIAN_POINT ( 'NONE',  ( 0.000000000000000000, 2.000000000000000000, -19.99999999999999645 ) ) ;
#1796 = CARTESIAN_POINT ( 'NONE',  ( 1.299999999999990719, 8.175000000000000711, -23.70000000000002416 ) ) ;
#1797 = CARTESIAN_POINT ( 'NONE',  ( 12.45003581676593640, 16.35000000000000142, -27.50000000000001421 ) ) ;
#1798 = CYLINDRICAL_SURFACE ( 'NONE', #2080, 1.749999999999998002 ) ;
#1799 = ADVANCED_FACE ( 'NONE', ( #3196 ), #897, .F. ) ;
#1800 = EDGE_LOOP ( 'NONE', ( #344, #353, #2285, #2798 ) ) ;
#1801 = VERTEX_POINT ( 'NONE', #621 ) ;
#1802 = CARTESIAN_POINT ( 'NONE',  ( 0.1339540698325066004, 8.477193657771154633, -29.50760422017966889 ) ) ;
#1803 = EDGE_CURVE ( 'NONE', #2100, #2700, #1778, .T. ) ;
#1804 = ORIENTED_EDGE ( 'NONE', *, *, #2894, .F. ) ;
#1805 = CARTESIAN_POINT ( 'NONE',  ( 2.165568846246535450, 6.220113847513820460, -31.18302337677924996 ) ) ;
#1806 = DIRECTION ( 'NONE',  ( -1.000000000000000000, 0.000000000000000000, -8.540177112501211287E-16 ) ) ;
#1807 = DIRECTION ( 'NONE',  ( 1.000000000000000000, 0.000000000000000000, 0.000000000000000000 ) ) ;
#1808 = EDGE_LOOP ( 'NONE', ( #3225, #3409 ) ) ;
#1809 = CARTESIAN_POINT ( 'NONE',  ( 33.99999999999995737, 14.34999999999999964, -5.199999999999996625 ) ) ;
#1810 = CYLINDRICAL_SURFACE ( 'NONE', #1719, 0.9499999999999995115 ) ;
#1811 = CARTESIAN_POINT ( 'NONE',  ( 20.88529157026752614, 2.034299408310063395, -27.28546395584994855 ) ) ;
#1812 = CARTESIAN_POINT ( 'NONE',  ( 4.749999999999986677, 2.000000000000000000, -27.00000000000002487 ) ) ;
#1813 = DIRECTION ( 'NONE',  ( 0.000000000000000000, 0.000000000000000000, -1.000000000000000000 ) ) ;
#1814 = DIRECTION ( 'NONE',  ( -0.000000000000000000, 1.000000000000000000, -0.000000000000000000 ) ) ;
#1815 = VERTEX_POINT ( 'NONE', #675 ) ;
#1816 = VERTEX_POINT ( 'NONE', #1477 ) ;
#1817 = CARTESIAN_POINT ( 'NONE',  ( 0.1186911457040075724, 8.367775189473780628, -29.46131697429193252 ) ) ;
#1818 = EDGE_LOOP ( 'NONE', ( #381, #1955 ) ) ;
#1819 = EDGE_CURVE ( 'NONE', #3467, #1077, #3464, .T. ) ;
#1820 = FACE_OUTER_BOUND ( 'NONE', #3148, .T. ) ;
#1821 = CARTESIAN_POINT ( 'NONE',  ( 24.17699651068980415, 2.581141812595531437, -27.24126234272213765 ) ) ;
#1822 = ORIENTED_EDGE ( 'NONE', *, *, #2354, .F. ) ;
#1823 = FACE_BOUND ( 'NONE', #2548, .T. ) ;
#1824 = AXIS2_PLACEMENT_3D ( 'NONE', #339, #581, #2022 ) ;
#1825 = EDGE_CURVE ( 'NONE', #2409, #1815, #639, .T. ) ;
#1826 = CARTESIAN_POINT ( 'NONE',  ( 28.49999999999999645, 8.175000000000000711, -23.70000000000000284 ) ) ;
#1827 = DIRECTION ( 'NONE',  ( 0.000000000000000000, 0.000000000000000000, 1.000000000000000000 ) ) ;
#1828 = VECTOR ( 'NONE', #2282, 1000.000000000000000 ) ;
#1829 = LINE ( 'NONE', #1812, #1914 ) ;
#1830 = AXIS2_PLACEMENT_3D ( 'NONE', #1858, #2463, #182 ) ;
#1831 = LINE ( 'NONE', #2342, #155 ) ;
#1832 = LINE ( 'NONE', #1555, #2019 ) ;
#1833 = ORIENTED_EDGE ( 'NONE', *, *, #3472, .F. ) ;
#1834 = CIRCLE ( 'NONE', #2314, 1.749999999999998002 ) ;
#1835 = CIRCLE ( 'NONE', #881, 0.9499999999999996225 ) ;
#1836 = ORIENTED_EDGE ( 'NONE', *, *, #3334, .T. ) ;
#1837 = CARTESIAN_POINT ( 'NONE',  ( 30.24999999999998934, 8.175000000000000711, -15.49999999999999645 ) ) ;
#1838 = ORIENTED_EDGE ( 'NONE', *, *, #1000, .T. ) ;
#1839 = CIRCLE ( 'NONE', #2320, 0.9499999999999995115 ) ;
#1840 = VECTOR ( 'NONE', #1321, 1000.000000000000000 ) ;
#1841 = DIRECTION ( 'NONE',  ( 0.000000000000000000, -1.000000000000000000, 0.000000000000000000 ) ) ;
#1842 = CARTESIAN_POINT ( 'NONE',  ( 24.70220909409367493, 2.861110420197835680, -28.00000000000000355 ) ) ;
#1843 = VECTOR ( 'NONE', #2246, 1000.000000000000000 ) ;
#1844 = ORIENTED_EDGE ( 'NONE', *, *, #3310, .F. ) ;
#1845 = EDGE_CURVE ( 'NONE', #3540, #721, #930, .T. ) ;
#1846 = CIRCLE ( 'NONE', #2863, 1.000000000000000888 ) ;
#1847 = DIRECTION ( 'NONE',  ( 0.000000000000000000, 0.000000000000000000, 1.000000000000000000 ) ) ;
#1848 = CARTESIAN_POINT ( 'NONE',  ( 27.74999999999998579, 14.34999999999999964, -4.199999999999995737 ) ) ;
#1849 = VERTEX_POINT ( 'NONE', #2951 ) ;
#1850 = EDGE_CURVE ( 'NONE', #3255, #810, #1457, .T. ) ;
#1851 = FACE_OUTER_BOUND ( 'NONE', #1615, .T. ) ;
#1852 = CARTESIAN_POINT ( 'NONE',  ( 2.500000000000002665, 17.14999999999999858, -31.20000000000002416 ) ) ;
#1853 = DIRECTION ( 'NONE',  ( 0.000000000000000000, -1.000000000000000000, 0.000000000000000000 ) ) ;
#1854 = ORIENTED_EDGE ( 'NONE', *, *, #1299, .T. ) ;
#1855 = ORIENTED_EDGE ( 'NONE', *, *, #601, .T. ) ;
#1856 = CARTESIAN_POINT ( 'NONE',  ( 2.500000000000002220, 6.241092039418629334, -31.20000000000002416 ) ) ;
#1857 = ORIENTED_EDGE ( 'NONE', *, *, #1850, .T. ) ;
#1858 = CARTESIAN_POINT ( 'NONE',  ( 21.55003581676593782, 8.199964183234049742, -27.00000000000000355 ) ) ;
#1859 = CARTESIAN_POINT ( 'NONE',  ( 0.000000000000000000, 2.000000000000000000, -27.00000000000002487 ) ) ;
#1860 = ORIENTED_EDGE ( 'NONE', *, *, #3555, .T. ) ;
#1861 = CYLINDRICAL_SURFACE ( 'NONE', #2804, 1.000000000000000000 ) ;
#1862 = DIRECTION ( 'NONE',  ( -0.000000000000000000, -0.000000000000000000, -1.000000000000000000 ) ) ;
#1863 = LINE ( 'NONE', #1848, #3336 ) ;
#1864 = CARTESIAN_POINT ( 'NONE',  ( 27.74999999999998579, 14.34999999999999964, -27.00000000000002487 ) ) ;
#1865 = ORIENTED_EDGE ( 'NONE', *, *, #1755, .T. ) ;
#1866 = CARTESIAN_POINT ( 'NONE',  ( 18.39786253943820427, 2.861110420197834792, -28.00000000000000711 ) ) ;
#1867 = ADVANCED_FACE ( 'NONE', ( #1174 ), #646, .T. ) ;
#1868 = ADVANCED_FACE ( 'NONE', ( #75 ), #954, .F. ) ;
#1869 = CARTESIAN_POINT ( 'NONE',  ( 15.35003581676593853, 8.199964183234049742, -31.20000000000001350 ) ) ;
#1870 = CARTESIAN_POINT ( 'NONE',  ( 1.299999999999986944, 8.175000000000000711, -15.49999999999999645 ) ) ;
#1871 = ORIENTED_EDGE ( 'NONE', *, *, #3384, .T. ) ;
#1872 = DIRECTION ( 'NONE',  ( 0.000000000000000000, 0.000000000000000000, -1.000000000000000000 ) ) ;
#1873 = ADVANCED_FACE ( 'NONE', ( #2023 ), #2300, .F. ) ;
#1874 = ORIENTED_EDGE ( 'NONE', *, *, #1964, .F. ) ;
#1875 = CARTESIAN_POINT ( 'NONE',  ( 2.664535259100379799E-14, 17.14999999999999858, -31.20000000000002771 ) ) ;
#1876 = ORIENTED_EDGE ( 'NONE', *, *, #1109, .T. ) ;
#1877 = DIRECTION ( 'NONE',  ( 1.000000000000000000, 0.000000000000000000, 1.119182901519237088E-15 ) ) ;
#1878 = CARTESIAN_POINT ( 'NONE',  ( 15.35003581676593853, 5.299964183234050275, -31.20000000000001350 ) ) ;
#1879 = VERTEX_POINT ( 'NONE', #2326 ) ;
#1880 = CARTESIAN_POINT ( 'NONE',  ( 27.74999999999998579, 2.000000000000000000, -19.99999999999999645 ) ) ;
#1881 = CARTESIAN_POINT ( 'NONE',  ( 31.49999999999997868, 17.14999999999999858, -26.00000000000001421 ) ) ;
#1882 = DIRECTION ( 'NONE',  ( 0.000000000000000000, 0.000000000000000000, 1.000000000000000000 ) ) ;
#1883 = CARTESIAN_POINT ( 'NONE',  ( 33.49999999999996447, 14.34999999999999964, -8.999999999999998224 ) ) ;
#1884 = ORIENTED_EDGE ( 'NONE', *, *, #2628, .T. ) ;
#1885 = CARTESIAN_POINT ( 'NONE',  ( 40.86495314021180292, 11.14999999999999858, -28.76343258757277255 ) ) ;
#1886 = CLOSED_SHELL ( 'NONE', ( #3195, #969, #1175, #524, #1181, #2609, #2541, #2696, #2956, #796, #1931, #1868, #618, #2496, #1594, #613, #1509, #3224, #227, #480, #2026, #485, #1799, #1343, #1925, #449, #2991, #566, #362, #587, #2189, #1275, #3367, #978, #1480, #1703, #3081, #1253, #1252, #1020, #3358, #704, #3064, #554, #2222, #2281, #2788, #907, #1045, #974, #2030, #1624, #204, #2586, #3632, #1504, #751, #343, #2302, #388, #846, #2237, #2813, #826, #3261, #2938, #1781, #1248, #2050, #3519, #3106, #1643, #2444, #1437, #727, #3010, #159, #3682, #1644, #746, #3640, #973, #1873, #1392, #3005, #2812, #1551, #730, #633, #3242, #2721, #2920, #3541, #3169, #2335, #3192, #1207, #1404, #703, #431, #3711, #3087, #859, #1867, #1325, #3361, #2558, #3082, #411, #1293, #1554, #3687, #2072 ) ) ;
#1887 = CARTESIAN_POINT ( 'NONE',  ( 2.249999999999969802, 8.175000000000000711, 0.001000000000001000089 ) ) ;
#1888 = CARTESIAN_POINT ( 'NONE',  ( 0.000000000000000000, 0.000000000000000000, 0.000000000000000000 ) ) ;
#1889 = EDGE_LOOP ( 'NONE', ( #664, #3265 ) ) ;
#1890 = EDGE_CURVE ( 'NONE', #173, #3540, #1419, .T. ) ;
#1891 = AXIS2_PLACEMENT_3D ( 'NONE', #1869, #1949, #1585 ) ;
#1892 = DIRECTION ( 'NONE',  ( -8.540177112501212273E-16, -0.000000000000000000, 1.000000000000000000 ) ) ;
#1893 = VERTEX_POINT ( 'NONE', #3312 ) ;
#1894 = CARTESIAN_POINT ( 'NONE',  ( 0.8643505758686639284, 6.676923896809964454, -30.59579330290486965 ) ) ;
#1895 = AXIS2_PLACEMENT_3D ( 'NONE', #3568, #1909, #3593 ) ;
#1896 = VERTEX_POINT ( 'NONE', #416 ) ;
#1897 = EDGE_CURVE ( 'NONE', #1467, #3703, #1047, .T. ) ;
#1898 = AXIS2_PLACEMENT_3D ( 'NONE', #3345, #2144, #720 ) ;
#1899 = DIRECTION ( 'NONE',  ( 0.000000000000000000, 1.000000000000000000, 0.000000000000000000 ) ) ;
#1900 = DIRECTION ( 'NONE',  ( 0.000000000000000000, 0.000000000000000000, 1.000000000000000000 ) ) ;
#1901 = CIRCLE ( 'NONE', #2865, 0.9499999999999998446 ) ;
#1902 = VERTEX_POINT ( 'NONE', #2397 ) ;
#1903 = VECTOR ( 'NONE', #2457, 1000.000000000000000 ) ;
#1904 = COORDINATED_UNIVERSAL_TIME_OFFSET ( 8, 0, .BEHIND. ) ;
#1905 = CARTESIAN_POINT ( 'NONE',  ( 2.664535259100379799E-14, 16.35000000000000142, -27.00000000000001421 ) ) ;
#1906 = VECTOR ( 'NONE', #2369, 1000.000000000000000 ) ;
#1907 = DIRECTION ( 'NONE',  ( -1.000000000000000000, 0.000000000000000000, -8.540177112501212273E-16 ) ) ;
#1908 = AXIS2_PLACEMENT_3D ( 'NONE', #2485, #162, #3591 ) ;
#1909 = DIRECTION ( 'NONE',  ( 0.000000000000000000, -1.000000000000000000, 0.000000000000000000 ) ) ;
#1910 = ORIENTED_EDGE ( 'NONE', *, *, #3130, .T. ) ;
#1911 = DIRECTION ( 'NONE',  ( -1.000000000000000000, 0.000000000000000000, -8.539429528766384727E-16 ) ) ;
#1912 = VECTOR ( 'NONE', #321, 1000.000000000000000 ) ;
#1913 = CARTESIAN_POINT ( 'NONE',  ( 3.199999999999986855, 8.175000000000000711, -15.49999999999999645 ) ) ;
#1914 = VECTOR ( 'NONE', #711, 1000.000000000000000 ) ;
#1915 = LINE ( 'NONE', #495, #338 ) ;
#1916 = DIRECTION ( 'NONE',  ( -0.8611104201978373451, -0.5084179818089680225, 0.000000000000000000 ) ) ;
#1917 = VERTEX_POINT ( 'NONE', #2413 ) ;
#1918 = CYLINDRICAL_SURFACE ( 'NONE', #3280, 0.9499999999999986233 ) ;
#1919 = EDGE_LOOP ( 'NONE', ( #2807, #3662, #2301, #917, #1403, #624 ) ) ;
#1920 = EDGE_CURVE ( 'NONE', #2704, #379, #2207, .T. ) ;
#1921 = DIRECTION ( 'NONE',  ( -1.000000000000000000, 0.000000000000000000, -8.539429528766383741E-16 ) ) ;
#1922 = EDGE_LOOP ( 'NONE', ( #2529, #1385, #1460, #1134, #200, #2429, #1089, #3587, #3447 ) ) ;
#1923 = DIRECTION ( 'NONE',  ( -0.000000000000000000, -1.000000000000000000, -0.000000000000000000 ) ) ;
#1924 = EDGE_CURVE ( 'NONE', #1893, #2363, #3008, .T. ) ;
#1925 = ADVANCED_FACE ( 'NONE', ( #3331 ), #3552, .F. ) ;
#1926 = CARTESIAN_POINT ( 'NONE',  ( 15.63209473039800201, 4.546186161322927077, -27.00000000000001421 ) ) ;
#1927 = ORIENTED_EDGE ( 'NONE', *, *, #34, .F. ) ;
#1928 = APPLICATION_PROTOCOL_DEFINITION ( 'international standard', 'config_control_design', 1994, #2380 ) ;
#1929 = CARTESIAN_POINT ( 'NONE',  ( 4.749999999999986677, 14.34999999999999964, -2.599999999999998312 ) ) ;
#1930 = DIRECTION ( 'NONE',  ( 0.000000000000000000, 1.000000000000000000, 0.000000000000000000 ) ) ;
#1931 = ADVANCED_FACE ( 'NONE', ( #1612 ), #2992, .F. ) ;
#1932 = FACE_BOUND ( 'NONE', #1808, .T. ) ;
#1933 = CARTESIAN_POINT ( 'NONE',  ( 2.500000000000002665, 17.14999999999999858, -31.20000000000002771 ) ) ;
#1934 = CARTESIAN_POINT ( 'NONE',  ( 30.24999999999998579, 6.349999999999999645, -2.950000000000013056 ) ) ;
#1935 = VERTEX_POINT ( 'NONE', #3598 ) ;
#1936 = DIRECTION ( 'NONE',  ( -1.000000000000000000, 0.000000000000000000, 0.000000000000000000 ) ) ;
#1937 = ORIENTED_EDGE ( 'NONE', *, *, #2717, .T. ) ;
#1938 = CARTESIAN_POINT ( 'NONE',  ( 27.74999999999998579, 7.299999999999998934, -4.199999999999995737 ) ) ;
#1939 = ORIENTED_EDGE ( 'NONE', *, *, #3125, .T. ) ;
#1940 = FACE_OUTER_BOUND ( 'NONE', #588, .T. ) ;
#1941 = ORIENTED_EDGE ( 'NONE', *, *, #404, .F. ) ;
#1942 = CC_DESIGN_PERSON_AND_ORGANIZATION_ASSIGNMENT ( #16, #288, ( #3218 ) ) ;
#1943 = EDGE_CURVE ( 'NONE', #1902, #2846, #3393, .T. ) ;
#1944 = CARTESIAN_POINT ( 'NONE',  ( 2.500000000000000444, 0.000000000000000000, -28.70000000000002416 ) ) ;
#1945 = FACE_OUTER_BOUND ( 'NONE', #988, .T. ) ;
#1946 = CARTESIAN_POINT ( 'NONE',  ( 33.99999999999995737, 17.14999999999999858, -8.999999999999998224 ) ) ;
#1947 = EDGE_CURVE ( 'NONE', #1935, #2405, #749, .T. ) ;
#1948 = CARTESIAN_POINT ( 'NONE',  ( 27.74999999999998579, 20.83836651245905713, -27.00000000000002487 ) ) ;
#1949 = DIRECTION ( 'NONE',  ( -8.540177112501211287E-16, -0.000000000000000000, 1.000000000000000000 ) ) ;
#1950 = CARTESIAN_POINT ( 'NONE',  ( 40.10007163353182591, 3.000000000000000000, -27.24999999999998934 ) ) ;
#1951 = ORIENTED_EDGE ( 'NONE', *, *, #929, .F. ) ;
#1952 = LINE ( 'NONE', #3641, #1426 ) ;
#1953 = CIRCLE ( 'NONE', #336, 0.9500000000000007327 ) ;
#1954 = CARTESIAN_POINT ( 'NONE',  ( 0.000000000000000000, 7.299999999999998934, -6.699999999999995737 ) ) ;
#1955 = ORIENTED_EDGE ( 'NONE', *, *, #1775, .T. ) ;
#1956 = AXIS2_PLACEMENT_3D ( 'NONE', #2156, #2230, #729 ) ;
#1957 = CIRCLE ( 'NONE', #342, 1.000000000000000888 ) ;
#1958 = CARTESIAN_POINT ( 'NONE',  ( 0.4661098435693031838, 8.405583387056553946, -30.24235967362123745 ) ) ;
#1959 = VERTEX_POINT ( 'NONE', #3575 ) ;
#1960 = AXIS2_PLACEMENT_3D ( 'NONE', #1097, #2542, #2890 ) ;
#1961 = DIRECTION ( 'NONE',  ( -1.000000000000000000, 0.000000000000000000, 0.000000000000000000 ) ) ;
#1962 = FACE_OUTER_BOUND ( 'NONE', #2517, .T. ) ;
#1963 = PLANE ( 'NONE',  #823 ) ;
#1964 = EDGE_CURVE ( 'NONE', #676, #1108, #2260, .T. ) ;
#1965 = CIRCLE ( 'NONE', #352, 6.199964183234047965 ) ;
#1966 = FACE_OUTER_BOUND ( 'NONE', #1024, .T. ) ;
#1967 = FACE_OUTER_BOUND ( 'NONE', #17, .T. ) ;
#1968 = EDGE_CURVE ( 'NONE', #116, #1917, #3028, .T. ) ;
#1969 = CARTESIAN_POINT ( 'NONE',  ( 27.74999999999998579, 2.000000000000000000, -19.99999999999999645 ) ) ;
#1970 = CC_DESIGN_APPROVAL ( #2986, ( #660 ) ) ;
#1971 = VECTOR ( 'NONE', #1936, 1000.000000000000000 ) ;
#1972 = VERTEX_POINT ( 'NONE', #1011 ) ;
#1973 = DIRECTION ( 'NONE',  ( 4.046002276330746873E-16, 1.000000000000000000, 3.455357603744763952E-31 ) ) ;
#1974 = EDGE_LOOP ( 'NONE', ( #2400, #2852, #3034, #2068 ) ) ;
#1975 = ORIENTED_EDGE ( 'NONE', *, *, #2142, .T. ) ;
#1976 = CARTESIAN_POINT ( 'NONE',  ( 1.918072742103119843, 9.898811572926947022, -30.92043452215101595 ) ) ;
#1977 = ORIENTED_EDGE ( 'NONE', *, *, #2960, .T. ) ;
#1978 = CARTESIAN_POINT ( 'NONE',  ( 21.55003581676593782, 8.199964183234049742, -28.00000000000000355 ) ) ;
#1979 = CARTESIAN_POINT ( 'NONE',  ( 21.01065488439672890, 2.000000000000000888, -27.23343713003960787 ) ) ;
#1980 = CARTESIAN_POINT ( 'NONE',  ( 27.74999999999998579, 7.609226019459661927, -27.76275434521302188 ) ) ;
#1981 = DIRECTION ( 'NONE',  ( -0.000000000000000000, -0.000000000000000000, -1.000000000000000000 ) ) ;
#1982 = CYLINDRICAL_SURFACE ( 'NONE', #2612, 1.000000000000000888 ) ;
#1983 = DIRECTION ( 'NONE',  ( -0.000000000000000000, -1.000000000000000000, -0.000000000000000000 ) ) ;
#1984 = EDGE_CURVE ( 'NONE', #3526, #492, #1832, .T. ) ;
#1985 = DIRECTION ( 'NONE',  ( 0.000000000000000000, 1.000000000000000000, 0.000000000000000000 ) ) ;
#1986 = VERTEX_POINT ( 'NONE', #968 ) ;
#1987 = DIRECTION ( 'NONE',  ( 0.000000000000000000, 0.000000000000000000, 1.000000000000000000 ) ) ;
#1988 = ORIENTED_EDGE ( 'NONE', *, *, #3043, .T. ) ;
#1989 = EDGE_CURVE ( 'NONE', #1525, #3538, #195, .T. ) ;
#1990 = ORIENTED_EDGE ( 'NONE', *, *, #2102, .F. ) ;
#1991 = ORIENTED_EDGE ( 'NONE', *, *, #956, .F. ) ;
#1992 = DIRECTION ( 'NONE',  ( -0.000000000000000000, -0.000000000000000000, 1.000000000000000000 ) ) ;
#1993 = CARTESIAN_POINT ( 'NONE',  ( 18.80453764201477185, 2.638735628213009221, -27.21198673203497265 ) ) ;
#1994 = DIRECTION ( 'NONE',  ( -0.000000000000000000, -0.000000000000000000, -1.000000000000000000 ) ) ;
#1995 = DIRECTION ( 'NONE',  ( 1.000000000000000000, -0.000000000000000000, -0.000000000000000000 ) ) ;
#1996 = PLANE ( 'NONE',  #3024 ) ;
#1997 = DIRECTION ( 'NONE',  ( -0.000000000000000000, -0.000000000000000000, -1.000000000000000000 ) ) ;
#1998 = LINE ( 'NONE', #2897, #2066 ) ;
#1999 = FACE_OUTER_BOUND ( 'NONE', #2035, .T. ) ;
#2000 = EDGE_CURVE ( 'NONE', #3014, #1649, #1328, .T. ) ;
#2001 = ORIENTED_EDGE ( 'NONE', *, *, #2372, .T. ) ;
#2002 = COORDINATED_UNIVERSAL_TIME_OFFSET ( 8, 0, .BEHIND. ) ;
#2003 = DIRECTION ( 'NONE',  ( 0.000000000000000000, 0.000000000000000000, 1.000000000000000000 ) ) ;
#2004 = ORIENTED_EDGE ( 'NONE', *, *, #1920, .T. ) ;
#2005 = CARTESIAN_POINT ( 'NONE',  ( 0.5939875950857055331, 8.831865842626015706, -30.35240149156013345 ) ) ;
#2006 = AXIS2_PLACEMENT_3D ( 'NONE', #3479, #1249, #2410 ) ;
#2007 = EDGE_CURVE ( 'NONE', #287, #1780, #1361, .T. ) ;
#2008 = EDGE_LOOP ( 'NONE', ( #1582, #2049, #3118, #871 ) ) ;
#2009 = AXIS2_PLACEMENT_3D ( 'NONE', #1119, #2265, #1472 ) ;
#2010 = CARTESIAN_POINT ( 'NONE',  ( 40.10007163353182591, 3.000000000000000000, -28.19999999999998863 ) ) ;
#2011 = CARTESIAN_POINT ( 'NONE',  ( 0.000000000000000000, 16.35000000000000142, 0.000000000000000000 ) ) ;
#2012 = CARTESIAN_POINT ( 'NONE',  ( 27.74999999999998579, 8.199964183234049742, -27.99999999999999645 ) ) ;
#2013 = ORIENTED_EDGE ( 'NONE', *, *, #1737, .F. ) ;
#2014 = ORIENTED_EDGE ( 'NONE', *, *, #1368, .T. ) ;
#2015 = FACE_OUTER_BOUND ( 'NONE', #1518, .T. ) ;
#2016 = VECTOR ( 'NONE', #1080, 1000.000000000000000 ) ;
#2017 = CARTESIAN_POINT ( 'NONE',  ( 28.74999999999998579, 7.299999999999998934, -5.199999999999996625 ) ) ;
#2018 = CIRCLE ( 'NONE', #171, 0.9499999999999995115 ) ;
#2019 = VECTOR ( 'NONE', #770, 1000.000000000000000 ) ;
#2020 = APPROVAL_PERSON_ORGANIZATION ( #3146, #1274, #307 ) ;
#2021 = VECTOR ( 'NONE', #3086, 1000.000000000000000 ) ;
#2022 = DIRECTION ( 'NONE',  ( 0.000000000000000000, 0.000000000000000000, -1.000000000000000000 ) ) ;
#2023 = FACE_OUTER_BOUND ( 'NONE', #2783, .T. ) ;
#2024 = VERTEX_POINT ( 'NONE', #1870 ) ;
#2025 = AXIS2_PLACEMENT_3D ( 'NONE', #2559, #3708, #222 ) ;
#2026 = ADVANCED_FACE ( 'NONE', ( #2734 ), #170, .F. ) ;
#2027 = EDGE_LOOP ( 'NONE', ( #2661, #677, #2239 ) ) ;
#2028 = CARTESIAN_POINT ( 'NONE',  ( 0.5000258725169607343, 8.137985255135047780, -29.37091493751810134 ) ) ;
#2029 = ORIENTED_EDGE ( 'NONE', *, *, #3561, .T. ) ;
#2030 = ADVANCED_FACE ( 'NONE', ( #147, #392 ), #2679, .T. ) ;
#2031 = CARTESIAN_POINT ( 'NONE',  ( 0.2497497211123450855, 8.885825050830646887, -29.79591725932957047 ) ) ;
#2032 = EDGE_CURVE ( 'NONE', #3696, #2648, #265, .T. ) ;
#2033 = DIRECTION ( 'NONE',  ( -0.000000000000000000, -1.000000000000000000, -0.000000000000000000 ) ) ;
#2034 = CARTESIAN_POINT ( 'NONE',  ( 4.749999999999986677, 14.34999999999999964, -19.99999999999999645 ) ) ;
#2035 = EDGE_LOOP ( 'NONE', ( #1884, #3197 ) ) ;
#2036 = CYLINDRICAL_SURFACE ( 'NONE', #234, 0.9500000000000007327 ) ;
#2037 = EDGE_CURVE ( 'NONE', #2084, #1329, #1066, .T. ) ;
#2038 = CYLINDRICAL_SURFACE ( 'NONE', #1237, 1.000000000000000888 ) ;
#2039 = DIRECTION ( 'NONE',  ( -1.000000000000000000, -0.000000000000000000, -0.000000000000000000 ) ) ;
#2040 = CARTESIAN_POINT ( 'NONE',  ( 27.74999999999998579, 14.34999999999999964, -4.199999999999995737 ) ) ;
#2041 = DIRECTION ( 'NONE',  ( 0.000000000000000000, -1.000000000000000000, 0.000000000000000000 ) ) ;
#2042 = ORIENTED_EDGE ( 'NONE', *, *, #295, .T. ) ;
#2043 = ORIENTED_EDGE ( 'NONE', *, *, #2148, .T. ) ;
#2044 = CARTESIAN_POINT ( 'NONE',  ( 0.6122606007447759513, 7.555657806126548692, -29.69360266281482552 ) ) ;
#2045 = ORIENTED_EDGE ( 'NONE', *, *, #295, .F. ) ;
#2046 = CARTESIAN_POINT ( 'NONE',  ( 0.1087726539566447881, 8.088903281865476913, -29.42940513291209115 ) ) ;
#2047 = CYLINDRICAL_SURFACE ( 'NONE', #2200, 1.000000000000000888 ) ;
#2048 = CARTESIAN_POINT ( 'NONE',  ( 27.74999999999998579, 2.000000000000000000, -22.57999999999999474 ) ) ;
#2049 = ORIENTED_EDGE ( 'NONE', *, *, #3514, .T. ) ;
#2050 = ADVANCED_FACE ( 'NONE', ( #1399 ), #2217, .T. ) ;
#2051 = EDGE_CURVE ( 'NONE', #1476, #1653, #2792, .T. ) ;
#2052 = DIRECTION ( 'NONE',  ( 0.000000000000000000, -1.000000000000000000, 0.000000000000000000 ) ) ;
#2053 = DIRECTION ( 'NONE',  ( 8.540177112501211287E-16, -0.000000000000000000, -1.000000000000000000 ) ) ;
#2054 = DIRECTION ( 'NONE',  ( -1.000000000000000000, 0.000000000000000000, 0.000000000000000000 ) ) ;
#2055 = EDGE_CURVE ( 'NONE', #2353, #311, #547, .T. ) ;
#2056 = CYLINDRICAL_SURFACE ( 'NONE', #3584, 1.749999999999998002 ) ;
#2057 = CARTESIAN_POINT ( 'NONE',  ( 3.199999999999986855, 8.175000000000000711, -19.99999999999999645 ) ) ;
#2058 = CARTESIAN_POINT ( 'NONE',  ( 40.10007163353182591, 3.000000000000000000, -3.000000000000000000 ) ) ;
#2059 = ORIENTED_EDGE ( 'NONE', *, *, #2605, .T. ) ;
#2060 = CALENDAR_DATE ( 2026, 28, 7 ) ;
#2061 = ORIENTED_EDGE ( 'NONE', *, *, #1096, .T. ) ;
#2062 = CARTESIAN_POINT ( 'NONE',  ( 0.4434562290500711490, 8.096632898327037253, -30.25133702870687458 ) ) ;
#2063 = VERTEX_POINT ( 'NONE', #212 ) ;
#2064 = DIRECTION ( 'NONE',  ( 0.000000000000000000, 0.000000000000000000, 1.000000000000000000 ) ) ;
#2065 = CARTESIAN_POINT ( 'NONE',  ( 0.7455518415545718813, 7.254684640616682501, -29.97442866526410654 ) ) ;
#2066 = VECTOR ( 'NONE', #2299, 1000.000000000000000 ) ;
#2067 = CARTESIAN_POINT ( 'NONE',  ( 22.08941674913493358, 2.000000000000000888, -27.23343713003970734 ) ) ;
#2068 = ORIENTED_EDGE ( 'NONE', *, *, #1968, .F. ) ;
#2069 = VECTOR ( 'NONE', #1046, 1000.000000000000000 ) ;
#2070 = DIRECTION ( 'NONE',  ( 0.000000000000000000, 1.000000000000000000, -0.000000000000000000 ) ) ;
#2071 = LINE ( 'NONE', #1208, #1483 ) ;
#2072 = ADVANCED_FACE ( 'NONE', ( #512 ), #1125, .T. ) ;
#2073 = CIRCLE ( 'NONE', #461, 2.500000000000000000 ) ;
#2074 = PLANE ( 'NONE',  #221 ) ;
#2075 = DIRECTION ( 'NONE',  ( -0.000000000000000000, 1.000000000000000000, -0.000000000000000000 ) ) ;
#2076 = EDGE_CURVE ( 'NONE', #3554, #793, #1684, .T. ) ;
#2077 = CARTESIAN_POINT ( 'NONE',  ( 40.60007163353186144, 8.199964183234039083, -31.19999999999999218 ) ) ;
#2078 = CARTESIAN_POINT ( 'NONE',  ( 30.24999999999998579, 6.349999999999999645, -2.000000000000011990 ) ) ;
#2079 = CIRCLE ( 'NONE', #468, 0.9499999999999995115 ) ;
#2080 = AXIS2_PLACEMENT_3D ( 'NONE', #377, #32, #3482 ) ;
#2081 = ORIENTED_EDGE ( 'NONE', *, *, #2297, .T. ) ;
#2082 = CIRCLE ( 'NONE', #585, 0.9499999999999995115 ) ;
#2083 = AXIS2_PLACEMENT_3D ( 'NONE', #3354, #825, #3124 ) ;
#2084 = VERTEX_POINT ( 'NONE', #3693 ) ;
#2085 = CARTESIAN_POINT ( 'NONE',  ( 0.5208543804126997134, 8.446199436960737827, -29.44299588358036246 ) ) ;
#2086 = LOCAL_TIME ( 12, 37, 34.00000000000000000, #2002 ) ;
#2087 = ORIENTED_EDGE ( 'NONE', *, *, #106, .F. ) ;
#2088 = AXIS2_PLACEMENT_3D ( 'NONE', #2197, #3619, #1313 ) ;
#2089 = CARTESIAN_POINT ( 'NONE',  ( 0.1086201127689023355, 8.257857270536298699, -29.42890486576138898 ) ) ;
#2090 = LINE ( 'NONE', #2334, #2849 ) ;
#2091 = TOROIDAL_SURFACE ( 'NONE', #2215, 2.500000000000000000, 1.000000000000000000 ) ;
#2092 = DIRECTION ( 'NONE',  ( 0.000000000000000000, 0.000000000000000000, -1.000000000000000000 ) ) ;
#2093 = ORIENTED_EDGE ( 'NONE', *, *, #863, .F. ) ;
#2094 = CARTESIAN_POINT ( 'NONE',  ( 40.76439812258387008, 11.14999999999999858, -2.320904781386446292 ) ) ;
#2095 = CARTESIAN_POINT ( 'NONE',  ( 40.10007163353182591, 3.000000000000000000, -29.14999999999998792 ) ) ;
#2096 = DIRECTION ( 'NONE',  ( 0.000000000000000000, 0.000000000000000000, 1.000000000000000000 ) ) ;
#2097 = CARTESIAN_POINT ( 'NONE',  ( 30.24999999999999645, 8.175000000000000711, -23.70000000000000284 ) ) ;
#2098 = DIRECTION ( 'NONE',  ( -0.000000000000000000, 1.000000000000000000, -0.000000000000000000 ) ) ;
#2099 = CARTESIAN_POINT ( 'NONE',  ( 3.000000000000029754, 3.000000000000000000, -29.14999999999998792 ) ) ;
#2100 = VERTEX_POINT ( 'NONE', #1934 ) ;
#2101 = EDGE_CURVE ( 'NONE', #308, #2937, #771, .T. ) ;
#2102 = EDGE_CURVE ( 'NONE', #220, #598, #844, .T. ) ;
#2103 = ORIENTED_EDGE ( 'NONE', *, *, #12, .F. ) ;
#2104 = CARTESIAN_POINT ( 'NONE',  ( 0.5051667425776019682, 8.313762901578796161, -29.38946255973321442 ) ) ;
#2105 = VERTEX_POINT ( 'NONE', #1950 ) ;
#2106 = EDGE_CURVE ( 'NONE', #2100, #1034, #2860, .T. ) ;
#2107 = CARTESIAN_POINT ( 'NONE',  ( 35.49999999999996447, 7.299999999999998934, -7.499999999999997335 ) ) ;
#2108 = CARTESIAN_POINT ( 'NONE',  ( 21.55003581676593782, 2.000000000000000888, -27.00000000000000355 ) ) ;
#2109 = EDGE_LOOP ( 'NONE', ( #876, #3653, #1792, #1390 ) ) ;
#2110 = CARTESIAN_POINT ( 'NONE',  ( 40.10007163353182591, 3.000000000000000000, -3.000000000000000000 ) ) ;
#2111 = DIRECTION ( 'NONE',  ( 0.000000000000000000, 0.000000000000000000, 1.000000000000000000 ) ) ;
#2112 = DIRECTION ( 'NONE',  ( 0.000000000000000000, 1.000000000000000000, -0.000000000000000000 ) ) ;
#2113 = DIRECTION ( 'NONE',  ( -1.000000000000000000, -0.000000000000000000, -8.540177112501211287E-16 ) ) ;
#2114 = CARTESIAN_POINT ( 'NONE',  ( 32.49999999999997868, 16.35000000000000142, -27.00000000000001421 ) ) ;
#2115 = CARTESIAN_POINT ( 'NONE',  ( 3.000000000000029754, 3.000000000000000000, -28.19999999999998863 ) ) ;
#2116 = ORIENTED_EDGE ( 'NONE', *, *, #1091, .F. ) ;
#2117 = ORIENTED_EDGE ( 'NONE', *, *, #2261, .T. ) ;
#2118 = EDGE_CURVE ( 'NONE', #1742, #2305, #3053, .T. ) ;
#2119 = DIRECTION ( 'NONE',  ( -1.000000000000000000, 0.000000000000000000, 0.000000000000000000 ) ) ;
#2120 = ORIENTED_EDGE ( 'NONE', *, *, #12, .T. ) ;
#2121 = CYLINDRICAL_SURFACE ( 'NONE', #695, 0.9499999999999995115 ) ;
#2122 = EDGE_CURVE ( 'NONE', #1649, #1896, #2507, .T. ) ;
#2123 = DIRECTION ( 'NONE',  ( 0.000000000000000000, 0.000000000000000000, -1.000000000000000000 ) ) ;
#2124 = EDGE_LOOP ( 'NONE', ( #692, #3151, #1291, #608, #896, #2996 ) ) ;
#2125 = CARTESIAN_POINT ( 'NONE',  ( 3.999999999999999112, 8.175000000000000711, -31.00000000000002487 ) ) ;
#2126 = PLANE ( 'NONE',  #240 ) ;
#2127 = CARTESIAN_POINT ( 'NONE',  ( 10.95003581676593640, 8.199964183234049742, -27.50000000000001421 ) ) ;
#2128 = ORIENTED_EDGE ( 'NONE', *, *, #3714, .T. ) ;
#2129 = DIRECTION ( 'NONE',  ( -1.000000000000000000, 0.000000000000000000, 0.000000000000000000 ) ) ;
#2130 = VECTOR ( 'NONE', #1513, 1000.000000000000000 ) ;
#2131 = DIRECTION ( 'NONE',  ( 1.000000000000000000, -3.469446951953611231E-16, 0.000000000000000000 ) ) ;
#2132 = CARTESIAN_POINT ( 'NONE',  ( 40.10007163353182591, 3.000000000000000000, -3.950000000000000178 ) ) ;
#2133 = DIRECTION ( 'NONE',  ( 1.000000000000000000, -0.000000000000000000, 0.000000000000000000 ) ) ;
#2134 = EDGE_LOOP ( 'NONE', ( #2385, #2255, #2533, #879 ) ) ;
#2135 = VECTOR ( 'NONE', #2352, 1000.000000000000000 ) ;
#2136 = AXIS2_PLACEMENT_3D ( 'NONE', #2627, #2041, #2935 ) ;
#2137 = ORIENTED_EDGE ( 'NONE', *, *, #3036, .F. ) ;
#2138 = CARTESIAN_POINT ( 'NONE',  ( 0.5756609131112652156, 6.947675005659878167, -30.30120513263348059 ) ) ;
#2139 = ORIENTED_EDGE ( 'NONE', *, *, #3613, .T. ) ;
#2140 = TOROIDAL_SURFACE ( 'NONE', #351, 2.500000000000000000, 1.000000000000000000 ) ;
#2141 = AXIS2_PLACEMENT_3D ( 'NONE', #2539, #1149, #3686 ) ;
#2142 = EDGE_CURVE ( 'NONE', #1444, #322, #1365, .T. ) ;
#2143 = CARTESIAN_POINT ( 'NONE',  ( 30.24999999999999289, 8.175000000000000711, -22.57999999999999474 ) ) ;
#2144 = DIRECTION ( 'NONE',  ( 0.000000000000000000, 1.000000000000000000, 0.000000000000000000 ) ) ;
#2145 = AXIS2_PLACEMENT_3D ( 'NONE', #2110, #3248, #3590 ) ;
#2146 = VECTOR ( 'NONE', #3217, 1000.000000000000000 ) ;
#2147 = EDGE_LOOP ( 'NONE', ( #2936, #607, #2878, #2346 ) ) ;
#2148 = EDGE_CURVE ( 'NONE', #3430, #626, #2513, .T. ) ;
#2149 = EDGE_CURVE ( 'NONE', #931, #1578, #1382, .T. ) ;
#2150 = DATE_AND_TIME ( #2725, #1129 ) ;
#2151 = CARTESIAN_POINT ( 'NONE',  ( 29.24999999999998934, 14.34999999999999964, -27.50000000000001421 ) ) ;
#2152 = DIRECTION ( 'NONE',  ( 0.000000000000000000, -1.000000000000000000, 0.000000000000000000 ) ) ;
#2153 = EDGE_LOOP ( 'NONE', ( #76, #293, #1735, #1743, #2821, #1197, #83, #3094, #2689 ) ) ;
#2154 = EDGE_CURVE ( 'NONE', #1502, #2223, #442, .T. ) ;
#2155 = DIRECTION ( 'NONE',  ( 0.000000000000000000, -0.000000000000000000, -1.000000000000000000 ) ) ;
#2156 = CARTESIAN_POINT ( 'NONE',  ( 10.95003581676593640, 16.35000000000000142, -27.50000000000001421 ) ) ;
#2157 = DIRECTION ( 'NONE',  ( -8.540177112501211287E-16, -0.000000000000000000, 1.000000000000000000 ) ) ;
#2158 = EDGE_LOOP ( 'NONE', ( #2476, #2662, #1030, #775 ) ) ;
#2159 = CARTESIAN_POINT ( 'NONE',  ( 1.390412013590123230, 6.378071186843265572, -30.94596875290753246 ) ) ;
#2160 = EDGE_LOOP ( 'NONE', ( #3500, #2454 ) ) ;
#2161 = CARTESIAN_POINT ( 'NONE',  ( 0.2697395557998390481, 7.426861951035266252, -29.83109920791846648 ) ) ;
#2162 = ORIENTED_EDGE ( 'NONE', *, *, #2697, .T. ) ;
#2163 = DIRECTION ( 'NONE',  ( 0.000000000000000000, 0.000000000000000000, -1.000000000000000000 ) ) ;
#2164 = FACE_OUTER_BOUND ( 'NONE', #2593, .T. ) ;
#2165 = ORIENTED_EDGE ( 'NONE', *, *, #3238, .T. ) ;
#2166 = APPROVAL_ROLE ( '' ) ;
#2167 = LINE ( 'NONE', #489, #172 ) ;
#2168 = DIRECTION ( 'NONE',  ( 0.000000000000000000, 0.000000000000000000, 1.000000000000000000 ) ) ;
#2169 = LINE ( 'NONE', #3066, #3694 ) ;
#2170 = ORIENTED_EDGE ( 'NONE', *, *, #549, .F. ) ;
#2171 = EDGE_CURVE ( 'NONE', #3255, #3696, #2167, .T. ) ;
#2172 = CARTESIAN_POINT ( 'NONE',  ( 0.000000000000000000, 7.299999999999998934, -7.499999999999998224 ) ) ;
#2173 = CARTESIAN_POINT ( 'NONE',  ( 16.07011283615890918, 5.299964183234046722, -28.00000000000000711 ) ) ;
#2174 = EDGE_CURVE ( 'NONE', #322, #718, #1606, .T. ) ;
#2175 = CARTESIAN_POINT ( 'NONE',  ( 0.000000000000000000, 2.000000000000000000, 0.000000000000000000 ) ) ;
#2176 = ORIENTED_EDGE ( 'NONE', *, *, #1618, .T. ) ;
#2177 = LINE ( 'NONE', #3678, #2447 ) ;
#2178 = ORIENTED_EDGE ( 'NONE', *, *, #710, .F. ) ;
#2179 = DIRECTION ( 'NONE',  ( 0.000000000000000000, 0.000000000000000000, -1.000000000000000000 ) ) ;
#2180 = ORIENTED_EDGE ( 'NONE', *, *, #1222, .T. ) ;
#2181 = DIRECTION ( 'NONE',  ( -1.000000000000000000, 0.000000000000000000, -8.896017825522089585E-16 ) ) ;
#2182 = DIRECTION ( 'NONE',  ( 0.000000000000000000, 0.000000000000000000, -1.000000000000000000 ) ) ;
#2183 = EDGE_LOOP ( 'NONE', ( #2922, #555, #1860, #1941 ) ) ;
#2184 = CARTESIAN_POINT ( 'NONE',  ( 0.4999999999999937272, 8.175000000000000711, -23.70000000000002416 ) ) ;
#2185 = CARTESIAN_POINT ( 'NONE',  ( 30.24999999999998934, 8.175000000000000711, -19.99999999999999645 ) ) ;
#2186 = LINE ( 'NONE', #2727, #2442 ) ;
#2187 = ORIENTED_EDGE ( 'NONE', *, *, #1153, .F. ) ;
#2188 = CYLINDRICAL_SURFACE ( 'NONE', #757, 1.000000000000000000 ) ;
#2189 = ADVANCED_FACE ( 'NONE', ( #2407 ), #2126, .F. ) ;
#2190 = CARTESIAN_POINT ( 'NONE',  ( 0.000000000000000000, 2.000000000000000000, -27.00000000000002487 ) ) ;
#2191 = VECTOR ( 'NONE', #3178, 1000.000000000000000 ) ;
#2192 = LINE ( 'NONE', #3330, #3263 ) ;
#2193 = DIRECTION ( 'NONE',  ( 0.000000000000000000, 0.000000000000000000, -1.000000000000000000 ) ) ;
#2194 = ORIENTED_EDGE ( 'NONE', *, *, #3130, .F. ) ;
#2195 = VECTOR ( 'NONE', #765, 1000.000000000000000 ) ;
#2196 = EDGE_CURVE ( 'NONE', #325, #3644, #3305, .T. ) ;
#2197 = CARTESIAN_POINT ( 'NONE',  ( 31.49999999999997868, 17.14999999999999858, -25.00000000000001421 ) ) ;
#2198 = ORIENTED_EDGE ( 'NONE', *, *, #1202, .T. ) ;
#2199 = DIRECTION ( 'NONE',  ( -1.000000000000000000, 0.000000000000000000, 0.000000000000000000 ) ) ;
#2200 = AXIS2_PLACEMENT_3D ( 'NONE', #3185, #2666, #2927 ) ;
#2201 = VERTEX_POINT ( 'NONE', #2768 ) ;
#2202 = AXIS2_PLACEMENT_3D ( 'NONE', #2770, #3022, #1004 ) ;
#2203 = CARTESIAN_POINT ( 'NONE',  ( 30.24999999999998934, 8.175000000000000711, -15.49999999999999645 ) ) ;
#2204 = CARTESIAN_POINT ( 'NONE',  ( 2.500000000000002665, 6.241092039418628445, -31.20000000000002416 ) ) ;
#2205 = AXIS2_PLACEMENT_3D ( 'NONE', #1512, #389, #407 ) ;
#2206 = ORIENTED_EDGE ( 'NONE', *, *, #36, .T. ) ;
#2207 = CIRCLE ( 'NONE', #997, 0.9499999999999995115 ) ;
#2208 = PLANE ( 'NONE',  #2321 ) ;
#2209 = CARTESIAN_POINT ( 'NONE',  ( 0.000000000000000000, 0.000000000000000000, 0.000000000000000000 ) ) ;
#2210 = VECTOR ( 'NONE', #229, 1000.000000000000000 ) ;
#2211 = LINE ( 'NONE', #2508, #2016 ) ;
#2212 = CARTESIAN_POINT ( 'NONE',  ( 0.000000000000000000, 14.34999999999999964, -19.99999999999999645 ) ) ;
#2213 = CIRCLE ( 'NONE', #3462, 0.9499999999999995115 ) ;
#2214 = DIRECTION ( 'NONE',  ( 0.000000000000000000, -0.000000000000000000, -1.000000000000000000 ) ) ;
#2215 = AXIS2_PLACEMENT_3D ( 'NONE', #1211, #359, #3251 ) ;
#2216 = CARTESIAN_POINT ( 'NONE',  ( 27.83578643762689353, 14.34999999999999964, -27.00000000000001421 ) ) ;
#2217 = PLANE ( 'NONE',  #3214 ) ;
#2218 = VERTEX_POINT ( 'NONE', #1623 ) ;
#2219 = DIRECTION ( 'NONE',  ( 0.000000000000000000, 0.000000000000000000, -1.000000000000000000 ) ) ;
#2220 = ORIENTED_EDGE ( 'NONE', *, *, #3422, .T. ) ;
#2221 = CARTESIAN_POINT ( 'NONE',  ( 2.249999999999986677, 8.175000000000000711, -15.49999999999999645 ) ) ;
#2222 = ADVANCED_FACE ( 'NONE', ( #3063, #3047 ), #3546, .F. ) ;
#2223 = VERTEX_POINT ( 'NONE', #123 ) ;
#2224 = DIRECTION ( 'NONE',  ( 1.000000000000000000, -1.204540229209917547E-15, 0.000000000000000000 ) ) ;
#2225 = CYLINDRICAL_SURFACE ( 'NONE', #3570, 1.499999999999999556 ) ;
#2226 = EDGE_LOOP ( 'NONE', ( #2137, #1041, #2176, #3158, #3258 ) ) ;
#2227 = CARTESIAN_POINT ( 'NONE',  ( 2.333409326291114194, 10.12872061750922903, -31.20000000000003126 ) ) ;
#2228 = CARTESIAN_POINT ( 'NONE',  ( 40.76439812258387008, 11.14999999999999858, -1.370904781386445670 ) ) ;
#2229 = PLANE ( 'NONE',  #2921 ) ;
#2230 = DIRECTION ( 'NONE',  ( -0.000000000000000000, -1.000000000000000000, 0.000000000000000000 ) ) ;
#2231 = DIRECTION ( 'NONE',  ( 8.540177112501211287E-16, 0.000000000000000000, -1.000000000000000000 ) ) ;
#2232 = ORIENTED_EDGE ( 'NONE', *, *, #2876, .T. ) ;
#2233 = CYLINDRICAL_SURFACE ( 'NONE', #1007, 0.9499999999999995115 ) ;
#2234 = EDGE_LOOP ( 'NONE', ( #149, #3411, #1750, #3304 ) ) ;
#2235 = CARTESIAN_POINT ( 'NONE',  ( 1.524682687521453417, 9.773048311699577440, -30.74763276432025805 ) ) ;
#2236 = ORIENTED_EDGE ( 'NONE', *, *, #84, .T. ) ;
#2237 = ADVANCED_FACE ( 'NONE', ( #981 ), #1038, .F. ) ;
#2238 = DIRECTION ( 'NONE',  ( 0.000000000000000000, 0.000000000000000000, -1.000000000000000000 ) ) ;
#2239 = ORIENTED_EDGE ( 'NONE', *, *, #2536, .F. ) ;
#2240 = CARTESIAN_POINT ( 'NONE',  ( 28.74999999999998579, 4.799999999999999822, -7.499999999999998224 ) ) ;
#2241 = EDGE_CURVE ( 'NONE', #1757, #1525, #3517, .T. ) ;
#2242 = CARTESIAN_POINT ( 'NONE',  ( 29.29999999999999361, 8.175000000000000711, -23.70000000000000284 ) ) ;
#2243 = DIRECTION ( 'NONE',  ( 0.000000000000000000, 0.000000000000000000, -1.000000000000000000 ) ) ;
#2244 = FACE_OUTER_BOUND ( 'NONE', #3254, .T. ) ;
#2245 = CARTESIAN_POINT ( 'NONE',  ( 33.49999999999996447, 14.34999999999999964, -9.999999999999998224 ) ) ;
#2246 = DIRECTION ( 'NONE',  ( 0.000000000000000000, -1.000000000000000000, 0.000000000000000000 ) ) ;
#2247 = AXIS2_PLACEMENT_3D ( 'NONE', #3520, #56, #2626 ) ;
#2248 = VERTEX_POINT ( 'NONE', #1881 ) ;
#2249 = CARTESIAN_POINT ( 'NONE',  ( 2.474358974358976671, 9.910558426162767276, -31.00000000000002487 ) ) ;
#2250 = VERTEX_POINT ( 'NONE', #206 ) ;
#2251 = AXIS2_PLACEMENT_3D ( 'NONE', #3050, #1566, #3067 ) ;
#2252 = CIRCLE ( 'NONE', #2732, 3.899999999999999023 ) ;
#2253 = VERTEX_POINT ( 'NONE', #2726 ) ;
#2254 = CARTESIAN_POINT ( 'NONE',  ( 2.333034206622109252, 9.928827750584803269, -30.99999999627372560 ) ) ;
#2255 = ORIENTED_EDGE ( 'NONE', *, *, #323, .F. ) ;
#2256 = VECTOR ( 'NONE', #2723, 1000.000000000000000 ) ;
#2257 = CARTESIAN_POINT ( 'NONE',  ( 4.749999999999986677, 14.34999999999999964, -19.99999999999999645 ) ) ;
#2258 = CARTESIAN_POINT ( 'NONE',  ( 19.68665660384558436, 2.280294068654948436, -27.74886817972819131 ) ) ;
#2259 = DIRECTION ( 'NONE',  ( 0.000000000000000000, 0.000000000000000000, 1.000000000000000000 ) ) ;
#2260 = CIRCLE ( 'NONE', #289, 1.000000000000000222 ) ;
#2261 = EDGE_CURVE ( 'NONE', #118, #2778, #1003, .T. ) ;
#2262 = AXIS2_PLACEMENT_3D ( 'NONE', #946, #2052, #1511 ) ;
#2263 = VECTOR ( 'NONE', #1862, 1000.000000000000000 ) ;
#2264 = DIRECTION ( 'NONE',  ( 0.000000000000000000, 0.000000000000000000, -1.000000000000000000 ) ) ;
#2265 = DIRECTION ( 'NONE',  ( 0.000000000000000000, -1.000000000000000000, 0.000000000000000000 ) ) ;
#2266 = DIRECTION ( 'NONE',  ( -0.000000000000000000, -0.000000000000000000, 1.000000000000000000 ) ) ;
#2267 = AXIS2_PLACEMENT_3D ( 'NONE', #2459, #2477, #2516 ) ;
#2268 = EDGE_CURVE ( 'NONE', #659, #3490, #1366, .T. ) ;
#2269 = CARTESIAN_POINT ( 'NONE',  ( 40.86495314021180292, 17.14999999999999858, -28.76343258757277255 ) ) ;
#2270 = AXIS2_PLACEMENT_3D ( 'NONE', #841, #2841, #1438 ) ;
#2271 = ORIENTED_EDGE ( 'NONE', *, *, #3288, .T. ) ;
#2272 = DIRECTION ( 'NONE',  ( 8.540177112501211287E-16, 0.000000000000000000, -1.000000000000000000 ) ) ;
#2273 = EDGE_LOOP ( 'NONE', ( #906, #2953, #3017, #3301 ) ) ;
#2274 = ORIENTED_EDGE ( 'NONE', *, *, #1319, .T. ) ;
#2275 = CARTESIAN_POINT ( 'NONE',  ( 0.9785784852973757886, 9.755841499793838523, -30.68946287356261138 ) ) ;
#2276 = VERTEX_POINT ( 'NONE', #3020 ) ;
#2277 = FACE_OUTER_BOUND ( 'NONE', #882, .T. ) ;
#2278 = CARTESIAN_POINT ( 'NONE',  ( 27.74999999999998579, 14.34999999999999964, -27.50000000000001421 ) ) ;
#2279 = DIRECTION ( 'NONE',  ( -1.000000000000000000, 0.000000000000000000, -0.000000000000000000 ) ) ;
#2280 = CARTESIAN_POINT ( 'NONE',  ( 15.35003581676593498, 8.199964183234049742, -28.00000000000001066 ) ) ;
#2281 = ADVANCED_FACE ( 'NONE', ( #2983 ), #999, .F. ) ;
#2282 = DIRECTION ( 'NONE',  ( 8.540177112501211287E-16, -0.000000000000000000, -1.000000000000000000 ) ) ;
#2283 = LINE ( 'NONE', #3438, #1130 ) ;
#2284 = EDGE_CURVE ( 'NONE', #2105, #2514, #1022, .T. ) ;
#2285 = ORIENTED_EDGE ( 'NONE', *, *, #3477, .F. ) ;
#2286 = CARTESIAN_POINT ( 'NONE',  ( 2.249999999999988898, 8.175000000000000711, -22.57999999999999474 ) ) ;
#2287 = EDGE_LOOP ( 'NONE', ( #3465, #1670, #2128, #475, #3340 ) ) ;
#2288 = ORIENTED_EDGE ( 'NONE', *, *, #1279, .T. ) ;
#2289 = CARTESIAN_POINT ( 'NONE',  ( 0.6623334235583038243, 9.495471253902234565, -30.40082662757376397 ) ) ;
#2290 = ORIENTED_EDGE ( 'NONE', *, *, #3379, .F. ) ;
#2291 = DIRECTION ( 'NONE',  ( -8.540177112501211287E-16, -0.000000000000000000, 1.000000000000000000 ) ) ;
#2292 = CARTESIAN_POINT ( 'NONE',  ( 40.60007163353185433, 8.199964183234039083, -28.69999999999999218 ) ) ;
#2293 = DIRECTION ( 'NONE',  ( -8.540177112501211287E-16, 0.000000000000000000, 1.000000000000000000 ) ) ;
#2294 = ORIENTED_EDGE ( 'NONE', *, *, #1481, .T. ) ;
#2295 = DIRECTION ( 'NONE',  ( 0.000000000000000000, 1.000000000000000000, 0.000000000000000000 ) ) ;
#2296 = LINE ( 'NONE', #2585, #3691 ) ;
#2297 = EDGE_CURVE ( 'NONE', #2618, #2409, #1059, .T. ) ;
#2298 = FACE_OUTER_BOUND ( 'NONE', #2134, .T. ) ;
#2299 = DIRECTION ( 'NONE',  ( 0.000000000000000000, 0.000000000000000000, 1.000000000000000000 ) ) ;
#2300 = CYLINDRICAL_SURFACE ( 'NONE', #3033, 0.9499999999999995115 ) ;
#2301 = ORIENTED_EDGE ( 'NONE', *, *, #2149, .T. ) ;
#2302 = ADVANCED_FACE ( 'NONE', ( #2468, #1283 ), #2208, .T. ) ;
#2303 = EDGE_CURVE ( 'NONE', #515, #2201, #722, .T. ) ;
#2304 = CIRCLE ( 'NONE', #219, 2.500000000000000000 ) ;
#2305 = VERTEX_POINT ( 'NONE', #3417 ) ;
#2306 = CYLINDRICAL_SURFACE ( 'NONE', #698, 2.499999999999998668 ) ;
#2307 = CIRCLE ( 'NONE', #458, 0.9499999999999998446 ) ;
#2308 = ORIENTED_EDGE ( 'NONE', *, *, #2171, .F. ) ;
#2309 = EDGE_CURVE ( 'NONE', #2024, #3397, #867, .T. ) ;
#2310 = AXIS2_PLACEMENT_3D ( 'NONE', #3262, #1899, #1560 ) ;
#2311 = CARTESIAN_POINT ( 'NONE',  ( 40.10007163353182591, 3.000000000000000000, -28.19999999999998863 ) ) ;
#2312 = DIRECTION ( 'NONE',  ( 0.000000000000000000, 1.000000000000000000, 0.000000000000000000 ) ) ;
#2313 = DIRECTION ( 'NONE',  ( 0.000000000000000000, 0.000000000000000000, 1.000000000000000000 ) ) ;
#2314 = AXIS2_PLACEMENT_3D ( 'NONE', #1107, #3132, #851 ) ;
#2315 = ORIENTED_EDGE ( 'NONE', *, *, #337, .F. ) ;
#2316 = FACE_OUTER_BOUND ( 'NONE', #395, .T. ) ;
#2317 = CARTESIAN_POINT ( 'NONE',  ( 32.49999999999997158, 14.34999999999999964, -5.199999999999996625 ) ) ;
#2318 = VECTOR ( 'NONE', #1814, 1000.000000000000000 ) ;
#2319 = DIRECTION ( 'NONE',  ( 0.000000000000000000, -1.000000000000000000, 0.000000000000000000 ) ) ;
#2320 = AXIS2_PLACEMENT_3D ( 'NONE', #3531, #85, #3174 ) ;
#2321 = AXIS2_PLACEMENT_3D ( 'NONE', #1563, #2709, #3566 ) ;
#2322 = LINE ( 'NONE', #1400, #3162 ) ;
#2323 = VECTOR ( 'NONE', #740, 1000.000000000000000 ) ;
#2324 = VECTOR ( 'NONE', #1370, 1000.000000000000000 ) ;
#2325 = CARTESIAN_POINT ( 'NONE',  ( 21.55003581676593782, 8.199964183234049742, -27.00000000000000355 ) ) ;
#2326 = CARTESIAN_POINT ( 'NONE',  ( 4.749999999999986677, 2.000000000000000000, -19.99999999999999645 ) ) ;
#2327 = ORIENTED_EDGE ( 'NONE', *, *, #842, .T. ) ;
#2328 = CIRCLE ( 'NONE', #2510, 1.000000000000000444 ) ;
#2329 = VERTEX_POINT ( 'NONE', #1094 ) ;
#2330 = EDGE_CURVE ( 'NONE', #847, #1653, #2802, .T. ) ;
#2331 = CARTESIAN_POINT ( 'NONE',  ( 0.5378958117339287526, 8.538482039142671454, -29.49653739771663652 ) ) ;
#2332 = ORIENTED_EDGE ( 'NONE', *, *, #3111, .T. ) ;
#2333 = CYLINDRICAL_SURFACE ( 'NONE', #2978, 0.9499999999999998446 ) ;
#2334 = CARTESIAN_POINT ( 'NONE',  ( 5.412938852231339973E-16, 20.83836651245905713, -22.57999999999999474 ) ) ;
#2335 = ADVANCED_FACE ( 'NONE', ( #2277 ), #853, .F. ) ;
#2336 = DIRECTION ( 'NONE',  ( 0.000000000000000000, -1.000000000000000000, 0.000000000000000000 ) ) ;
#2337 = ORIENTED_EDGE ( 'NONE', *, *, #1989, .T. ) ;
#2338 = CARTESIAN_POINT ( 'NONE',  ( 27.74999999999998579, 17.14999999999999858, -27.50000000000001421 ) ) ;
#2339 = CARTESIAN_POINT ( 'NONE',  ( 5.412938852231339973E-16, 2.000000000000000000, -22.57999999999999474 ) ) ;
#2340 = DIRECTION ( 'NONE',  ( 8.540177112501211287E-16, -0.000000000000000000, -1.000000000000000000 ) ) ;
#2341 = DIRECTION ( 'NONE',  ( -0.000000000000000000, 1.000000000000000000, -0.000000000000000000 ) ) ;
#2342 = CARTESIAN_POINT ( 'NONE',  ( 33.99999999999995737, 14.34999999999999964, -8.999999999999998224 ) ) ;
#2343 = DIRECTION ( 'NONE',  ( 0.000000000000000000, 0.000000000000000000, -1.000000000000000000 ) ) ;
#2344 = VERTEX_POINT ( 'NONE', #2523 ) ;
#2345 = DATE_AND_TIME ( #2060, #1545 ) ;
#2346 = ORIENTED_EDGE ( 'NONE', *, *, #2896, .T. ) ;
#2347 = CARTESIAN_POINT ( 'NONE',  ( 0.5752955822074283798, 7.663981207771292326, -29.60256321368430221 ) ) ;
#2348 = ORIENTED_EDGE ( 'NONE', *, *, #1640, .T. ) ;
#2349 = EDGE_CURVE ( 'NONE', #3499, #3603, #412, .T. ) ;
#2350 = CARTESIAN_POINT ( 'NONE',  ( 1.003052649436616539, 6.578043532602275256, -30.70793173004602750 ) ) ;
#2351 = DIRECTION ( 'NONE',  ( 0.000000000000000000, -1.000000000000000000, 0.000000000000000000 ) ) ;
#2352 = DIRECTION ( 'NONE',  ( 8.540177112501211287E-16, 0.000000000000000000, -1.000000000000000000 ) ) ;
#2353 = VERTEX_POINT ( 'NONE', #3654 ) ;
#2354 = EDGE_CURVE ( 'NONE', #435, #2903, #3707, .T. ) ;
#2355 = DIRECTION ( 'NONE',  ( -0.000000000000000000, 1.000000000000000000, -0.000000000000000000 ) ) ;
#2356 = PLANE ( 'NONE',  #157 ) ;
#2357 = LINE ( 'NONE', #1193, #2571 ) ;
#2358 = PLANE ( 'NONE',  #3259 ) ;
#2359 = DIRECTION ( 'NONE',  ( 0.000000000000000000, 0.000000000000000000, 1.000000000000000000 ) ) ;
#2360 = ORIENTED_EDGE ( 'NONE', *, *, #2628, .F. ) ;
#2361 = ORIENTED_EDGE ( 'NONE', *, *, #2717, .F. ) ;
#2362 = CARTESIAN_POINT ( 'NONE',  ( 0.4417776879287231839, 8.304881114880648951, -30.36335848649725122 ) ) ;
#2363 = VERTEX_POINT ( 'NONE', #3380 ) ;
#2364 = CARTESIAN_POINT ( 'NONE',  ( 0.1353422618631219543, 8.492748560585846818, -29.51209489700286781 ) ) ;
#2365 = DIRECTION ( 'NONE',  ( 8.540177112501211287E-16, 0.000000000000000000, -1.000000000000000000 ) ) ;
#2366 = CARTESIAN_POINT ( 'NONE',  ( 33.49999999999995737, 14.34999999999999964, -4.199999999999996625 ) ) ;
#2367 = ORIENTED_EDGE ( 'NONE', *, *, #3190, .F. ) ;
#2368 = DIRECTION ( 'NONE',  ( 0.000000000000000000, 0.000000000000000000, -1.000000000000000000 ) ) ;
#2369 = DIRECTION ( 'NONE',  ( -0.000000000000000000, -1.000000000000000000, -0.000000000000000000 ) ) ;
#2370 = AXIS2_PLACEMENT_3D ( 'NONE', #573, #3418, #2839 ) ;
#2371 = CARTESIAN_POINT ( 'NONE',  ( 2.358913378794948557, 11.14999999999999858, -28.90107627553058478 ) ) ;
#2372 = EDGE_CURVE ( 'NONE', #3355, #2105, #591, .T. ) ;
#2373 = AXIS2_PLACEMENT_3D ( 'NONE', #597, #1435, #2824 ) ;
#2374 = LINE ( 'NONE', #3518, #115 ) ;
#2375 = DIRECTION ( 'NONE',  ( -1.000000000000000000, 0.000000000000000000, 0.000000000000000000 ) ) ;
#2376 = DIRECTION ( 'NONE',  ( -0.000000000000000000, 1.000000000000000000, -0.000000000000000000 ) ) ;
#2377 = VECTOR ( 'NONE', #390, 1000.000000000000000 ) ;
#2378 = CIRCLE ( 'NONE', #1302, 0.9499999999999998446 ) ;
#2379 = ORIENTED_EDGE ( 'NONE', *, *, #188, .F. ) ;
#2380 = APPLICATION_CONTEXT ( 'configuration controlled 3d designs of mechanical parts and assemblies' ) ;
#2381 = VECTOR ( 'NONE', #356, 1000.000000000000000 ) ;
#2382 = AXIS2_PLACEMENT_3D ( 'NONE', #572, #1992, #1394 ) ;
#2383 = ORIENTED_EDGE ( 'NONE', *, *, #2675, .T. ) ;
#2384 = CARTESIAN_POINT ( 'NONE',  ( 0.4376691624013096527, 8.171222550330465850, -30.27343804539191652 ) ) ;
#2385 = ORIENTED_EDGE ( 'NONE', *, *, #2633, .T. ) ;
#2386 = CIRCLE ( 'NONE', #712, 0.1999999999999987899 ) ;
#2387 = CARTESIAN_POINT ( 'NONE',  ( 10.95003581676593285, 16.35000000000000142, -26.00000000000001421 ) ) ;
#2388 = AXIS2_PLACEMENT_3D ( 'NONE', #210, #3352, #788 ) ;
#2389 = CARTESIAN_POINT ( 'NONE',  ( 4.749999999999986677, 2.000000000000000000, -2.599999999999998312 ) ) ;
#2390 = ORIENTED_EDGE ( 'NONE', *, *, #2419, .T. ) ;
#2391 = CARTESIAN_POINT ( 'NONE',  ( 2.664535259100379799E-14, 16.35000000000000142, -27.00000000000001421 ) ) ;
#2392 = FACE_OUTER_BOUND ( 'NONE', #783, .T. ) ;
#2393 = DIRECTION ( 'NONE',  ( -0.000000000000000000, 1.000000000000000000, -0.000000000000000000 ) ) ;
#2394 = EDGE_CURVE ( 'NONE', #3475, #3071, #1410, .T. ) ;
#2395 = CARTESIAN_POINT ( 'NONE',  ( 0.000000000000000000, 2.000000000000000000, -27.00000000000002487 ) ) ;
#2396 = DIRECTION ( 'NONE',  ( 1.000000000000000000, -1.204540229209917350E-15, 0.000000000000000000 ) ) ;
#2397 = CARTESIAN_POINT ( 'NONE',  ( 16.07011283615891273, 5.299964183234046722, -31.20000000000001350 ) ) ;
#2398 = ORIENTED_EDGE ( 'NONE', *, *, #1819, .T. ) ;
#2399 = EDGE_CURVE ( 'NONE', #3278, #2405, #3277, .T. ) ;
#2400 = ORIENTED_EDGE ( 'NONE', *, *, #67, .F. ) ;
#2401 = CARTESIAN_POINT ( 'NONE',  ( 0.4998958093717349449, 8.231031067932349288, -30.71192185924525830 ) ) ;
#2402 = ORIENTED_EDGE ( 'NONE', *, *, #2808, .F. ) ;
#2403 = CARTESIAN_POINT ( 'NONE',  ( 28.74999999999998579, 7.299999999999998934, -7.499999999999998224 ) ) ;
#2404 = CARTESIAN_POINT ( 'NONE',  ( 21.55003581676593782, 2.000000000000000888, -27.00000000000000355 ) ) ;
#2405 = VERTEX_POINT ( 'NONE', #3671 ) ;
#2406 = PERSON_AND_ORGANIZATION ( #456, #1182 ) ;
#2407 = FACE_OUTER_BOUND ( 'NONE', #1258, .T. ) ;
#2408 = FACE_OUTER_BOUND ( 'NONE', #13, .T. ) ;
#2409 = VERTEX_POINT ( 'NONE', #2257 ) ;
#2410 = DIRECTION ( 'NONE',  ( -1.000000000000000000, 0.000000000000000000, 0.000000000000000000 ) ) ;
#2411 = FACE_OUTER_BOUND ( 'NONE', #2234, .T. ) ;
#2412 = DIRECTION ( 'NONE',  ( 0.000000000000000000, 0.000000000000000000, -1.000000000000000000 ) ) ;
#2413 = CARTESIAN_POINT ( 'NONE',  ( 40.60007163353184012, 17.14999999999999503, 0.000000000000000000 ) ) ;
#2414 = EDGE_CURVE ( 'NONE', #1108, #1760, #3343, .T. ) ;
#2415 = ORIENTED_EDGE ( 'NONE', *, *, #1050, .F. ) ;
#2416 = ORIENTED_EDGE ( 'NONE', *, *, #1845, .F. ) ;
#2417 = CYLINDRICAL_SURFACE ( 'NONE', #1478, 0.9499999999999996225 ) ;
#2418 = EDGE_CURVE ( 'NONE', #1425, #2579, #1067, .T. ) ;
#2419 = EDGE_CURVE ( 'NONE', #236, #1590, #1965, .T. ) ;
#2420 = ORIENTED_EDGE ( 'NONE', *, *, #9, .F. ) ;
#2421 = DIRECTION ( 'NONE',  ( -5.782411586589352708E-16, 0.000000000000000000, 1.000000000000000000 ) ) ;
#2422 = CARTESIAN_POINT ( 'NONE',  ( 16.05145372685140259, 5.269092271993441656, -27.71816117096695464 ) ) ;
#2423 = EDGE_CURVE ( 'NONE', #1893, #1761, #1546, .T. ) ;
#2424 = ORIENTED_EDGE ( 'NONE', *, *, #3472, .T. ) ;
#2425 = APPROVAL_DATE_TIME ( #1579, #2986 ) ;
#2426 = CIRCLE ( 'NONE', #2247, 1.499999999999999556 ) ;
#2427 = DIRECTION ( 'NONE',  ( -0.000000000000000000, -0.000000000000000000, -1.000000000000000000 ) ) ;
#2428 = CARTESIAN_POINT ( 'NONE',  ( 40.10007163353182591, 3.000000000000000000, -3.000000000000000000 ) ) ;
#2429 = ORIENTED_EDGE ( 'NONE', *, *, #300, .T. ) ;
#2430 = DIRECTION ( 'NONE',  ( 0.000000000000000000, -1.000000000000000000, 0.000000000000000000 ) ) ;
#2431 = VECTOR ( 'NONE', #169, 1000.000000000000000 ) ;
#2432 = CARTESIAN_POINT ( 'NONE',  ( 43.10007163353185433, -1.298134379673746707E-15, -28.69999999999998508 ) ) ;
#2433 = LINE ( 'NONE', #2714, #3627 ) ;
#2434 = DIRECTION ( 'NONE',  ( 0.000000000000000000, 1.000000000000000000, 0.000000000000000000 ) ) ;
#2435 = ORIENTED_EDGE ( 'NONE', *, *, #2349, .F. ) ;
#2436 = AXIS2_PLACEMENT_3D ( 'NONE', #1734, #298, #2259 ) ;
#2437 = CARTESIAN_POINT ( 'NONE',  ( 0.1503397220238896770, 7.784175717730465571, -29.55527915660816518 ) ) ;
#2438 = AXIS2_PLACEMENT_3D ( 'NONE', #3092, #2660, #2359 ) ;
#2439 = EDGE_LOOP ( 'NONE', ( #1221, #2236, #2061, #2162, #1318, #121, #2610, #1627, #2977, #326 ) ) ;
#2440 = CARTESIAN_POINT ( 'NONE',  ( 0.3530743138391670422, 7.257596617672214201, -29.98627305288317046 ) ) ;
#2441 = VERTEX_POINT ( 'NONE', #3399 ) ;
#2442 = VECTOR ( 'NONE', #223, 1000.000000000000000 ) ;
#2443 = AXIS2_PLACEMENT_3D ( 'NONE', #1944, #3153, #2784 ) ;
#2444 = ADVANCED_FACE ( 'NONE', ( #1355 ), #3119, .F. ) ;
#2445 = DIRECTION ( 'NONE',  ( 1.000000000000000000, 0.000000000000000000, 5.782411586589351722E-16 ) ) ;
#2446 = LINE ( 'NONE', #1878, #2967 ) ;
#2447 = VECTOR ( 'NONE', #3661, 1000.000000000000000 ) ;
#2448 = ORIENTED_EDGE ( 'NONE', *, *, #2604, .F. ) ;
#2449 = DATE_TIME_ROLE ( 'creation_date' ) ;
#2450 = AXIS2_PLACEMENT_3D ( 'NONE', #2695, #2658, #128 ) ;
#2451 = DIRECTION ( 'NONE',  ( 1.000000000000000000, 0.000000000000000000, -0.000000000000000000 ) ) ;
#2452 = EDGE_CURVE ( 'NONE', #1077, #542, #3398, .T. ) ;
#2453 = FACE_OUTER_BOUND ( 'NONE', #196, .T. ) ;
#2454 = ORIENTED_EDGE ( 'NONE', *, *, #3555, .F. ) ;
#2455 = CARTESIAN_POINT ( 'NONE',  ( 40.60007163353184012, 17.14999999999999858, -2.500000000000000000 ) ) ;
#2456 = DIRECTION ( 'NONE',  ( -1.000000000000000000, 0.000000000000000000, -0.000000000000000000 ) ) ;
#2457 = DIRECTION ( 'NONE',  ( 8.540177112501211287E-16, -0.000000000000000000, -1.000000000000000000 ) ) ;
#2458 = ORIENTED_EDGE ( 'NONE', *, *, #2303, .T. ) ;
#2459 = CARTESIAN_POINT ( 'NONE',  ( 29.24999999999998934, 17.14999999999999858, -27.50000000000001421 ) ) ;
#2460 = VERTEX_POINT ( 'NONE', #2505 ) ;
#2461 = CARTESIAN_POINT ( 'NONE',  ( 2.156578773828406792, 6.200248907085284422, -31.20000000000002416 ) ) ;
#2462 = ORIENTED_EDGE ( 'NONE', *, *, #1731, .T. ) ;
#2463 = DIRECTION ( 'NONE',  ( 8.540177112501211287E-16, 0.000000000000000000, -1.000000000000000000 ) ) ;
#2464 = DIRECTION ( 'NONE',  ( 0.000000000000000000, -1.000000000000000000, 0.000000000000000000 ) ) ;
#2465 = ORIENTED_EDGE ( 'NONE', *, *, #41, .F. ) ;
#2466 = EDGE_CURVE ( 'NONE', #2776, #1425, #3529, .T. ) ;
#2467 = APPROVAL_ROLE ( '' ) ;
#2468 = FACE_BOUND ( 'NONE', #3594, .T. ) ;
#2469 = LINE ( 'NONE', #742, #2680 ) ;
#2470 = CARTESIAN_POINT ( 'NONE',  ( 0.000000000000000000, 14.34999999999999964, -19.99999999999999645 ) ) ;
#2471 = ORIENTED_EDGE ( 'NONE', *, *, #2961, .F. ) ;
#2472 = EDGE_CURVE ( 'NONE', #367, #1801, #242, .T. ) ;
#2473 = DIRECTION ( 'NONE',  ( -1.000000000000000000, -0.000000000000000000, -8.540177112501211287E-16 ) ) ;
#2474 = LINE ( 'NONE', #194, #1163 ) ;
#2475 = DIRECTION ( 'NONE',  ( 0.000000000000000000, 0.000000000000000000, 1.000000000000000000 ) ) ;
#2476 = ORIENTED_EDGE ( 'NONE', *, *, #60, .F. ) ;
#2477 = DIRECTION ( 'NONE',  ( 0.000000000000000000, -1.000000000000000000, 0.000000000000000000 ) ) ;
#2478 = VERTEX_POINT ( 'NONE', #1732 ) ;
#2479 = CARTESIAN_POINT ( 'NONE',  ( 2.249999999999969802, 8.175000000000000711, 0.001000000000001000089 ) ) ;
#2480 = ORIENTED_EDGE ( 'NONE', *, *, #1141, .F. ) ;
#2481 = CARTESIAN_POINT ( 'NONE',  ( 32.49999999999997158, 14.34999999999999964, -22.57999999999999474 ) ) ;
#2482 = DIRECTION ( 'NONE',  ( 0.000000000000000000, 1.000000000000000000, 0.000000000000000000 ) ) ;
#2483 = EDGE_LOOP ( 'NONE', ( #1196, #2716, #3428, #3569 ) ) ;
#2484 = PERSON_AND_ORGANIZATION ( #456, #1182 ) ;
#2485 = CARTESIAN_POINT ( 'NONE',  ( 40.76439812258387008, 11.14999999999999858, -2.320904781386446292 ) ) ;
#2486 = LINE ( 'NONE', #426, #1241 ) ;
#2487 = CARTESIAN_POINT ( 'NONE',  ( 32.49999999999997158, 20.83836651245905713, -22.57999999999999474 ) ) ;
#2488 = PLANE ( 'NONE',  #1600 ) ;
#2489 = EDGE_CURVE ( 'NONE', #2975, #1032, #653, .T. ) ;
#2490 = TOROIDAL_SURFACE ( 'NONE', #3560, 7.199964183234047965, 1.000000000000000000 ) ;
#2491 = DIRECTION ( 'NONE',  ( -0.000000000000000000, -1.000000000000000000, -0.000000000000000000 ) ) ;
#2492 = CARTESIAN_POINT ( 'NONE',  ( 27.83578643762689353, 16.35000000000000142, -27.00000000000001421 ) ) ;
#2493 = EDGE_LOOP ( 'NONE', ( #2103, #1443, #3318, #2735 ) ) ;
#2494 = CIRCLE ( 'NONE', #1351, 0.9499999999999995115 ) ;
#2495 = DIRECTION ( 'NONE',  ( 0.000000000000000000, 0.000000000000000000, -1.000000000000000000 ) ) ;
#2496 = ADVANCED_FACE ( 'NONE', ( #1491 ), #2333, .F. ) ;
#2497 = ORIENTED_EDGE ( 'NONE', *, *, #1640, .F. ) ;
#2498 = CARTESIAN_POINT ( 'NONE',  ( 40.76439812258387008, 11.14999999999999858, -1.370904781386445670 ) ) ;
#2499 = EDGE_LOOP ( 'NONE', ( #2497, #2014, #2232, #2801 ) ) ;
#2500 = VECTOR ( 'NONE', #2313, 1000.000000000000000 ) ;
#2501 = CARTESIAN_POINT ( 'NONE',  ( 33.99999999999995737, 7.299999999999998934, -7.499999999999998224 ) ) ;
#2502 = AXIS2_PLACEMENT_3D ( 'NONE', #2127, #2911, #334 ) ;
#2503 = ORIENTED_EDGE ( 'NONE', *, *, #504, .T. ) ;
#2504 = AXIS2_PLACEMENT_3D ( 'NONE', #1294, #3582, #3035 ) ;
#2505 = CARTESIAN_POINT ( 'NONE',  ( 32.00000000000000000, 8.175000000000000711, -31.00000000000000000 ) ) ;
#2506 = CARTESIAN_POINT ( 'NONE',  ( 2.500000000000000000, 14.34999999999999964, 0.000000000000000000 ) ) ;
#2507 = CIRCLE ( 'NONE', #1720, 2.899999999999999911 ) ;
#2508 = CARTESIAN_POINT ( 'NONE',  ( 40.86495314021180292, 11.14999999999999858, -29.71343258757277184 ) ) ;
#2509 = DIRECTION ( 'NONE',  ( -8.540177112501211287E-16, -0.000000000000000000, 1.000000000000000000 ) ) ;
#2510 = AXIS2_PLACEMENT_3D ( 'NONE', #593, #2873, #1201 ) ;
#2511 = DIRECTION ( 'NONE',  ( -1.000000000000000000, 0.000000000000000000, 0.000000000000000000 ) ) ;
#2512 = CARTESIAN_POINT ( 'NONE',  ( 0.000000000000000000, 2.000000000000000000, -22.57999999999999474 ) ) ;
#2513 = LINE ( 'NONE', #3636, #534 ) ;
#2514 = VERTEX_POINT ( 'NONE', #1218 ) ;
#2515 = EDGE_CURVE ( 'NONE', #3538, #1617, #2916, .T. ) ;
#2516 = DIRECTION ( 'NONE',  ( 0.000000000000000000, 0.000000000000000000, -1.000000000000000000 ) ) ;
#2517 = EDGE_LOOP ( 'NONE', ( #1048, #833, #2811, #2220 ) ) ;
#2518 = DIRECTION ( 'NONE',  ( 0.000000000000000000, -0.000000000000000000, -1.000000000000000000 ) ) ;
#2519 = VERTEX_POINT ( 'NONE', #1447 ) ;
#2520 = EDGE_CURVE ( 'NONE', #1575, #1160, #2386, .T. ) ;
#2521 = CARTESIAN_POINT ( 'NONE',  ( 0.6324008292383441754, 8.845087307619621697, -29.73939532506569705 ) ) ;
#2522 = ORIENTED_EDGE ( 'NONE', *, *, #3595, .T. ) ;
#2523 = CARTESIAN_POINT ( 'NONE',  ( 27.74999999999998579, 14.34999999999999964, -2.599999999999998312 ) ) ;
#2524 = DIRECTION ( 'NONE',  ( -1.000000000000000000, 1.204540229209917547E-15, -8.540177112501211287E-16 ) ) ;
#2525 = LINE ( 'NONE', #3673, #3509 ) ;
#2526 = CARTESIAN_POINT ( 'NONE',  ( 27.74999999999998934, 8.199964183234049742, -31.19999999999999929 ) ) ;
#2527 = DIRECTION ( 'NONE',  ( 0.000000000000000000, 0.000000000000000000, -1.000000000000000000 ) ) ;
#2528 = DIRECTION ( 'NONE',  ( 8.540177112501211287E-16, 0.000000000000000000, -1.000000000000000000 ) ) ;
#2529 = ORIENTED_EDGE ( 'NONE', *, *, #902, .T. ) ;
#2530 = DIRECTION ( 'NONE',  ( 0.000000000000000000, 0.000000000000000000, -1.000000000000000000 ) ) ;
#2531 = ORIENTED_EDGE ( 'NONE', *, *, #233, .T. ) ;
#2532 = CARTESIAN_POINT ( 'NONE',  ( 30.25000000000000355, 8.175000000000000711, -31.00000000000000000 ) ) ;
#2533 = ORIENTED_EDGE ( 'NONE', *, *, #2330, .F. ) ;
#2534 = EDGE_CURVE ( 'NONE', #1896, #236, #3471, .T. ) ;
#2535 = ORIENTED_EDGE ( 'NONE', *, *, #2832, .T. ) ;
#2536 = EDGE_CURVE ( 'NONE', #1742, #1590, #2328, .T. ) ;
#2537 = CARTESIAN_POINT ( 'NONE',  ( 32.49999999999993605, 17.14999999999999858, 20.16144882284025996 ) ) ;
#2538 = ORIENTED_EDGE ( 'NONE', *, *, #1710, .F. ) ;
#2539 = CARTESIAN_POINT ( 'NONE',  ( 21.55003581676593782, 8.199964183234049742, -28.00000000000000355 ) ) ;
#2540 = DIRECTION ( 'NONE',  ( 0.000000000000000000, 0.000000000000000000, -1.000000000000000000 ) ) ;
#2541 = ADVANCED_FACE ( 'NONE', ( #3228 ), #1788, .F. ) ;
#2542 = DIRECTION ( 'NONE',  ( -0.000000000000000000, 1.000000000000000000, -0.000000000000000000 ) ) ;
#2543 = CARTESIAN_POINT ( 'NONE',  ( 33.99999999999995737, 7.299999999999998934, -7.499999999999996447 ) ) ;
#2544 = DIRECTION ( 'NONE',  ( 0.000000000000000000, 0.000000000000000000, 1.000000000000000000 ) ) ;
#2545 = DIRECTION ( 'NONE',  ( -0.000000000000000000, 1.000000000000000000, -0.000000000000000000 ) ) ;
#2546 = PLANE ( 'NONE',  #355 ) ;
#2547 = AXIS2_PLACEMENT_3D ( 'NONE', #3424, #860, #3440 ) ;
#2548 = EDGE_LOOP ( 'NONE', ( #40, #2891 ) ) ;
#2549 = CARTESIAN_POINT ( 'NONE',  ( 0.4999999999999985012, 8.248522237254386269, -29.37082039324996074 ) ) ;
#2550 = ORIENTED_EDGE ( 'NONE', *, *, #3466, .F. ) ;
#2551 = AXIS2_PLACEMENT_3D ( 'NONE', #446, #1311, #2456 ) ;
#2552 = AXIS2_PLACEMENT_3D ( 'NONE', #960, #3229, #1765 ) ;
#2553 = ORIENTED_EDGE ( 'NONE', *, *, #36, .F. ) ;
#2554 = CARTESIAN_POINT ( 'NONE',  ( 1.665972953066128470, 10.06077403129479819, -31.06236115024971411 ) ) ;
#2555 = EDGE_LOOP ( 'NONE', ( #3599, #3469, #989, #2608 ) ) ;
#2556 = EDGE_CURVE ( 'NONE', #2223, #599, #1507, .T. ) ;
#2557 = AXIS2_PLACEMENT_3D ( 'NONE', #2598, #2561, #3155 ) ;
#2558 = ADVANCED_FACE ( 'NONE', ( #3356 ), #3011, .T. ) ;
#2559 = CARTESIAN_POINT ( 'NONE',  ( 33.49999999999996447, 14.34999999999999964, -9.999999999999998224 ) ) ;
#2560 = DIRECTION ( 'NONE',  ( 1.000000000000000000, -6.938893903907222461E-16, 0.000000000000000000 ) ) ;
#2561 = DIRECTION ( 'NONE',  ( 0.000000000000000000, -1.000000000000000000, 0.000000000000000000 ) ) ;
#2562 = VECTOR ( 'NONE', #3674, 1000.000000000000000 ) ;
#2563 = CIRCLE ( 'NONE', #42, 1.749999999999999556 ) ;
#2564 = EDGE_CURVE ( 'NONE', #308, #379, #1614, .T. ) ;
#2565 = AXIS2_PLACEMENT_3D ( 'NONE', #786, #3021, #707 ) ;
#2566 = AXIS2_PLACEMENT_3D ( 'NONE', #3134, #3100, #1433 ) ;
#2567 = DIRECTION ( 'NONE',  ( -0.000000000000000000, -1.000000000000000000, -0.000000000000000000 ) ) ;
#2568 = DIRECTION ( 'NONE',  ( -1.000000000000000000, 0.000000000000000000, 0.000000000000000000 ) ) ;
#2569 = CIRCLE ( 'NONE', #3042, 0.9499999999999986233 ) ;
#2570 = CARTESIAN_POINT ( 'NONE',  ( 3.000000000000026645, 0.000000000000000000, -3.000000000000000000 ) ) ;
#2571 = VECTOR ( 'NONE', #1251, 1000.000000000000000 ) ;
#2572 =( BOUNDED_SURFACE ( )  B_SPLINE_SURFACE ( 3, 2, ( 
 ( #3293, #726, #1866 ),
 ( #3004, #444, #1583 ),
 ( #2729, #817, #3135 ),
 ( #2581, #1993, #21 ),
 ( #3381, #2823, #1694 ),
 ( #1733, #261, #854 ),
 ( #1112, #3400, #2258 ),
 ( #1162, #1709, #839 ),
 ( #2805, #559, #1979 ),
 ( #3101, #2874, #544 ) ),
 .UNSPECIFIED., .F., .F., .F. ) 
 B_SPLINE_SURFACE_WITH_KNOTS ( ( 4, 2, 2, 2, 4 ),
 ( 3, 3 ),
 ( 0.002137908410578961017, 0.002640943260977367951, 0.003143978111375774452, 0.004150047812172587454, 0.006162187213766213457 ),
 ( 0.000000000000000000, 1.000000000000000000 ),
 .UNSPECIFIED. ) 
 GEOMETRIC_REPRESENTATION_ITEM ( )  RATIONAL_B_SPLINE_SURFACE ( (
 ( 1.000000000000000000, 0.7071067811865483499, 1.000000000000000000),
 ( 1.000000000000000000, 0.7331568639610432925, 1.000000000000000000),
 ( 1.000000000000000000, 0.7571105272589975232, 1.000000000000000000),
 ( 1.000000000000000000, 0.8011173345301314530, 1.000000000000000000),
 ( 1.000000000000000000, 0.8212209538858616931, 1.000000000000000000),
 ( 1.000000000000000000, 0.8764601552056116018, 1.000000000000000000),
 ( 1.000000000000000000, 0.9066930298171432812, 1.000000000000000000),
 ( 1.000000000000000000, 0.9775674323503131813, 1.000000000000000000),
 ( 1.000000000000000000, 0.9996653148566375657, 1.000000000000000000),
 ( 1.000000000000000000, 1.000000000000000000, 1.000000000000000000) ) ) 
 REPRESENTATION_ITEM ( '' )  SURFACE ( )  );
#2573 = DIRECTION ( 'NONE',  ( -1.000000000000000000, 0.000000000000000000, -9.637400586054646550E-16 ) ) ;
#2574 = DIRECTION ( 'NONE',  ( -0.000000000000000000, 1.000000000000000000, -0.000000000000000000 ) ) ;
#2575 = ORIENTED_EDGE ( 'NONE', *, *, #614, .T. ) ;
#2576 = APPROVAL_DATE_TIME ( #2345, #1274 ) ;
#2577 = ORIENTED_EDGE ( 'NONE', *, *, #529, .T. ) ;
#2578 = CARTESIAN_POINT ( 'NONE',  ( 1.228436355976785466, 9.899756467540226978, -30.85773303489621711 ) ) ;
#2579 = VERTEX_POINT ( 'NONE', #3298 ) ;
#2580 = CARTESIAN_POINT ( 'NONE',  ( 1.299999999999986944, 8.175000000000000711, -15.49999999999999645 ) ) ;
#2581 = CARTESIAN_POINT ( 'NONE',  ( 18.47678521997286794, 2.000000000000000000, -27.00000000000000711 ) ) ;
#2582 = EDGE_CURVE ( 'NONE', #2201, #3073, #1085, .T. ) ;
#2583 = FACE_OUTER_BOUND ( 'NONE', #3371, .T. ) ;
#2584 = EDGE_CURVE ( 'NONE', #2248, #1634, #1308, .T. ) ;
#2585 = CARTESIAN_POINT ( 'NONE',  ( 0.000000000000000000, 2.000000000000000000, -19.99999999999999645 ) ) ;
#2586 = ADVANCED_FACE ( 'NONE', ( #498 ), #1346, .F. ) ;
#2587 = DIRECTION ( 'NONE',  ( -8.540177112501212273E-16, -0.000000000000000000, 1.000000000000000000 ) ) ;
#2588 = ORIENTED_EDGE ( 'NONE', *, *, #1964, .T. ) ;
#2589 = EDGE_CURVE ( 'NONE', #931, #131, #2177, .T. ) ;
#2590 = DIRECTION ( 'NONE',  ( 0.000000000000000000, 0.000000000000000000, 1.000000000000000000 ) ) ;
#2591 = ORIENTED_EDGE ( 'NONE', *, *, #3664, .F. ) ;
#2592 = COORDINATED_UNIVERSAL_TIME_OFFSET ( 8, 0, .BEHIND. ) ;
#2593 = EDGE_LOOP ( 'NONE', ( #2702, #1865, #448, #2653, #1260 ) ) ;
#2594 = CARTESIAN_POINT ( 'NONE',  ( 0.8049586206145036282, 9.195830895022865548, -30.55441721988674786 ) ) ;
#2595 = ORIENTED_EDGE ( 'NONE', *, *, #2261, .F. ) ;
#2596 = CARTESIAN_POINT ( 'NONE',  ( 1.253836348322730387, 9.911941830446444612, -30.87243291368969267 ) ) ;
#2597 = LINE ( 'NONE', #1378, #3089 ) ;
#2598 = CARTESIAN_POINT ( 'NONE',  ( 40.10007163353182591, 3.000000000000000000, -28.19999999999998863 ) ) ;
#2599 = ORIENTED_EDGE ( 'NONE', *, *, #2101, .F. ) ;
#2600 = ORIENTED_EDGE ( 'NONE', *, *, #315, .T. ) ;
#2601 = CARTESIAN_POINT ( 'NONE',  ( 32.49999999999997868, 0.000000000000000000, -31.19999999999999929 ) ) ;
#2602 = CARTESIAN_POINT ( 'NONE',  ( 33.99999999999995737, 7.299999999999998934, -6.699999999999995737 ) ) ;
#2603 = CARTESIAN_POINT ( 'NONE',  ( 33.99999999999995737, 7.299999999999998934, -7.499999999999998224 ) ) ;
#2604 = EDGE_CURVE ( 'NONE', #3499, #1476, #752, .T. ) ;
#2605 = EDGE_CURVE ( 'NONE', #2778, #118, #2213, .T. ) ;
#2606 = ORIENTED_EDGE ( 'NONE', *, *, #2399, .F. ) ;
#2607 = DIRECTION ( 'NONE',  ( 0.000000000000000000, 0.000000000000000000, 1.000000000000000000 ) ) ;
#2608 = ORIENTED_EDGE ( 'NONE', *, *, #1374, .F. ) ;
#2609 = ADVANCED_FACE ( 'NONE', ( #1633 ), #2233, .F. ) ;
#2610 = ORIENTED_EDGE ( 'NONE', *, *, #34, .T. ) ;
#2611 = CARTESIAN_POINT ( 'NONE',  ( 0.1998921703044542197, 7.605579060926608292, -29.68104697010742399 ) ) ;
#2612 = AXIS2_PLACEMENT_3D ( 'NONE', #2245, #562, #2544 ) ;
#2613 = ORIENTED_EDGE ( 'NONE', *, *, #2076, .T. ) ;
#2614 = AXIS2_PLACEMENT_3D ( 'NONE', #2705, #2421, #2445 ) ;
#2615 = CARTESIAN_POINT ( 'NONE',  ( 0.8885124224746543398, 6.658572757279447529, -30.61640192690425977 ) ) ;
#2616 = DIRECTION ( 'NONE',  ( 8.540177112501211287E-16, -0.000000000000000000, -1.000000000000000000 ) ) ;
#2617 = CARTESIAN_POINT ( 'NONE',  ( 24.19644392938781152, 2.591370086130279304, -27.95271889588476455 ) ) ;
#2618 = VERTEX_POINT ( 'NONE', #1049 ) ;
#2619 = DIRECTION ( 'NONE',  ( -1.000000000000000000, 0.000000000000000000, -0.000000000000000000 ) ) ;
#2620 = CYLINDRICAL_SURFACE ( 'NONE', #3502, 0.9499999999999995115 ) ;
#2621 = CIRCLE ( 'NONE', #2205, 1.949999999999999734 ) ;
#2622 = VECTOR ( 'NONE', #2427, 1000.000000000000000 ) ;
#2623 = DIRECTION ( 'NONE',  ( 0.000000000000000000, -1.000000000000000000, 0.000000000000000000 ) ) ;
#2624 = LOCAL_TIME ( 12, 37, 34.00000000000000000, #998 ) ;
#2625 = CIRCLE ( 'NONE', #1787, 1.749999999999999556 ) ;
#2626 = DIRECTION ( 'NONE',  ( 0.000000000000000000, 0.000000000000000000, 1.000000000000000000 ) ) ;
#2627 = CARTESIAN_POINT ( 'NONE',  ( 29.24999999999998934, 16.35000000000000142, -27.50000000000001421 ) ) ;
#2628 = EDGE_CURVE ( 'NONE', #290, #3360, #2569, .T. ) ;
#2629 = EDGE_LOOP ( 'NONE', ( #1520, #1146, #2165, #1347 ) ) ;
#2630 = AXIS2_PLACEMENT_3D ( 'NONE', #2602, #2861, #263 ) ;
#2631 = ORIENTED_EDGE ( 'NONE', *, *, #3238, .F. ) ;
#2632 = CARTESIAN_POINT ( 'NONE',  ( 0.4818620520091172477, 8.002237520101553869, -30.61693326692804362 ) ) ;
#2633 = EDGE_CURVE ( 'NONE', #992, #772, #1846, .T. ) ;
#2634 = ORIENTED_EDGE ( 'NONE', *, *, #3107, .T. ) ;
#2635 = CARTESIAN_POINT ( 'NONE',  ( 28.30000000000000071, 8.175000000000000711, -31.00000000000000000 ) ) ;
#2636 = CARTESIAN_POINT ( 'NONE',  ( 1.903690100761113557, 6.453871899520661870, -30.91605084566498007 ) ) ;
#2637 = FACE_OUTER_BOUND ( 'NONE', #1786, .T. ) ;
#2638 = EDGE_LOOP ( 'NONE', ( #571, #643, #203, #1296 ) ) ;
#2639 = DIRECTION ( 'NONE',  ( -0.000000000000000000, -1.000000000000000000, -0.000000000000000000 ) ) ;
#2640 = PLANE ( 'NONE',  #1124 ) ;
#2641 = CARTESIAN_POINT ( 'NONE',  ( 32.49999999999997158, 14.34999999999999964, -9.999999999999998224 ) ) ;
#2642 = CARTESIAN_POINT ( 'NONE',  ( 4.749999999999986677, 14.34999999999999964, -19.99999999999999645 ) ) ;
#2643 = CARTESIAN_POINT ( 'NONE',  ( 40.60007163353183302, 0.000000000000000000, 0.000000000000000000 ) ) ;
#2644 = DIRECTION ( 'NONE',  ( 0.000000000000000000, 0.000000000000000000, -1.000000000000000000 ) ) ;
#2645 = EDGE_LOOP ( 'NONE', ( #1072, #2360, #2531, #1937 ) ) ;
#2646 = ORIENTED_EDGE ( 'NONE', *, *, #2106, .T. ) ;
#2647 = CARTESIAN_POINT ( 'NONE',  ( 0.5321818270602987067, 7.839449085738325884, -29.47899786049702087 ) ) ;
#2648 = VERTEX_POINT ( 'NONE', #807 ) ;
#2649 = CARTESIAN_POINT ( 'NONE',  ( 32.49999999999997868, 16.35000000000000142, -27.00000000000001421 ) ) ;
#2650 = EDGE_CURVE ( 'NONE', #1446, #198, #3335, .T. ) ;
#2651 = LINE ( 'NONE', #81, #35 ) ;
#2652 = CARTESIAN_POINT ( 'NONE',  ( 23.41341502968618116, 2.280294068654923123, -27.74886817972815933 ) ) ;
#2653 = ORIENTED_EDGE ( 'NONE', *, *, #2154, .F. ) ;
#2654 = LINE ( 'NONE', #2601, #3642 ) ;
#2655 = EDGE_CURVE ( 'NONE', #1329, #810, #1952, .T. ) ;
#2656 = DIRECTION ( 'NONE',  ( -8.540177112501211287E-16, -0.000000000000000000, 1.000000000000000000 ) ) ;
#2657 = DIRECTION ( 'NONE',  ( 0.000000000000000000, -0.000000000000000000, 1.000000000000000000 ) ) ;
#2658 = DIRECTION ( 'NONE',  ( 8.540177112501211287E-16, 0.000000000000000000, -1.000000000000000000 ) ) ;
#2659 = CARTESIAN_POINT ( 'NONE',  ( 2.249999999999990230, 8.175000000000000711, -23.70000000000002416 ) ) ;
#2660 = DIRECTION ( 'NONE',  ( 0.000000000000000000, 1.000000000000000000, 0.000000000000000000 ) ) ;
#2661 = ORIENTED_EDGE ( 'NONE', *, *, #2966, .F. ) ;
#2662 = ORIENTED_EDGE ( 'NONE', *, *, #133, .T. ) ;
#2663 = CARTESIAN_POINT ( 'NONE',  ( 0.1793461070799680090, 8.678823384527301954, -29.63098118768243339 ) ) ;
#2664 = ORIENTED_EDGE ( 'NONE', *, *, #570, .T. ) ;
#2665 = DIRECTION ( 'NONE',  ( -0.000000000000000000, 1.000000000000000000, -0.000000000000000000 ) ) ;
#2666 = DIRECTION ( 'NONE',  ( 0.000000000000000000, -1.000000000000000000, 0.000000000000000000 ) ) ;
#2667 = DIRECTION ( 'NONE',  ( -0.000000000000000000, -0.000000000000000000, -1.000000000000000000 ) ) ;
#2668 = ORIENTED_EDGE ( 'NONE', *, *, #148, .T. ) ;
#2669 = EDGE_CURVE ( 'NONE', #2776, #287, #773, .T. ) ;
#2670 = CIRCLE ( 'NONE', #1229, 1.499999999999999556 ) ;
#2671 = DIRECTION ( 'NONE',  ( -1.000000000000000000, 0.000000000000000000, 0.000000000000000000 ) ) ;
#2672 = CARTESIAN_POINT ( 'NONE',  ( 30.25000000000000355, 8.175000000000000711, -31.19999999999999929 ) ) ;
#2673 = CIRCLE ( 'NONE', #641, 0.9499999999999995115 ) ;
#2674 = CARTESIAN_POINT ( 'NONE',  ( 21.55003581676593782, 2.000000000000001776, -27.00000000000000711 ) ) ;
#2675 = EDGE_CURVE ( 'NONE', #325, #3054, #532, .T. ) ;
#2676 = CIRCLE ( 'NONE', #2373, 0.9500000000000007327 ) ;
#2677 = DIRECTION ( 'NONE',  ( 0.000000000000000000, 0.000000000000000000, -1.000000000000000000 ) ) ;
#2678 = CARTESIAN_POINT ( 'NONE',  ( 40.10007163353182591, 3.000000000000000000, -3.000000000000000000 ) ) ;
#2679 = PLANE ( 'NONE',  #3159 ) ;
#2680 = VECTOR ( 'NONE', #1304, 1000.000000000000000 ) ;
#2681 = VECTOR ( 'NONE', #1853, 1000.000000000000000 ) ;
#2682 = ORIENTED_EDGE ( 'NONE', *, *, #3043, .F. ) ;
#2683 = AXIS2_PLACEMENT_3D ( 'NONE', #141, #3268, #705 ) ;
#2684 = ORIENTED_EDGE ( 'NONE', *, *, #3315, .T. ) ;
#2685 = CARTESIAN_POINT ( 'NONE',  ( 0.1990673330361628079, 8.741959624370498005, -29.67911885257975158 ) ) ;
#2686 = ORIENTED_EDGE ( 'NONE', *, *, #549, .T. ) ;
#2687 = FACE_OUTER_BOUND ( 'NONE', #2226, .T. ) ;
#2688 = CARTESIAN_POINT ( 'NONE',  ( 2.500000000000000000, 2.000000000000000000, 0.000000000000000000 ) ) ;
#2689 = ORIENTED_EDGE ( 'NONE', *, *, #2037, .F. ) ;
#2690 = CARTESIAN_POINT ( 'NONE',  ( 4.749999999999986677, 14.34999999999999964, -19.99999999999999645 ) ) ;
#2691 = LINE ( 'NONE', #1826, #3705 ) ;
#2692 = EDGE_CURVE ( 'NONE', #1902, #236, #3072, .T. ) ;
#2693 = ORIENTED_EDGE ( 'NONE', *, *, #3589, .F. ) ;
#2694 = FACE_OUTER_BOUND ( 'NONE', #1800, .T. ) ;
#2695 = CARTESIAN_POINT ( 'NONE',  ( 30.24999999999999645, 8.175000000000000711, -23.70000000000000284 ) ) ;
#2696 = ADVANCED_FACE ( 'NONE', ( #2814 ), #1918, .F. ) ;
#2697 = EDGE_CURVE ( 'NONE', #1634, #1502, #3031, .T. ) ;
#2698 = LINE ( 'NONE', #690, #1705 ) ;
#2699 = CARTESIAN_POINT ( 'NONE',  ( 2.358913378794948557, 17.14999999999999858, -28.90107627553058478 ) ) ;
#2700 = VERTEX_POINT ( 'NONE', #603 ) ;
#2701 = EDGE_CURVE ( 'NONE', #3390, #2778, #29, .T. ) ;
#2702 = ORIENTED_EDGE ( 'NONE', *, *, #3442, .F. ) ;
#2703 = CARTESIAN_POINT ( 'NONE',  ( 18.39786253943820071, 2.861110420197836568, -28.00000000000000711 ) ) ;
#2704 = VERTEX_POINT ( 'NONE', #845 ) ;
#2705 = CARTESIAN_POINT ( 'NONE',  ( 33.99999999999995737, 7.299999999999998934, -7.499999999999998224 ) ) ;
#2706 = FACE_OUTER_BOUND ( 'NONE', #2109, .T. ) ;
#2707 = VERTEX_POINT ( 'NONE', #1698 ) ;
#2708 = CARTESIAN_POINT ( 'NONE',  ( 0.000000000000000000, 0.000000000000000000, 0.000000000000000000 ) ) ;
#2709 = DIRECTION ( 'NONE',  ( 0.000000000000000000, 1.000000000000000000, -0.000000000000000000 ) ) ;
#2710 = LINE ( 'NONE', #490, #1541 ) ;
#2711 = ORIENTED_EDGE ( 'NONE', *, *, #2268, .T. ) ;
#2712 = DIRECTION ( 'NONE',  ( 0.000000000000000000, 0.000000000000000000, -1.000000000000000000 ) ) ;
#2713 = CARTESIAN_POINT ( 'NONE',  ( 2.249999999999993339, 8.175000000000000711, -23.70000000000002416 ) ) ;
#2714 = CARTESIAN_POINT ( 'NONE',  ( 4.749999999999986677, 14.34999999999999964, -2.599999999999998312 ) ) ;
#2715 = DIRECTION ( 'NONE',  ( 0.000000000000000000, 1.000000000000000000, -0.000000000000000000 ) ) ;
#2716 = ORIENTED_EDGE ( 'NONE', *, *, #3384, .F. ) ;
#2717 = EDGE_CURVE ( 'NONE', #1488, #1676, #297, .T. ) ;
#2718 = ORIENTED_EDGE ( 'NONE', *, *, #1369, .F. ) ;
#2719 = CARTESIAN_POINT ( 'NONE',  ( 0.8065574682118121785, 7.152244374480567934, -30.55572937081977614 ) ) ;
#2720 = ORIENTED_EDGE ( 'NONE', *, *, #153, .T. ) ;
#2721 = ADVANCED_FACE ( 'NONE', ( #2298 ), #3715, .T. ) ;
#2722 = DIRECTION ( 'NONE',  ( -0.000000000000000000, 1.000000000000000000, -0.000000000000000000 ) ) ;
#2723 = DIRECTION ( 'NONE',  ( -1.000000000000000000, -0.000000000000000000, -8.540177112501211287E-16 ) ) ;
#2724 = ORIENTED_EDGE ( 'NONE', *, *, #2330, .T. ) ;
#2725 = CALENDAR_DATE ( 2026, 28, 7 ) ;
#2726 = CARTESIAN_POINT ( 'NONE',  ( 33.99999999999995737, 17.14999999999999858, -5.199999999999995737 ) ) ;
#2727 = CARTESIAN_POINT ( 'NONE',  ( 0.000000000000000000, 2.000000000000000000, -2.500000000000000000 ) ) ;
#2728 = VERTEX_POINT ( 'NONE', #828 ) ;
#2729 = CARTESIAN_POINT ( 'NONE',  ( 18.18121061681159745, 2.000000000000000000, -27.00000000000000711 ) ) ;
#2730 = VECTOR ( 'NONE', #1342, 1000.000000000000000 ) ;
#2731 = FACE_OUTER_BOUND ( 'NONE', #2555, .T. ) ;
#2732 = AXIS2_PLACEMENT_3D ( 'NONE', #2957, #400, #2181 ) ;
#2733 = CARTESIAN_POINT ( 'NONE',  ( 2.358913378794948557, 11.14999999999999858, -29.85107627553058407 ) ) ;
#2734 = FACE_OUTER_BOUND ( 'NONE', #1674, .T. ) ;
#2735 = ORIENTED_EDGE ( 'NONE', *, *, #3407, .F. ) ;
#2736 = AXIS2_PLACEMENT_3D ( 'NONE', #2537, #3429, #3395 ) ;
#2737 = CARTESIAN_POINT ( 'NONE',  ( 28.74999999999998579, 4.799999999999999822, -6.699999999999995737 ) ) ;
#2738 = CIRCLE ( 'NONE', #1431, 1.500000000000001332 ) ;
#2739 = VECTOR ( 'NONE', #3164, 1000.000000000000000 ) ;
#2740 = EDGE_CURVE ( 'NONE', #970, #1649, #55, .T. ) ;
#2741 = CARTESIAN_POINT ( 'NONE',  ( 1.316340913115110478, 6.684186287688851813, -30.90817964004282814 ) ) ;
#2742 = ORIENTED_EDGE ( 'NONE', *, *, #1924, .F. ) ;
#2743 = CIRCLE ( 'NONE', #829, 0.9500000000000007327 ) ;
#2744 = AXIS2_PLACEMENT_3D ( 'NONE', #1693, #1377, #3079 ) ;
#2745 = CARTESIAN_POINT ( 'NONE',  ( 30.24999999999999289, 8.175000000000000711, -23.70000000000000284 ) ) ;
#2746 = EDGE_CURVE ( 'NONE', #2276, #1849, #2283, .T. ) ;
#2747 = CARTESIAN_POINT ( 'NONE',  ( 15.35003581676593853, 5.299964183234050275, -31.20000000000001350 ) ) ;
#2748 = ORIENTED_EDGE ( 'NONE', *, *, #3616, .F. ) ;
#2749 = PERSON_AND_ORGANIZATION ( #456, #1182 ) ;
#2750 = AXIS2_PLACEMENT_3D ( 'NONE', #2773, #1043, #3596 ) ;
#2751 = DIRECTION ( 'NONE',  ( -1.000000000000000000, 0.000000000000000000, -8.540177112501211287E-16 ) ) ;
#2752 = CARTESIAN_POINT ( 'NONE',  ( 32.49999999999997868, 16.35000000000000142, -26.00000000000001421 ) ) ;
#2753 = EDGE_LOOP ( 'NONE', ( #3618, #1179, #3144, #1068 ) ) ;
#2754 = MANIFOLD_SOLID_BREP ( 'Fillet21', #1886 ) ;
#2755 = LINE ( 'NONE', #3309, #3523 ) ;
#2756 = DIRECTION ( 'NONE',  ( -1.000000000000000000, 0.000000000000000000, -8.539429528766383741E-16 ) ) ;
#2757 = CARTESIAN_POINT ( 'NONE',  ( 40.60007163353184012, 17.14999999999999503, 0.000000000000000000 ) ) ;
#2758 = ORIENTED_EDGE ( 'NONE', *, *, #2894, .T. ) ;
#2759 = DIRECTION ( 'NONE',  ( 8.540177112501211287E-16, 0.000000000000000000, -1.000000000000000000 ) ) ;
#2760 = ORIENTED_EDGE ( 'NONE', *, *, #2142, .F. ) ;
#2761 = CARTESIAN_POINT ( 'NONE',  ( 0.8855456788439604043, 7.073554492279336969, -30.17310872049322157 ) ) ;
#2762 = ORIENTED_EDGE ( 'NONE', *, *, #3514, .F. ) ;
#2763 = FACE_BOUND ( 'NONE', #2160, .T. ) ;
#2764 = FACE_OUTER_BOUND ( 'NONE', #3183, .T. ) ;
#2765 = ORIENTED_EDGE ( 'NONE', *, *, #1968, .T. ) ;
#2766 = EDGE_CURVE ( 'NONE', #3058, #311, #3219, .T. ) ;
#2767 = DATE_AND_TIME ( #488, #3279 ) ;
#2768 = CARTESIAN_POINT ( 'NONE',  ( 43.10007163353183302, -1.298134379673746707E-15, -2.499999999999998668 ) ) ;
#2769 = CARTESIAN_POINT ( 'NONE',  ( 40.10007163353182591, 0.000000000000000000, -3.000000000000000000 ) ) ;
#2770 = CARTESIAN_POINT ( 'NONE',  ( 27.74999999999998579, 7.299999999999998934, -6.699999999999995737 ) ) ;
#2771 = DIRECTION ( 'NONE',  ( 0.000000000000000000, 1.000000000000000000, 0.000000000000000000 ) ) ;
#2772 = EDGE_CURVE ( 'NONE', #772, #3499, #1172, .T. ) ;
#2773 = CARTESIAN_POINT ( 'NONE',  ( 2.500000000000000000, 2.000000000000000000, -2.500000000000000000 ) ) ;
#2774 = DIRECTION ( 'NONE',  ( 8.540177112501211287E-16, -0.000000000000000000, -1.000000000000000000 ) ) ;
#2775 = CARTESIAN_POINT ( 'NONE',  ( 30.24999999999998579, 6.349999999999999645, -2.000000000000011990 ) ) ;
#2776 = VERTEX_POINT ( 'NONE', #3389 ) ;
#2777 = CARTESIAN_POINT ( 'NONE',  ( 3.000000000000026645, 3.000000000000000000, -3.000000000000000000 ) ) ;
#2778 = VERTEX_POINT ( 'NONE', #580 ) ;
#2779 = DIRECTION ( 'NONE',  ( -5.001641587585982552E-15, 0.000000000000000000, 1.000000000000000000 ) ) ;
#2780 = ORIENTED_EDGE ( 'NONE', *, *, #2943, .F. ) ;
#2781 = CYLINDRICAL_SURFACE ( 'NONE', #3266, 6.199964183234047965 ) ;
#2782 = DIRECTION ( 'NONE',  ( -8.540177112501212273E-16, -0.000000000000000000, 1.000000000000000000 ) ) ;
#2783 = EDGE_LOOP ( 'NONE', ( #2480, #715, #3683, #2664 ) ) ;
#2784 = DIRECTION ( 'NONE',  ( 0.000000000000000000, 0.000000000000000000, -1.000000000000000000 ) ) ;
#2785 = CARTESIAN_POINT ( 'NONE',  ( 10.95003581676593640, 17.14999999999999858, -26.00000000000001421 ) ) ;
#2786 = CARTESIAN_POINT ( 'NONE',  ( 2.249999999999986677, 8.175000000000000711, -15.49999999999999645 ) ) ;
#2787 = CARTESIAN_POINT ( 'NONE',  ( 33.99999999999995737, 7.299999999999998934, -6.699999999999995737 ) ) ;
#2788 = ADVANCED_FACE ( 'NONE', ( #550 ), #2546, .F. ) ;
#2789 = CARTESIAN_POINT ( 'NONE',  ( 40.86495314021180292, 17.14999999999999858, -29.71343258757277184 ) ) ;
#2790 = CARTESIAN_POINT ( 'NONE',  ( 4.749999999999986677, 14.34999999999999964, -22.57999999999999474 ) ) ;
#2791 = EDGE_CURVE ( 'NONE', #328, #914, #2322, .T. ) ;
#2792 = LINE ( 'NONE', #530, #2210 ) ;
#2793 = ORIENTED_EDGE ( 'NONE', *, *, #2881, .F. ) ;
#2794 = CIRCLE ( 'NONE', #2552, 0.9499999999999995115 ) ;
#2795 = CARTESIAN_POINT ( 'NONE',  ( 16.07011283615891273, 5.299964183234046722, -31.20000000000001350 ) ) ;
#2796 = CARTESIAN_POINT ( 'NONE',  ( 3.000000000000026645, 3.000000000000000000, -3.000000000000000000 ) ) ;
#2797 = AXIS2_PLACEMENT_3D ( 'NONE', #1317, #3363, #422 ) ;
#2798 = ORIENTED_EDGE ( 'NONE', *, *, #2076, .F. ) ;
#2799 = AXIS2_PLACEMENT_3D ( 'NONE', #2058, #877, #2343 ) ;
#2800 = CARTESIAN_POINT ( 'NONE',  ( 0.3530184067790221869, 9.092453294475351555, -29.98626878727027645 ) ) ;
#2801 = ORIENTED_EDGE ( 'NONE', *, *, #2309, .F. ) ;
#2802 = CIRCLE ( 'NONE', #1178, 1.000000000000000888 ) ;
#2803 = CARTESIAN_POINT ( 'NONE',  ( 1.686605293721929577, 10.06567700750432515, -31.06934276192313149 ) ) ;
#2804 = AXIS2_PLACEMENT_3D ( 'NONE', #3267, #441, #3565 ) ;
#2805 = CARTESIAN_POINT ( 'NONE',  ( 20.92335121212227023, 2.000000000000000888, -27.00000000000000355 ) ) ;
#2806 = VECTOR ( 'NONE', #1070, 1000.000000000000000 ) ;
#2807 = ORIENTED_EDGE ( 'NONE', *, *, #1984, .T. ) ;
#2808 = EDGE_CURVE ( 'NONE', #328, #2519, #283, .T. ) ;
#2809 = CYLINDRICAL_SURFACE ( 'NONE', #1729, 0.9499999999999986233 ) ;
#2810 = CARTESIAN_POINT ( 'NONE',  ( 0.000000000000000000, 2.000000000000000000, 0.000000000000000000 ) ) ;
#2811 = ORIENTED_EDGE ( 'NONE', *, *, #1845, .T. ) ;
#2812 = ADVANCED_FACE ( 'NONE', ( #1420 ), #3423, .T. ) ;
#2813 = ADVANCED_FACE ( 'NONE', ( #1851 ), #3480, .T. ) ;
#2814 = FACE_OUTER_BOUND ( 'NONE', #971, .T. ) ;
#2815 = ORIENTED_EDGE ( 'NONE', *, *, #2791, .F. ) ;
#2816 = DIRECTION ( 'NONE',  ( -8.540177112501212273E-16, -0.000000000000000000, 1.000000000000000000 ) ) ;
#2817 = ORIENTED_EDGE ( 'NONE', *, *, #3310, .T. ) ;
#2818 = EDGE_CURVE ( 'NONE', #2728, #676, #1499, .T. ) ;
#2819 = EDGE_LOOP ( 'NONE', ( #1730, #15 ) ) ;
#2820 = CARTESIAN_POINT ( 'NONE',  ( 1.315757316173911340, 9.665369505958665286, -30.90782089082950534 ) ) ;
#2821 = ORIENTED_EDGE ( 'NONE', *, *, #1710, .T. ) ;
#2822 = DIRECTION ( 'NONE',  ( 0.000000000000000000, -1.000000000000000000, 0.000000000000000000 ) ) ;
#2823 = CARTESIAN_POINT ( 'NONE',  ( 18.92307512284232729, 2.581141812595623808, -27.24126234272213409 ) ) ;
#2824 = DIRECTION ( 'NONE',  ( 0.000000000000000000, 0.000000000000000000, 1.000000000000000000 ) ) ;
#2825 = CARTESIAN_POINT ( 'NONE',  ( 3.000000000000026645, 3.000000000000000000, -3.000000000000000000 ) ) ;
#2826 = CARTESIAN_POINT ( 'NONE',  ( 2.358913378794948557, 17.14999999999999858, -29.85107627553058407 ) ) ;
#2827 = DIRECTION ( 'NONE',  ( 0.000000000000000000, 0.000000000000000000, 1.000000000000000000 ) ) ;
#2828 = DIRECTION ( 'NONE',  ( 1.000000000000000000, 0.000000000000000000, 0.000000000000000000 ) ) ;
#2829 = DIRECTION ( 'NONE',  ( -0.000000000000000000, 1.000000000000000000, -0.000000000000000000 ) ) ;
#2830 = DIRECTION ( 'NONE',  ( -0.000000000000000000, 1.000000000000000000, -0.000000000000000000 ) ) ;
#2831 = EDGE_CURVE ( 'NONE', #1032, #2460, #3235, .T. ) ;
#2832 = EDGE_CURVE ( 'NONE', #2409, #1879, #2968, .T. ) ;
#2833 = ORIENTED_EDGE ( 'NONE', *, *, #2605, .F. ) ;
#2834 = VERTEX_POINT ( 'NONE', #1796 ) ;
#2835 = CARTESIAN_POINT ( 'NONE',  ( 1.539301510549790253, 9.779531286650493982, -30.75589494712023964 ) ) ;
#2836 = EDGE_CURVE ( 'NONE', #451, #1467, #2625, .T. ) ;
#2837 = EDGE_LOOP ( 'NONE', ( #2724, #1951, #1401, #537 ) ) ;
#2838 = DIRECTION ( 'NONE',  ( -0.000000000000000000, -1.000000000000000000, -0.000000000000000000 ) ) ;
#2839 = DIRECTION ( 'NONE',  ( -1.000000000000000000, 0.000000000000000000, -0.000000000000000000 ) ) ;
#2840 = CARTESIAN_POINT ( 'NONE',  ( 35.49999999999996447, 17.14999999999999858, -5.199999999999994849 ) ) ;
#2841 = DIRECTION ( 'NONE',  ( 0.000000000000000000, -1.000000000000000000, 0.000000000000000000 ) ) ;
#2842 = DIRECTION ( 'NONE',  ( 8.540177112501211287E-16, 0.000000000000000000, -1.000000000000000000 ) ) ;
#2843 = AXIS2_PLACEMENT_3D ( 'NONE', #2659, #1230, #2375 ) ;
#2844 = EDGE_LOOP ( 'NONE', ( #1373, #2711 ) ) ;
#2845 = CARTESIAN_POINT ( 'NONE',  ( 1.206877330148414140, 9.585325978186538975, -30.52050880146275347 ) ) ;
#2846 = VERTEX_POINT ( 'NONE', #1514 ) ;
#2847 = VECTOR ( 'NONE', #208, 1000.000000000000000 ) ;
#2848 = EDGE_CURVE ( 'NONE', #3540, #173, #1493, .T. ) ;
#2849 = VECTOR ( 'NONE', #3453, 1000.000000000000000 ) ;
#2850 = ORIENTED_EDGE ( 'NONE', *, *, #3639, .F. ) ;
#2851 = CARTESIAN_POINT ( 'NONE',  ( 2.159833630383440006, 10.13009048293379166, -31.18259977435400998 ) ) ;
#2852 = ORIENTED_EDGE ( 'NONE', *, *, #2303, .F. ) ;
#2853 = AXIS2_PLACEMENT_3D ( 'NONE', #3016, #758, #183 ) ;
#2854 = DIRECTION ( 'NONE',  ( 0.9917476720930109568, 0.1282051282051299146, 0.000000000000000000 ) ) ;
#2855 = EDGE_CURVE ( 'NONE', #1, #2344, #688, .T. ) ;
#2856 = CARTESIAN_POINT ( 'NONE',  ( 3.000000000000029754, 0.000000000000000000, -29.14999999999998792 ) ) ;
#2857 = DIRECTION ( 'NONE',  ( -0.000000000000000000, -1.000000000000000000, -0.000000000000000000 ) ) ;
#2858 = VECTOR ( 'NONE', #1570, 1000.000000000000000 ) ;
#2859 = AXIS2_PLACEMENT_3D ( 'NONE', #2672, #2656, #3189 ) ;
#2860 = CIRCLE ( 'NONE', #1783, 0.9500000000000007327 ) ;
#2861 = DIRECTION ( 'NONE',  ( 0.000000000000000000, 1.000000000000000000, 0.000000000000000000 ) ) ;
#2862 = CARTESIAN_POINT ( 'NONE',  ( 30.24999999999998579, 6.349999999999999645, -2.000000000000011990 ) ) ;
#2863 = AXIS2_PLACEMENT_3D ( 'NONE', #2737, #1650, #792 ) ;
#2864 = CARTESIAN_POINT ( 'NONE',  ( 40.60007163353183302, 1.999999999999983569, -2.500000000000000000 ) ) ;
#2865 = AXIS2_PLACEMENT_3D ( 'NONE', #1776, #2677, #413 ) ;
#2866 = DIRECTION ( 'NONE',  ( 0.000000000000000000, 1.000000000000000000, 0.000000000000000000 ) ) ;
#2867 = DIRECTION ( 'NONE',  ( 0.000000000000000000, -1.000000000000000000, 0.000000000000000000 ) ) ;
#2868 = VERTEX_POINT ( 'NONE', #3550 ) ;
#2869 = APPROVAL_STATUS ( 'not_yet_approved' ) ;
#2870 = ORIENTED_EDGE ( 'NONE', *, *, #127, .T. ) ;
#2871 = CARTESIAN_POINT ( 'NONE',  ( 1.274654131356461371E-30, 14.34999999999999964, -27.00000000000001421 ) ) ;
#2872 = ORIENTED_EDGE ( 'NONE', *, *, #682, .F. ) ;
#2873 = DIRECTION ( 'NONE',  ( -0.8611104201978377892, 0.5084179818089672453, -1.628858839315486674E-15 ) ) ;
#2874 = CARTESIAN_POINT ( 'NONE',  ( 21.55003581676593782, 2.000000000000000888, -27.00000000000000355 ) ) ;
#2875 = CYLINDRICAL_SURFACE ( 'NONE', #2909, 0.9499999999999998446 ) ;
#2876 = EDGE_CURVE ( 'NONE', #99, #3397, #1901, .T. ) ;
#2877 = EDGE_CURVE ( 'NONE', #659, #1959, #2374, .T. ) ;
#2878 = ORIENTED_EDGE ( 'NONE', *, *, #2808, .T. ) ;
#2879 = DIRECTION ( 'NONE',  ( 8.540177112501211287E-16, 0.000000000000000000, -1.000000000000000000 ) ) ;
#2880 = DIRECTION ( 'NONE',  ( -0.000000000000000000, 1.000000000000000000, -0.000000000000000000 ) ) ;
#2881 = EDGE_CURVE ( 'NONE', #772, #443, #766, .T. ) ;
#2882 = EDGE_LOOP ( 'NONE', ( #1106, #417, #3457, #2045 ) ) ;
#2883 = CARTESIAN_POINT ( 'NONE',  ( 30.24999999999998579, 6.349999999999999645, -2.950000000000013056 ) ) ;
#2884 = ORIENTED_EDGE ( 'NONE', *, *, #1731, .F. ) ;
#2885 = EDGE_LOOP ( 'NONE', ( #983, #3062, #2742, #1215, #2748, #852, #1307, #1405 ) ) ;
#2886 = CARTESIAN_POINT ( 'NONE',  ( 0.1282146182569598447, 8.441635803351356770, -29.49048687392235379 ) ) ;
#2887 = ORIENTED_EDGE ( 'NONE', *, *, #320, .T. ) ;
#2888 = DIRECTION ( 'NONE',  ( 0.000000000000000000, -1.000000000000000000, -0.000000000000000000 ) ) ;
#2889 = CARTESIAN_POINT ( 'NONE',  ( 0.8703147810140674512, 7.075032321959083603, -30.16938486977386091 ) ) ;
#2890 = DIRECTION ( 'NONE',  ( 0.000000000000000000, 0.000000000000000000, 1.000000000000000000 ) ) ;
#2891 = ORIENTED_EDGE ( 'NONE', *, *, #2766, .F. ) ;
#2892 = CYLINDRICAL_SURFACE ( 'NONE', #3276, 1.000000000000000888 ) ;
#2893 = DIRECTION ( 'NONE',  ( 1.000000000000000000, 0.000000000000000000, 0.000000000000000000 ) ) ;
#2894 = EDGE_CURVE ( 'NONE', #251, #3044, #926, .T. ) ;
#2895 = LINE ( 'NONE', #374, #280 ) ;
#2896 = EDGE_CURVE ( 'NONE', #2519, #2305, #1829, .T. ) ;
#2897 = CARTESIAN_POINT ( 'NONE',  ( 32.49999999999997158, 14.34999999999999964, -26.99999999999999645 ) ) ;
#2898 = LINE ( 'NONE', #57, #1358 ) ;
#2899 = ORIENTED_EDGE ( 'NONE', *, *, #2584, .T. ) ;
#2900 = ORIENTED_EDGE ( 'NONE', *, *, #1096, .F. ) ;
#2901 = CARTESIAN_POINT ( 'NONE',  ( 0.4956421590940535138, 8.071276425071058469, -30.69013211328561042 ) ) ;
#2902 = CIRCLE ( 'NONE', #1588, 1.000000000000000888 ) ;
#2903 = VERTEX_POINT ( 'NONE', #108 ) ;
#2904 = VECTOR ( 'NONE', #3376, 1000.000000000000000 ) ;
#2905 = CARTESIAN_POINT ( 'NONE',  ( 1.841990531095497818, 6.251820459389684004, -31.11749308687017646 ) ) ;
#2906 = FACE_OUTER_BOUND ( 'NONE', #1688, .T. ) ;
#2907 = LINE ( 'NONE', #668, #1714 ) ;
#2908 = ORIENTED_EDGE ( 'NONE', *, *, #2284, .T. ) ;
#2909 = AXIS2_PLACEMENT_3D ( 'NONE', #3419, #1994, #262 ) ;
#2910 = DIRECTION ( 'NONE',  ( 0.000000000000000000, 0.000000000000000000, 1.000000000000000000 ) ) ;
#2911 = DIRECTION ( 'NONE',  ( 0.000000000000000000, -1.000000000000000000, 0.000000000000000000 ) ) ;
#2912 = VECTOR ( 'NONE', #1759, 1000.000000000000000 ) ;
#2913 = DIRECTION ( 'NONE',  ( 0.000000000000000000, -0.000000000000000000, 1.000000000000000000 ) ) ;
#2914 = CIRCLE ( 'NONE', #3038, 0.9500000000000002887 ) ;
#2915 = CARTESIAN_POINT ( 'NONE',  ( 2.249999999999987121, 6.349999999999999645, -2.000000000000011990 ) ) ;
#2916 = CIRCLE ( 'NONE', #3347, 0.9499999999999998446 ) ;
#2917 = CARTESIAN_POINT ( 'NONE',  ( 27.74999999999998579, 14.34999999999999964, -19.99999999999999645 ) ) ;
#2918 = CARTESIAN_POINT ( 'NONE',  ( 0.000000000000000000, 14.34999999999999964, -19.99999999999999645 ) ) ;
#2919 = EDGE_LOOP ( 'NONE', ( #3378, #3670, #2194, #1601 ) ) ;
#2920 = ADVANCED_FACE ( 'NONE', ( #2933 ), #2091, .T. ) ;
#2921 = AXIS2_PLACEMENT_3D ( 'NONE', #1948, #747, #3083 ) ;
#2922 = ORIENTED_EDGE ( 'NONE', *, *, #2106, .F. ) ;
#2923 = CARTESIAN_POINT ( 'NONE',  ( 0.4420139688478354478, 8.043047551484290736, -30.36562991928386879 ) ) ;
#2924 = ORIENTED_EDGE ( 'NONE', *, *, #2791, .T. ) ;
#2925 = EDGE_CURVE ( 'NONE', #2728, #1329, #2357, .T. ) ;
#2926 = DIRECTION ( 'NONE',  ( -0.000000000000000000, -1.000000000000000000, -0.000000000000000000 ) ) ;
#2927 = DIRECTION ( 'NONE',  ( 0.000000000000000000, 0.000000000000000000, -1.000000000000000000 ) ) ;
#2928 = FACE_OUTER_BOUND ( 'NONE', #1763, .T. ) ;
#2929 = ORIENTED_EDGE ( 'NONE', *, *, #3665, .T. ) ;
#2930 = DIRECTION ( 'NONE',  ( 0.000000000000000000, -1.000000000000000000, 0.000000000000000000 ) ) ;
#2931 = FACE_OUTER_BOUND ( 'NONE', #2945, .T. ) ;
#2932 = DIRECTION ( 'NONE',  ( 0.000000000000000000, 0.000000000000000000, 1.000000000000000000 ) ) ;
#2933 = FACE_OUTER_BOUND ( 'NONE', #2837, .T. ) ;
#2934 = CARTESIAN_POINT ( 'NONE',  ( 24.44908888996883789, 2.711662846091533297, -28.00000000000000711 ) ) ;
#2935 = DIRECTION ( 'NONE',  ( 0.000000000000000000, 0.000000000000000000, -1.000000000000000000 ) ) ;
#2936 = ORIENTED_EDGE ( 'NONE', *, *, #300, .F. ) ;
#2937 = VERTEX_POINT ( 'NONE', #3496 ) ;
#2938 = ADVANCED_FACE ( 'NONE', ( #375, #1228 ), #1552, .T. ) ;
#2939 = CARTESIAN_POINT ( 'NONE',  ( 0.5001006892679924487, 8.122704109680014994, -30.71298237627520678 ) ) ;
#2940 = ORIENTED_EDGE ( 'NONE', *, *, #2196, .T. ) ;
#2941 = DIRECTION ( 'NONE',  ( -1.000000000000000000, 0.000000000000000000, 0.000000000000000000 ) ) ;
#2942 = LINE ( 'NONE', #1523, #932 ) ;
#2943 = EDGE_CURVE ( 'NONE', #3601, #3426, #2738, .T. ) ;
#2944 = CARTESIAN_POINT ( 'NONE',  ( 24.57740090969286939, 2.787421002745749110, -27.99999999118945837 ) ) ;
#2945 = EDGE_LOOP ( 'NONE', ( #3716, #2793, #3299, #1686 ) ) ;
#2946 = CARTESIAN_POINT ( 'NONE',  ( 35.49999999999996447, 7.299999999999998934, -6.699999999999994849 ) ) ;
#2947 = LINE ( 'NONE', #2095, #1610 ) ;
#2948 = CARTESIAN_POINT ( 'NONE',  ( 21.28307706456977044, 2.004322256378380018, -27.11553602364730153 ) ) ;
#2949 = DIRECTION ( 'NONE',  ( -1.000000000000000000, 0.000000000000000000, 0.000000000000000000 ) ) ;
#2950 = CARTESIAN_POINT ( 'NONE',  ( 23.40319690153743792, 2.277112579869374542, -27.74546594577092762 ) ) ;
#2951 = CARTESIAN_POINT ( 'NONE',  ( 28.74999999999998579, 14.34999999999999964, -5.199999999999996625 ) ) ;
#2952 = ORIENTED_EDGE ( 'NONE', *, *, #1411, .F. ) ;
#2953 = ORIENTED_EDGE ( 'NONE', *, *, #1758, .T. ) ;
#2954 = CARTESIAN_POINT ( 'NONE',  ( 0.1189767771816242770, 7.979603379543807939, -29.46221262436529642 ) ) ;
#2955 = ORIENTED_EDGE ( 'NONE', *, *, #814, .F. ) ;
#2956 = ADVANCED_FACE ( 'NONE', ( #2411 ), #2056, .F. ) ;
#2957 = CARTESIAN_POINT ( 'NONE',  ( 15.35003581676593498, 8.199964183234049742, -27.00000000000001066 ) ) ;
#2958 = LINE ( 'NONE', #2688, #3152 ) ;
#2959 = ORIENTED_EDGE ( 'NONE', *, *, #1490, .F. ) ;
#2960 = EDGE_CURVE ( 'NONE', #443, #1849, #2755, .T. ) ;
#2961 = EDGE_CURVE ( 'NONE', #2460, #1160, #483, .T. ) ;
#2962 = FACE_OUTER_BOUND ( 'NONE', #3287, .T. ) ;
#2963 = CARTESIAN_POINT ( 'NONE',  ( 32.49999999999997158, 2.000000000000000000, -19.99999999999999645 ) ) ;
#2964 = AXIS2_PLACEMENT_3D ( 'NONE', #2786, #491, #724 ) ;
#2965 = CARTESIAN_POINT ( 'NONE',  ( 18.65095993408942121, 2.711676313291873974, -28.00000000000000711 ) ) ;
#2966 = EDGE_CURVE ( 'NONE', #2441, #1742, #526, .T. ) ;
#2967 = VECTOR ( 'NONE', #2782, 1000.000000000000000 ) ;
#2968 = LINE ( 'NONE', #2642, #539 ) ;
#2969 = CARTESIAN_POINT ( 'NONE',  ( 29.29999999999999005, 8.175000000000000711, -19.99999999999999645 ) ) ;
#2970 = CARTESIAN_POINT ( 'NONE',  ( 2.249999999999987121, 6.349999999999999645, -1.050000000000012257 ) ) ;
#2971 = VECTOR ( 'NONE', #1190, 1000.000000000000000 ) ;
#2972 = AXIS2_PLACEMENT_3D ( 'NONE', #987, #2157, #1255 ) ;
#2973 = ORIENTED_EDGE ( 'NONE', *, *, #1572, .F. ) ;
#2974 = VECTOR ( 'NONE', #187, 1000.000000000000000 ) ;
#2975 = VERTEX_POINT ( 'NONE', #1309 ) ;
#2976 = FACE_OUTER_BOUND ( 'NONE', #3313, .T. ) ;
#2977 = ORIENTED_EDGE ( 'NONE', *, *, #1850, .F. ) ;
#2978 = AXIS2_PLACEMENT_3D ( 'NONE', #20, #3170, #2941 ) ;
#2979 = CARTESIAN_POINT ( 'NONE',  ( 31.99999999999999289, 8.175000000000000711, -23.70000000000000284 ) ) ;
#2980 = DIRECTION ( 'NONE',  ( -1.734723475976807094E-15, -1.000000000000000000, 0.000000000000000000 ) ) ;
#2981 = ORIENTED_EDGE ( 'NONE', *, *, #1138, .F. ) ;
#2982 = PERSON_AND_ORGANIZATION_ROLE ( 'creator' ) ;
#2983 = FACE_OUTER_BOUND ( 'NONE', #1922, .T. ) ;
#2984 = DIRECTION ( 'NONE',  ( -0.000000000000000000, -1.000000000000000000, -0.000000000000000000 ) ) ;
#2985 = ORIENTED_EDGE ( 'NONE', *, *, #3216, .F. ) ;
#2986 = APPROVAL ( #205, 'UNSPECIFIED' ) ;
#2987 = FACE_OUTER_BOUND ( 'NONE', #3435, .T. ) ;
#2988 = EDGE_CURVE ( 'NONE', #1917, #515, #358, .T. ) ;
#2989 = DIRECTION ( 'NONE',  ( -0.000000000000000000, 1.000000000000000000, -0.000000000000000000 ) ) ;
#2990 = CARTESIAN_POINT ( 'NONE',  ( 3.000000000000029754, 3.000000000000000000, -27.24999999999998934 ) ) ;
#2991 = ADVANCED_FACE ( 'NONE', ( #445, #1326, #1932, #3295, #1584 ), #2488, .T. ) ;
#2992 = CYLINDRICAL_SURFACE ( 'NONE', #3095, 0.9499999999999998446 ) ;
#2993 = ORIENTED_EDGE ( 'NONE', *, *, #1819, .F. ) ;
#2994 = ORIENTED_EDGE ( 'NONE', *, *, #3537, .T. ) ;
#2995 = LINE ( 'NONE', #1875, #1171 ) ;
#2996 = ORIENTED_EDGE ( 'NONE', *, *, #2007, .F. ) ;
#2997 = CARTESIAN_POINT ( 'NONE',  ( 28.74999999999998579, 14.34999999999999964, -8.999999999999998224 ) ) ;
#2998 = FACE_OUTER_BOUND ( 'NONE', #497, .T. ) ;
#2999 = ORIENTED_EDGE ( 'NONE', *, *, #1157, .T. ) ;
#3000 = PERSON_AND_ORGANIZATION_ROLE ( 'design_owner' ) ;
#3001 = CARTESIAN_POINT ( 'NONE',  ( 12.45003581676593640, 17.14999999999999858, -31.20000000000002771 ) ) ;
#3002 = CARTESIAN_POINT ( 'NONE',  ( 6.368163355566241312E-16, 17.14999999999999858, -26.00000000000001421 ) ) ;
#3003 = VERTEX_POINT ( 'NONE', #1913 ) ;
#3004 = CARTESIAN_POINT ( 'NONE',  ( 18.03438187779408608, 2.000000000000000000, -27.00000000000000711 ) ) ;
#3005 = ADVANCED_FACE ( 'NONE', ( #2731 ), #1629, .T. ) ;
#3006 = CYLINDRICAL_SURFACE ( 'NONE', #1250, 1.499999999999999556 ) ;
#3007 = FACE_OUTER_BOUND ( 'NONE', #1462, .T. ) ;
#3008 = LINE ( 'NONE', #1888, #586 ) ;
#3009 = ORIENTED_EDGE ( 'NONE', *, *, #3269, .T. ) ;
#3010 = ADVANCED_FACE ( 'NONE', ( #3573 ), #1064, .T. ) ;
#3011 = CYLINDRICAL_SURFACE ( 'NONE', #2267, 1.500000000000001332 ) ;
#3012 = ORIENTED_EDGE ( 'NONE', *, *, #710, .T. ) ;
#3013 = CARTESIAN_POINT ( 'NONE',  ( 0.6329644513461653021, 7.503594058324189575, -29.74061127233847301 ) ) ;
#3014 = VERTEX_POINT ( 'NONE', #226 ) ;
#3015 = LINE ( 'NONE', #2997, #1114 ) ;
#3016 = CARTESIAN_POINT ( 'NONE',  ( 0.000000000000000000, 16.35000000000000142, 0.000000000000000000 ) ) ;
#3017 = ORIENTED_EDGE ( 'NONE', *, *, #592, .F. ) ;
#3018 = MECHANICAL_CONTEXT ( 'NONE', #2380, 'mechanical' ) ;
#3019 = AXIS2_PLACEMENT_3D ( 'NONE', #604, #3252, #376 ) ;
#3020 = CARTESIAN_POINT ( 'NONE',  ( 33.49999999999995737, 14.34999999999999964, -5.199999999999996625 ) ) ;
#3021 = DIRECTION ( 'NONE',  ( 0.000000000000000000, -1.000000000000000000, 0.000000000000000000 ) ) ;
#3022 = DIRECTION ( 'NONE',  ( 1.000000000000000000, 0.000000000000000000, 0.000000000000000000 ) ) ;
#3023 = ORIENTED_EDGE ( 'NONE', *, *, #1340, .F. ) ;
#3024 = AXIS2_PLACEMENT_3D ( 'NONE', #824, #2527, #302 ) ;
#3025 = FACE_OUTER_BOUND ( 'NONE', #3292, .T. ) ;
#3026 = AXIS2_PLACEMENT_3D ( 'NONE', #1395, #1434, #2540 ) ;
#3027 = CARTESIAN_POINT ( 'NONE',  ( 29.24999999999998934, 16.35000000000000142, -26.00000000000001421 ) ) ;
#3028 = LINE ( 'NONE', #2757, #408 ) ;
#3029 = ORIENTED_EDGE ( 'NONE', *, *, #1369, .T. ) ;
#3030 = VECTOR ( 'NONE', #22, 1000.000000000000000 ) ;
#3031 = LINE ( 'NONE', #477, #1912 ) ;
#3032 = AXIS2_PLACEMENT_3D ( 'NONE', #2280, #2879, #1415 ) ;
#3033 = AXIS2_PLACEMENT_3D ( 'NONE', #3441, #605, #2607 ) ;
#3034 = ORIENTED_EDGE ( 'NONE', *, *, #2988, .F. ) ;
#3035 = DIRECTION ( 'NONE',  ( -1.000000000000000000, 0.000000000000000000, -8.540177112501211287E-16 ) ) ;
#3036 = EDGE_CURVE ( 'NONE', #1467, #451, #1418, .T. ) ;
#3037 = VERTEX_POINT ( 'NONE', #3068 ) ;
#3038 = AXIS2_PLACEMENT_3D ( 'NONE', #2769, #207, #1338 ) ;
#3039 = VECTOR ( 'NONE', #2266, 1000.000000000000000 ) ;
#3040 = DIRECTION ( 'NONE',  ( -1.000000000000000000, 0.000000000000000000, 0.000000000000000000 ) ) ;
#3041 = FACE_OUTER_BOUND ( 'NONE', #645, .T. ) ;
#3042 = AXIS2_PLACEMENT_3D ( 'NONE', #2777, #214, #1872 ) ;
#3043 = EDGE_CURVE ( 'NONE', #2707, #2776, #3349, .T. ) ;
#3044 = VERTEX_POINT ( 'NONE', #470 ) ;
#3045 = COORDINATED_UNIVERSAL_TIME_OFFSET ( 8, 0, .BEHIND. ) ;
#3046 = VECTOR ( 'NONE', #2075, 1000.000000000000000 ) ;
#3047 = FACE_OUTER_BOUND ( 'NONE', #531, .T. ) ;
#3048 = DIRECTION ( 'NONE',  ( -8.540177112501212273E-16, 0.000000000000000000, 1.000000000000000000 ) ) ;
#3049 = ORIENTED_EDGE ( 'NONE', *, *, #1200, .F. ) ;
#3050 = CARTESIAN_POINT ( 'NONE',  ( 30.24999999999998934, 8.175000000000000711, -15.49999999999999645 ) ) ;
#3051 = CARTESIAN_POINT ( 'NONE',  ( 3.000000000000029754, 3.000000000000000000, -28.19999999999998863 ) ) ;
#3052 = LINE ( 'NONE', #1630, #2431 ) ;
#3053 = LINE ( 'NONE', #1647, #3459 ) ;
#3054 = VERTEX_POINT ( 'NONE', #1645 ) ;
#3055 = CARTESIAN_POINT ( 'NONE',  ( 3.000000000000029754, 3.000000000000000000, -28.19999999999998863 ) ) ;
#3056 = ORIENTED_EDGE ( 'NONE', *, *, #62, .T. ) ;
#3057 = CARTESIAN_POINT ( 'NONE',  ( 2.190799938949515635, 6.402785352187956747, -30.99999999907097958 ) ) ;
#3058 = VERTEX_POINT ( 'NONE', #2789 ) ;
#3059 = EDGE_CURVE ( 'NONE', #3644, #3014, #3700, .T. ) ;
#3060 = CARTESIAN_POINT ( 'NONE',  ( 28.74999999999998579, 14.34999999999999964, -9.999999999999998224 ) ) ;
#3061 = CARTESIAN_POINT ( 'NONE',  ( 15.35003581676593498, 4.299964183234050275, -28.00000000000001066 ) ) ;
#3062 = ORIENTED_EDGE ( 'NONE', *, *, #1087, .T. ) ;
#3063 = FACE_BOUND ( 'NONE', #4, .T. ) ;
#3064 = ADVANCED_FACE ( 'NONE', ( #1081 ), #2229, .F. ) ;
#3065 = CARTESIAN_POINT ( 'NONE',  ( 31.19999999999998863, 8.175000000000000711, -15.49999999999999645 ) ) ;
#3066 = CARTESIAN_POINT ( 'NONE',  ( 11.45003581676593640, 8.199964183234049742, -27.00000000000001421 ) ) ;
#3067 = DIRECTION ( 'NONE',  ( -1.000000000000000000, 0.000000000000000000, 0.000000000000000000 ) ) ;
#3068 = CARTESIAN_POINT ( 'NONE',  ( 2.500000000000000000, 0.000000000000000000, 0.000000000000000000 ) ) ;
#3069 = CARTESIAN_POINT ( 'NONE',  ( 28.74999999999998579, 5.799999999999999822, 0.000000000000000000 ) ) ;
#3070 = DIRECTION ( 'NONE',  ( 1.000000000000000000, -4.046002276330746873E-16, 8.540177112501211287E-16 ) ) ;
#3071 = VERTEX_POINT ( 'NONE', #1287 ) ;
#3072 = LINE ( 'NONE', #2795, #947 ) ;
#3073 = VERTEX_POINT ( 'NONE', #2432 ) ;
#3074 = CARTESIAN_POINT ( 'NONE',  ( 43.10007163353186144, 17.14999999999999503, -28.69999999999998508 ) ) ;
#3075 = EDGE_LOOP ( 'NONE', ( #1538, #2290, #487, #3222 ) ) ;
#3076 = CARTESIAN_POINT ( 'NONE',  ( 2.474358974358976671, 9.910558426162767276, -31.20000000000002061 ) ) ;
#3077 = ORIENTED_EDGE ( 'NONE', *, *, #2848, .T. ) ;
#3078 = EDGE_CURVE ( 'NONE', #739, #2353, #2079, .T. ) ;
#3079 = DIRECTION ( 'NONE',  ( 0.000000000000000000, 0.000000000000000000, 1.000000000000000000 ) ) ;
#3080 = CYLINDRICAL_SURFACE ( 'NONE', #1655, 2.500000000000002220 ) ;
#3081 = ADVANCED_FACE ( 'NONE', ( #3025 ), #3006, .F. ) ;
#3082 = ADVANCED_FACE ( 'NONE', ( #1966 ), #2038, .F. ) ;
#3083 = DIRECTION ( 'NONE',  ( 0.000000000000000000, 0.000000000000000000, -1.000000000000000000 ) ) ;
#3084 = AXIS2_PLACEMENT_3D ( 'NONE', #3713, #1140, #528 ) ;
#3085 = CARTESIAN_POINT ( 'NONE',  ( 2.664535259100379799E-14, 16.35000000000000142, -27.00000000000001421 ) ) ;
#3086 = DIRECTION ( 'NONE',  ( 0.000000000000000000, 0.000000000000000000, 1.000000000000000000 ) ) ;
#3087 = ADVANCED_FACE ( 'NONE', ( #2015 ), #541, .T. ) ;
#3088 = ORIENTED_EDGE ( 'NONE', *, *, #2419, .F. ) ;
#3089 = VECTOR ( 'NONE', #2524, 1000.000000000000000 ) ;
#3090 = DIRECTION ( 'NONE',  ( 1.000000000000000000, -0.000000000000000000, -0.000000000000000000 ) ) ;
#3091 = ORIENTED_EDGE ( 'NONE', *, *, #152, .T. ) ;
#3092 = CARTESIAN_POINT ( 'NONE',  ( 30.24999999999998579, 14.34999999999999964, -2.000000000000011990 ) ) ;
#3093 = VECTOR ( 'NONE', #2667, 1000.000000000000000 ) ;
#3094 = ORIENTED_EDGE ( 'NONE', *, *, #2925, .T. ) ;
#3095 = AXIS2_PLACEMENT_3D ( 'NONE', #714, #3253, #433 ) ;
#3096 = CARTESIAN_POINT ( 'NONE',  ( 0.2438799701659861152, 8.863241083597507952, -29.77837251279888164 ) ) ;
#3097 = VECTOR ( 'NONE', #464, 1000.000000000000000 ) ;
#3098 = ORIENTED_EDGE ( 'NONE', *, *, #1526, .T. ) ;
#3099 = AXIS2_PLACEMENT_3D ( 'NONE', #2185, #505, #3628 ) ;
#3100 = DIRECTION ( 'NONE',  ( -5.782411586589352708E-16, 0.000000000000000000, 1.000000000000000000 ) ) ;
#3101 = CARTESIAN_POINT ( 'NONE',  ( 21.55003581676593782, 2.000000000000000888, -27.00000000000000355 ) ) ;
#3102 = VECTOR ( 'NONE', #1997, 1000.000000000000000 ) ;
#3103 = CARTESIAN_POINT ( 'NONE',  ( 27.74999999999998934, 4.860385716831291170, -27.00000000000000000 ) ) ;
#3104 = VECTOR ( 'NONE', #1713, 1000.000000000000000 ) ;
#3105 = CARTESIAN_POINT ( 'NONE',  ( 31.49999999999997868, 17.14999999999999858, -25.00000000000001421 ) ) ;
#3106 = ADVANCED_FACE ( 'NONE', ( #616 ), #2809, .F. ) ;
#3107 = EDGE_CURVE ( 'NONE', #992, #847, #3420, .T. ) ;
#3108 = FACE_OUTER_BOUND ( 'NONE', #3364, .T. ) ;
#3109 = CARTESIAN_POINT ( 'NONE',  ( 43.10007163353181880, 17.14999999999999503, 20.16144882284027062 ) ) ;
#3110 = CARTESIAN_POINT ( 'NONE',  ( 12.45003581676593996, 8.199964183234049742, -31.20000000000001350 ) ) ;
#3111 = EDGE_CURVE ( 'NONE', #1780, #1893, #3436, .T. ) ;
#3112 = EDGE_LOOP ( 'NONE', ( #378, #2693, #3181, #160 ) ) ;
#3113 = CARTESIAN_POINT ( 'NONE',  ( 2.358913378794948557, 11.14999999999999858, -28.90107627553058478 ) ) ;
#3114 = EDGE_LOOP ( 'NONE', ( #2361, #808 ) ) ;
#3115 = CARTESIAN_POINT ( 'NONE',  ( 2.249999999999999556, 8.175000000000000711, -31.00000000000002487 ) ) ;
#3116 = EDGE_LOOP ( 'NONE', ( #934, #418 ) ) ;
#3117 = CARTESIAN_POINT ( 'NONE',  ( 1.861523384204336162, 9.889171681483391652, -31.12238898130118159 ) ) ;
#3118 = ORIENTED_EDGE ( 'NONE', *, *, #112, .F. ) ;
#3119 = CYLINDRICAL_SURFACE ( 'NONE', #774, 0.9499999999999995115 ) ;
#3120 = PLANE ( 'NONE',  #2370 ) ;
#3121 = CARTESIAN_POINT ( 'NONE',  ( 27.74999999999998224, 6.105467173275527237, -27.24009310150755780 ) ) ;
#3122 = LINE ( 'NONE', #2526, #937 ) ;
#3123 = FACE_OUTER_BOUND ( 'NONE', #2483, .T. ) ;
#3124 = DIRECTION ( 'NONE',  ( 0.000000000000000000, 0.000000000000000000, 1.000000000000000000 ) ) ;
#3125 = EDGE_CURVE ( 'NONE', #2846, #763, #3122, .T. ) ;
#3126 = DIRECTION ( 'NONE',  ( -1.000000000000000000, 0.000000000000000000, -8.540177112501212273E-16 ) ) ;
#3127 = ORIENTED_EDGE ( 'NONE', *, *, #2943, .T. ) ;
#3128 = CYLINDRICAL_SURFACE ( 'NONE', #3157, 1.499999999999999556 ) ;
#3129 = ORIENTED_EDGE ( 'NONE', *, *, #814, .T. ) ;
#3130 = EDGE_CURVE ( 'NONE', #3071, #3187, #1738, .T. ) ;
#3131 = ORIENTED_EDGE ( 'NONE', *, *, #430, .F. ) ;
#3132 = DIRECTION ( 'NONE',  ( 8.540177112501211287E-16, 0.000000000000000000, -1.000000000000000000 ) ) ;
#3133 = VERTEX_POINT ( 'NONE', #1139 ) ;
#3134 = CARTESIAN_POINT ( 'NONE',  ( 33.99999999999995737, 7.299999999999998934, -6.699999999999995737 ) ) ;
#3135 = CARTESIAN_POINT ( 'NONE',  ( 18.64910533310344931, 2.718686414905198578, -27.98916190096610634 ) ) ;
#3136 = CARTESIAN_POINT ( 'NONE',  ( 33.49999999999996447, 17.14999999999999858, -9.999999999999998224 ) ) ;
#3137 = FACE_OUTER_BOUND ( 'NONE', #1458, .T. ) ;
#3138 = DIRECTION ( 'NONE',  ( 0.000000000000000000, 0.000000000000000000, -1.000000000000000000 ) ) ;
#3139 = VECTOR ( 'NONE', #2396, 1000.000000000000000 ) ;
#3140 = APPLICATION_CONTEXT ( 'configuration controlled 3d designs of mechanical parts and assemblies' ) ;
#3141 = VECTOR ( 'NONE', #432, 1000.000000000000000 ) ;
#3142 = ORIENTED_EDGE ( 'NONE', *, *, #1157, .F. ) ;
#3143 = LINE ( 'NONE', #582, #767 ) ;
#3144 = ORIENTED_EDGE ( 'NONE', *, *, #2766, .T. ) ;
#3145 = CIRCLE ( 'NONE', #521, 1.749999999999999556 ) ;
#3146 = PERSON_AND_ORGANIZATION ( #456, #1182 ) ;
#3147 = CIRCLE ( 'NONE', #760, 0.9499999999999995115 ) ;
#3148 = EDGE_LOOP ( 'NONE', ( #1871, #2646 ) ) ;
#3149 = EDGE_CURVE ( 'NONE', #1145, #217, #856, .T. ) ;
#3150 = CARTESIAN_POINT ( 'NONE',  ( 0.5403020931519084691, 8.693040259760623556, -30.29592270041321100 ) ) ;
#3151 = ORIENTED_EDGE ( 'NONE', *, *, #2466, .T. ) ;
#3152 = VECTOR ( 'NONE', #218, 1000.000000000000000 ) ;
#3153 = DIRECTION ( 'NONE',  ( 0.000000000000000000, -1.000000000000000000, 0.000000000000000000 ) ) ;
#3154 = DIRECTION ( 'NONE',  ( 0.000000000000000000, 0.000000000000000000, -1.000000000000000000 ) ) ;
#3155 = DIRECTION ( 'NONE',  ( 0.000000000000000000, 0.000000000000000000, -1.000000000000000000 ) ) ;
#3156 = VECTOR ( 'NONE', #3476, 1000.000000000000000 ) ;
#3157 = AXIS2_PLACEMENT_3D ( 'NONE', #1954, #1127, #1987 ) ;
#3158 = ORIENTED_EDGE ( 'NONE', *, *, #883, .T. ) ;
#3159 = AXIS2_PLACEMENT_3D ( 'NONE', #3275, #3659, #496 ) ;
#3160 = CARTESIAN_POINT ( 'NONE',  ( 0.000000000000000000, 0.000000000000000000, -28.70000000000002416 ) ) ;
#3161 = FACE_OUTER_BOUND ( 'NONE', #885, .T. ) ;
#3162 = VECTOR ( 'NONE', #3695, 1000.000000000000000 ) ;
#3163 = DIRECTION ( 'NONE',  ( 0.000000000000000000, 0.000000000000000000, 1.000000000000000000 ) ) ;
#3164 = DIRECTION ( 'NONE',  ( -1.000000000000000000, -0.000000000000000000, -0.000000000000000000 ) ) ;
#3165 = ORIENTED_EDGE ( 'NONE', *, *, #252, .T. ) ;
#3166 = ORIENTED_EDGE ( 'NONE', *, *, #272, .F. ) ;
#3167 = CARTESIAN_POINT ( 'NONE',  ( 0.5589425066010955678, 7.720567482985867258, -29.55820630154683570 ) ) ;
#3168 = ORIENTED_EDGE ( 'NONE', *, *, #1689, .F. ) ;
#3169 = ADVANCED_FACE ( 'NONE', ( #1451 ), #1380, .F. ) ;
#3170 = DIRECTION ( 'NONE',  ( -0.000000000000000000, -0.000000000000000000, -1.000000000000000000 ) ) ;
#3171 = DIRECTION ( 'NONE',  ( 1.000000000000000000, 0.000000000000000000, 0.000000000000000000 ) ) ;
#3172 = PLANE ( 'NONE',  #1474 ) ;
#3173 = EDGE_CURVE ( 'NONE', #217, #1077, #3460, .T. ) ;
#3174 = DIRECTION ( 'NONE',  ( 0.000000000000000000, 0.000000000000000000, 1.000000000000000000 ) ) ;
#3175 = DIRECTION ( 'NONE',  ( 0.000000000000000000, 0.000000000000000000, -1.000000000000000000 ) ) ;
#3176 = CARTESIAN_POINT ( 'NONE',  ( 20.48890636408165733, 2.085672336711211994, -27.45026079955542286 ) ) ;
#3177 = DIRECTION ( 'NONE',  ( 0.000000000000000000, 0.000000000000000000, -1.000000000000000000 ) ) ;
#3178 = DIRECTION ( 'NONE',  ( -1.000000000000000000, 0.000000000000000000, -0.000000000000000000 ) ) ;
#3179 = CARTESIAN_POINT ( 'NONE',  ( 31.49999999999997868, 17.14999999999999858, -26.00000000000001421 ) ) ;
#3180 = EDGE_LOOP ( 'NONE', ( #3142, #806 ) ) ;
#3181 = ORIENTED_EDGE ( 'NONE', *, *, #1299, .F. ) ;
#3182 = CARTESIAN_POINT ( 'NONE',  ( 0.5317433321337251551, 8.508298262339989648, -29.47763659684791904 ) ) ;
#3183 = EDGE_LOOP ( 'NONE', ( #791, #921 ) ) ;
#3184 = CARTESIAN_POINT ( 'NONE',  ( 0.2033739839365371338, 7.582303679498265225, -29.69253834830090355 ) ) ;
#3185 = CARTESIAN_POINT ( 'NONE',  ( 11.45003581676593640, 8.199964183234049742, -28.00000000000001421 ) ) ;
#3186 = CARTESIAN_POINT ( 'NONE',  ( 24.51584194928492266, 2.753467182054775364, -27.12799858249857365 ) ) ;
#3187 = VERTEX_POINT ( 'NONE', #1397 ) ;
#3188 = LINE ( 'NONE', #2391, #2971 ) ;
#3189 = DIRECTION ( 'NONE',  ( -1.000000000000000000, 0.000000000000000000, 0.000000000000000000 ) ) ;
#3190 = EDGE_CURVE ( 'NONE', #1986, #2478, #576, .T. ) ;
#3191 = DIRECTION ( 'NONE',  ( 1.000000000000000000, 0.000000000000000000, -0.000000000000000000 ) ) ;
#3192 = ADVANCED_FACE ( 'NONE', ( #3137 ), #301, .F. ) ;
#3193 = CARTESIAN_POINT ( 'NONE',  ( 3.000000000000029754, 3.000000000000000000, -28.19999999999998863 ) ) ;
#3194 = LINE ( 'NONE', #1254, #3139 ) ;
#3195 = ADVANCED_FACE ( 'NONE', ( #2244 ), #1310, .T. ) ;
#3196 = FACE_OUTER_BOUND ( 'NONE', #1057, .T. ) ;
#3197 = ORIENTED_EDGE ( 'NONE', *, *, #3216, .T. ) ;
#3198 = ORIENTED_EDGE ( 'NONE', *, *, #2032, .F. ) ;
#3199 = CARTESIAN_POINT ( 'NONE',  ( 0.4509815317481691843, 7.997449114215520183, -30.43595473025291298 ) ) ;
#3200 = AXIS2_PLACEMENT_3D ( 'NONE', #2862, #2880, #1170 ) ;
#3201 = ORIENTED_EDGE ( 'NONE', *, *, #509, .T. ) ;
#3202 = AXIS2_PLACEMENT_3D ( 'NONE', #1428, #3649, #2224 ) ;
#3203 = CARTESIAN_POINT ( 'NONE',  ( 0.5804084692062687623, 9.428400198032191426, -30.32640488868424100 ) ) ;
#3204 = LINE ( 'NONE', #2107, #1414 ) ;
#3205 = LINE ( 'NONE', #82, #2135 ) ;
#3206 = ORIENTED_EDGE ( 'NONE', *, *, #2556, .F. ) ;
#3207 = CIRCLE ( 'NONE', #2557, 0.9499999999999995115 ) ;
#3208 = CARTESIAN_POINT ( 'NONE',  ( 31.49999999999997868, 16.35000000000000142, -25.00000000000001421 ) ) ;
#3209 = AXIS2_PLACEMENT_3D ( 'NONE', #2455, #3633, #768 ) ;
#3210 = DIRECTION ( 'NONE',  ( 8.540177112501211287E-16, -0.000000000000000000, -1.000000000000000000 ) ) ;
#3211 = AXIS2_PLACEMENT_3D ( 'NONE', #14, #90, #1195 ) ;
#3212 = LINE ( 'NONE', #984, #2130 ) ;
#3213 = VECTOR ( 'NONE', #1023, 1000.000000000000000 ) ;
#3214 = AXIS2_PLACEMENT_3D ( 'NONE', #3109, #3070, #2231 ) ;
#3215 = EDGE_CURVE ( 'NONE', #1723, #443, #1790, .T. ) ;
#3216 = EDGE_CURVE ( 'NONE', #3360, #290, #180, .T. ) ;
#3217 = DIRECTION ( 'NONE',  ( 8.540177112501211287E-16, -0.000000000000000000, -1.000000000000000000 ) ) ;
#3218 = PRODUCT_DEFINITION_FORMATION_WITH_SPECIFIED_SOURCE ( 'ANY', '', #1261, .NOT_KNOWN. ) ;
#3219 = CIRCLE ( 'NONE', #176, 0.9499999999999995115 ) ;
#3220 = CARTESIAN_POINT ( 'NONE',  ( 22.21455360002168433, 2.034274745400780571, -27.28536856142143918 ) ) ;
#3221 = CARTESIAN_POINT ( 'NONE',  ( 2.249999999999987121, 6.349999999999999645, -2.950000000000012612 ) ) ;
#3222 = ORIENTED_EDGE ( 'NONE', *, *, #2399, .T. ) ;
#3223 = AXIS2_PLACEMENT_3D ( 'NONE', #2543, #1116, #1098 ) ;
#3224 = ADVANCED_FACE ( 'NONE', ( #2583 ), #1810, .F. ) ;
#3225 = ORIENTED_EDGE ( 'NONE', *, *, #819, .F. ) ;
#3226 = CARTESIAN_POINT ( 'NONE',  ( 0.1800856352754897083, 7.668632337312631719, -29.63283293847331024 ) ) ;
#3227 = ORIENTED_EDGE ( 'NONE', *, *, #1890, .F. ) ;
#3228 = FACE_OUTER_BOUND ( 'NONE', #3394, .T. ) ;
#3229 = DIRECTION ( 'NONE',  ( 0.000000000000000000, -1.000000000000000000, 0.000000000000000000 ) ) ;
#3230 = CARTESIAN_POINT ( 'NONE',  ( 24.47425924254832452, 2.000000000000058176, -27.00000000000003197 ) ) ;
#3231 = ORIENTED_EDGE ( 'NONE', *, *, #256, .T. ) ;
#3232 = FACE_OUTER_BOUND ( 'NONE', #1818, .T. ) ;
#3233 = PLANE ( 'NONE',  #292 ) ;
#3234 = CARTESIAN_POINT ( 'NONE',  ( 19.43003495417643478, 2.366883509917734330, -27.83091135235554603 ) ) ;
#3235 = LINE ( 'NONE', #635, #2146 ) ;
#3236 = CARTESIAN_POINT ( 'NONE',  ( 21.55003581676593782, 2.000000000000001776, -27.00000000000000711 ) ) ;
#3237 = CARTESIAN_POINT ( 'NONE',  ( 1.414124862203883254E-14, 17.14999999999999858, -28.70000000000002416 ) ) ;
#3238 = EDGE_CURVE ( 'NONE', #3355, #2250, #2947, .T. ) ;
#3239 = ORIENTED_EDGE ( 'NONE', *, *, #548, .T. ) ;
#3240 = ORIENTED_EDGE ( 'NONE', *, *, #594, .F. ) ;
#3241 = CARTESIAN_POINT ( 'NONE',  ( 0.4730960184957377357, 7.984468412603918708, -30.56941784738757661 ) ) ;
#3242 = ADVANCED_FACE ( 'NONE', ( #2931 ), #2140, .T. ) ;
#3243 = EDGE_CURVE ( 'NONE', #2975, #1160, #2691, .T. ) ;
#3244 = ORIENTED_EDGE ( 'NONE', *, *, #2520, .T. ) ;
#3245 = CARTESIAN_POINT ( 'NONE',  ( 2.249999999999993339, 8.175000000000000711, -23.70000000000002416 ) ) ;
#3246 = CARTESIAN_POINT ( 'NONE',  ( 22.73352151809937283, 2.089045794710103099, -27.23635028180156326 ) ) ;
#3247 = ORIENTED_EDGE ( 'NONE', *, *, #2394, .F. ) ;
#3248 = DIRECTION ( 'NONE',  ( 0.000000000000000000, -1.000000000000000000, 0.000000000000000000 ) ) ;
#3249 = DIRECTION ( 'NONE',  ( 0.000000000000000000, 1.000000000000000000, 0.000000000000000000 ) ) ;
#3250 = DIRECTION ( 'NONE',  ( -0.000000000000000000, -1.000000000000000000, -0.000000000000000000 ) ) ;
#3251 = DIRECTION ( 'NONE',  ( 0.000000000000000000, 0.000000000000000000, -1.000000000000000000 ) ) ;
#3252 = DIRECTION ( 'NONE',  ( -8.540177112501211287E-16, -0.000000000000000000, 1.000000000000000000 ) ) ;
#3253 = DIRECTION ( 'NONE',  ( -0.000000000000000000, 1.000000000000000000, -0.000000000000000000 ) ) ;
#3254 = EDGE_LOOP ( 'NONE', ( #179, #590, #606, #1236 ) ) ;
#3255 = VERTEX_POINT ( 'NONE', #2963 ) ;
#3256 = CARTESIAN_POINT ( 'NONE',  ( 0.5404453747362198968, 7.656779838432940188, -30.29612314003935580 ) ) ;
#3257 = B_SPLINE_CURVE_WITH_KNOTS ( 'NONE', 3,
 ( #949, #2965, #335, #3234, #1550, #672, #3176, #1811, #1192, #2948, #1530, #2674 ),
 .UNSPECIFIED., .F., .F.,
 ( 4, 2, 2, 2, 2, 4 ),
 ( 0.000000000000000000, 0.0008816392188647561049, 0.001763278437729512210, 0.002644917656594268206, 0.003085737266026641543, 0.003526556875459014879 ),
 .UNSPECIFIED. ) ;
#3258 = ORIENTED_EDGE ( 'NONE', *, *, #3714, .F. ) ;
#3259 = AXIS2_PLACEMENT_3D ( 'NONE', #2114, #146, #3597 ) ;
#3260 = CC_DESIGN_DATE_AND_TIME_ASSIGNMENT ( #2150, #2449, ( #660 ) ) ;
#3261 = ADVANCED_FACE ( 'NONE', ( #1470 ), #3547, .F. ) ;
#3262 = CARTESIAN_POINT ( 'NONE',  ( 40.76439812258387008, 11.14999999999999858, -2.320904781386446292 ) ) ;
#3263 = VECTOR ( 'NONE', #3574, 1000.000000000000000 ) ;
#3264 = CARTESIAN_POINT ( 'NONE',  ( 23.67942059435159052, 2.370373532652704451, -27.83360070995842861 ) ) ;
#3265 = ORIENTED_EDGE ( 'NONE', *, *, #2101, .T. ) ;
#3266 = AXIS2_PLACEMENT_3D ( 'NONE', #3319, #1298, #1877 ) ;
#3267 = CARTESIAN_POINT ( 'NONE',  ( 15.35003581676593498, 4.299964183234050275, -28.00000000000001066 ) ) ;
#3268 = DIRECTION ( 'NONE',  ( 0.000000000000000000, 0.000000000000000000, -1.000000000000000000 ) ) ;
#3269 = EDGE_CURVE ( 'NONE', #914, #1510, #2071, .T. ) ;
#3270 = DIRECTION ( 'NONE',  ( 0.000000000000000000, 0.000000000000000000, -1.000000000000000000 ) ) ;
#3271 = ORIENTED_EDGE ( 'NONE', *, *, #661, .T. ) ;
#3272 = VECTOR ( 'NONE', #809, 1000.000000000000000 ) ;
#3273 = CARTESIAN_POINT ( 'NONE',  ( 27.74999999999998579, 14.34999999999999964, -9.999999999999998224 ) ) ;
#3274 = CARTESIAN_POINT ( 'NONE',  ( 0.4999999999999986122, 8.175000000000002487, -29.37082039324995719 ) ) ;
#3275 = CARTESIAN_POINT ( 'NONE',  ( 15.35003581676593853, 8.199964183234049742, -31.20000000000001350 ) ) ;
#3276 = AXIS2_PLACEMENT_3D ( 'NONE', #685, #333, #670 ) ;
#3277 = CIRCLE ( 'NONE', #1664, 0.9500000000000002887 ) ;
#3278 = VERTEX_POINT ( 'NONE', #1224 ) ;
#3279 = LOCAL_TIME ( 12, 37, 34.00000000000000000, #3045 ) ;
#3280 = AXIS2_PLACEMENT_3D ( 'NONE', #253, #1384, #2530 ) ;
#3281 = EDGE_LOOP ( 'NONE', ( #567, #3316, #1282, #1632 ) ) ;
#3282 = CARTESIAN_POINT ( 'NONE',  ( 0.9774347804439851295, 6.594836233119496960, -30.68867397360656923 ) ) ;
#3283 = EDGE_LOOP ( 'NONE', ( #1176, #2348 ) ) ;
#3284 = VECTOR ( 'NONE', #26, 1000.000000000000000 ) ;
#3285 = DIRECTION ( 'NONE',  ( -1.000000000000000000, 0.000000000000000000, 0.000000000000000000 ) ) ;
#3286 = LINE ( 'NONE', #1859, #2256 ) ;
#3287 = EDGE_LOOP ( 'NONE', ( #2900, #19, #1423, #1479, #568, #1854, #2198, #2206, #1376, #3321, #3611, #520, #1349, #1014, #428, #3127, #1101, #2899 ) ) ;
#3288 = EDGE_CURVE ( 'NONE', #1425, #2776, #2621, .T. ) ;
#3289 = PERSON_AND_ORGANIZATION ( #456, #1182 ) ;
#3290 = DIRECTION ( 'NONE',  ( 0.000000000000000000, 1.000000000000000000, 0.000000000000000000 ) ) ;
#3291 = CARTESIAN_POINT ( 'NONE',  ( 28.74999999999998579, 14.34999999999999964, -8.999999999999998224 ) ) ;
#3292 = EDGE_LOOP ( 'NONE', ( #1450, #669, #2367, #3524 ) ) ;
#3293 = CARTESIAN_POINT ( 'NONE',  ( 17.88944455762923624, 2.000000000000000000, -27.00000000000000711 ) ) ;
#3294 = EDGE_CURVE ( 'NONE', #3133, #1575, #650, .T. ) ;
#3295 = FACE_BOUND ( 'NONE', #3114, .T. ) ;
#3296 = DIRECTION ( 'NONE',  ( 8.540177112501211287E-16, -0.000000000000000000, -1.000000000000000000 ) ) ;
#3297 = CARTESIAN_POINT ( 'NONE',  ( 40.10007163353182591, 3.000000000000000000, -2.049999999999999378 ) ) ;
#3298 = CARTESIAN_POINT ( 'NONE',  ( 2.474358974358976671, 6.439441573837231481, -31.00000000000002487 ) ) ;
#3299 = ORIENTED_EDGE ( 'NONE', *, *, #2633, .F. ) ;
#3300 = CARTESIAN_POINT ( 'NONE',  ( 3.000000000000029754, 0.000000000000000000, -27.24999999999998934 ) ) ;
#3301 = ORIENTED_EDGE ( 'NONE', *, *, #277, .T. ) ;
#3302 = CARTESIAN_POINT ( 'NONE',  ( 0.000000000000000000, 14.34999999999999964, 0.000000000000000000 ) ) ;
#3303 = PLANE ( 'NONE',  #2853 ) ;
#3304 = ORIENTED_EDGE ( 'NONE', *, *, #3243, .F. ) ;
#3305 = LINE ( 'NONE', #1905, #47 ) ;
#3306 = CARTESIAN_POINT ( 'NONE',  ( 33.99999999999995737, 5.799999999999999822, -6.699999999999995737 ) ) ;
#3307 = DIRECTION ( 'NONE',  ( 0.000000000000000000, 0.000000000000000000, -1.000000000000000000 ) ) ;
#3308 = ORIENTED_EDGE ( 'NONE', *, *, #79, .F. ) ;
#3309 = CARTESIAN_POINT ( 'NONE',  ( 28.74999999999998579, 14.34999999999999964, -5.199999999999996625 ) ) ;
#3310 = EDGE_CURVE ( 'NONE', #379, #2704, #2082, .T. ) ;
#3311 = CARTESIAN_POINT ( 'NONE',  ( 40.86495314021180292, 17.14999999999999858, -27.81343258757277326 ) ) ;
#3312 = CARTESIAN_POINT ( 'NONE',  ( 0.000000000000000000, 0.000000000000000000, -28.70000000000002416 ) ) ;
#3313 = EDGE_LOOP ( 'NONE', ( #1183, #1727, #3625 ) ) ;
#3314 = CARTESIAN_POINT ( 'NONE',  ( 32.49999999999997158, 14.34999999999999964, -19.99999999999999645 ) ) ;
#3315 = EDGE_CURVE ( 'NONE', #173, #1571, #124, .T. ) ;
#3316 = ORIENTED_EDGE ( 'NONE', *, *, #2877, .T. ) ;
#3317 = PLANE ( 'NONE',  #2504 ) ;
#3318 = ORIENTED_EDGE ( 'NONE', *, *, #3215, .F. ) ;
#3319 = CARTESIAN_POINT ( 'NONE',  ( 21.55003581676594138, 8.199964183234049742, -31.20000000000000639 ) ) ;
#3320 = CARTESIAN_POINT ( 'NONE',  ( 40.10007163353182591, 3.000000000000000000, -28.19999999999998863 ) ) ;
#3321 = ORIENTED_EDGE ( 'NONE', *, *, #3449, .F. ) ;
#3322 = CARTESIAN_POINT ( 'NONE',  ( 2.249999999999987121, 6.349999999999999645, -2.000000000000011990 ) ) ;
#3323 = CARTESIAN_POINT ( 'NONE',  ( 12.45003581676593996, 8.199964183234049742, -31.20000000000001350 ) ) ;
#3324 = ORIENTED_EDGE ( 'NONE', *, *, #2032, .T. ) ;
#3325 = CARTESIAN_POINT ( 'NONE',  ( 2.358913378794948557, 11.14999999999999858, -27.95107627553058549 ) ) ;
#3326 = VECTOR ( 'NONE', #3250, 1000.000000000000000 ) ;
#3327 = DIRECTION ( 'NONE',  ( -1.000000000000000000, 0.000000000000000000, 0.000000000000000000 ) ) ;
#3328 = AXIS2_PLACEMENT_3D ( 'NONE', #1186, #2312, #3473 ) ;
#3329 =( BOUNDED_SURFACE ( )  B_SPLINE_SURFACE ( 3, 2, ( 
 ( #1842, #977, #1466 ),
 ( #2944, #370, #629 ),
 ( #961, #3186, #120 ),
 ( #2617, #1220, #920 ),
 ( #3543, #1821, #3230 ),
 ( #3264, #45, #1263 ),
 ( #2652, #350, #1494 ),
 ( #3507, #3246, #1188 ),
 ( #2067, #1767, #3474 ),
 ( #2108, #905, #2404 ) ),
 .UNSPECIFIED., .F., .F., .F. ) 
 B_SPLINE_SURFACE_WITH_KNOTS ( ( 4, 2, 2, 2, 4 ),
 ( 3, 3 ),
 ( 0.002137908410578320036, 0.002640943260976574315, 0.003143978111374829028, 0.004150047812171337586, 0.006162187213764354701 ),
 ( 0.000000000000000000, 1.000000000000000000 ),
 .UNSPECIFIED. ) 
 GEOMETRIC_REPRESENTATION_ITEM ( )  RATIONAL_B_SPLINE_SURFACE ( (
 ( 1.000000000000000000, 0.7071067811865487940, 1.000000000000000000),
 ( 1.000000000000000000, 0.7331568639610016591, 1.000000000000000000),
 ( 1.000000000000000000, 0.7571105272590490376, 1.000000000000000000),
 ( 1.000000000000000000, 0.8011173345300779403, 1.000000000000000000),
 ( 1.000000000000000000, 0.8212209538859127633, 1.000000000000000000),
 ( 1.000000000000000000, 0.8764601552055076850, 1.000000000000000000),
 ( 1.000000000000000000, 0.9066930298171307356, 1.000000000000000000),
 ( 1.000000000000000000, 0.9775674323503344976, 1.000000000000000000),
 ( 1.000000000000000000, 0.9996653148566212455, 1.000000000000000000),
 ( 1.000000000000000000, 1.000000000000000000, 1.000000000000000000) ) ) 
 REPRESENTATION_ITEM ( '' )  SURFACE ( )  );
#3330 = CARTESIAN_POINT ( 'NONE',  ( 29.24999999999998934, 17.14999999999999858, -26.00000000000001421 ) ) ;
#3331 = FACE_OUTER_BOUND ( 'NONE', #482, .T. ) ;
#3332 = ORIENTED_EDGE ( 'NONE', *, *, #3495, .F. ) ;
#3333 = CIRCLE ( 'NONE', #2964, 0.9499999999999998446 ) ;
#3334 = EDGE_CURVE ( 'NONE', #3390, #2329, #46, .T. ) ;
#3335 = LINE ( 'NONE', #3314, #1971 ) ;
#3336 = VECTOR ( 'NONE', #3629, 1000.000000000000000 ) ;
#3337 = AXIS2_PLACEMENT_3D ( 'NONE', #2796, #2867, #2518 ) ;
#3338 = ORIENTED_EDGE ( 'NONE', *, *, #2876, .F. ) ;
#3339 = CARTESIAN_POINT ( 'NONE',  ( 2.249999999999987121, 14.34999999999999964, -2.950000000000012612 ) ) ;
#3340 = ORIENTED_EDGE ( 'NONE', *, *, #427, .T. ) ;
#3341 = EDGE_CURVE ( 'NONE', #492, #931, #1782, .T. ) ;
#3342 = VECTOR ( 'NONE', #1564, 1000.000000000000000 ) ;
#3343 = CIRCLE ( 'NONE', #2141, 6.199964183234047965 ) ;
#3344 = DIRECTION ( 'NONE',  ( -0.000000000000000000, -0.000000000000000000, -1.000000000000000000 ) ) ;
#3345 = CARTESIAN_POINT ( 'NONE',  ( 11.45003581676593463, 8.199964183234049742, -28.00000000000001421 ) ) ;
#3346 =( GEOMETRIC_REPRESENTATION_CONTEXT ( 3 ) GLOBAL_UNCERTAINTY_ASSIGNED_CONTEXT ( ( #310 ) ) GLOBAL_UNIT_ASSIGNED_CONTEXT ( ( #1622, #1265, #784 ) ) REPRESENTATION_CONTEXT ( 'NONE', 'WORKASPACE' ) );
#3347 = AXIS2_PLACEMENT_3D ( 'NONE', #918, #312, #2064 ) ;
#3348 = ORIENTED_EDGE ( 'NONE', *, *, #28, .F. ) ;
#3349 = CIRCLE ( 'NONE', #54, 0.1999999999999996503 ) ;
#3350 = DIRECTION ( 'NONE',  ( 1.000000000000000000, 0.000000000000000000, 0.000000000000000000 ) ) ;
#3351 = LINE ( 'NONE', #2785, #3455 ) ;
#3352 = DIRECTION ( 'NONE',  ( 8.540177112501211287E-16, 0.000000000000000000, -1.000000000000000000 ) ) ;
#3353 = LINE ( 'NONE', #3069, #1707 ) ;
#3354 = CARTESIAN_POINT ( 'NONE',  ( 2.358913378794948557, 11.14999999999999858, -28.90107627553058478 ) ) ;
#3355 = VERTEX_POINT ( 'NONE', #3493 ) ;
#3356 = FACE_OUTER_BOUND ( 'NONE', #48, .T. ) ;
#3357 = ORIENTED_EDGE ( 'NONE', *, *, #637, .T. ) ;
#3358 = ADVANCED_FACE ( 'NONE', ( #2408 ), #3233, .T. ) ;
#3359 = CARTESIAN_POINT ( 'NONE',  ( 12.45003581676593640, 8.199964183234049742, -28.00000000000001421 ) ) ;
#3360 = VERTEX_POINT ( 'NONE', #1247 ) ;
#3361 = ADVANCED_FACE ( 'NONE', ( #2392 ), #1771, .T. ) ;
#3362 = EDGE_CURVE ( 'NONE', #220, #2519, #3532, .T. ) ;
#3363 = DIRECTION ( 'NONE',  ( 0.000000000000000000, -1.000000000000000000, 0.000000000000000000 ) ) ;
#3364 = EDGE_LOOP ( 'NONE', ( #479, #3088, #3484, #2420 ) ) ;
#3365 = CARTESIAN_POINT ( 'NONE',  ( 2.168895942863405146, 10.13002135533959347, -31.18351355945436509 ) ) ;
#3366 = CARTESIAN_POINT ( 'NONE',  ( 32.49999999999996447, 17.14999999999999858, -9.999999999999998224 ) ) ;
#3367 = ADVANCED_FACE ( 'NONE', ( #1497, #922 ), #2640, .F. ) ;
#3368 = DIRECTION ( 'NONE',  ( 0.000000000000000000, -1.000000000000000000, 0.000000000000000000 ) ) ;
#3369 = DIRECTION ( 'NONE',  ( -0.000000000000000000, -1.000000000000000000, -0.000000000000000000 ) ) ;
#3370 = DIRECTION ( 'NONE',  ( 8.540177112501211287E-16, -0.000000000000000000, -1.000000000000000000 ) ) ;
#3371 = EDGE_LOOP ( 'NONE', ( #1517, #3239, #2613, #1019 ) ) ;
#3372 = DIRECTION ( 'NONE',  ( 0.000000000000000000, 0.000000000000000000, -1.000000000000000000 ) ) ;
#3373 = ORIENTED_EDGE ( 'NONE', *, *, #1572, .T. ) ;
#3374 = CARTESIAN_POINT ( 'NONE',  ( 12.45003581676593640, 16.35000000000000142, -31.20000000000002771 ) ) ;
#3375 = ORIENTED_EDGE ( 'NONE', *, *, #661, .F. ) ;
#3376 = DIRECTION ( 'NONE',  ( -0.000000000000000000, 1.000000000000000000, -0.000000000000000000 ) ) ;
#3377 = CARTESIAN_POINT ( 'NONE',  ( 0.4821382930629216634, 8.482536952196308988, -30.25010172051151613 ) ) ;
#3378 = ORIENTED_EDGE ( 'NONE', *, *, #1521, .T. ) ;
#3379 = EDGE_CURVE ( 'NONE', #164, #1935, #473, .T. ) ;
#3380 = CARTESIAN_POINT ( 'NONE',  ( 0.000000000000000000, 0.000000000000000000, -2.500000000000000000 ) ) ;
#3381 = CARTESIAN_POINT ( 'NONE',  ( 18.62581239098380337, 1.999999999999970912, -26.99999999999999289 ) ) ;
#3382 = CARTESIAN_POINT ( 'NONE',  ( 27.74999999999998224, 7.018215895601119136, -27.52435095709568458 ) ) ;
#3383 = CIRCLE ( 'NONE', #1824, 1.000000000000000000 ) ;
#3384 = EDGE_CURVE ( 'NONE', #1034, #2100, #2743, .T. ) ;
#3385 = AXIS2_PLACEMENT_3D ( 'NONE', #1269, #2054, #1827 ) ;
#3386 = CARTESIAN_POINT ( 'NONE',  ( 21.55003581676593782, 8.199964183234049742, -28.00000000000000355 ) ) ;
#3387 = CARTESIAN_POINT ( 'NONE',  ( 30.25000000000000355, 8.175000000000000711, -31.00000000000000000 ) ) ;
#3388 = VECTOR ( 'NONE', #2033, 1000.000000000000000 ) ;
#3389 = CARTESIAN_POINT ( 'NONE',  ( 2.500000000000002665, 10.10890796058136942, -31.20000000000002416 ) ) ;
#3390 = VERTEX_POINT ( 'NONE', #3065 ) ;
#3391 = CARTESIAN_POINT ( 'NONE',  ( 1.905521672701023350, 9.896581063932497813, -30.91671915430500661 ) ) ;
#3392 = ORIENTED_EDGE ( 'NONE', *, *, #127, .F. ) ;
#3393 = CIRCLE ( 'NONE', #2972, 6.199964183234047965 ) ;
#3394 = EDGE_LOOP ( 'NONE', ( #95, #2908, #2327, #2631 ) ) ;
#3395 = DIRECTION ( 'NONE',  ( -8.540177112501211287E-16, 0.000000000000000000, 1.000000000000000000 ) ) ;
#3396 = CIRCLE ( 'NONE', #1062, 0.9500000000000007327 ) ;
#3397 = VERTEX_POINT ( 'NONE', #1039 ) ;
#3398 = CIRCLE ( 'NONE', #2025, 1.000000000000000888 ) ;
#3399 = CARTESIAN_POINT ( 'NONE',  ( 21.55003581676593782, 2.000000000000001776, -27.00000000000000711 ) ) ;
#3400 = CARTESIAN_POINT ( 'NONE',  ( 19.56012993299929903, 2.319349072253797939, -27.29760023095129284 ) ) ;
#3401 = VECTOR ( 'NONE', #619, 1000.000000000000000 ) ;
#3402 = FACE_OUTER_BOUND ( 'NONE', #551, .T. ) ;
#3403 = EDGE_CURVE ( 'NONE', #164, #3278, #2486, .T. ) ;
#3404 = AXIS2_PLACEMENT_3D ( 'NONE', #8, #3405, #279 ) ;
#3405 = DIRECTION ( 'NONE',  ( 8.540177112501211287E-16, 0.000000000000000000, -1.000000000000000000 ) ) ;
#3406 = DIRECTION ( 'NONE',  ( -0.000000000000000000, -1.000000000000000000, -0.000000000000000000 ) ) ;
#3407 = EDGE_CURVE ( 'NONE', #1, #1723, #1863, .T. ) ;
#3408 = DIRECTION ( 'NONE',  ( 0.000000000000000000, 1.000000000000000000, 0.000000000000000000 ) ) ;
#3409 = ORIENTED_EDGE ( 'NONE', *, *, #842, .F. ) ;
#3410 = DIRECTION ( 'NONE',  ( 0.000000000000000000, 0.000000000000000000, -1.000000000000000000 ) ) ;
#3411 = ORIENTED_EDGE ( 'NONE', *, *, #2831, .T. ) ;
#3412 = PERSON_AND_ORGANIZATION_ROLE ( 'classification_officer' ) ;
#3413 = PLANE ( 'NONE',  #3202 ) ;
#3414 = ORIENTED_EDGE ( 'NONE', *, *, #1775, .F. ) ;
#3415 = CARTESIAN_POINT ( 'NONE',  ( 0.9867278334923618166, 9.405034539618332801, -30.69985308111686706 ) ) ;
#3416 = ORIENTED_EDGE ( 'NONE', *, *, #2669, .T. ) ;
#3417 = CARTESIAN_POINT ( 'NONE',  ( 4.749999999999986677, 2.000000000000000000, -27.00000000000002132 ) ) ;
#3418 = DIRECTION ( 'NONE',  ( 0.000000000000000000, 0.000000000000000000, -1.000000000000000000 ) ) ;
#3419 = CARTESIAN_POINT ( 'NONE',  ( 2.249999999999986677, 8.175000000000000711, -15.49999999999999645 ) ) ;
#3420 = LINE ( 'NONE', #1696, #3104 ) ;
#3421 = CARTESIAN_POINT ( 'NONE',  ( 1.299999999999989386, 8.175000000000000711, -22.57999999999999474 ) ) ;
#3422 = EDGE_CURVE ( 'NONE', #721, #1571, #3576, .T. ) ;
#3423 = CYLINDRICAL_SURFACE ( 'NONE', #1669, 2.500000000000002220 ) ;
#3424 = CARTESIAN_POINT ( 'NONE',  ( 33.99999999999995737, 17.14999999999999858, -7.499999999999998224 ) ) ;
#3425 = CYLINDRICAL_SURFACE ( 'NONE', #3643, 0.9499999999999995115 ) ;
#3426 = VERTEX_POINT ( 'NONE', #1060 ) ;
#3427 = EDGE_CURVE ( 'NONE', #3037, #116, #1581, .T. ) ;
#3428 = ORIENTED_EDGE ( 'NONE', *, *, #404, .T. ) ;
#3429 = DIRECTION ( 'NONE',  ( -1.000000000000000000, 0.000000000000000000, -8.540177112501211287E-16 ) ) ;
#3430 = VERTEX_POINT ( 'NONE', #189 ) ;
#3431 = DIRECTION ( 'NONE',  ( -1.000000000000000000, 0.000000000000000000, -1.119182901519237088E-15 ) ) ;
#3432 = PLANE ( 'NONE',  #1712 ) ;
#3433 = CARTESIAN_POINT ( 'NONE',  ( 2.249999999999986677, 8.175000000000000711, -15.49999999999999645 ) ) ;
#3434 = ORIENTED_EDGE ( 'NONE', *, *, #2855, .F. ) ;
#3435 = EDGE_LOOP ( 'NONE', ( #1301, #91, #2059, #3308 ) ) ;
#3436 = LINE ( 'NONE', #3160, #2562 ) ;
#3437 = DIRECTION ( 'NONE',  ( -1.000000000000000000, 0.000000000000000000, -8.540177112501211287E-16 ) ) ;
#3438 = CARTESIAN_POINT ( 'NONE',  ( 27.74999999999998579, 14.34999999999999964, -5.199999999999996625 ) ) ;
#3439 = AXIS2_PLACEMENT_3D ( 'NONE', #546, #2319, #1398 ) ;
#3440 = DIRECTION ( 'NONE',  ( 0.000000000000000000, 0.000000000000000000, -1.000000000000000000 ) ) ;
#3441 = CARTESIAN_POINT ( 'NONE',  ( 40.86495314021180292, 11.14999999999999858, -28.76343258757277255 ) ) ;
#3442 = EDGE_CURVE ( 'NONE', #247, #1972, #1079, .T. ) ;
#3443 = ORIENTED_EDGE ( 'NONE', *, *, #697, .F. ) ;
#3444 = CIRCLE ( 'NONE', #1830, 7.199964183234048853 ) ;
#3445 = SHAPE_DEFINITION_REPRESENTATION ( #665, #858 ) ;
#3446 = VECTOR ( 'NONE', #3684, 1000.000000000000000 ) ;
#3447 = ORIENTED_EDGE ( 'NONE', *, *, #778, .T. ) ;
#3448 = FACE_OUTER_BOUND ( 'NONE', #2124, .T. ) ;
#3449 = EDGE_CURVE ( 'NONE', #1917, #1784, #2710, .T. ) ;
#3450 = ORIENTED_EDGE ( 'NONE', *, *, #233, .F. ) ;
#3451 = AXIS2_PLACEMENT_3D ( 'NONE', #2175, #2133, #113 ) ;
#3452 = DIRECTION ( 'NONE',  ( 0.000000000000000000, 0.000000000000000000, -1.000000000000000000 ) ) ;
#3453 = DIRECTION ( 'NONE',  ( -0.000000000000000000, -1.000000000000000000, -0.000000000000000000 ) ) ;
#3454 = FACE_OUTER_BOUND ( 'NONE', #1393, .T. ) ;
#3455 = VECTOR ( 'NONE', #506, 1000.000000000000000 ) ;
#3456 = VECTOR ( 'NONE', #361, 1000.000000000000000 ) ;
#3457 = ORIENTED_EDGE ( 'NONE', *, *, #1455, .F. ) ;
#3458 = CARTESIAN_POINT ( 'NONE',  ( 30.24999999999998579, 14.34999999999999964, -2.000000000000011990 ) ) ;
#3459 = VECTOR ( 'NONE', #1631, 1000.000000000000000 ) ;
#3460 = LINE ( 'NONE', #822, #3284 ) ;
#3461 = CARTESIAN_POINT ( 'NONE',  ( 27.74999999999998579, 14.34999999999999964, -19.99999999999999645 ) ) ;
#3462 = AXIS2_PLACEMENT_3D ( 'NONE', #197, #2219, #514 ) ;
#3463 = ORIENTED_EDGE ( 'NONE', *, *, #3190, .T. ) ;
#3464 = LINE ( 'NONE', #3521, #827 ) ;
#3465 = ORIENTED_EDGE ( 'NONE', *, *, #1897, .F. ) ;
#3466 = EDGE_CURVE ( 'NONE', #898, #492, #3351, .T. ) ;
#3467 = VERTEX_POINT ( 'NONE', #3291 ) ;
#3468 = CARTESIAN_POINT ( 'NONE',  ( 0.4571110799225107657, 8.365758207430992854, -30.47530129512274755 ) ) ;
#3469 = ORIENTED_EDGE ( 'NONE', *, *, #3470, .F. ) ;
#3470 = EDGE_CURVE ( 'NONE', #2363, #3606, #2186, .T. ) ;
#3471 = LINE ( 'NONE', #647, #3580 ) ;
#3472 = EDGE_CURVE ( 'NONE', #1578, #970, #3567, .T. ) ;
#3473 = DIRECTION ( 'NONE',  ( 0.000000000000000000, -0.000000000000000000, 1.000000000000000000 ) ) ;
#3474 = CARTESIAN_POINT ( 'NONE',  ( 22.17672042140946687, 2.000000000000000888, -27.00000000000000355 ) ) ;
#3475 = VERTEX_POINT ( 'NONE', #2506 ) ;
#3476 = DIRECTION ( 'NONE',  ( -1.000000000000000000, 0.000000000000000000, 0.000000000000000000 ) ) ;
#3477 = EDGE_CURVE ( 'NONE', #793, #1268, #2018, .T. ) ;
#3478 = DIRECTION ( 'NONE',  ( -1.000000000000000000, 0.000000000000000000, 0.000000000000000000 ) ) ;
#3479 = CARTESIAN_POINT ( 'NONE',  ( 30.24999999999999289, 8.175000000000000711, -22.57999999999999474 ) ) ;
#3480 = PLANE ( 'NONE',  #51 ) ;
#3481 = DIRECTION ( 'NONE',  ( -4.046002276330746873E-16, -1.000000000000000000, -3.455357603744763952E-31 ) ) ;
#3482 = DIRECTION ( 'NONE',  ( -1.000000000000000000, 0.000000000000000000, 0.000000000000000000 ) ) ;
#3483 = ORIENTED_EDGE ( 'NONE', *, *, #2701, .F. ) ;
#3484 = ORIENTED_EDGE ( 'NONE', *, *, #1481, .F. ) ;
#3485 = CARTESIAN_POINT ( 'NONE',  ( 0.5010441746228594395, 8.244654575881186886, -29.37466887928907511 ) ) ;
#3486 = ORIENTED_EDGE ( 'NONE', *, *, #1455, .T. ) ;
#3487 = CARTESIAN_POINT ( 'NONE',  ( 1.003614789225793613, 9.772257398350234325, -30.70828780612244913 ) ) ;
#3488 = CARTESIAN_POINT ( 'NONE',  ( 2.182523105581807510, 6.420674102884491141, -30.98243018151085693 ) ) ;
#3489 = DIRECTION ( 'NONE',  ( -0.000000000000000000, -1.000000000000000000, -0.000000000000000000 ) ) ;
#3490 = VERTEX_POINT ( 'NONE', #2228 ) ;
#3491 = EDGE_CURVE ( 'NONE', #1525, #1757, #1360, .T. ) ;
#3492 = DIRECTION ( 'NONE',  ( 0.000000000000000000, 0.000000000000000000, 1.000000000000000000 ) ) ;
#3493 = CARTESIAN_POINT ( 'NONE',  ( 40.10007163353182591, 3.000000000000000000, -29.14999999999998792 ) ) ;
#3494 = FACE_OUTER_BOUND ( 'NONE', #1587, .T. ) ;
#3495 = EDGE_CURVE ( 'NONE', #198, #3044, #1284, .T. ) ;
#3496 = CARTESIAN_POINT ( 'NONE',  ( 2.358913378794948557, 11.14999999999999858, -27.95107627553058549 ) ) ;
#3497 = CARTESIAN_POINT ( 'NONE',  ( 23.66994199561795753, 2.366847899172316083, -27.83088462942307473 ) ) ;
#3498 = FACE_OUTER_BOUND ( 'NONE', #139, .T. ) ;
#3499 = VERTEX_POINT ( 'NONE', #3306 ) ;
#3500 = ORIENTED_EDGE ( 'NONE', *, *, #1749, .F. ) ;
#3501 = CARTESIAN_POINT ( 'NONE',  ( 0.1476736349347520239, 7.801100409271906067, -29.54673680599265495 ) ) ;
#3502 = AXIS2_PLACEMENT_3D ( 'NONE', #2371, #2393, #2096 ) ;
#3503 = EDGE_LOOP ( 'NONE', ( #3677, #3338 ) ) ;
#3504 = CIRCLE ( 'NONE', #1895, 0.9499999999999986233 ) ;
#3505 = CARTESIAN_POINT ( 'NONE',  ( 0.8893723035798956067, 9.692212774198788239, -30.61725964602667105 ) ) ;
#3506 = CARTESIAN_POINT ( 'NONE',  ( 0.5209620398481165093, 7.896670777737032410, -29.44369173158104758 ) ) ;
#3507 = CARTESIAN_POINT ( 'NONE',  ( 22.61897235091128167, 2.068291288162722008, -27.46402743503837129 ) ) ;
#3508 = ORIENTED_EDGE ( 'NONE', *, *, #1825, .F. ) ;
#3509 = VECTOR ( 'NONE', #98, 1000.000000000000000 ) ;
#3510 = CARTESIAN_POINT ( 'NONE',  ( 29.29999999999999361, 8.175000000000000711, -22.57999999999999474 ) ) ;
#3511 = VECTOR ( 'NONE', #1981, 1000.000000000000000 ) ;
#3512 = DIRECTION ( 'NONE',  ( 0.000000000000000000, 1.000000000000000000, -0.000000000000000000 ) ) ;
#3513 = AXIS2_PLACEMENT_3D ( 'NONE', #2115, #3535, #2193 ) ;
#3514 = EDGE_CURVE ( 'NONE', #2903, #143, #2469, .T. ) ;
#3515 = CARTESIAN_POINT ( 'NONE',  ( 40.86495314021180292, 17.14999999999999858, -28.76343258757277255 ) ) ;
#3516 = AXIS2_PLACEMENT_3D ( 'NONE', #71, #1191, #632 ) ;
#3517 = CIRCLE ( 'NONE', #294, 0.9499999999999998446 ) ;
#3518 = CARTESIAN_POINT ( 'NONE',  ( 40.76439812258387008, 11.14999999999999858, -3.270904781386446913 ) ) ;
#3519 = ADVANCED_FACE ( 'NONE', ( #2453 ), #762, .T. ) ;
#3520 = CARTESIAN_POINT ( 'NONE',  ( 33.99999999999995737, 7.299999999999998934, -6.699999999999995737 ) ) ;
#3521 = CARTESIAN_POINT ( 'NONE',  ( 27.74999999999998579, 14.34999999999999964, -8.999999999999998224 ) ) ;
#3522 = ORIENTED_EDGE ( 'NONE', *, *, #2534, .T. ) ;
#3523 = VECTOR ( 'NONE', #193, 1000.000000000000000 ) ;
#3524 = ORIENTED_EDGE ( 'NONE', *, *, #929, .T. ) ;
#3525 = CARTESIAN_POINT ( 'NONE',  ( 0.1285990882945008407, 7.905818048981362978, -29.49164220977949924 ) ) ;
#3526 = VERTEX_POINT ( 'NONE', #3002 ) ;
#3527 = DIRECTION ( 'NONE',  ( 0.000000000000000000, 0.000000000000000000, -1.000000000000000000 ) ) ;
#3528 = DIRECTION ( 'NONE',  ( -1.000000000000000000, -0.000000000000000000, -0.000000000000000000 ) ) ;
#3529 = B_SPLINE_CURVE_WITH_KNOTS ( 'NONE', 3,
 ( #1078, #2227, #3365, #522, #2803, #244, #2596, #3487, #3505, #3203, #329, #2031, #1463, #43, #2364, #382, #2089, #2046, #1522, #666, #2437, #3184, #903, #65, #609, #1238, #1013, #2615, #2350, #887, #2159, #1746, #2905, #1805, #1764, #939 ),
 .UNSPECIFIED., .F., .F.,
 ( 4, 2, 2, 2, 2, 2, 2, 2, 2, 2, 2, 2, 2, 2, 2, 2, 2, 4 ),
 ( 0.000000000000000000, 0.0004958967230140225776, 0.0009917934460280445046, 0.001487690169042066432, 0.001983586892056088142, 0.002975380338084122889, 0.003471277061098135275, 0.003719225422605142335, 0.003967173784112148528, 0.004215122145619156456, 0.004463070507126163516, 0.004958967230140179372, 0.005454863953154195227, 0.005950760676168211083, 0.006446657399182226071, 0.006942554122196241059, 0.007438450845210257782, 0.007934347568224272770 ),
 .UNSPECIFIED. ) ;
#3530 = ORIENTED_EDGE ( 'NONE', *, *, #821, .T. ) ;
#3531 = CARTESIAN_POINT ( 'NONE',  ( 2.358913378794948557, 11.14999999999999858, -28.90107627553058478 ) ) ;
#3532 = LINE ( 'NONE', #2339, #2381 ) ;
#3533 = CARTESIAN_POINT ( 'NONE',  ( 33.99999999999995737, 7.299999999999998934, -7.499999999999998224 ) ) ;
#3534 = LINE ( 'NONE', #967, #3624 ) ;
#3535 = DIRECTION ( 'NONE',  ( 0.000000000000000000, -1.000000000000000000, 0.000000000000000000 ) ) ;
#3536 = ORIENTED_EDGE ( 'NONE', *, *, #2584, .F. ) ;
#3537 = EDGE_CURVE ( 'NONE', #2405, #3278, #2914, .T. ) ;
#3538 = VERTEX_POINT ( 'NONE', #1167 ) ;
#3539 = DIRECTION ( 'NONE',  ( 8.540177112501211287E-16, -0.000000000000000000, -1.000000000000000000 ) ) ;
#3540 = VERTEX_POINT ( 'NONE', #1793 ) ;
#3541 = ADVANCED_FACE ( 'NONE', ( #2316 ), #2892, .T. ) ;
#3542 = DIRECTION ( 'NONE',  ( -1.000000000000000000, -0.000000000000000000, -0.000000000000000000 ) ) ;
#3543 = CARTESIAN_POINT ( 'NONE',  ( 24.06811507976312114, 2.532641587740469546, -27.92704540330128538 ) ) ;
#3544 = ORIENTED_EDGE ( 'NONE', *, *, #3665, .F. ) ;
#3545 = DIRECTION ( 'NONE',  ( 1.000000000000000000, 0.000000000000000000, 0.000000000000000000 ) ) ;
#3546 = PLANE ( 'NONE',  #2683 ) ;
#3547 = CYLINDRICAL_SURFACE ( 'NONE', #1604, 1.749999999999999556 ) ;
#3548 = ORIENTED_EDGE ( 'NONE', *, *, #2414, .T. ) ;
#3549 = DIRECTION ( 'NONE',  ( 0.000000000000000000, 1.000000000000000000, 0.000000000000000000 ) ) ;
#3550 = CARTESIAN_POINT ( 'NONE',  ( 33.99999999999995737, 7.299999999999998934, -5.199999999999996625 ) ) ;
#3551 = FACE_OUTER_BOUND ( 'NONE', #3075, .T. ) ;
#3552 = PLANE ( 'NONE',  #3451 ) ;
#3553 = ORIENTED_EDGE ( 'NONE', *, *, #1044, .F. ) ;
#3554 = VERTEX_POINT ( 'NONE', #3510 ) ;
#3555 = EDGE_CURVE ( 'NONE', #2700, #835, #3396, .T. ) ;
#3556 = CARTESIAN_POINT ( 'NONE',  ( 0.5940819814833906420, 7.517695227559426208, -30.35252254797494587 ) ) ;
#3557 = ORIENTED_EDGE ( 'NONE', *, *, #106, .T. ) ;
#3558 = AXIS2_PLACEMENT_3D ( 'NONE', #2325, #564, #2573 ) ;
#3559 = CARTESIAN_POINT ( 'NONE',  ( 4.749999999999986677, 14.34999999999999964, -27.00000000000002132 ) ) ;
#3560 = AXIS2_PLACEMENT_3D ( 'NONE', #3386, #1697, #3437 ) ;
#3561 = EDGE_CURVE ( 'NONE', #2276, #1495, #372, .T. ) ;
#3562 = CARTESIAN_POINT ( 'NONE',  ( 16.07011283615891628, 5.299964183234047610, -27.85764129195340999 ) ) ;
#3563 = ORIENTED_EDGE ( 'NONE', *, *, #2746, .T. ) ;
#3564 = AXIS2_PLACEMENT_3D ( 'NONE', #2203, #3344, #3285 ) ;
#3565 = DIRECTION ( 'NONE',  ( 1.734723475976807094E-15, 1.000000000000000000, 0.000000000000000000 ) ) ;
#3566 = DIRECTION ( 'NONE',  ( 0.000000000000000000, 0.000000000000000000, 1.000000000000000000 ) ) ;
#3567 = LINE ( 'NONE', #3323, #3213 ) ;
#3568 = CARTESIAN_POINT ( 'NONE',  ( 3.000000000000026645, 0.000000000000000000, -3.000000000000000000 ) ) ;
#3569 = ORIENTED_EDGE ( 'NONE', *, *, #1749, .T. ) ;
#3570 = AXIS2_PLACEMENT_3D ( 'NONE', #2501, #2464, #2182 ) ;
#3571 = DIRECTION ( 'NONE',  ( 0.000000000000000000, 0.000000000000000000, 1.000000000000000000 ) ) ;
#3572 = AXIS2_PLACEMENT_3D ( 'NONE', #1687, #1144, #3410 ) ;
#3573 = FACE_OUTER_BOUND ( 'NONE', #899, .T. ) ;
#3574 = DIRECTION ( 'NONE',  ( 0.000000000000000000, -1.000000000000000000, 0.000000000000000000 ) ) ;
#3575 = CARTESIAN_POINT ( 'NONE',  ( 40.76439812258387008, 17.14999999999999858, -3.270904781386446913 ) ) ;
#3576 = CIRCLE ( 'NONE', #2565, 0.9499999999999995115 ) ;
#3577 = AXIS2_PLACEMENT_3D ( 'NONE', #799, #2854, #816 ) ;
#3578 = ORIENTED_EDGE ( 'NONE', *, *, #2877, .F. ) ;
#3579 = CARTESIAN_POINT ( 'NONE',  ( 40.60007163353186144, 17.14999999999999858, -28.69999999999999218 ) ) ;
#3580 = VECTOR ( 'NONE', #368, 1000.000000000000000 ) ;
#3581 = VERTEX_POINT ( 'NONE', #50 ) ;
#3582 = DIRECTION ( 'NONE',  ( 8.540177112501211287E-16, 0.000000000000000000, -1.000000000000000000 ) ) ;
#3583 = ORIENTED_EDGE ( 'NONE', *, *, #2037, .T. ) ;
#3584 = AXIS2_PLACEMENT_3D ( 'NONE', #2097, #168, #3327 ) ;
#3585 = FACE_OUTER_BOUND ( 'NONE', #2844, .T. ) ;
#3586 = PLANE ( 'NONE',  #2797 ) ;
#3587 = ORIENTED_EDGE ( 'NONE', *, *, #9, .T. ) ;
#3588 = CC_DESIGN_PERSON_AND_ORGANIZATION_ASSIGNMENT ( #2484, #59, ( #3218 ) ) ;
#3589 = EDGE_CURVE ( 'NONE', #2253, #2868, #405, .T. ) ;
#3590 = DIRECTION ( 'NONE',  ( 0.000000000000000000, -0.000000000000000000, -1.000000000000000000 ) ) ;
#3591 = DIRECTION ( 'NONE',  ( 0.000000000000000000, 0.000000000000000000, 1.000000000000000000 ) ) ;
#3592 = DIRECTION ( 'NONE',  ( 0.000000000000000000, 0.000000000000000000, 1.000000000000000000 ) ) ;
#3593 = DIRECTION ( 'NONE',  ( 0.000000000000000000, 0.000000000000000000, -1.000000000000000000 ) ) ;
#3594 = EDGE_LOOP ( 'NONE', ( #584, #1844 ) ) ;
#3595 = EDGE_CURVE ( 'NONE', #1784, #3071, #652, .T. ) ;
#3596 = DIRECTION ( 'NONE',  ( 0.000000000000000000, 0.000000000000000000, -1.000000000000000000 ) ) ;
#3597 = DIRECTION ( 'NONE',  ( -1.000000000000000000, 0.000000000000000000, -0.000000000000000000 ) ) ;
#3598 = CARTESIAN_POINT ( 'NONE',  ( 40.10007163353182591, 3.000000000000000000, -2.049999999999999378 ) ) ;
#3599 = ORIENTED_EDGE ( 'NONE', *, *, #152, .F. ) ;
#3600 = DIRECTION ( 'NONE',  ( -5.001641587585982552E-15, 0.000000000000000000, 1.000000000000000000 ) ) ;
#3601 = VERTEX_POINT ( 'NONE', #2338 ) ;
#3602 = CARTESIAN_POINT ( 'NONE',  ( 1.440967779255662107, 6.612730024083785629, -30.97122344089563128 ) ) ;
#3603 = VERTEX_POINT ( 'NONE', #2946 ) ;
#3604 = CARTESIAN_POINT ( 'NONE',  ( 12.45003581676593996, 8.199964183234049742, -31.20000000000001350 ) ) ;
#3605 = PLANE ( 'NONE',  #165 ) ;
#3606 = VERTEX_POINT ( 'NONE', #387 ) ;
#3607 = DIRECTION ( 'NONE',  ( 8.540177112501211287E-16, 0.000000000000000000, -1.000000000000000000 ) ) ;
#3608 = DIRECTION ( 'NONE',  ( 0.000000000000000000, 0.000000000000000000, 1.000000000000000000 ) ) ;
#3609 = DIRECTION ( 'NONE',  ( 0.000000000000000000, 0.000000000000000000, -1.000000000000000000 ) ) ;
#3610 = DIRECTION ( 'NONE',  ( -0.000000000000000000, -1.000000000000000000, -0.000000000000000000 ) ) ;
#3611 = ORIENTED_EDGE ( 'NONE', *, *, #2988, .T. ) ;
#3612 = LINE ( 'NONE', #3325, #2195 ) ;
#3613 = EDGE_CURVE ( 'NONE', #1005, #2084, #1527, .T. ) ;
#3614 = CARTESIAN_POINT ( 'NONE',  ( 30.25000000000000355, 8.175000000000000711, -31.00000000000000000 ) ) ;
#3615 = LINE ( 'NONE', #748, #2069 ) ;
#3616 = EDGE_CURVE ( 'NONE', #1816, #1761, #2654, .T. ) ;
#3617 = DIRECTION ( 'NONE',  ( 0.000000000000000000, -1.000000000000000000, 0.000000000000000000 ) ) ;
#3618 = ORIENTED_EDGE ( 'NONE', *, *, #3078, .F. ) ;
#3619 = DIRECTION ( 'NONE',  ( 0.000000000000000000, -1.000000000000000000, 0.000000000000000000 ) ) ;
#3620 = ORIENTED_EDGE ( 'NONE', *, *, #2515, .T. ) ;
#3621 = CARTESIAN_POINT ( 'NONE',  ( 0.4826334946781818958, 7.865474562413887760, -30.25044108724858205 ) ) ;
#3622 = EDGE_LOOP ( 'NONE', ( #3247, #734, #1636, #2765, #393, #2522 ) ) ;
#3623 = FACE_OUTER_BOUND ( 'NONE', #1768, .T. ) ;
#3624 = VECTOR ( 'NONE', #74, 1000.000000000000000 ) ;
#3625 = ORIENTED_EDGE ( 'NONE', *, *, #2818, .F. ) ;
#3626 = LINE ( 'NONE', #2184, #2323 ) ;
#3627 = VECTOR ( 'NONE', #1646, 1000.000000000000000 ) ;
#3628 = DIRECTION ( 'NONE',  ( -1.000000000000000000, 0.000000000000000000, 0.000000000000000000 ) ) ;
#3629 = DIRECTION ( 'NONE',  ( 0.000000000000000000, -1.000000000000000000, 0.000000000000000000 ) ) ;
#3630 = DIRECTION ( 'NONE',  ( 8.540177112501211287E-16, 0.000000000000000000, -1.000000000000000000 ) ) ;
#3631 = CIRCLE ( 'NONE', #2006, 0.9499999999999995115 ) ;
#3632 = ADVANCED_FACE ( 'NONE', ( #1823, #25, #2962 ), #1245, .F. ) ;
#3633 = DIRECTION ( 'NONE',  ( -0.000000000000000000, 1.000000000000000000, -0.000000000000000000 ) ) ;
#3634 = CIRCLE ( 'NONE', #991, 0.9499999999999998446 ) ;
#3635 = DIRECTION ( 'NONE',  ( 0.000000000000000000, 0.000000000000000000, -1.000000000000000000 ) ) ;
#3636 = CARTESIAN_POINT ( 'NONE',  ( 35.49999999999996447, 17.14999999999999858, -8.999999999999996447 ) ) ;
#3637 = ORIENTED_EDGE ( 'NONE', *, *, #1890, .T. ) ;
#3638 = CIRCLE ( 'NONE', #1898, 1.000000000000000888 ) ;
#3639 = EDGE_CURVE ( 'NONE', #3133, #2460, #406, .T. ) ;
#3640 = ADVANCED_FACE ( 'NONE', ( #893 ), #2036, .F. ) ;
#3641 = CARTESIAN_POINT ( 'NONE',  ( 32.49999999999997158, 2.000000000000000000, -22.57999999999999474 ) ) ;
#3642 = VECTOR ( 'NONE', #1469, 1000.000000000000000 ) ;
#3643 = AXIS2_PLACEMENT_3D ( 'NONE', #3113, #2574, #536 ) ;
#3644 = VERTEX_POINT ( 'NONE', #908 ) ;
#3645 = LINE ( 'NONE', #3374, #3272 ) ;
#3646 = ORIENTED_EDGE ( 'NONE', *, *, #2818, .T. ) ;
#3647 = VECTOR ( 'NONE', #1983, 1000.000000000000000 ) ;
#3648 = EDGE_CURVE ( 'NONE', #325, #1510, #3188, .T. ) ;
#3649 = DIRECTION ( 'NONE',  ( -1.204540229209917547E-15, -1.000000000000000000, -1.028698689658550168E-30 ) ) ;
#3650 = DIRECTION ( 'NONE',  ( -1.000000000000000000, -0.000000000000000000, -0.000000000000000000 ) ) ;
#3651 = DESIGN_CONTEXT ( 'detailed design', #3140, 'design' ) ;
#3652 = VECTOR ( 'NONE', #2113, 1000.000000000000000 ) ;
#3653 = ORIENTED_EDGE ( 'NONE', *, *, #2604, .T. ) ;
#3654 = CARTESIAN_POINT ( 'NONE',  ( 40.86495314021180292, 11.14999999999999858, -27.81343258757277326 ) ) ;
#3655 = CARTESIAN_POINT ( 'NONE',  ( 30.24999999999999289, 8.175000000000000711, -23.70000000000000284 ) ) ;
#3656 = CARTESIAN_POINT ( 'NONE',  ( 31.19999999999999218, 8.175000000000000711, -22.57999999999999474 ) ) ;
#3657 = CARTESIAN_POINT ( 'NONE',  ( 0.000000000000000000, 0.000000000000000000, 0.000000000000000000 ) ) ;
#3658 = LINE ( 'NONE', #1569, #1110 ) ;
#3659 = DIRECTION ( 'NONE',  ( 8.540177112501211287E-16, 0.000000000000000000, -1.000000000000000000 ) ) ;
#3660 = ORIENTED_EDGE ( 'NONE', *, *, #1943, .F. ) ;
#3661 = DIRECTION ( 'NONE',  ( 0.000000000000000000, -1.000000000000000000, 0.000000000000000000 ) ) ;
#3662 = ORIENTED_EDGE ( 'NONE', *, *, #3341, .T. ) ;
#3663 = CARTESIAN_POINT ( 'NONE',  ( 0.7464478305876472986, 9.097161597875325967, -29.97620518822141733 ) ) ;
#3664 = EDGE_CURVE ( 'NONE', #2937, #308, #1839, .T. ) ;
#3665 = EDGE_CURVE ( 'NONE', #341, #3603, #615, .T. ) ;
#3666 = EDGE_LOOP ( 'NONE', ( #2720, #2271, #3416, #2952, #2424, #2042, #1456, #1324, #1939, #862, #2668, #901 ) ) ;
#3667 = CARTESIAN_POINT ( 'NONE',  ( 27.74999999999998579, 20.83836651245905713, -27.50000000000001421 ) ) ;
#3668 = CARTESIAN_POINT ( 'NONE',  ( 0.8843076610173405960, 9.274829559643883670, -30.17137755188175419 ) ) ;
#3669 = EDGE_CURVE ( 'NONE', #1502, #1972, #239, .T. ) ;
#3670 = ORIENTED_EDGE ( 'NONE', *, *, #1753, .T. ) ;
#3671 = CARTESIAN_POINT ( 'NONE',  ( 40.10007163353182591, 0.000000000000000000, -2.049999999999999378 ) ) ;
#3672 = PLANE ( 'NONE',  #1295 ) ;
#3673 = CARTESIAN_POINT ( 'NONE',  ( 32.49999999999997868, 14.34999999999999964, -27.00000000000001421 ) ) ;
#3674 = DIRECTION ( 'NONE',  ( -0.000000000000000000, -1.000000000000000000, 0.000000000000000000 ) ) ;
#3675 = DIRECTION ( 'NONE',  ( 0.000000000000000000, -1.000000000000000000, 0.000000000000000000 ) ) ;
#3676 = CARTESIAN_POINT ( 'NONE',  ( 15.35003581676593498, 8.199964183234049742, -28.00000000000001066 ) ) ;
#3677 = ORIENTED_EDGE ( 'NONE', *, *, #320, .F. ) ;
#3678 = CARTESIAN_POINT ( 'NONE',  ( 12.45003581676593640, 8.199964183234049742, -27.50000000000001421 ) ) ;
#3679 = ORIENTED_EDGE ( 'NONE', *, *, #509, .F. ) ;
#3680 = DIRECTION ( 'NONE',  ( -0.000000000000000000, -0.000000000000000000, 1.000000000000000000 ) ) ;
#3681 = ORIENTED_EDGE ( 'NONE', *, *, #1567, .F. ) ;
#3682 = ADVANCED_FACE ( 'NONE', ( #3232 ), #963, .T. ) ;
#3683 = ORIENTED_EDGE ( 'NONE', *, *, #2055, .T. ) ;
#3684 = DIRECTION ( 'NONE',  ( 8.540177112501211287E-16, 0.000000000000000000, -1.000000000000000000 ) ) ;
#3685 = ORIENTED_EDGE ( 'NONE', *, *, #3669, .F. ) ;
#3686 = DIRECTION ( 'NONE',  ( -1.000000000000000000, 0.000000000000000000, -1.119182901519237088E-15 ) ) ;
#3687 = ADVANCED_FACE ( 'NONE', ( #122 ), #1244, .T. ) ;
#3688 = LINE ( 'NONE', #870, #2500 ) ;
#3689 = CIRCLE ( 'NONE', #2547, 1.499999999999999556 ) ;
#3690 = CARTESIAN_POINT ( 'NONE',  ( 28.74999999999998579, 7.299999999999998934, -4.199999999999995737 ) ) ;
#3691 = VECTOR ( 'NONE', #2039, 1000.000000000000000 ) ;
#3692 = CARTESIAN_POINT ( 'NONE',  ( 10.95003581676593285, 17.14999999999999858, -26.00000000000001421 ) ) ;
#3693 = CARTESIAN_POINT ( 'NONE',  ( 27.74999999999998579, 14.34999999999999964, -22.57999999999999474 ) ) ;
#3694 = VECTOR ( 'NONE', #802, 1000.000000000000000 ) ;
#3695 = DIRECTION ( 'NONE',  ( -1.000000000000000000, 0.000000000000000000, 0.000000000000000000 ) ) ;
#3696 = VERTEX_POINT ( 'NONE', #1880 ) ;
#3697 = CARTESIAN_POINT ( 'NONE',  ( 2.329240853188843108, 9.929318124675837964, -31.00000000000001776 ) ) ;
#3698 = VECTOR ( 'NONE', #3650, 1000.000000000000000 ) ;
#3699 = ORIENTED_EDGE ( 'NONE', *, *, #1599, .F. ) ;
#3700 = CIRCLE ( 'NONE', #600, 1.000000000000000888 ) ;
#3701 = CIRCLE ( 'NONE', #2438, 0.9500000000000007327 ) ;
#3702 = DIRECTION ( 'NONE',  ( 0.000000000000000000, 1.000000000000000000, 0.000000000000000000 ) ) ;
#3703 = VERTEX_POINT ( 'NONE', #2125 ) ;
#3704 = DIRECTION ( 'NONE',  ( 0.000000000000000000, -1.000000000000000000, 0.000000000000000000 ) ) ;
#3705 = VECTOR ( 'NONE', #3210, 1000.000000000000000 ) ;
#3706 = ORIENTED_EDGE ( 'NONE', *, *, #2564, .F. ) ;
#3707 = CIRCLE ( 'NONE', #2382, 0.9499999999999996225 ) ;
#3708 = DIRECTION ( 'NONE',  ( -0.000000000000000000, -1.000000000000000000, -0.000000000000000000 ) ) ;
#3709 = CARTESIAN_POINT ( 'NONE',  ( 2.358913378794948557, 11.14999999999999858, -28.90107627553058478 ) ) ;
#3710 = FACE_OUTER_BOUND ( 'NONE', #2439, .T. ) ;
#3711 = ADVANCED_FACE ( 'NONE', ( #424 ), #1861, .T. ) ;
#3712 = DIRECTION ( 'NONE',  ( 1.000000000000000000, 0.000000000000000000, 0.000000000000000000 ) ) ;
#3713 = CARTESIAN_POINT ( 'NONE',  ( 27.74999999999998579, 7.299999999999998934, -7.499999999999998224 ) ) ;
#3714 = EDGE_CURVE ( 'NONE', #451, #77, #3626, .T. ) ;
#3715 = CYLINDRICAL_SURFACE ( 'NONE', #110, 1.000000000000000888 ) ;
#3716 = ORIENTED_EDGE ( 'NONE', *, *, #3215, .T. ) ;
#3717 = DIRECTION ( 'NONE',  ( 0.000000000000000000, 0.000000000000000000, -1.000000000000000000 ) ) ;
#3718 = ORIENTED_EDGE ( 'NONE', *, *, #2394, .T. ) ;
ENDSEC;
END-ISO-10303-21;
