ISO-10303-21;
HEADER;
FILE_DESCRIPTION (( 'STEP AP203' ),
    '1' );
FILE_NAME ('Part2.STEP',
    '2026-07-29T03:44:18',
    ( '' ),
    ( '' ),
    'SwSTEP 2.0',
    'SolidWorks 2026',
    '' );
FILE_SCHEMA (( 'CONFIG_CONTROL_DESIGN' ));
ENDSEC;

DATA;
#1 = CARTESIAN_POINT ( 'NONE',  ( 16.50000000000000000, 0.000000000000000000, -5.200000000000015277 ) ) ;
#2 = EDGE_LOOP ( 'NONE', ( #1850, #1648 ) ) ;
#3 = CARTESIAN_POINT ( 'NONE',  ( 37.00000000000000711, 38.99999999999999289, -4.000000000000000000 ) ) ;
#4 = APPLICATION_CONTEXT ( 'configuration controlled 3d designs of mechanical parts and assemblies' ) ;
#5 = LINE ( 'NONE', #1454, #1157 ) ;
#6 = DIRECTION ( 'NONE',  ( 0.000000000000000000, 0.000000000000000000, -1.000000000000000000 ) ) ;
#7 = EDGE_CURVE ( 'NONE', #2037, #1323, #667, .T. ) ;
#8 = ORIENTED_EDGE ( 'NONE', *, *, #845, .F. ) ;
#9 = DIRECTION ( 'NONE',  ( 0.000000000000000000, -1.000000000000000000, 0.000000000000000000 ) ) ;
#10 = FACE_BOUND ( 'NONE', #395, .T. ) ;
#11 = EDGE_CURVE ( 'NONE', #1864, #329, #96, .T. ) ;
#12 = AXIS2_PLACEMENT_3D ( 'NONE', #908, #1439, #804 ) ;
#13 = CIRCLE ( 'NONE', #1415, 1.999999999999998224 ) ;
#14 = LINE ( 'NONE', #1446, #1657 ) ;
#15 = AXIS2_PLACEMENT_3D ( 'NONE', #726, #1173, #696 ) ;
#16 = CIRCLE ( 'NONE', #827, 1.099999999999999423 ) ;
#17 = CARTESIAN_POINT ( 'NONE',  ( 2.000000000000000000, 9.828427124746186294, -16.00000000000000000 ) ) ;
#18 = AXIS2_PLACEMENT_3D ( 'NONE', #1832, #1678, #555 ) ;
#19 = ORIENTED_EDGE ( 'NONE', *, *, #1799, .T. ) ;
#20 = DIRECTION ( 'NONE',  ( -1.000000000000000000, 0.000000000000000000, 0.000000000000000000 ) ) ;
#21 = CYLINDRICAL_SURFACE ( 'NONE', #991, 0.8999999999999998002 ) ;
#22 = CARTESIAN_POINT ( 'NONE',  ( 37.00000000000000711, 23.00000000000000000, -8.000000000000000000 ) ) ;
#23 = ORIENTED_EDGE ( 'NONE', *, *, #736, .T. ) ;
#24 = ORIENTED_EDGE ( 'NONE', *, *, #34, .T. ) ;
#25 = DIRECTION ( 'NONE',  ( 0.000000000000000000, 0.000000000000000000, -1.000000000000000000 ) ) ;
#26 = DIRECTION ( 'NONE',  ( -0.000000000000000000, -0.000000000000000000, -1.000000000000000000 ) ) ;
#27 = DIRECTION ( 'NONE',  ( 0.000000000000000000, 0.000000000000000000, -1.000000000000000000 ) ) ;
#28 = CC_DESIGN_PERSON_AND_ORGANIZATION_ASSIGNMENT ( #258, #102, ( #1178 ) ) ;
#29 = DIRECTION ( 'NONE',  ( 0.000000000000000000, 0.000000000000000000, -1.000000000000000000 ) ) ;
#30 = DIRECTION ( 'NONE',  ( -1.000000000000000000, -0.000000000000000000, -0.000000000000000000 ) ) ;
#31 = VERTEX_POINT ( 'NONE', #446 ) ;
#32 = ORIENTED_EDGE ( 'NONE', *, *, #427, .T. ) ;
#33 = DIRECTION ( 'NONE',  ( 0.000000000000000000, 0.000000000000000000, 1.000000000000000000 ) ) ;
#34 = EDGE_CURVE ( 'NONE', #1844, #1666, #260, .T. ) ;
#35 = DIRECTION ( 'NONE',  ( -0.000000000000000000, -1.000000000000000000, -0.000000000000000000 ) ) ;
#36 = LINE ( 'NONE', #665, #253 ) ;
#37 = EDGE_CURVE ( 'NONE', #1530, #1452, #344, .T. ) ;
#38 =( BOUNDED_CURVE ( )  B_SPLINE_CURVE ( 3, ( #693, #1294, #1466, #1624 ),
 .UNSPECIFIED., .F., .F. ) 
 B_SPLINE_CURVE_WITH_KNOTS ( ( 4, 4 ),
 ( 1.570796326794896336, 2.356194490192345725 ),
 .UNSPECIFIED. ) 
 CURVE ( )  GEOMETRIC_REPRESENTATION_ITEM ( )  RATIONAL_B_SPLINE_CURVE ( ( 1.000000000000000000, 0.9492530216741910110, 0.9492530216741910110, 1.000000000000000000 ) ) 
 REPRESENTATION_ITEM ( '' )  );
#39 = VERTEX_POINT ( 'NONE', #901 ) ;
#40 = FACE_OUTER_BOUND ( 'NONE', #1457, .T. ) ;
#41 = EDGE_CURVE ( 'NONE', #833, #535, #212, .T. ) ;
#42 = CARTESIAN_POINT ( 'NONE',  ( 35.17157287525381548, 3.171572875253804380, 0.000000000000000000 ) ) ;
#43 = VERTEX_POINT ( 'NONE', #424 ) ;
#44 = VERTEX_POINT ( 'NONE', #1704 ) ;
#45 = CARTESIAN_POINT ( 'NONE',  ( -4.000000000000000000, 33.00000000000000000, -5.999999999999998224 ) ) ;
#46 = DIRECTION ( 'NONE',  ( 0.000000000000000000, 0.000000000000000000, 1.000000000000000000 ) ) ;
#47 = VECTOR ( 'NONE', #1092, 1000.000000000000114 ) ;
#48 = AXIS2_PLACEMENT_3D ( 'NONE', #1578, #130, #606 ) ;
#49 = AXIS2_PLACEMENT_3D ( 'NONE', #1873, #1746, #1591 ) ;
#50 = CC_DESIGN_PERSON_AND_ORGANIZATION_ASSIGNMENT ( #401, #1836, ( #1661 ) ) ;
#51 = VECTOR ( 'NONE', #1303, 1000.000000000000000 ) ;
#52 = EDGE_CURVE ( 'NONE', #1675, #953, #643, .T. ) ;
#53 = ORIENTED_EDGE ( 'NONE', *, *, #1998, .T. ) ;
#54 = DIRECTION ( 'NONE',  ( 1.000000000000000000, 0.000000000000000000, 0.000000000000000000 ) ) ;
#55 = DIRECTION ( 'NONE',  ( 0.000000000000000000, 1.000000000000000000, 0.000000000000000000 ) ) ;
#56 = CIRCLE ( 'NONE', #749, 6.000000000000000000 ) ;
#57 = ORIENTED_EDGE ( 'NONE', *, *, #775, .T. ) ;
#58 = ORIENTED_EDGE ( 'NONE', *, *, #1712, .T. ) ;
#59 = DIRECTION ( 'NONE',  ( -0.000000000000000000, -0.000000000000000000, 1.000000000000000000 ) ) ;
#60 = CYLINDRICAL_SURFACE ( 'NONE', #689, 2.000000000000000000 ) ;
#61 = DIRECTION ( 'NONE',  ( 0.000000000000000000, 1.000000000000000000, 0.000000000000000000 ) ) ;
#62 = ADVANCED_FACE ( 'NONE', ( #816 ), #1480, .T. ) ;
#63 = EDGE_LOOP ( 'NONE', ( #1917, #803, #1365, #2048 ) ) ;
#64 = FACE_BOUND ( 'NONE', #2, .T. ) ;
#65 = COORDINATED_UNIVERSAL_TIME_OFFSET ( 8, 0, .BEHIND. ) ;
#66 = ORIENTED_EDGE ( 'NONE', *, *, #376, .T. ) ;
#67 = VERTEX_POINT ( 'NONE', #669 ) ;
#68 = DIRECTION ( 'NONE',  ( 0.000000000000000000, 0.000000000000000000, -1.000000000000000000 ) ) ;
#69 = DIRECTION ( 'NONE',  ( -0.000000000000000000, -0.000000000000000000, -1.000000000000000000 ) ) ;
#70 = EDGE_CURVE ( 'NONE', #928, #257, #1811, .T. ) ;
#71 = VERTEX_POINT ( 'NONE', #1767 ) ;
#72 = CARTESIAN_POINT ( 'NONE',  ( -2.171572875253810153, 3.171572875253808821, 0.000000000000000000 ) ) ;
#73 = COORDINATED_UNIVERSAL_TIME_OFFSET ( 8, 0, .BEHIND. ) ;
#74 = ORIENTED_EDGE ( 'NONE', *, *, #594, .F. ) ;
#75 = EDGE_LOOP ( 'NONE', ( #648, #1219, #1743, #299 ) ) ;
#76 = EDGE_CURVE ( 'NONE', #1481, #1666, #1302, .T. ) ;
#77 = LINE ( 'NONE', #234, #890 ) ;
#78 = EDGE_CURVE ( 'NONE', #1655, #1345, #2075, .T. ) ;
#79 = DIRECTION ( 'NONE',  ( -0.000000000000000000, 0.000000000000000000, -1.000000000000000000 ) ) ;
#80 = DIRECTION ( 'NONE',  ( 0.000000000000000000, 0.000000000000000000, -1.000000000000000000 ) ) ;
#81 = VECTOR ( 'NONE', #1280, 1000.000000000000000 ) ;
#82 = CARTESIAN_POINT ( 'NONE',  ( 36.18512861332906283, 38.72779101268466917, -4.000000000000000888 ) ) ;
#83 = AXIS2_PLACEMENT_3D ( 'NONE', #483, #284, #1400 ) ;
#84 = CALENDAR_DATE ( 2026, 28, 7 ) ;
#85 = VECTOR ( 'NONE', #127, 1000.000000000000000 ) ;
#86 = VERTEX_POINT ( 'NONE', #351 ) ;
#87 = EDGE_LOOP ( 'NONE', ( #1592, #165, #272, #1356 ) ) ;
#88 = CARTESIAN_POINT ( 'NONE',  ( 16.50000000000000000, 2.700000000000000178, -10.49999999999999645 ) ) ;
#89 = AXIS2_PLACEMENT_3D ( 'NONE', #1242, #1869, #1379 ) ;
#90 = CIRCLE ( 'NONE', #1383, 2.499999999999998668 ) ;
#91 = DIRECTION ( 'NONE',  ( 0.7071067811865425767, 0.000000000000000000, 0.7071067811865525687 ) ) ;
#92 = DIRECTION ( 'NONE',  ( 0.000000000000000000, -1.000000000000000000, 0.000000000000000000 ) ) ;
#93 = ORIENTED_EDGE ( 'NONE', *, *, #1362, .T. ) ;
#94 = DIRECTION ( 'NONE',  ( 0.000000000000000000, 0.000000000000000000, -1.000000000000000000 ) ) ;
#95 = ORIENTED_EDGE ( 'NONE', *, *, #1128, .F. ) ;
#96 = LINE ( 'NONE', #2049, #1544 ) ;
#97 = DIRECTION ( 'NONE',  ( 0.000000000000000000, -1.000000000000000000, 0.000000000000000000 ) ) ;
#98 = CARTESIAN_POINT ( 'NONE',  ( 4.828427124746215604, 5.000000000000000000, -16.00000000000000000 ) ) ;
#99 = DIRECTION ( 'NONE',  ( -0.000000000000000000, 1.000000000000000000, -0.000000000000000000 ) ) ;
#100 = ORIENTED_EDGE ( 'NONE', *, *, #1551, .F. ) ;
#101 = EDGE_CURVE ( 'NONE', #919, #758, #309, .T. ) ;
#102 = PERSON_AND_ORGANIZATION_ROLE ( 'classification_officer' ) ;
#103 = EDGE_CURVE ( 'NONE', #679, #1031, #1923, .T. ) ;
#104 = ORIENTED_EDGE ( 'NONE', *, *, #622, .T. ) ;
#105 = DIRECTION ( 'NONE',  ( 0.000000000000000000, 0.000000000000000000, 1.000000000000000000 ) ) ;
#106 = CARTESIAN_POINT ( 'NONE',  ( 36.58578643762689353, 4.585786437626880208, -15.41421356237310469 ) ) ;
#107 = PERSON ( 'UNSPECIFIED', 'UNSPECIFIED', 'UNSPECIFIED', ('UNSPECIFIED'), ('UNSPECIFIED'), ('UNSPECIFIED') ) ;
#108 = LINE ( 'NONE', #573, #2091 ) ;
#109 = CARTESIAN_POINT ( 'NONE',  ( 37.00000000000000711, 11.00000000000000000, -8.000000000000000000 ) ) ;
#110 = VERTEX_POINT ( 'NONE', #641 ) ;
#111 = CC_DESIGN_PERSON_AND_ORGANIZATION_ASSIGNMENT ( #1513, #1207, ( #1109 ) ) ;
#112 = EDGE_CURVE ( 'NONE', #1644, #724, #1915, .T. ) ;
#113 = AXIS2_PLACEMENT_3D ( 'NONE', #2065, #1435, #1561 ) ;
#114 = EDGE_LOOP ( 'NONE', ( #1952, #962, #1942, #1438 ) ) ;
#115 = AXIS2_PLACEMENT_3D ( 'NONE', #1005, #1014, #1497 ) ;
#116 = ORIENTED_EDGE ( 'NONE', *, *, #569, .F. ) ;
#117 = CARTESIAN_POINT ( 'NONE',  ( -4.000000000000000000, 4.999999999999990230, -15.00000000000000711 ) ) ;
#118 = CARTESIAN_POINT ( 'NONE',  ( 37.00000000000000711, 31.00000000000000000, -12.00000000000000000 ) ) ;
#119 = CIRCLE ( 'NONE', #788, 4.000000000000000000 ) ;
#120 = LINE ( 'NONE', #282, #611 ) ;
#121 = AXIS2_PLACEMENT_3D ( 'NONE', #366, #967, #979 ) ;
#122 = VECTOR ( 'NONE', #1564, 1000.000000000000000 ) ;
#123 = FACE_OUTER_BOUND ( 'NONE', #1395, .T. ) ;
#124 = ADVANCED_FACE ( 'NONE', ( #465 ), #1106, .F. ) ;
#125 = EDGE_LOOP ( 'NONE', ( #273, #1155, #1475, #1556 ) ) ;
#126 = ORIENTED_EDGE ( 'NONE', *, *, #813, .F. ) ;
#127 = DIRECTION ( 'NONE',  ( -1.000000000000000000, -0.000000000000000000, -0.000000000000000000 ) ) ;
#128 = EDGE_CURVE ( 'NONE', #1179, #1844, #657, .T. ) ;
#129 = CARTESIAN_POINT ( 'NONE',  ( 36.58578643762689353, 33.34314575050760965, -15.41421356237310469 ) ) ;
#130 = DIRECTION ( 'NONE',  ( 1.000000000000000000, 0.000000000000000000, 0.000000000000000000 ) ) ;
#131 = CARTESIAN_POINT ( 'NONE',  ( 35.17157287525380838, 2.700000000000000178, -14.00000000000000000 ) ) ;
#132 = LINE ( 'NONE', #767, #1352 ) ;
#133 = ORIENTED_EDGE ( 'NONE', *, *, #177, .F. ) ;
#134 = ORIENTED_EDGE ( 'NONE', *, *, #399, .F. ) ;
#135 = DIRECTION ( 'NONE',  ( -0.000000000000000000, 1.000000000000000000, -0.000000000000000000 ) ) ;
#136 = CARTESIAN_POINT ( 'NONE',  ( 16.50000000000000000, 2.700000000000000178, -7.999999999999998224 ) ) ;
#137 = CARTESIAN_POINT ( 'NONE',  ( 3.414213562373128230, 5.585786437626897971, -16.00000000000000000 ) ) ;
#138 = CARTESIAN_POINT ( 'NONE',  ( 0.000000000000000000, 11.00000000000000000, -8.000000000000000000 ) ) ;
#139 = EDGE_CURVE ( 'NONE', #169, #1124, #1959, .T. ) ;
#140 = DIRECTION ( 'NONE',  ( 0.000000000000000000, -1.000000000000000000, 0.000000000000000000 ) ) ;
#141 = CARTESIAN_POINT ( 'NONE',  ( -4.000000000000000000, 11.00000000000000000, -8.000000000000000000 ) ) ;
#142 = ORIENTED_EDGE ( 'NONE', *, *, #41, .F. ) ;
#143 = CARTESIAN_POINT ( 'NONE',  ( 4.828427124746215604, 5.000000000000000000, 0.000000000000000000 ) ) ;
#144 = CC_DESIGN_APPROVAL ( #187, ( #1515 ) ) ;
#145 = FACE_OUTER_BOUND ( 'NONE', #759, .T. ) ;
#146 = VECTOR ( 'NONE', #1166, 1000.000000000000000 ) ;
#147 = VECTOR ( 'NONE', #1082, 1000.000000000000000 ) ;
#148 = ORIENTED_EDGE ( 'NONE', *, *, #556, .T. ) ;
#149 = CARTESIAN_POINT ( 'NONE',  ( 16.50000000000000000, 3.700000000000000178, -5.399999999999998579 ) ) ;
#150 = ADVANCED_FACE ( 'NONE', ( #489, #1758, #831 ), #972, .F. ) ;
#151 = CARTESIAN_POINT ( 'NONE',  ( 37.00000000000000711, 33.34314575050760965, -5.999999999999998224 ) ) ;
#152 = VECTOR ( 'NONE', #1432, 1000.000000000000000 ) ;
#153 = ADVANCED_FACE ( 'NONE', ( #1431 ), #1608, .T. ) ;
#154 = VECTOR ( 'NONE', #1160, 1000.000000000000114 ) ;
#155 = CARTESIAN_POINT ( 'NONE',  ( 33.00000000000000000, 23.00000000000000000, -8.000000000000000000 ) ) ;
#156 = ORIENTED_EDGE ( 'NONE', *, *, #1560, .F. ) ;
#157 = DIRECTION ( 'NONE',  ( 0.000000000000000000, 0.000000000000000000, -1.000000000000000000 ) ) ;
#158 = DIRECTION ( 'NONE',  ( 0.000000000000000000, 0.000000000000000000, -1.000000000000000000 ) ) ;
#159 = ORIENTED_EDGE ( 'NONE', *, *, #1333, .T. ) ;
#160 = LINE ( 'NONE', #294, #47 ) ;
#161 = DIRECTION ( 'NONE',  ( 0.000000000000000000, 0.000000000000000000, -1.000000000000000000 ) ) ;
#162 = ADVANCED_FACE ( 'NONE', ( #1292 ), #818, .F. ) ;
#163 = ADVANCED_FACE ( 'NONE', ( #2085 ), #1718, .T. ) ;
#164 = CARTESIAN_POINT ( 'NONE',  ( 16.50000000000000000, 2.700000000000000178, -10.49999999999999645 ) ) ;
#165 = ORIENTED_EDGE ( 'NONE', *, *, #1426, .T. ) ;
#166 = CARTESIAN_POINT ( 'NONE',  ( -2.171572875253812818, 37.00000000000000000, -10.00000000000000178 ) ) ;
#167 = CARTESIAN_POINT ( 'NONE',  ( -4.000000000000000000, 38.00000000000000711, -5.999999999999998224 ) ) ;
#168 = VERTEX_POINT ( 'NONE', #143 ) ;
#169 = VERTEX_POINT ( 'NONE', #547 ) ;
#170 = CYLINDRICAL_SURFACE ( 'NONE', #1153, 6.000000000000000000 ) ;
#171 = CARTESIAN_POINT ( 'NONE',  ( 35.17157287525381548, 33.34314575050760965, -16.00000000000000000 ) ) ;
#172 = DIRECTION ( 'NONE',  ( 0.000000000000000000, 0.000000000000000000, -1.000000000000000000 ) ) ;
#173 = CARTESIAN_POINT ( 'NONE',  ( 33.00000000000000000, 33.34314575050760965, -10.00000000000000178 ) ) ;
#174 = ORIENTED_EDGE ( 'NONE', *, *, #1833, .F. ) ;
#175 = DIRECTION ( 'NONE',  ( 0.000000000000000000, 0.000000000000000000, -1.000000000000000000 ) ) ;
#176 = DIRECTION ( 'NONE',  ( 0.000000000000000000, 0.000000000000000000, 1.000000000000000000 ) ) ;
#177 = EDGE_CURVE ( 'NONE', #1205, #1363, #1377, .T. ) ;
#178 = ORIENTED_EDGE ( 'NONE', *, *, #1696, .F. ) ;
#179 = VERTEX_POINT ( 'NONE', #1473 ) ;
#180 = CARTESIAN_POINT ( 'NONE',  ( 35.82328186527131919, 38.88894214812232519, -11.99999999999999822 ) ) ;
#181 = CARTESIAN_POINT ( 'NONE',  ( 33.17157287525380127, 1.171572875253804824, -8.000000000000000000 ) ) ;
#182 = CIRCLE ( 'NONE', #716, 2.000000000000000000 ) ;
#183 = CARTESIAN_POINT ( 'NONE',  ( 16.50000000000000000, 0.2999999999999842792, -10.49999999999999645 ) ) ;
#184 = VECTOR ( 'NONE', #2080, 1000.000000000000000 ) ;
#185 = VECTOR ( 'NONE', #135, 1000.000000000000000 ) ;
#186 = AXIS2_PLACEMENT_3D ( 'NONE', #263, #419, #743 ) ;
#187 = APPROVAL ( #899, 'UNSPECIFIED' ) ;
#188 = EDGE_CURVE ( 'NONE', #1671, #929, #557, .T. ) ;
#189 = VECTOR ( 'NONE', #463, 1000.000000000000000 ) ;
#190 = ORIENTED_EDGE ( 'NONE', *, *, #1738, .T. ) ;
#191 = CARTESIAN_POINT ( 'NONE',  ( 37.00000000000000711, 31.00000000000000000, -4.000000000000000000 ) ) ;
#192 = DIRECTION ( 'NONE',  ( 1.000000000000000000, 0.000000000000000000, 0.000000000000000000 ) ) ;
#193 = ORIENTED_EDGE ( 'NONE', *, *, #1867, .F. ) ;
#194 = ORIENTED_EDGE ( 'NONE', *, *, #1753, .F. ) ;
#195 = EDGE_CURVE ( 'NONE', #2038, #1268, #1319, .T. ) ;
#196 = DIRECTION ( 'NONE',  ( 1.000000000000000000, -0.000000000000000000, -0.000000000000000000 ) ) ;
#197 = CARTESIAN_POINT ( 'NONE',  ( 0.5857864376269130702, 8.414213562373083377, 0.000000000000000000 ) ) ;
#198 = ADVANCED_FACE ( 'NONE', ( #40 ), #1672, .T. ) ;
#199 = EDGE_LOOP ( 'NONE', ( #1935, #1838, #228, #1541 ) ) ;
#200 = CARTESIAN_POINT ( 'NONE',  ( 37.00000000000000711, 11.00000000000000000, -8.000000000000000000 ) ) ;
#201 = VERTEX_POINT ( 'NONE', #1976 ) ;
#202 = ORIENTED_EDGE ( 'NONE', *, *, #666, .F. ) ;
#203 = DIRECTION ( 'NONE',  ( -1.000000000000000000, 0.000000000000000000, 0.000000000000000000 ) ) ;
#204 = DIRECTION ( 'NONE',  ( 0.000000000000000000, 0.000000000000000000, 1.000000000000000000 ) ) ;
#205 = EDGE_CURVE ( 'NONE', #1452, #1530, #1413, .T. ) ;
#206 = ORIENTED_EDGE ( 'NONE', *, *, #1877, .T. ) ;
#207 = CARTESIAN_POINT ( 'NONE',  ( 35.69443688718622809, 38.93093215217132297, -4.000000000000000888 ) ) ;
#208 = DIRECTION ( 'NONE',  ( 0.000000000000000000, 0.000000000000000000, 1.000000000000000000 ) ) ;
#209 = ORIENTED_EDGE ( 'NONE', *, *, #1035, .F. ) ;
#210 = ORIENTED_EDGE ( 'NONE', *, *, #1710, .T. ) ;
#211 = CARTESIAN_POINT ( 'NONE',  ( 35.69810550505486191, 38.92991658351468942, -12.00000000000000178 ) ) ;
#212 = CIRCLE ( 'NONE', #1211, 1.099999999999999423 ) ;
#213 = AXIS2_PLACEMENT_3D ( 'NONE', #1507, #1656, #416 ) ;
#214 = DIRECTION ( 'NONE',  ( -1.000000000000000000, -0.000000000000000000, -0.000000000000000000 ) ) ;
#215 = AXIS2_PLACEMENT_3D ( 'NONE', #155, #1928, #2058 ) ;
#216 = VECTOR ( 'NONE', #1474, 1000.000000000000000 ) ;
#217 = ORIENTED_EDGE ( 'NONE', *, *, #76, .T. ) ;
#218 = CARTESIAN_POINT ( 'NONE',  ( 16.50000000000000000, 3.700000000000000178, -7.999999999999998224 ) ) ;
#219 = DIRECTION ( 'NONE',  ( 0.000000000000000000, 1.000000000000000000, 0.000000000000000000 ) ) ;
#220 = AXIS2_PLACEMENT_3D ( 'NONE', #887, #1774, #1822 ) ;
#221 = VERTEX_POINT ( 'NONE', #864 ) ;
#222 = ORIENTED_EDGE ( 'NONE', *, *, #1129, .T. ) ;
#223 = DIRECTION ( 'NONE',  ( 0.000000000000000000, 0.000000000000000000, -1.000000000000000000 ) ) ;
#224 = DIRECTION ( 'NONE',  ( 0.000000000000000000, 0.000000000000000000, 1.000000000000000000 ) ) ;
#225 = ADVANCED_FACE ( 'NONE', ( #526 ), #888, .T. ) ;
#226 = CARTESIAN_POINT ( 'NONE',  ( 0.000000000000000000, 33.00000000000000000, -5.999999999999998224 ) ) ;
#227 = ADVANCED_FACE ( 'NONE', ( #1503, #870, #64, #1795 ), #384, .F. ) ;
#228 = ORIENTED_EDGE ( 'NONE', *, *, #1266, .T. ) ;
#229 = PLANE ( 'NONE',  #1651 ) ;
#230 = APPLICATION_PROTOCOL_DEFINITION ( 'international standard', 'config_control_design', 1994, #4 ) ;
#231 = EDGE_CURVE ( 'NONE', #475, #86, #505, .T. ) ;
#232 = ORIENTED_EDGE ( 'NONE', *, *, #1100, .F. ) ;
#233 = ORIENTED_EDGE ( 'NONE', *, *, #968, .F. ) ;
#234 = CARTESIAN_POINT ( 'NONE',  ( -4.000000000000000000, 38.00000000000000711, 0.000000000000000000 ) ) ;
#235 = CYLINDRICAL_SURFACE ( 'NONE', #1814, 2.000000000000000000 ) ;
#236 = CARTESIAN_POINT ( 'NONE',  ( -3.585786437626897971, 38.41421356237309936, -10.00000000000000178 ) ) ;
#237 = ORIENTED_EDGE ( 'NONE', *, *, #1863, .F. ) ;
#238 = CARTESIAN_POINT ( 'NONE',  ( 35.30525722337329597, 39.00000000000000000, -3.999999999999999112 ) ) ;
#239 = ORIENTED_EDGE ( 'NONE', *, *, #288, .T. ) ;
#240 = VERTEX_POINT ( 'NONE', #1353 ) ;
#241 = CARTESIAN_POINT ( 'NONE',  ( 16.50000000000000000, 3.700000000000000178, -7.999999999999998224 ) ) ;
#242 = EDGE_CURVE ( 'NONE', #579, #221, #393, .T. ) ;
#243 = LINE ( 'NONE', #1023, #645 ) ;
#244 = LINE ( 'NONE', #737, #1220 ) ;
#245 = ORIENTED_EDGE ( 'NONE', *, *, #775, .F. ) ;
#246 = AXIS2_PLACEMENT_3D ( 'NONE', #406, #1052, #911 ) ;
#247 = APPROVAL_DATE_TIME ( #568, #187 ) ;
#248 = EDGE_CURVE ( 'NONE', #929, #566, #1813, .T. ) ;
#249 = VECTOR ( 'NONE', #616, 1000.000000000000000 ) ;
#250 = ORIENTED_EDGE ( 'NONE', *, *, #11, .F. ) ;
#251 = ORIENTED_EDGE ( 'NONE', *, *, #37, .F. ) ;
#252 = CARTESIAN_POINT ( 'NONE',  ( 35.17157287525381548, 33.34314575050760965, 0.000000000000000000 ) ) ;
#253 = VECTOR ( 'NONE', #1492, 1000.000000000000000 ) ;
#254 = CARTESIAN_POINT ( 'NONE',  ( 33.00000000000000000, 9.828427124746182741, 0.000000000000000000 ) ) ;
#255 = LINE ( 'NONE', #531, #1892 ) ;
#256 = ADVANCED_FACE ( 'NONE', ( #676 ), #229, .F. ) ;
#257 = VERTEX_POINT ( 'NONE', #709 ) ;
#258 = PERSON_AND_ORGANIZATION ( #107, #913 ) ;
#259 = VERTEX_POINT ( 'NONE', #996 ) ;
#260 = LINE ( 'NONE', #733, #1517 ) ;
#261 = DIRECTION ( 'NONE',  ( 0.000000000000000000, 0.000000000000000000, 1.000000000000000000 ) ) ;
#262 = CARTESIAN_POINT ( 'NONE',  ( 33.00000000000000000, 11.00000000000000000, -7.100000000000000533 ) ) ;
#263 = CARTESIAN_POINT ( 'NONE',  ( 2.000000000000000000, 9.828427124746186294, 0.000000000000000000 ) ) ;
#264 = ORIENTED_EDGE ( 'NONE', *, *, #1003, .T. ) ;
#265 = EDGE_CURVE ( 'NONE', #1481, #928, #1254, .T. ) ;
#266 = ORIENTED_EDGE ( 'NONE', *, *, #1479, .T. ) ;
#267 = CARTESIAN_POINT ( 'NONE',  ( -2.171572875253809265, 3.171572875253811485, -16.00000000000000000 ) ) ;
#268 = DIRECTION ( 'NONE',  ( 0.000000000000000000, 0.000000000000000000, -1.000000000000000000 ) ) ;
#269 = DIRECTION ( 'NONE',  ( 0.000000000000000000, 1.000000000000000000, 0.000000000000000000 ) ) ;
#270 = ADVANCED_FACE ( 'NONE', ( #1835 ), #1583, .T. ) ;
#271 = CARTESIAN_POINT ( 'NONE',  ( -4.000000000000000000, 23.00000000000000000, -7.099999999999999645 ) ) ;
#272 = ORIENTED_EDGE ( 'NONE', *, *, #317, .T. ) ;
#273 = ORIENTED_EDGE ( 'NONE', *, *, #103, .T. ) ;
#274 = DIRECTION ( 'NONE',  ( -1.000000000000000000, 0.000000000000000000, 0.000000000000000000 ) ) ;
#275 = DATE_TIME_ROLE ( 'classification_date' ) ;
#276 = VECTOR ( 'NONE', #373, 1000.000000000000114 ) ;
#277 = EDGE_LOOP ( 'NONE', ( #324, #1989, #823, #1870 ) ) ;
#278 = VECTOR ( 'NONE', #1053, 1000.000000000000000 ) ;
#279 = VERTEX_POINT ( 'NONE', #839 ) ;
#280 = CARTESIAN_POINT ( 'NONE',  ( 16.50000000000000000, 0.2999999999999842792, -5.500000000000000000 ) ) ;
#281 = AXIS2_PLACEMENT_3D ( 'NONE', #1260, #2040, #1089 ) ;
#282 = CARTESIAN_POINT ( 'NONE',  ( 37.00000000000000711, 33.34314575050760965, -1.000000000000000000 ) ) ;
#283 = CIRCLE ( 'NONE', #1381, 2.799999999999982947 ) ;
#284 = DIRECTION ( 'NONE',  ( -1.000000000000000000, 0.000000000000000000, 0.000000000000000000 ) ) ;
#285 = CIRCLE ( 'NONE', #1461, 2.799999999999982947 ) ;
#286 = DIRECTION ( 'NONE',  ( 0.7071067811865425767, -0.7071067811865525687, 0.000000000000000000 ) ) ;
#287 = ADVANCED_FACE ( 'NONE', ( #1403 ), #421, .F. ) ;
#288 = EDGE_CURVE ( 'NONE', #976, #1291, #1392, .T. ) ;
#289 = DIRECTION ( 'NONE',  ( 1.000000000000000000, 0.000000000000000000, 0.000000000000000000 ) ) ;
#290 = EDGE_LOOP ( 'NONE', ( #1812, #1200, #1008, #1829, #1391, #19, #1384, #1979, #937, #1627, #1626, #1909, #1947, #1464, #1406, #93, #602, #565 ) ) ;
#291 = VERTEX_POINT ( 'NONE', #1711 ) ;
#292 = CARTESIAN_POINT ( 'NONE',  ( 0.000000000000000000, 0.000000000000000000, 0.000000000000000000 ) ) ;
#293 = EDGE_CURVE ( 'NONE', #1061, #1192, #684, .T. ) ;
#294 = CARTESIAN_POINT ( 'NONE',  ( 37.00000000000000711, 4.999999999999990230, 0.000000000000000000 ) ) ;
#295 = CYLINDRICAL_SURFACE ( 'NONE', #379, 2.499999999999998668 ) ;
#296 = CARTESIAN_POINT ( 'NONE',  ( 0.000000000000000000, 33.34314575050760965, -16.00000000000000000 ) ) ;
#297 = CARTESIAN_POINT ( 'NONE',  ( -4.000000000000000000, 11.00000000000000000, -8.000000000000000000 ) ) ;
#298 = EDGE_LOOP ( 'NONE', ( #1487, #1355 ) ) ;
#299 = ORIENTED_EDGE ( 'NONE', *, *, #242, .F. ) ;
#300 = CARTESIAN_POINT ( 'NONE',  ( 37.00000000000000711, 33.34314575050760965, -10.00000000000000178 ) ) ;
#301 = ORIENTED_EDGE ( 'NONE', *, *, #1854, .F. ) ;
#302 = CARTESIAN_POINT ( 'NONE',  ( 16.50000000000000000, 3.700000000000000178, -7.999999999999998224 ) ) ;
#303 = FACE_BOUND ( 'NONE', #1700, .T. ) ;
#304 = DIRECTION ( 'NONE',  ( -0.000000000000000000, -0.000000000000000000, 1.000000000000000000 ) ) ;
#305 = CARTESIAN_POINT ( 'NONE',  ( -2.171572875253810153, 0.000000000000000000, 0.000000000000000000 ) ) ;
#306 = ORIENTED_EDGE ( 'NONE', *, *, #1514, .T. ) ;
#307 = CARTESIAN_POINT ( 'NONE',  ( 30.34314575050761675, 4.000000000000000000, 0.000000000000000000 ) ) ;
#308 = CARTESIAN_POINT ( 'NONE',  ( 0.000000000000000000, 33.00000000000000000, 0.000000000000000000 ) ) ;
#309 = CIRCLE ( 'NONE', #576, 0.9000000000000014655 ) ;
#310 = EDGE_CURVE ( 'NONE', #43, #1105, #915, .T. ) ;
#311 = VECTOR ( 'NONE', #1868, 1000.000000000000000 ) ;
#312 = VERTEX_POINT ( 'NONE', #400 ) ;
#313 = ORIENTED_EDGE ( 'NONE', *, *, #1128, .T. ) ;
#314 = DIRECTION ( 'NONE',  ( -0.000000000000000000, 1.000000000000000000, 8.896017825522088106E-17 ) ) ;
#315 = DIRECTION ( 'NONE',  ( 0.000000000000000000, 0.000000000000000000, -1.000000000000000000 ) ) ;
#316 = VECTOR ( 'NONE', #931, 1000.000000000000000 ) ;
#317 = EDGE_CURVE ( 'NONE', #1817, #892, #411, .T. ) ;
#318 = CIRCLE ( 'NONE', #383, 5.000000000000004441 ) ;
#319 = AXIS2_PLACEMENT_3D ( 'NONE', #1615, #346, #1299 ) ;
#320 = CARTESIAN_POINT ( 'NONE',  ( -0.1715728752537978574, 1.171572875253804824, 0.000000000000000000 ) ) ;
#321 = ORIENTED_EDGE ( 'NONE', *, *, #1372, .F. ) ;
#322 = DIRECTION ( 'NONE',  ( 1.000000000000000000, 0.000000000000000000, 0.000000000000000000 ) ) ;
#323 = CARTESIAN_POINT ( 'NONE',  ( 31.00000000000000000, 9.828427124746182741, -16.00000000000000000 ) ) ;
#324 = ORIENTED_EDGE ( 'NONE', *, *, #1146, .T. ) ;
#325 = LINE ( 'NONE', #1613, #276 ) ;
#326 = DIRECTION ( 'NONE',  ( 1.000000000000000000, 0.000000000000000000, 0.000000000000000000 ) ) ;
#327 = ADVANCED_FACE ( 'NONE', ( #1545 ), #596, .T. ) ;
#328 = DIRECTION ( 'NONE',  ( 0.000000000000000000, 0.000000000000000000, 1.000000000000000000 ) ) ;
#329 = VERTEX_POINT ( 'NONE', #1669 ) ;
#330 = DIRECTION ( 'NONE',  ( -1.000000000000000000, 0.000000000000000000, 0.000000000000000000 ) ) ;
#331 = DIRECTION ( 'NONE',  ( 8.659560562354932858E-17, -0.7071067811865474617, 0.7071067811865474617 ) ) ;
#332 = ORIENTED_EDGE ( 'NONE', *, *, #1060, .F. ) ;
#333 = DIRECTION ( 'NONE',  ( 0.000000000000000000, -0.000000000000000000, -1.000000000000000000 ) ) ;
#334 = DIRECTION ( 'NONE',  ( 0.000000000000000000, -1.000000000000000000, 0.000000000000000000 ) ) ;
#335 = CARTESIAN_POINT ( 'NONE',  ( 45.66666666666666430, 13.66666666666661101, -9.666666666666658969 ) ) ;
#336 = EDGE_CURVE ( 'NONE', #358, #168, #1525, .T. ) ;
#337 = DIRECTION ( 'NONE',  ( 0.000000000000000000, 0.000000000000000000, -1.000000000000000000 ) ) ;
#338 = EDGE_LOOP ( 'NONE', ( #750, #1050, #159, #995, #440, #1171, #1334, #239, #559, #1622, #1825, #1279, #865, #1249, #1407, #1589, #2078, #1790 ) ) ;
#339 = DIRECTION ( 'NONE',  ( -1.000000000000000000, -0.000000000000000000, -0.000000000000000000 ) ) ;
#340 = CARTESIAN_POINT ( 'NONE',  ( 0.000000000000000000, 5.000000000000000000, 0.000000000000000000 ) ) ;
#341 = EDGE_LOOP ( 'NONE', ( #202, #362, #1317, #2074, #1499, #1004, #194, #1714 ) ) ;
#342 = DIRECTION ( 'NONE',  ( -1.000000000000000000, 0.000000000000000000, 0.000000000000000000 ) ) ;
#343 = CARTESIAN_POINT ( 'NONE',  ( 16.50000000000000000, 2.700000000000000178, -5.500000000000000000 ) ) ;
#344 = CIRCLE ( 'NONE', #2062, 0.8999999999999998002 ) ;
#345 = AXIS2_PLACEMENT_3D ( 'NONE', #1707, #269, #1101 ) ;
#346 = DIRECTION ( 'NONE',  ( 1.000000000000000000, 0.000000000000000000, 0.000000000000000000 ) ) ;
#347 = VECTOR ( 'NONE', #472, 1000.000000000000000 ) ;
#348 = CIRCLE ( 'NONE', #1347, 5.000000000000006217 ) ;
#349 = CIRCLE ( 'NONE', #89, 6.000000000000000000 ) ;
#350 = ORIENTED_EDGE ( 'NONE', *, *, #738, .T. ) ;
#351 = CARTESIAN_POINT ( 'NONE',  ( 36.58578643762690064, 38.37441880004336525, -12.00000000000000000 ) ) ;
#352 = LINE ( 'NONE', #997, #582 ) ;
#353 = ORIENTED_EDGE ( 'NONE', *, *, #1877, .F. ) ;
#354 = VERTEX_POINT ( 'NONE', #1349 ) ;
#355 = LINE ( 'NONE', #1477, #577 ) ;
#356 = EDGE_CURVE ( 'NONE', #1154, #988, #2002, .T. ) ;
#357 = FACE_OUTER_BOUND ( 'NONE', #1337, .T. ) ;
#358 = VERTEX_POINT ( 'NONE', #98 ) ;
#359 = DIRECTION ( 'NONE',  ( -0.000000000000000000, -0.000000000000000000, -1.000000000000000000 ) ) ;
#360 = CARTESIAN_POINT ( 'NONE',  ( 28.17157287525378706, 7.000000000000000000, -16.00000000000000000 ) ) ;
#361 = EDGE_CURVE ( 'NONE', #1077, #1147, #986, .T. ) ;
#362 = ORIENTED_EDGE ( 'NONE', *, *, #569, .T. ) ;
#363 = ORIENTED_EDGE ( 'NONE', *, *, #177, .T. ) ;
#364 = LINE ( 'NONE', #1602, #146 ) ;
#365 = ADVANCED_FACE ( 'NONE', ( #1425 ), #885, .T. ) ;
#366 = CARTESIAN_POINT ( 'NONE',  ( 0.000000000000000000, 2.700000000000000178, -16.00000000000000000 ) ) ;
#367 = UNCERTAINTY_MEASURE_WITH_UNIT (LENGTH_MEASURE( 1.000000000000000082E-05 ), #1504, 'distance_accuracy_value', 'NONE');
#368 = ORIENTED_EDGE ( 'NONE', *, *, #1145, .F. ) ;
#369 = DIRECTION ( 'NONE',  ( 1.000000000000000000, 0.000000000000000000, -0.000000000000000000 ) ) ;
#370 = CALENDAR_DATE ( 2026, 28, 7 ) ;
#371 = EDGE_LOOP ( 'NONE', ( #560, #1881, #1787, #2017 ) ) ;
#372 = VERTEX_POINT ( 'NONE', #171 ) ;
#373 = DIRECTION ( 'NONE',  ( -0.5773502691896279515, -0.5773502691896253980, -0.5773502691896239547 ) ) ;
#374 = EDGE_CURVE ( 'NONE', #1502, #1816, #855, .T. ) ;
#375 = CIRCLE ( 'NONE', #678, 1.099999999999999423 ) ;
#376 = EDGE_CURVE ( 'NONE', #71, #1031, #2066, .T. ) ;
#377 = CIRCLE ( 'NONE', #246, 2.000000000000000000 ) ;
#378 = CARTESIAN_POINT ( 'NONE',  ( 33.00000000000000000, 31.00000000000000000, -8.000000000000000000 ) ) ;
#379 = AXIS2_PLACEMENT_3D ( 'NONE', #1102, #965, #1901 ) ;
#380 = VECTOR ( 'NONE', #2041, 1000.000000000000000 ) ;
#381 = ADVANCED_FACE ( 'NONE', ( #637 ), #1720, .F. ) ;
#382 = ORIENTED_EDGE ( 'NONE', *, *, #634, .T. ) ;
#383 = AXIS2_PLACEMENT_3D ( 'NONE', #944, #1708, #1402 ) ;
#384 = PLANE ( 'NONE',  #479 ) ;
#385 = CALENDAR_DATE ( 2026, 28, 7 ) ;
#386 = CIRCLE ( 'NONE', #452, 0.9000000000000005773 ) ;
#387 = ORIENTED_EDGE ( 'NONE', *, *, #848, .T. ) ;
#388 = ORIENTED_EDGE ( 'NONE', *, *, #139, .F. ) ;
#389 = DIRECTION ( 'NONE',  ( 0.000000000000000000, 0.000000000000000000, -1.000000000000000000 ) ) ;
#390 = LINE ( 'NONE', #2020, #1020 ) ;
#391 = CARTESIAN_POINT ( 'NONE',  ( -4.000000000000000000, 31.00000000000000000, -2.999999999999995559 ) ) ;
#392 = EDGE_LOOP ( 'NONE', ( #1229, #702, #423, #414 ) ) ;
#393 = LINE ( 'NONE', #1176, #1925 ) ;
#394 = PERSON_AND_ORGANIZATION_ROLE ( 'design_supplier' ) ;
#395 = EDGE_LOOP ( 'NONE', ( #1748, #1123 ) ) ;
#396 = ORIENTED_EDGE ( 'NONE', *, *, #1596, .T. ) ;
#397 = FACE_OUTER_BOUND ( 'NONE', #1423, .T. ) ;
#398 = CARTESIAN_POINT ( 'NONE',  ( 36.58578643762690064, 33.34314575050760965, -15.41421356237310114 ) ) ;
#399 = EDGE_CURVE ( 'NONE', #535, #354, #800, .T. ) ;
#400 = CARTESIAN_POINT ( 'NONE',  ( -3.585786437626895307, 33.00000000000000000, -0.5857864376268945295 ) ) ;
#401 = PERSON_AND_ORGANIZATION ( #107, #913 ) ;
#402 = EDGE_CURVE ( 'NONE', #1864, #1291, #1113, .T. ) ;
#403 = ORIENTED_EDGE ( 'NONE', *, *, #1495, .F. ) ;
#404 = ORIENTED_EDGE ( 'NONE', *, *, #2026, .F. ) ;
#405 = CARTESIAN_POINT ( 'NONE',  ( -4.000000000000000000, 31.00000000000000000, -8.000000000000000000 ) ) ;
#406 = CARTESIAN_POINT ( 'NONE',  ( 35.17157287525381548, 33.34314575050760965, -1.999999999999999112 ) ) ;
#407 = CYLINDRICAL_SURFACE ( 'NONE', #516, 2.000000000000000444 ) ;
#408 = CC_DESIGN_APPROVAL ( #1011, ( #1661 ) ) ;
#409 = ORIENTED_EDGE ( 'NONE', *, *, #1041, .F. ) ;
#410 = VECTOR ( 'NONE', #2053, 1000.000000000000000 ) ;
#411 = CIRCLE ( 'NONE', #1851, 0.9000000000000005773 ) ;
#412 = AXIS2_PLACEMENT_3D ( 'NONE', #292, #1705, #909 ) ;
#413 = COORDINATED_UNIVERSAL_TIME_OFFSET ( 8, 0, .BEHIND. ) ;
#414 = ORIENTED_EDGE ( 'NONE', *, *, #1224, .T. ) ;
#415 = EDGE_LOOP ( 'NONE', ( #1049, #264, #699, #852 ) ) ;
#416 = DIRECTION ( 'NONE',  ( 0.000000000000000000, 0.000000000000000000, 1.000000000000000000 ) ) ;
#417 = ADVANCED_FACE ( 'NONE', ( #1127 ), #451, .T. ) ;
#418 = CARTESIAN_POINT ( 'NONE',  ( 0.000000000000000000, 31.00000000000000000, -8.000000000000000000 ) ) ;
#419 = DIRECTION ( 'NONE',  ( 0.000000000000000000, 0.000000000000000000, -1.000000000000000000 ) ) ;
#420 = VERTEX_POINT ( 'NONE', #956 ) ;
#421 = PLANE ( 'NONE',  #1681 ) ;
#422 = SHAPE_DEFINITION_REPRESENTATION ( #1404, #753 ) ;
#423 = ORIENTED_EDGE ( 'NONE', *, *, #580, .T. ) ;
#424 = CARTESIAN_POINT ( 'NONE',  ( 28.17157287525378706, 5.000000000000000000, 0.000000000000000000 ) ) ;
#425 = DIRECTION ( 'NONE',  ( 0.000000000000000000, 1.156482317317871725E-15, -1.000000000000000000 ) ) ;
#426 = CARTESIAN_POINT ( 'NONE',  ( -4.000000000000000000, 31.00000000000000000, -8.000000000000000000 ) ) ;
#427 = EDGE_CURVE ( 'NONE', #833, #2022, #1732, .T. ) ;
#428 = DIRECTION ( 'NONE',  ( -1.000000000000000000, 0.000000000000000000, 0.000000000000000000 ) ) ;
#429 = DIRECTION ( 'NONE',  ( 0.000000000000000000, 0.000000000000000000, 1.000000000000000000 ) ) ;
#430 = DIRECTION ( 'NONE',  ( 1.000000000000000000, -0.000000000000000000, -0.000000000000000000 ) ) ;
#431 = DATE_AND_TIME ( #1702, #442 ) ;
#432 = ORIENTED_EDGE ( 'NONE', *, *, #1401, .F. ) ;
#433 = EDGE_LOOP ( 'NONE', ( #232, #2008 ) ) ;
#434 = LINE ( 'NONE', #1898, #185 ) ;
#435 = EDGE_CURVE ( 'NONE', #1168, #976, #1619, .T. ) ;
#436 = DIRECTION ( 'NONE',  ( 0.000000000000000000, 0.000000000000000000, 1.000000000000000000 ) ) ;
#437 = FACE_BOUND ( 'NONE', #1557, .T. ) ;
#438 = CARTESIAN_POINT ( 'NONE',  ( 33.00000000000000000, 23.00000000000000000, -7.099999999999999645 ) ) ;
#439 = EDGE_CURVE ( 'NONE', #1179, #2014, #650, .T. ) ;
#440 = ORIENTED_EDGE ( 'NONE', *, *, #112, .T. ) ;
#441 = EDGE_CURVE ( 'NONE', #110, #1536, #774, .T. ) ;
#442 = LOCAL_TIME ( 20, 44, 18.00000000000000000, #1256 ) ;
#443 = CIRCLE ( 'NONE', #113, 2.499999999999998668 ) ;
#444 = ORIENTED_EDGE ( 'NONE', *, *, #439, .F. ) ;
#445 = AXIS2_PLACEMENT_3D ( 'NONE', #764, #1569, #315 ) ;
#446 = CARTESIAN_POINT ( 'NONE',  ( 0.000000000000000000, 23.00000000000000000, -8.900000000000002132 ) ) ;
#447 = LINE ( 'NONE', #2050, #651 ) ;
#448 = AXIS2_PLACEMENT_3D ( 'NONE', #426, #1422, #1899 ) ;
#449 = FACE_OUTER_BOUND ( 'NONE', #907, .T. ) ;
#450 = CIRCLE ( 'NONE', #1724, 5.414213562373103805 ) ;
#451 = CYLINDRICAL_SURFACE ( 'NONE', #1547, 2.000000000000000000 ) ;
#452 = AXIS2_PLACEMENT_3D ( 'NONE', #1095, #623, #1571 ) ;
#453 = DIRECTION ( 'NONE',  ( -1.000000000000000000, -0.000000000000000000, -0.000000000000000000 ) ) ;
#454 = EDGE_CURVE ( 'NONE', #279, #71, #1763, .T. ) ;
#455 = DIRECTION ( 'NONE',  ( 0.000000000000000000, 0.000000000000000000, 1.000000000000000000 ) ) ;
#456 = ORIENTED_EDGE ( 'NONE', *, *, #1158, .T. ) ;
#457 = ORIENTED_EDGE ( 'NONE', *, *, #1974, .F. ) ;
#458 = CARTESIAN_POINT ( 'NONE',  ( 2.656854249492385911, 4.000000000000000000, -16.00000000000000000 ) ) ;
#459 = DIRECTION ( 'NONE',  ( 0.000000000000000000, 1.000000000000000000, 0.000000000000000000 ) ) ;
#460 = CARTESIAN_POINT ( 'NONE',  ( -2.171572875253813262, 37.00000000000000000, -16.00000000000000000 ) ) ;
#461 = DIRECTION ( 'NONE',  ( 0.000000000000000000, 0.000000000000000000, -1.000000000000000000 ) ) ;
#462 = ADVANCED_FACE ( 'NONE', ( #1921 ), #295, .F. ) ;
#463 = DIRECTION ( 'NONE',  ( 0.000000000000000000, 1.000000000000000000, 0.000000000000000000 ) ) ;
#464 = EDGE_LOOP ( 'NONE', ( #1222, #1566, #672, #632 ) ) ;
#465 = FACE_OUTER_BOUND ( 'NONE', #695, .T. ) ;
#466 = DIRECTION ( 'NONE',  ( -0.5773502691896292838, 0.5773502691896267303, 0.5773502691896211791 ) ) ;
#467 = DIRECTION ( 'NONE',  ( 0.7071067811865423547, 0.000000000000000000, -0.7071067811865526798 ) ) ;
#468 = ADVANCED_FACE ( 'NONE', ( #10, #303, #437, #942 ), #925, .T. ) ;
#469 = EDGE_LOOP ( 'NONE', ( #321, #116, #599, #872 ) ) ;
#470 = ORIENTED_EDGE ( 'NONE', *, *, #1809, .T. ) ;
#471 = LINE ( 'NONE', #773, #1243 ) ;
#472 = DIRECTION ( 'NONE',  ( -0.000000000000000000, -0.000000000000000000, -1.000000000000000000 ) ) ;
#473 = EDGE_CURVE ( 'NONE', #240, #2028, #613, .T. ) ;
#474 = LINE ( 'NONE', #164, #549 ) ;
#475 = VERTEX_POINT ( 'NONE', #1411 ) ;
#476 = DIRECTION ( 'NONE',  ( 1.000000000000000000, 0.000000000000000000, 0.000000000000000000 ) ) ;
#477 = APPROVAL_PERSON_ORGANIZATION ( #1987, #1011, #1040 ) ;
#478 = CARTESIAN_POINT ( 'NONE',  ( -4.000000000000000000, 4.999999999999990230, -0.9999999999999940048 ) ) ;
#479 = AXIS2_PLACEMENT_3D ( 'NONE', #1028, #54, #700 ) ;
#480 = ORIENTED_EDGE ( 'NONE', *, *, #70, .T. ) ;
#481 = ORIENTED_EDGE ( 'NONE', *, *, #402, .F. ) ;
#482 = DIRECTION ( 'NONE',  ( 0.000000000000000000, -1.000000000000000000, 0.000000000000000000 ) ) ;
#483 = CARTESIAN_POINT ( 'NONE',  ( 37.00000000000000711, 33.34314575050760965, -10.00000000000000178 ) ) ;
#484 = CIRCLE ( 'NONE', #1653, 1.999999999999998224 ) ;
#485 = EDGE_CURVE ( 'NONE', #2014, #67, #1785, .T. ) ;
#486 = CIRCLE ( 'NONE', #1658, 4.000000000000000000 ) ;
#487 = DIRECTION ( 'NONE',  ( 1.000000000000000000, 0.000000000000000000, 0.000000000000000000 ) ) ;
#488 = EDGE_LOOP ( 'NONE', ( #251, #987, #409, #2023 ) ) ;
#489 = FACE_BOUND ( 'NONE', #1208, .T. ) ;
#490 = DIRECTION ( 'NONE',  ( -1.000000000000000000, -0.000000000000000000, -0.000000000000000000 ) ) ;
#491 = ORIENTED_EDGE ( 'NONE', *, *, #2052, .F. ) ;
#492 = CARTESIAN_POINT ( 'NONE',  ( -2.171572875253804824, 33.00000000000000000, -14.00000000000000711 ) ) ;
#493 = EDGE_CURVE ( 'NONE', #928, #2014, #2081, .T. ) ;
#494 = DIRECTION ( 'NONE',  ( -0.7071067811865525687, -0.7071067811865425767, 0.000000000000000000 ) ) ;
#495 = ADVANCED_FACE ( 'NONE', ( #1143 ), #835, .T. ) ;
#496 = DIRECTION ( 'NONE',  ( 0.000000000000000000, 0.000000000000000000, -1.000000000000000000 ) ) ;
#497 = ORIENTED_EDGE ( 'NONE', *, *, #794, .F. ) ;
#498 = DIRECTION ( 'NONE',  ( 0.000000000000000000, 0.000000000000000000, -1.000000000000000000 ) ) ;
#499 = CARTESIAN_POINT ( 'NONE',  ( 36.00000000000000000, 33.34314575050760965, -16.00000000000000000 ) ) ;
#500 = LINE ( 'NONE', #1455, #1117 ) ;
#501 = ORIENTED_EDGE ( 'NONE', *, *, #608, .F. ) ;
#502 = ORIENTED_EDGE ( 'NONE', *, *, #1041, .T. ) ;
#503 = DIRECTION ( 'NONE',  ( 0.000000000000000000, 0.000000000000000000, -1.000000000000000000 ) ) ;
#504 = FACE_OUTER_BOUND ( 'NONE', #1770, .T. ) ;
#505 = B_SPLINE_CURVE_WITH_KNOTS ( 'NONE', 3,
 ( #1649, #1826, #533, #1335 ),
 .UNSPECIFIED., .F., .F.,
 ( 4, 4 ),
 ( 0.000000000000000000, 0.0006106519292381102108 ),
 .UNSPECIFIED. ) ;
#506 = EDGE_CURVE ( 'NONE', #1124, #1345, #1614, .T. ) ;
#507 = ORIENTED_EDGE ( 'NONE', *, *, #128, .T. ) ;
#508 = CARTESIAN_POINT ( 'NONE',  ( 33.00000000000000000, 31.00000000000000000, -8.000000000000000000 ) ) ;
#509 = FACE_OUTER_BOUND ( 'NONE', #1747, .T. ) ;
#510 = EDGE_LOOP ( 'NONE', ( #1326, #601, #842, #851 ) ) ;
#511 = DIRECTION ( 'NONE',  ( -1.000000000000000000, -0.000000000000000000, -0.000000000000000000 ) ) ;
#512 = VECTOR ( 'NONE', #600, 1000.000000000000000 ) ;
#513 = AXIS2_PLACEMENT_3D ( 'NONE', #241, #882, #704 ) ;
#514 = LINE ( 'NONE', #335, #154 ) ;
#515 = CIRCLE ( 'NONE', #948, 5.000000000000004441 ) ;
#516 = AXIS2_PLACEMENT_3D ( 'NONE', #2021, #92, #1197 ) ;
#517 = EDGE_LOOP ( 'NONE', ( #1096, #1769, #74, #830 ) ) ;
#518 = DIRECTION ( 'NONE',  ( -1.000000000000000000, -0.000000000000000000, -0.000000000000000000 ) ) ;
#519 = LINE ( 'NONE', #499, #1278 ) ;
#520 = CARTESIAN_POINT ( 'NONE',  ( 37.00000000000000711, 23.00000000000000000, -8.000000000000000000 ) ) ;
#521 = VERTEX_POINT ( 'NONE', #1949 ) ;
#522 = ORIENTED_EDGE ( 'NONE', *, *, #1204, .F. ) ;
#523 = FACE_OUTER_BOUND ( 'NONE', #798, .T. ) ;
#524 = EDGE_CURVE ( 'NONE', #2009, #1663, #1782, .T. ) ;
#525 = ORIENTED_EDGE ( 'NONE', *, *, #2003, .T. ) ;
#526 = FACE_OUTER_BOUND ( 'NONE', #846, .T. ) ;
#527 = EDGE_LOOP ( 'NONE', ( #404, #237, #1419, #1572 ) ) ;
#528 = ORIENTED_EDGE ( 'NONE', *, *, #845, .T. ) ;
#529 = EDGE_CURVE ( 'NONE', #758, #919, #1484, .T. ) ;
#530 = CARTESIAN_POINT ( 'NONE',  ( 37.00000000000000711, 33.34314575050760965, -15.00000000000000000 ) ) ;
#531 = CARTESIAN_POINT ( 'NONE',  ( 0.000000000000000000, 33.00000000000000000, -16.00000000000000000 ) ) ;
#532 = ORIENTED_EDGE ( 'NONE', *, *, #826, .F. ) ;
#533 = CARTESIAN_POINT ( 'NONE',  ( 36.72434877165045464, 38.22531020253371281, -12.00000000000000000 ) ) ;
#534 = LINE ( 'NONE', #548, #744 ) ;
#535 = VERTEX_POINT ( 'NONE', #1756 ) ;
#536 = ORIENTED_EDGE ( 'NONE', *, *, #34, .F. ) ;
#537 = DIRECTION ( 'NONE',  ( -1.000000000000000000, 0.000000000000000000, 0.000000000000000000 ) ) ;
#538 = DIRECTION ( 'NONE',  ( 1.000000000000000000, 0.000000000000000000, 0.000000000000000000 ) ) ;
#539 = AXIS2_PLACEMENT_3D ( 'NONE', #960, #175, #20 ) ;
#540 = EDGE_CURVE ( 'NONE', #929, #521, #1688, .T. ) ;
#541 = CIRCLE ( 'NONE', #1114, 2.000000000000000000 ) ;
#542 = DIRECTION ( 'NONE',  ( 0.000000000000000000, 0.000000000000000000, -1.000000000000000000 ) ) ;
#543 = VECTOR ( 'NONE', #1235, 999.9999999999998863 ) ;
#544 = CIRCLE ( 'NONE', #1926, 0.9000000000000014655 ) ;
#545 = ORIENTED_EDGE ( 'NONE', *, *, #1951, .T. ) ;
#546 = VECTOR ( 'NONE', #1190, 1000.000000000000000 ) ;
#547 = CARTESIAN_POINT ( 'NONE',  ( 30.34314575050761675, 0.000000000000000000, 0.000000000000000000 ) ) ;
#548 = CARTESIAN_POINT ( 'NONE',  ( -2.999999999999992450, 39.00000000000000000, -5.999999999999998224 ) ) ;
#549 = VECTOR ( 'NONE', #1290, 1000.000000000000000 ) ;
#550 = ORIENTED_EDGE ( 'NONE', *, *, #748, .F. ) ;
#551 = ORIENTED_EDGE ( 'NONE', *, *, #553, .F. ) ;
#552 = CARTESIAN_POINT ( 'NONE',  ( -4.000000000000000000, 4.999999999999990230, -0.9999999999999933387 ) ) ;
#553 = EDGE_CURVE ( 'NONE', #1823, #624, #285, .T. ) ;
#554 = CARTESIAN_POINT ( 'NONE',  ( 0.5857864376269130702, 8.414213562373083377, -16.00000000000000000 ) ) ;
#555 = DIRECTION ( 'NONE',  ( -1.000000000000000000, 0.000000000000000000, -0.000000000000000000 ) ) ;
#556 = EDGE_CURVE ( 'NONE', #1105, #358, #1903, .T. ) ;
#557 = LINE ( 'NONE', #1193, #2029 ) ;
#558 = DATE_AND_TIME ( #370, #1717 ) ;
#559 = ORIENTED_EDGE ( 'NONE', *, *, #1393, .T. ) ;
#560 = ORIENTED_EDGE ( 'NONE', *, *, #1145, .T. ) ;
#561 = DIRECTION ( 'NONE',  ( 0.000000000000000000, 0.000000000000000000, -1.000000000000000000 ) ) ;
#562 = CARTESIAN_POINT ( 'NONE',  ( 0.000000000000000000, 31.00000000000000000, -2.999999999999995559 ) ) ;
#563 = DIRECTION ( 'NONE',  ( -0.000000000000000000, -0.000000000000000000, 1.000000000000000000 ) ) ;
#564 = CYLINDRICAL_SURFACE ( 'NONE', #859, 1.999999999999998224 ) ;
#565 = ORIENTED_EDGE ( 'NONE', *, *, #745, .T. ) ;
#566 = VERTEX_POINT ( 'NONE', #610 ) ;
#567 = CARTESIAN_POINT ( 'NONE',  ( -4.000000000000000000, 23.00000000000000000, -8.000000000000000000 ) ) ;
#568 = DATE_AND_TIME ( #1059, #777 ) ;
#569 = EDGE_CURVE ( 'NONE', #420, #1058, #631, .T. ) ;
#570 = ORIENTED_EDGE ( 'NONE', *, *, #427, .F. ) ;
#571 = CARTESIAN_POINT ( 'NONE',  ( 37.00000000000000711, 11.00000000000000000, -8.000000000000000000 ) ) ;
#572 = CARTESIAN_POINT ( 'NONE',  ( 35.17157287525380838, 3.171572875253798163, -16.00000000000000000 ) ) ;
#573 = CARTESIAN_POINT ( 'NONE',  ( 3.414213562373127786, 5.585786437626897971, 0.000000000000000000 ) ) ;
#574 = CYLINDRICAL_SURFACE ( 'NONE', #2034, 2.499999999999998668 ) ;
#575 = ORIENTED_EDGE ( 'NONE', *, *, #1775, .F. ) ;
#576 = AXIS2_PLACEMENT_3D ( 'NONE', #1259, #322, #1905 ) ;
#577 = VECTOR ( 'NONE', #1285, 999.9999999999998863 ) ;
#578 = CC_DESIGN_PERSON_AND_ORGANIZATION_ASSIGNMENT ( #710, #1692, ( #1515 ) ) ;
#579 = VERTEX_POINT ( 'NONE', #1449 ) ;
#580 = EDGE_CURVE ( 'NONE', #1601, #1042, #474, .T. ) ;
#581 = AXIS2_PLACEMENT_3D ( 'NONE', #136, #771, #2063 ) ;
#582 = VECTOR ( 'NONE', #840, 1000.000000000000000 ) ;
#583 = AXIS2_PLACEMENT_3D ( 'NONE', #2056, #1073, #1581 ) ;
#584 = ORIENTED_EDGE ( 'NONE', *, *, #1555, .T. ) ;
#585 = ORIENTED_EDGE ( 'NONE', *, *, #374, .T. ) ;
#586 = CARTESIAN_POINT ( 'NONE',  ( 37.00000000000000711, 23.00000000000000000, -8.000000000000000000 ) ) ;
#587 = AXIS2_PLACEMENT_3D ( 'NONE', #141, #1765, #455 ) ;
#588 = CYLINDRICAL_SURFACE ( 'NONE', #1789, 0.8999999999999998002 ) ;
#589 = EDGE_CURVE ( 'NONE', #815, #86, #994, .T. ) ;
#590 = ORIENTED_EDGE ( 'NONE', *, *, #493, .T. ) ;
#591 = ORIENTED_EDGE ( 'NONE', *, *, #112, .F. ) ;
#592 = CARTESIAN_POINT ( 'NONE',  ( 0.000000000000000000, 0.000000000000000000, -16.00000000000000000 ) ) ;
#593 = FACE_OUTER_BOUND ( 'NONE', #415, .T. ) ;
#594 = EDGE_CURVE ( 'NONE', #259, #1268, #1895, .T. ) ;
#595 = CARTESIAN_POINT ( 'NONE',  ( 33.00000000000000000, 9.828427124746182741, -16.00000000000000000 ) ) ;
#596 = PLANE ( 'NONE',  #914 ) ;
#597 = EDGE_CURVE ( 'NONE', #221, #1154, #829, .T. ) ;
#598 = CARTESIAN_POINT ( 'NONE',  ( 37.00000000000000711, 11.00000000000000000, -8.000000000000000000 ) ) ;
#599 = ORIENTED_EDGE ( 'NONE', *, *, #1772, .F. ) ;
#600 = DIRECTION ( 'NONE',  ( 0.000000000000000000, 0.000000000000000000, -1.000000000000000000 ) ) ;
#601 = ORIENTED_EDGE ( 'NONE', *, *, #794, .T. ) ;
#602 = ORIENTED_EDGE ( 'NONE', *, *, #917, .T. ) ;
#603 = CARTESIAN_POINT ( 'NONE',  ( -2.333333333333323711, 3.333333333333321047, -16.66666666666666075 ) ) ;
#604 = DIRECTION ( 'NONE',  ( 0.000000000000000000, 0.000000000000000000, 1.000000000000000000 ) ) ;
#605 = DIRECTION ( 'NONE',  ( -0.7071067811865472397, 0.000000000000000000, 0.7071067811865479058 ) ) ;
#606 = DIRECTION ( 'NONE',  ( 0.000000000000000000, 0.000000000000000000, -1.000000000000000000 ) ) ;
#607 = CYLINDRICAL_SURFACE ( 'NONE', #1456, 0.8999999999999998002 ) ;
#608 = EDGE_CURVE ( 'NONE', #1663, #1042, #90, .T. ) ;
#609 = CARTESIAN_POINT ( 'NONE',  ( 13.34999999999983977, -10.64999999999997549, 0.000000000000000000 ) ) ;
#610 = CARTESIAN_POINT ( 'NONE',  ( 33.00000000000000000, 31.00000000000000000, -12.00000000000000000 ) ) ;
#611 = VECTOR ( 'NONE', #605, 1000.000000000000000 ) ;
#612 = ORIENTED_EDGE ( 'NONE', *, *, #529, .T. ) ;
#613 = CIRCLE ( 'NONE', #1448, 2.600000000000000089 ) ;
#614 = VERTEX_POINT ( 'NONE', #1130 ) ;
#615 = PLANE ( 'NONE',  #617 ) ;
#616 = DIRECTION ( 'NONE',  ( -0.000000000000000000, -0.000000000000000000, -1.000000000000000000 ) ) ;
#617 = AXIS2_PLACEMENT_3D ( 'NONE', #1567, #752, #268 ) ;
#618 = DIRECTION ( 'NONE',  ( 1.000000000000000000, 0.000000000000000000, 0.000000000000000000 ) ) ;
#619 = CIRCLE ( 'NONE', #1189, 6.000000000000000000 ) ;
#620 = DIRECTION ( 'NONE',  ( 1.000000000000000000, 0.000000000000000000, 0.000000000000000000 ) ) ;
#621 = LINE ( 'NONE', #1066, #791 ) ;
#622 = EDGE_CURVE ( 'NONE', #1394, #291, #2035, .T. ) ;
#623 = DIRECTION ( 'NONE',  ( -1.000000000000000000, 0.000000000000000000, 0.000000000000000000 ) ) ;
#624 = VERTEX_POINT ( 'NONE', #1 ) ;
#625 = DIRECTION ( 'NONE',  ( 0.000000000000000000, 0.000000000000000000, -1.000000000000000000 ) ) ;
#626 = DIRECTION ( 'NONE',  ( -1.000000000000000000, -0.000000000000000000, -0.000000000000000000 ) ) ;
#627 = ADVANCED_FACE ( 'NONE', ( #638 ), #723, .F. ) ;
#628 = ORIENTED_EDGE ( 'NONE', *, *, #1940, .F. ) ;
#629 = CARTESIAN_POINT ( 'NONE',  ( 29.58578643762687577, 5.585786437626895307, 0.000000000000000000 ) ) ;
#630 = CARTESIAN_POINT ( 'NONE',  ( 16.50000000000000000, 5.000000000000000000, -9.099999999999997868 ) ) ;
#631 = LINE ( 'NONE', #320, #1091 ) ;
#632 = ORIENTED_EDGE ( 'NONE', *, *, #529, .F. ) ;
#633 = CARTESIAN_POINT ( 'NONE',  ( 35.17157287525381548, 33.34314575050760965, -10.00000000000000178 ) ) ;
#634 = EDGE_CURVE ( 'NONE', #291, #1394, #1553, .T. ) ;
#635 = VERTEX_POINT ( 'NONE', #1727 ) ;
#636 = FACE_OUTER_BOUND ( 'NONE', #125, .T. ) ;
#637 = FACE_OUTER_BOUND ( 'NONE', #1637, .T. ) ;
#638 = FACE_OUTER_BOUND ( 'NONE', #63, .T. ) ;
#639 = EDGE_CURVE ( 'NONE', #1295, #358, #1725, .T. ) ;
#640 = ORIENTED_EDGE ( 'NONE', *, *, #1271, .T. ) ;
#641 = CARTESIAN_POINT ( 'NONE',  ( 37.00000000000000711, 4.999999999999990230, -15.00000000000000000 ) ) ;
#642 = DIRECTION ( 'NONE',  ( 1.000000000000000000, -0.000000000000000000, -0.000000000000000000 ) ) ;
#643 = CIRCLE ( 'NONE', #12, 0.9000000000000005773 ) ;
#644 = DIRECTION ( 'NONE',  ( 0.000000000000000000, 0.000000000000000000, 1.000000000000000000 ) ) ;
#645 = VECTOR ( 'NONE', #538, 1000.000000000000000 ) ;
#646 = AXIS2_PLACEMENT_3D ( 'NONE', #1162, #1803, #1641 ) ;
#647 = ORIENTED_EDGE ( 'NONE', *, *, #336, .F. ) ;
#648 = ORIENTED_EDGE ( 'NONE', *, *, #957, .F. ) ;
#649 = DIRECTION ( 'NONE',  ( 0.000000000000000000, 0.000000000000000000, 1.000000000000000000 ) ) ;
#650 = LINE ( 'NONE', #1562, #1888 ) ;
#651 = VECTOR ( 'NONE', #626, 1000.000000000000000 ) ;
#652 = AXIS2_PLACEMENT_3D ( 'NONE', #1322, #1639, #204 ) ;
#653 = DIRECTION ( 'NONE',  ( 0.000000000000000000, -0.7071067811865474617, -0.7071067811865474617 ) ) ;
#654 = AXIS2_PLACEMENT_3D ( 'NONE', #17, #1267, #487 ) ;
#655 = DIRECTION ( 'NONE',  ( -0.000000000000000000, -0.000000000000000000, 1.000000000000000000 ) ) ;
#656 = EDGE_LOOP ( 'NONE', ( #501, #525, #551, #963 ) ) ;
#657 = LINE ( 'NONE', #191, #1752 ) ;
#658 = DIRECTION ( 'NONE',  ( -1.000000000000000000, -0.000000000000000000, -0.000000000000000000 ) ) ;
#659 = CARTESIAN_POINT ( 'NONE',  ( 16.50000000000000000, 0.000000000000000000, -5.200000000000015277 ) ) ;
#660 = EDGE_CURVE ( 'NONE', #2038, #312, #927, .T. ) ;
#661 = ORIENTED_EDGE ( 'NONE', *, *, #589, .F. ) ;
#662 = ORIENTED_EDGE ( 'NONE', *, *, #1441, .F. ) ;
#663 = CARTESIAN_POINT ( 'NONE',  ( -2.171572875253809265, 37.00000000000000000, -5.999999999999998224 ) ) ;
#664 = EDGE_CURVE ( 'NONE', #1529, #44, #1734, .T. ) ;
#665 = CARTESIAN_POINT ( 'NONE',  ( -2.333333333333322823, 3.333333333333320603, 0.6666666666666598573 ) ) ;
#666 = EDGE_CURVE ( 'NONE', #420, #2037, #132, .T. ) ;
#667 =( BOUNDED_CURVE ( )  B_SPLINE_CURVE ( 3, ( #267, #740, #1374, #1694 ),
 .UNSPECIFIED., .F., .F. ) 
 B_SPLINE_CURVE_WITH_KNOTS ( ( 4, 4 ),
 ( 4.712388980384690562, 5.497787143782130848 ),
 .UNSPECIFIED. ) 
 CURVE ( )  GEOMETRIC_REPRESENTATION_ITEM ( )  RATIONAL_B_SPLINE_CURVE ( ( 1.000000000000000000, 0.9492530216741921212, 0.9492530216741921212, 1.000000000000000000 ) ) 
 REPRESENTATION_ITEM ( '' )  );
#668 = ORIENTED_EDGE ( 'NONE', *, *, #1854, .T. ) ;
#669 = CARTESIAN_POINT ( 'NONE',  ( 37.00000000000000711, 33.34314575050760965, -1.000000000000000000 ) ) ;
#670 = DIRECTION ( 'NONE',  ( -1.000000000000000000, -0.000000000000000000, -0.000000000000000000 ) ) ;
#671 = CYLINDRICAL_SURFACE ( 'NONE', #951, 0.9000000000000005773 ) ;
#672 = ORIENTED_EDGE ( 'NONE', *, *, #1340, .T. ) ;
#673 = CARTESIAN_POINT ( 'NONE',  ( -4.000000000000000000, 31.00000000000000000, -8.000000000000000000 ) ) ;
#674 = CARTESIAN_POINT ( 'NONE',  ( 33.00000000000000000, 9.828427124746182741, 0.000000000000000000 ) ) ;
#675 = ORIENTED_EDGE ( 'NONE', *, *, #1617, .T. ) ;
#676 = FACE_OUTER_BOUND ( 'NONE', #338, .T. ) ;
#677 = CARTESIAN_POINT ( 'NONE',  ( 0.000000000000000000, 5.000000000000000000, 0.000000000000000000 ) ) ;
#678 = AXIS2_PLACEMENT_3D ( 'NONE', #1440, #219, #1029 ) ;
#679 = VERTEX_POINT ( 'NONE', #1405 ) ;
#680 = VECTOR ( 'NONE', #339, 1000.000000000000000 ) ;
#681 = ORIENTED_EDGE ( 'NONE', *, *, #553, .T. ) ;
#682 = DIRECTION ( 'NONE',  ( 0.000000000000000000, 0.000000000000000000, 1.000000000000000000 ) ) ;
#683 = AXIS2_PLACEMENT_3D ( 'NONE', #1831, #742, #1808 ) ;
#684 = CIRCLE ( 'NONE', #1815, 5.000000000000004441 ) ;
#685 = VECTOR ( 'NONE', #97, 1000.000000000000000 ) ;
#686 = CARTESIAN_POINT ( 'NONE',  ( 28.17157287525378706, 5.000000000000000000, -16.00000000000000000 ) ) ;
#687 = EDGE_CURVE ( 'NONE', #892, #1817, #386, .T. ) ;
#688 = VECTOR ( 'NONE', #1642, 1000.000000000000000 ) ;
#689 = AXIS2_PLACEMENT_3D ( 'NONE', #1289, #27, #828 ) ;
#690 = ADVANCED_FACE ( 'NONE', ( #1417 ), #2073, .F. ) ;
#691 = ORIENTED_EDGE ( 'NONE', *, *, #293, .T. ) ;
#692 = CARTESIAN_POINT ( 'NONE',  ( -3.205700842048671007, 4.205700842048664789, -0.2057008420486759193 ) ) ;
#693 = CARTESIAN_POINT ( 'NONE',  ( 35.17157287525381548, 3.171572875253804380, 0.000000000000000000 ) ) ;
#694 = ORIENTED_EDGE ( 'NONE', *, *, #1799, .F. ) ;
#695 = EDGE_LOOP ( 'NONE', ( #900, #32, #95, #134 ) ) ;
#696 = DIRECTION ( 'NONE',  ( 1.000000000000000000, -8.673617379884027583E-16, 0.000000000000000000 ) ) ;
#697 = CARTESIAN_POINT ( 'NONE',  ( 32.41421356237309226, 8.414213562373078048, 0.000000000000000000 ) ) ;
#698 = DIRECTION ( 'NONE',  ( -1.000000000000000000, 0.000000000000000000, 0.000000000000000000 ) ) ;
#699 = ORIENTED_EDGE ( 'NONE', *, *, #660, .T. ) ;
#700 = DIRECTION ( 'NONE',  ( 0.000000000000000000, 0.000000000000000000, -1.000000000000000000 ) ) ;
#701 = SECURITY_CLASSIFICATION_LEVEL ( 'unclassified' ) ;
#702 = ORIENTED_EDGE ( 'NONE', *, *, #1934, .T. ) ;
#703 = ORIENTED_EDGE ( 'NONE', *, *, #2090, .F. ) ;
#704 = DIRECTION ( 'NONE',  ( 0.000000000000000000, 0.000000000000000000, 1.000000000000000000 ) ) ;
#705 = ADVANCED_FACE ( 'NONE', ( #728, #2013 ), #1203, .T. ) ;
#706 = CARTESIAN_POINT ( 'NONE',  ( -3.585786437626889978, 33.00000000000000000, -10.00000000000000178 ) ) ;
#707 = CARTESIAN_POINT ( 'NONE',  ( 2.656854249492385911, 0.000000000000000000, 0.000000000000000000 ) ) ;
#708 = ORIENTED_EDGE ( 'NONE', *, *, #1522, .F. ) ;
#709 = CARTESIAN_POINT ( 'NONE',  ( 36.58578643762690774, 33.34314575050760965, -0.5857864376269041884 ) ) ;
#710 = PERSON_AND_ORGANIZATION ( #107, #913 ) ;
#711 = ADVANCED_FACE ( 'NONE', ( #1360 ), #1036, .F. ) ;
#712 = ORIENTED_EDGE ( 'NONE', *, *, #1960, .F. ) ;
#713 = ORIENTED_EDGE ( 'NONE', *, *, #1514, .F. ) ;
#714 = CARTESIAN_POINT ( 'NONE',  ( 35.17157287525381548, 33.34314575050760965, 0.000000000000000000 ) ) ;
#715 = DIRECTION ( 'NONE',  ( -0.000000000000000000, -1.000000000000000000, 0.000000000000000000 ) ) ;
#716 = AXIS2_PLACEMENT_3D ( 'NONE', #492, #9, #1001 ) ;
#717 = CARTESIAN_POINT ( 'NONE',  ( 37.00000000000000711, 4.999999999999990230, -8.000000000000000000 ) ) ;
#718 = VECTOR ( 'NONE', #1039, 1000.000000000000000 ) ;
#719 = VECTOR ( 'NONE', #1715, 1000.000000000000000 ) ;
#720 = ORIENTED_EDGE ( 'NONE', *, *, #402, .T. ) ;
#721 = VECTOR ( 'NONE', #461, 1000.000000000000000 ) ;
#722 = CARTESIAN_POINT ( 'NONE',  ( 35.82246505298273576, 38.88923392648569433, -4.000000000000000000 ) ) ;
#723 = CONICAL_SURFACE ( 'NONE', #1629, 2.799999999999982947, 0.7853981633974482790 ) ;
#724 = VERTEX_POINT ( 'NONE', #1843 ) ;
#725 = ORIENTED_EDGE ( 'NONE', *, *, #1938, .T. ) ;
#726 = CARTESIAN_POINT ( 'NONE',  ( 30.34314575050761675, 4.000000000000000000, -16.00000000000000000 ) ) ;
#727 = DIRECTION ( 'NONE',  ( 0.000000000000000000, -1.000000000000000000, 0.000000000000000000 ) ) ;
#728 = FACE_BOUND ( 'NONE', #1516, .T. ) ;
#729 = ORIENTED_EDGE ( 'NONE', *, *, #1459, .F. ) ;
#730 = EDGE_CURVE ( 'NONE', #535, #833, #861, .T. ) ;
#731 = APPROVAL_DATE_TIME ( #1170, #1011 ) ;
#732 = ORIENTED_EDGE ( 'NONE', *, *, #506, .T. ) ;
#733 = CARTESIAN_POINT ( 'NONE',  ( 33.00000000000000000, 31.00000000000000000, -4.000000000000000000 ) ) ;
#734 = DIRECTION ( 'NONE',  ( 0.000000000000000000, 0.000000000000000000, 1.000000000000000000 ) ) ;
#735 = DIRECTION ( 'NONE',  ( 0.000000000000000000, 1.000000000000000000, 0.000000000000000000 ) ) ;
#736 = EDGE_CURVE ( 'NONE', #566, #1844, #486, .T. ) ;
#737 = CARTESIAN_POINT ( 'NONE',  ( 35.17157287525380838, 0.000000000000000000, -16.00000000000000000 ) ) ;
#738 = EDGE_CURVE ( 'NONE', #1644, #1481, #619, .T. ) ;
#739 = ORIENTED_EDGE ( 'NONE', *, *, #1495, .T. ) ;
#740 = CARTESIAN_POINT ( 'NONE',  ( -2.709095079383185833, 3.709095079383181837, -16.00000000000000000 ) ) ;
#741 = DIRECTION ( 'NONE',  ( -1.000000000000000000, 0.000000000000000000, 0.000000000000000000 ) ) ;
#742 = DIRECTION ( 'NONE',  ( 1.000000000000000000, 0.000000000000000000, 0.000000000000000000 ) ) ;
#743 = DIRECTION ( 'NONE',  ( -1.000000000000000000, 0.000000000000000000, 0.000000000000000000 ) ) ;
#744 = VECTOR ( 'NONE', #1679, 999.9999999999998863 ) ;
#745 = EDGE_CURVE ( 'NONE', #372, #1655, #244, .T. ) ;
#746 = AXIS2_PLACEMENT_3D ( 'NONE', #663, #834, #342 ) ;
#747 = VECTOR ( 'NONE', #59, 1000.000000000000000 ) ;
#748 = EDGE_CURVE ( 'NONE', #279, #1248, #1588, .T. ) ;
#749 = AXIS2_PLACEMENT_3D ( 'NONE', #1226, #453, #1741 ) ;
#750 = ORIENTED_EDGE ( 'NONE', *, *, #943, .T. ) ;
#751 = ORIENTED_EDGE ( 'NONE', *, *, #540, .F. ) ;
#752 = DIRECTION ( 'NONE',  ( -0.7071067811865461294, -0.7071067811865490160, -0.000000000000000000 ) ) ;
#753 = ADVANCED_BREP_SHAPE_REPRESENTATION ( 'Part2', ( #1511, #1751 ), #1961 ) ;
#754 = LINE ( 'NONE', #1716, #1890 ) ;
#755 = ADVANCED_FACE ( 'NONE', ( #1670 ), #860, .T. ) ;
#756 = CARTESIAN_POINT ( 'NONE',  ( 36.58578643762689353, 4.585786437626880208, -15.41421356237310469 ) ) ;
#757 = DIRECTION ( 'NONE',  ( -0.000000000000000000, 1.000000000000000000, 0.000000000000000000 ) ) ;
#758 = VERTEX_POINT ( 'NONE', #1992 ) ;
#759 = EDGE_LOOP ( 'NONE', ( #881, #210, #1828, #1118 ) ) ;
#760 = DIRECTION ( 'NONE',  ( -0.000000000000000000, 1.000000000000000000, -0.000000000000000000 ) ) ;
#761 = DIRECTION ( 'NONE',  ( 1.000000000000000000, 0.000000000000000000, 0.000000000000000000 ) ) ;
#762 = ADVANCED_FACE ( 'NONE', ( #1138 ), #564, .F. ) ;
#763 = CYLINDRICAL_SURFACE ( 'NONE', #1887, 2.000000000000000000 ) ;
#764 = CARTESIAN_POINT ( 'NONE',  ( 16.50000000000000000, 5.000000000000000000, -7.999999999999998224 ) ) ;
#765 = CARTESIAN_POINT ( 'NONE',  ( 36.58578643762593430, 38.37441880004440975, -4.000000000000000000 ) ) ;
#766 = APPROVAL_DATE_TIME ( #431, #1329 ) ;
#767 = CARTESIAN_POINT ( 'NONE',  ( -4.000000000000000000, 4.999999999999990230, -16.00000000000000000 ) ) ;
#768 = ORIENTED_EDGE ( 'NONE', *, *, #1060, .T. ) ;
#769 = ORIENTED_EDGE ( 'NONE', *, *, #1191, .T. ) ;
#770 = DIRECTION ( 'NONE',  ( -1.000000000000000000, 0.000000000000000000, 0.000000000000000000 ) ) ;
#771 = DIRECTION ( 'NONE',  ( 0.000000000000000000, 1.000000000000000000, 0.000000000000000000 ) ) ;
#772 = ADVANCED_FACE ( 'NONE', ( #1984 ), #407, .T. ) ;
#773 = CARTESIAN_POINT ( 'NONE',  ( -2.999999999999992450, 33.00000000000000000, -16.00000000000000000 ) ) ;
#774 = LINE ( 'NONE', #1287, #946 ) ;
#775 = EDGE_CURVE ( 'NONE', #1757, #110, #1056, .T. ) ;
#776 = DIRECTION ( 'NONE',  ( 0.7071067811865451302, 0.000000000000000000, -0.7071067811865500152 ) ) ;
#777 = LOCAL_TIME ( 20, 44, 18.00000000000000000, #65 ) ;
#778 = VECTOR ( 'NONE', #785, 1000.000000000000114 ) ;
#779 = CC_DESIGN_APPROVAL ( #1329, ( #1178 ) ) ;
#780 = EDGE_CURVE ( 'NONE', #1434, #2018, #255, .T. ) ;
#781 = AXIS2_PLACEMENT_3D ( 'NONE', #218, #1633, #1967 ) ;
#782 = CARTESIAN_POINT ( 'NONE',  ( -4.000000000000000000, 0.000000000000000000, -0.9999999999999933387 ) ) ;
#783 = CIRCLE ( 'NONE', #213, 2.499999999999998668 ) ;
#784 = EDGE_LOOP ( 'NONE', ( #502, #1735 ) ) ;
#785 = DIRECTION ( 'NONE',  ( -0.7071067811865489050, -0.7071067811865460184, 0.000000000000000000 ) ) ;
#786 = CARTESIAN_POINT ( 'NONE',  ( 37.00000000000000711, 23.00000000000000000, -8.000000000000000000 ) ) ;
#787 = CYLINDRICAL_SURFACE ( 'NONE', #448, 5.000000000000004441 ) ;
#788 = AXIS2_PLACEMENT_3D ( 'NONE', #458, #1408, #2061 ) ;
#789 = EDGE_LOOP ( 'NONE', ( #591, #350, #217, #1097 ) ) ;
#790 = CARTESIAN_POINT ( 'NONE',  ( -2.171572875253810153, 3.171572875253808821, 0.000000000000000000 ) ) ;
#791 = VECTOR ( 'NONE', #1570, 1000.000000000000000 ) ;
#792 = CARTESIAN_POINT ( 'NONE',  ( 29.58578643762687577, 5.585786437626898859, 0.000000000000000000 ) ) ;
#793 = FACE_OUTER_BOUND ( 'NONE', #488, .T. ) ;
#794 = EDGE_CURVE ( 'NONE', #1234, #1192, #896, .T. ) ;
#795 = DIRECTION ( 'NONE',  ( -0.000000000000000000, 1.000000000000000000, -0.000000000000000000 ) ) ;
#796 = ORIENTED_EDGE ( 'NONE', *, *, #748, .T. ) ;
#797 = DIRECTION ( 'NONE',  ( -1.000000000000000000, -0.000000000000000000, -0.000000000000000000 ) ) ;
#798 = EDGE_LOOP ( 'NONE', ( #66, #396, #456, #1078 ) ) ;
#799 = CARTESIAN_POINT ( 'NONE',  ( -2.171572875253805268, 33.00000000000000000, -10.00000000000000178 ) ) ;
#800 = LINE ( 'NONE', #630, #1115 ) ;
#801 = EDGE_CURVE ( 'NONE', #624, #1823, #283, .T. ) ;
#802 = DIRECTION ( 'NONE',  ( 1.000000000000000000, 0.000000000000000000, 0.000000000000000000 ) ) ;
#803 = ORIENTED_EDGE ( 'NONE', *, *, #1224, .F. ) ;
#804 = DIRECTION ( 'NONE',  ( 0.000000000000000000, 0.000000000000000000, 1.000000000000000000 ) ) ;
#805 = DIRECTION ( 'NONE',  ( -1.000000000000000000, -0.000000000000000000, -0.000000000000000000 ) ) ;
#806 = ORIENTED_EDGE ( 'NONE', *, *, #736, .F. ) ;
#807 = PRODUCT_RELATED_PRODUCT_CATEGORY ( 'detail', '', ( #1109 ) ) ;
#808 = ORIENTED_EDGE ( 'NONE', *, *, #1706, .F. ) ;
#809 = CARTESIAN_POINT ( 'NONE',  ( 37.00000000000000711, 11.00000000000000000, -7.100000000000000533 ) ) ;
#810 = DIRECTION ( 'NONE',  ( -1.000000000000000000, 0.000000000000000000, 0.000000000000000000 ) ) ;
#811 = CARTESIAN_POINT ( 'NONE',  ( 37.00000000000000711, 33.34314575050760965, -5.999999999999998224 ) ) ;
#812 =( BOUNDED_CURVE ( )  B_SPLINE_CURVE ( 3, ( #756, #1731, #1264, #1252 ),
 .UNSPECIFIED., .F., .F. ) 
 B_SPLINE_CURVE_WITH_KNOTS ( ( 4, 4 ),
 ( 0.7853981633974536081, 1.570796326794896558 ),
 .UNSPECIFIED. ) 
 CURVE ( )  GEOMETRIC_REPRESENTATION_ITEM ( )  RATIONAL_B_SPLINE_CURVE ( ( 1.000000000000000000, 0.9492530216741918991, 0.9492530216741918991, 1.000000000000000000 ) ) 
 REPRESENTATION_ITEM ( '' )  );
#813 = EDGE_CURVE ( 'NONE', #201, #679, #1351, .T. ) ;
#814 = DIRECTION ( 'NONE',  ( 0.000000000000000000, 1.156482317317871725E-15, -1.000000000000000000 ) ) ;
#815 = VERTEX_POINT ( 'NONE', #398 ) ;
#816 = FACE_OUTER_BOUND ( 'NONE', #880, .T. ) ;
#817 = DIRECTION ( 'NONE',  ( -0.000000000000000000, 1.000000000000000000, -0.000000000000000000 ) ) ;
#818 = CONICAL_SURFACE ( 'NONE', #1244, 2.799999999999982947, 0.7853981633974482790 ) ;
#819 = DIRECTION ( 'NONE',  ( 0.000000000000000000, 0.000000000000000000, 1.000000000000000000 ) ) ;
#820 = EDGE_CURVE ( 'NONE', #2060, #1798, #1025, .T. ) ;
#821 = VECTOR ( 'NONE', #314, 1000.000000000000000 ) ;
#822 = VERTEX_POINT ( 'NONE', #1539 ) ;
#823 = ORIENTED_EDGE ( 'NONE', *, *, #1137, .F. ) ;
#824 = CARTESIAN_POINT ( 'NONE',  ( 35.17157287525381548, 2.700000000000000178, -1.999999999999999556 ) ) ;
#825 = AXIS2_PLACEMENT_3D ( 'NONE', #2019, #537, #261 ) ;
#826 = EDGE_CURVE ( 'NONE', #1164, #169, #2044, .T. ) ;
#827 = AXIS2_PLACEMENT_3D ( 'NONE', #1697, #735, #2001 ) ;
#828 = DIRECTION ( 'NONE',  ( -1.000000000000000000, 0.000000000000000000, 0.000000000000000000 ) ) ;
#829 = CIRCLE ( 'NONE', #654, 2.000000000000000000 ) ;
#830 = ORIENTED_EDGE ( 'NONE', *, *, #1938, .F. ) ;
#831 = FACE_OUTER_BOUND ( 'NONE', #1995, .T. ) ;
#832 = LINE ( 'NONE', #478, #216 ) ;
#833 = VERTEX_POINT ( 'NONE', #2036 ) ;
#834 = DIRECTION ( 'NONE',  ( 0.000000000000000000, 0.000000000000000000, -1.000000000000000000 ) ) ;
#835 = CYLINDRICAL_SURFACE ( 'NONE', #2068, 2.000000000000000444 ) ;
#836 = EDGE_CURVE ( 'NONE', #1304, #259, #349, .T. ) ;
#837 = DIRECTION ( 'NONE',  ( -1.000000000000000000, 0.000000000000000000, 0.000000000000000000 ) ) ;
#838 = ORIENTED_EDGE ( 'NONE', *, *, #1364, .T. ) ;
#839 = CARTESIAN_POINT ( 'NONE',  ( 0.000000000000000000, 39.00000000000000000, -5.999999999999998224 ) ) ;
#840 = DIRECTION ( 'NONE',  ( -0.7071067811865517916, 0.000000000000000000, -0.7071067811865433539 ) ) ;
#841 = EDGE_LOOP ( 'NONE', ( #23, #1430, #233, #668 ) ) ;
#842 = ORIENTED_EDGE ( 'NONE', *, *, #293, .F. ) ;
#843 = CYLINDRICAL_SURFACE ( 'NONE', #1582, 5.000000000000004441 ) ;
#844 = CARTESIAN_POINT ( 'NONE',  ( 16.50000000000000000, 5.000000000000000000, -7.999999999999998224 ) ) ;
#845 = EDGE_CURVE ( 'NONE', #44, #1966, #318, .T. ) ;
#846 = EDGE_LOOP ( 'NONE', ( #491, #2030, #1593, #8 ) ) ;
#847 = DIRECTION ( 'NONE',  ( -1.000000000000000000, 0.000000000000000000, -0.000000000000000000 ) ) ;
#848 = EDGE_CURVE ( 'NONE', #724, #1666, #56, .T. ) ;
#849 = DIRECTION ( 'NONE',  ( 1.000000000000000000, 0.000000000000000000, 0.000000000000000000 ) ) ;
#850 = CC_DESIGN_SECURITY_CLASSIFICATION ( #1178, ( #1515 ) ) ;
#851 = ORIENTED_EDGE ( 'NONE', *, *, #1809, .F. ) ;
#852 = ORIENTED_EDGE ( 'NONE', *, *, #2052, .T. ) ;
#853 = CARTESIAN_POINT ( 'NONE',  ( 35.43916114456266797, 38.98559737524796276, -12.00000000000000178 ) ) ;
#854 = VECTOR ( 'NONE', #1937, 999.9999999999998863 ) ;
#855 = CIRCLE ( 'NONE', #1276, 0.8999999999999998002 ) ;
#856 = AXIS2_PLACEMENT_3D ( 'NONE', #1251, #55, #176 ) ;
#857 = FACE_OUTER_BOUND ( 'NONE', #290, .T. ) ;
#858 = AXIS2_PLACEMENT_3D ( 'NONE', #677, #1779, #1788 ) ;
#859 = AXIS2_PLACEMENT_3D ( 'NONE', #1332, #542, #698 ) ;
#860 = PLANE ( 'NONE',  #1247 ) ;
#861 = CIRCLE ( 'NONE', #220, 1.099999999999999423 ) ;
#862 = ADVANCED_FACE ( 'NONE', ( #123 ), #2071, .T. ) ;
#863 = EDGE_LOOP ( 'NONE', ( #100, #1996 ) ) ;
#864 = CARTESIAN_POINT ( 'NONE',  ( 0.000000000000000000, 9.828427124746186294, -16.00000000000000000 ) ) ;
#865 = ORIENTED_EDGE ( 'NONE', *, *, #957, .T. ) ;
#866 = ORIENTED_EDGE ( 'NONE', *, *, #730, .F. ) ;
#867 = CARTESIAN_POINT ( 'NONE',  ( 37.00000000000000711, 11.00000000000000000, -8.900000000000000355 ) ) ;
#868 = DIRECTION ( 'NONE',  ( 0.000000000000000000, 0.000000000000000000, -1.000000000000000000 ) ) ;
#869 = ORIENTED_EDGE ( 'NONE', *, *, #1908, .T. ) ;
#870 = FACE_BOUND ( 'NONE', #298, .T. ) ;
#871 = APPLICATION_PROTOCOL_DEFINITION ( 'international standard', 'config_control_design', 1994, #1858 ) ;
#872 = ORIENTED_EDGE ( 'NONE', *, *, #820, .F. ) ;
#873 = ORIENTED_EDGE ( 'NONE', *, *, #2005, .F. ) ;
#874 = DIRECTION ( 'NONE',  ( 1.000000000000000000, 0.000000000000000000, 0.000000000000000000 ) ) ;
#875 = DIRECTION ( 'NONE',  ( -1.000000000000000000, -0.000000000000000000, -0.000000000000000000 ) ) ;
#876 = DIRECTION ( 'NONE',  ( 1.000000000000000000, 0.000000000000000000, -0.000000000000000000 ) ) ;
#877 = ORIENTED_EDGE ( 'NONE', *, *, #41, .T. ) ;
#878 = CARTESIAN_POINT ( 'NONE',  ( -2.709095079383186722, 3.709095079383181837, 3.349396419805512071E-16 ) ) ;
#879 = CARTESIAN_POINT ( 'NONE',  ( 0.000000000000000000, 23.00000000000000000, -7.099999999999999645 ) ) ;
#880 = EDGE_LOOP ( 'NONE', ( #332, #1336, #838, #575 ) ) ;
#881 = ORIENTED_EDGE ( 'NONE', *, *, #52, .F. ) ;
#882 = DIRECTION ( 'NONE',  ( -0.000000000000000000, 1.000000000000000000, -0.000000000000000000 ) ) ;
#883 = ADVANCED_FACE ( 'NONE', ( #793 ), #588, .F. ) ;
#884 = CARTESIAN_POINT ( 'NONE',  ( -4.000000000000000000, 0.000000000000000000, -15.00000000000000711 ) ) ;
#885 = CONICAL_SURFACE ( 'NONE', #83, 4.999999999999997335, 0.7853981633974457255 ) ;
#886 = AXIS2_PLACEMENT_3D ( 'NONE', #799, #618, #1389 ) ;
#887 = CARTESIAN_POINT ( 'NONE',  ( 16.50000000000000000, 3.700000000000000178, -7.999999999999998224 ) ) ;
#888 = CONICAL_SURFACE ( 'NONE', #115, 5.000000000000004441, 0.7853981633974421728 ) ;
#889 = ORIENTED_EDGE ( 'NONE', *, *, #1646, .T. ) ;
#890 = VECTOR ( 'NONE', #1840, 1000.000000000000000 ) ;
#891 = EDGE_LOOP ( 'NONE', ( #708, #1343, #1284, #1087, #949, #796 ) ) ;
#892 = VERTEX_POINT ( 'NONE', #271 ) ;
#893 = ORIENTED_EDGE ( 'NONE', *, *, #1037, .F. ) ;
#894 = LINE ( 'NONE', #1531, #685 ) ;
#895 = ADVANCED_FACE ( 'NONE', ( #912 ), #607, .F. ) ;
#896 = LINE ( 'NONE', #391, #1999 ) ;
#897 = ORIENTED_EDGE ( 'NONE', *, *, #1325, .F. ) ;
#898 = ORIENTED_EDGE ( 'NONE', *, *, #485, .T. ) ;
#899 = APPROVAL_STATUS ( 'not_yet_approved' ) ;
#900 = ORIENTED_EDGE ( 'NONE', *, *, #730, .T. ) ;
#901 = CARTESIAN_POINT ( 'NONE',  ( 3.414213562373128230, 5.585786437626897971, 0.000000000000000000 ) ) ;
#902 = DIRECTION ( 'NONE',  ( 1.000000000000000000, 0.000000000000000000, 0.000000000000000000 ) ) ;
#903 = ADVANCED_FACE ( 'NONE', ( #1083 ), #574, .F. ) ;
#904 = DIRECTION ( 'NONE',  ( 0.000000000000000000, 0.000000000000000000, -1.000000000000000000 ) ) ;
#905 = ORIENTED_EDGE ( 'NONE', *, *, #205, .F. ) ;
#906 = ADVANCED_FACE ( 'NONE', ( #926 ), #1563, .T. ) ;
#907 = EDGE_LOOP ( 'NONE', ( #694, #1237, #368, #1930 ) ) ;
#908 = CARTESIAN_POINT ( 'NONE',  ( 37.00000000000000711, 23.00000000000000000, -8.000000000000000000 ) ) ;
#909 = DIRECTION ( 'NONE',  ( 0.000000000000000000, -0.000000000000000000, -1.000000000000000000 ) ) ;
#910 = PLANE ( 'NONE',  #1621 ) ;
#911 = DIRECTION ( 'NONE',  ( 0.000000000000000000, 0.000000000000000000, -1.000000000000000000 ) ) ;
#912 = FACE_OUTER_BOUND ( 'NONE', #1385, .T. ) ;
#913 = ORGANIZATION ( 'UNSPECIFIED', 'UNSPECIFIED', '' ) ;
#914 = AXIS2_PLACEMENT_3D ( 'NONE', #1842, #1034, #1875 ) ;
#915 = LINE ( 'NONE', #1554, #512 ) ;
#916 = VECTOR ( 'NONE', #1367, 1000.000000000000000 ) ;
#917 = EDGE_CURVE ( 'NONE', #521, #372, #1876, .T. ) ;
#918 = AXIS2_PLACEMENT_3D ( 'NONE', #706, #875, #1687 ) ;
#919 = VERTEX_POINT ( 'NONE', #438 ) ;
#920 = EDGE_LOOP ( 'NONE', ( #981, #938, #522, #1373 ) ) ;
#921 = FACE_OUTER_BOUND ( 'NONE', #1506, .T. ) ;
#922 = PLANE ( 'NONE',  #1320 ) ;
#923 = VECTOR ( 'NONE', #947, 1000.000000000000000 ) ;
#924 = LINE ( 'NONE', #129, #410 ) ;
#925 = PLANE ( 'NONE',  #48 ) ;
#926 = FACE_OUTER_BOUND ( 'NONE', #1165, .T. ) ;
#927 = LINE ( 'NONE', #1246, #122 ) ;
#928 = VERTEX_POINT ( 'NONE', #765 ) ;
#929 = VERTEX_POINT ( 'NONE', #1094 ) ;
#930 = DIRECTION ( 'NONE',  ( 1.000000000000000000, 0.000000000000000000, 0.000000000000000000 ) ) ;
#931 = DIRECTION ( 'NONE',  ( -0.000000000000000000, -1.000000000000000000, -0.000000000000000000 ) ) ;
#932 = ADVANCED_FACE ( 'NONE', ( #935 ), #1216, .T. ) ;
#933 = CARTESIAN_POINT ( 'NONE',  ( 33.17157287525380127, 1.171572875253804824, -16.00000000000000000 ) ) ;
#934 = DIRECTION ( 'NONE',  ( 0.000000000000000000, 0.000000000000000000, -1.000000000000000000 ) ) ;
#935 = FACE_OUTER_BOUND ( 'NONE', #199, .T. ) ;
#936 = DIRECTION ( 'NONE',  ( -0.7071067811865489050, 0.7071067811865460184, 0.000000000000000000 ) ) ;
#937 = ORIENTED_EDGE ( 'NONE', *, *, #597, .T. ) ;
#938 = ORIENTED_EDGE ( 'NONE', *, *, #738, .F. ) ;
#939 = LINE ( 'NONE', #1107, #1086 ) ;
#940 = DIRECTION ( 'NONE',  ( -1.000000000000000000, -0.000000000000000000, -0.000000000000000000 ) ) ;
#941 = FACE_OUTER_BOUND ( 'NONE', #863, .T. ) ;
#942 = FACE_OUTER_BOUND ( 'NONE', #891, .T. ) ;
#943 = EDGE_CURVE ( 'NONE', #2060, #169, #621, .T. ) ;
#944 = CARTESIAN_POINT ( 'NONE',  ( -4.000000000000000000, 33.00000000000000000, -5.999999999999998224 ) ) ;
#945 = AXIS2_PLACEMENT_3D ( 'NONE', #1931, #1744, #1623 ) ;
#946 = VECTOR ( 'NONE', #1911, 1000.000000000000000 ) ;
#947 = DIRECTION ( 'NONE',  ( 0.000000000000000000, -1.000000000000000000, -0.000000000000000000 ) ) ;
#948 = AXIS2_PLACEMENT_3D ( 'NONE', #405, #1051, #734 ) ;
#949 = ORIENTED_EDGE ( 'NONE', *, *, #454, .F. ) ;
#950 = DIRECTION ( 'NONE',  ( -0.000000000000000000, -0.000000000000000000, 1.000000000000000000 ) ) ;
#951 = AXIS2_PLACEMENT_3D ( 'NONE', #22, #490, #644 ) ;
#952 = ORIENTED_EDGE ( 'NONE', *, *, #2072, .T. ) ;
#953 = VERTEX_POINT ( 'NONE', #2070 ) ;
#954 = CARTESIAN_POINT ( 'NONE',  ( 2.656854249492385911, 4.000000000000000000, 0.000000000000000000 ) ) ;
#955 = CIRCLE ( 'NONE', #1350, 4.000000000000000000 ) ;
#956 = CARTESIAN_POINT ( 'NONE',  ( -0.1715728752537978574, 1.171572875253804824, -16.00000000000000000 ) ) ;
#957 = EDGE_CURVE ( 'NONE', #988, #579, #1491, .T. ) ;
#958 = CARTESIAN_POINT ( 'NONE',  ( 16.50000000000000000, 0.2999999999999842792, -7.999999999999998224 ) ) ;
#959 = ORIENTED_EDGE ( 'NONE', *, *, #1964, .T. ) ;
#960 = CARTESIAN_POINT ( 'NONE',  ( 30.34314575050761675, 4.000000000000000000, 0.000000000000000000 ) ) ;
#961 = FACE_BOUND ( 'NONE', #433, .T. ) ;
#962 = ORIENTED_EDGE ( 'NONE', *, *, #524, .T. ) ;
#963 = ORIENTED_EDGE ( 'NONE', *, *, #1064, .F. ) ;
#964 = CYLINDRICAL_SURFACE ( 'NONE', #1754, 0.9000000000000005773 ) ;
#965 = DIRECTION ( 'NONE',  ( -0.000000000000000000, -1.000000000000000000, -0.000000000000000000 ) ) ;
#966 = ADVANCED_FACE ( 'NONE', ( #1723 ), #1902, .F. ) ;
#967 = DIRECTION ( 'NONE',  ( 0.000000000000000000, 0.000000000000000000, 1.000000000000000000 ) ) ;
#968 = EDGE_CURVE ( 'NONE', #1776, #1179, #955, .T. ) ;
#969 = CARTESIAN_POINT ( 'NONE',  ( 0.000000000000000000, 5.000000000000000000, -16.00000000000000000 ) ) ;
#970 = ADVANCED_FACE ( 'NONE', ( #857 ), #1801, .F. ) ;
#971 = ORIENTED_EDGE ( 'NONE', *, *, #101, .T. ) ;
#972 = PLANE ( 'NONE',  #1647 ) ;
#973 = FACE_OUTER_BOUND ( 'NONE', #1896, .T. ) ;
#974 = CARTESIAN_POINT ( 'NONE',  ( 37.00000000000000711, 37.92572144546345214, -4.000000000000000000 ) ) ;
#975 = ORIENTED_EDGE ( 'NONE', *, *, #1100, .T. ) ;
#976 = VERTEX_POINT ( 'NONE', #697 ) ;
#977 = CARTESIAN_POINT ( 'NONE',  ( 36.06517161304697083, 38.78111858598186501, -12.00000000000000178 ) ) ;
#978 = DIRECTION ( 'NONE',  ( 1.000000000000000000, 0.000000000000000000, 0.000000000000000000 ) ) ;
#979 = DIRECTION ( 'NONE',  ( 1.000000000000000000, 0.000000000000000000, -0.000000000000000000 ) ) ;
#980 = CARTESIAN_POINT ( 'NONE',  ( 16.50000000000000000, 3.700000000000000178, -7.999999999999998224 ) ) ;
#981 = ORIENTED_EDGE ( 'NONE', *, *, #265, .F. ) ;
#982 = CARTESIAN_POINT ( 'NONE',  ( 0.000000000000000000, 33.34314575050760965, 0.000000000000000000 ) ) ;
#983 = LOCAL_TIME ( 20, 44, 18.00000000000000000, #1177 ) ;
#984 = CARTESIAN_POINT ( 'NONE',  ( 0.000000000000000000, 33.00000000000000000, -10.00000000000000178 ) ) ;
#985 = VECTOR ( 'NONE', #1997, 1000.000000000000000 ) ;
#986 = CIRCLE ( 'NONE', #1962, 0.8999999999999998002 ) ;
#987 = ORIENTED_EDGE ( 'NONE', *, *, #1940, .T. ) ;
#988 = VERTEX_POINT ( 'NONE', #197 ) ;
#989 = CARTESIAN_POINT ( 'NONE',  ( -4.000000000000000000, 39.00000000000000000, -16.00000000000000000 ) ) ;
#990 = CARTESIAN_POINT ( 'NONE',  ( 37.00000000000000711, 37.92572144546345214, -4.000000000000000000 ) ) ;
#991 = AXIS2_PLACEMENT_3D ( 'NONE', #200, #658, #1944 ) ;
#992 = VECTOR ( 'NONE', #304, 1000.000000000000000 ) ;
#993 = CARTESIAN_POINT ( 'NONE',  ( 37.00000000000000711, 31.00000000000000000, -8.000000000000000000 ) ) ;
#994 = CIRCLE ( 'NONE', #1820, 5.414213562373098476 ) ;
#995 = ORIENTED_EDGE ( 'NONE', *, *, #1586, .T. ) ;
#996 = CARTESIAN_POINT ( 'NONE',  ( -2.171572875253808821, 33.00000000000000000, 0.000000000000000000 ) ) ;
#997 = CARTESIAN_POINT ( 'NONE',  ( -2.999999999999992450, 33.00000000000000000, 1.734723475976807094E-15 ) ) ;
#998 = ORIENTED_EDGE ( 'NONE', *, *, #1988, .F. ) ;
#999 = EDGE_LOOP ( 'NONE', ( #133, #58, #1636, #1918 ) ) ;
#1000 = ADVANCED_FACE ( 'NONE', ( #1010 ), #1604, .T. ) ;
#1001 = DIRECTION ( 'NONE',  ( 0.000000000000000000, 0.000000000000000000, -1.000000000000000000 ) ) ;
#1002 = CYLINDRICAL_SURFACE ( 'NONE', #652, 0.8999999999999998002 ) ;
#1003 = EDGE_CURVE ( 'NONE', #1529, #2038, #36, .T. ) ;
#1004 = ORIENTED_EDGE ( 'NONE', *, *, #1951, .F. ) ;
#1005 = CARTESIAN_POINT ( 'NONE',  ( -4.000000000000000000, 33.00000000000000000, -5.999999999999998224 ) ) ;
#1006 = LINE ( 'NONE', #1140, #688 ) ;
#1007 = ORIENTED_EDGE ( 'NONE', *, *, #1266, .F. ) ;
#1008 = ORIENTED_EDGE ( 'NONE', *, *, #1706, .T. ) ;
#1009 = CARTESIAN_POINT ( 'NONE',  ( 36.39579423358570409, 38.55976136354552608, -12.00000000000000000 ) ) ;
#1010 = FACE_OUTER_BOUND ( 'NONE', #789, .T. ) ;
#1011 = APPROVAL ( #1354, 'UNSPECIFIED' ) ;
#1012 = EDGE_CURVE ( 'NONE', #1283, #1168, #1144, .T. ) ;
#1013 = ORIENTED_EDGE ( 'NONE', *, *, #1631, .F. ) ;
#1014 = DIRECTION ( 'NONE',  ( 1.000000000000000000, 0.000000000000000000, 0.000000000000000000 ) ) ;
#1015 =( NAMED_UNIT ( * ) SI_UNIT ( $, .STERADIAN. ) SOLID_ANGLE_UNIT ( ) );
#1016 = CIRCLE ( 'NONE', #1149, 2.000000000000000000 ) ;
#1017 = ORIENTED_EDGE ( 'NONE', *, *, #1158, .F. ) ;
#1018 = ORIENTED_EDGE ( 'NONE', *, *, #1662, .F. ) ;
#1019 = FACE_BOUND ( 'NONE', #1518, .T. ) ;
#1020 = VECTOR ( 'NONE', #1033, 1000.000000000000000 ) ;
#1021 = AXIS2_PLACEMENT_3D ( 'NONE', #1862, #430, #1076 ) ;
#1022 = CIRCLE ( 'NONE', #1186, 0.9000000000000005773 ) ;
#1023 = CARTESIAN_POINT ( 'NONE',  ( -4.000000000000000000, 39.00000000000000000, -5.999999999999998224 ) ) ;
#1024 = AXIS2_PLACEMENT_3D ( 'NONE', #1699, #286, #904 ) ;
#1025 = LINE ( 'NONE', #707, #721 ) ;
#1026 = VECTOR ( 'NONE', #2083, 1000.000000000000000 ) ;
#1027 = EDGE_LOOP ( 'NONE', ( #889, #545, #1172, #528, #675, #1550 ) ) ;
#1028 = CARTESIAN_POINT ( 'NONE',  ( -4.000000000000000000, 0.000000000000000000, 0.000000000000000000 ) ) ;
#1029 = DIRECTION ( 'NONE',  ( 0.000000000000000000, 0.000000000000000000, 1.000000000000000000 ) ) ;
#1030 = ORIENTED_EDGE ( 'NONE', *, *, #917, .F. ) ;
#1031 = VERTEX_POINT ( 'NONE', #1470 ) ;
#1032 = FACE_OUTER_BOUND ( 'NONE', #1181, .T. ) ;
#1033 = DIRECTION ( 'NONE',  ( -0.000000000000000000, -1.000000000000000000, 0.000000000000000000 ) ) ;
#1034 = DIRECTION ( 'NONE',  ( 0.7071067811865440200, 0.7071067811865511255, 0.000000000000000000 ) ) ;
#1035 = EDGE_CURVE ( 'NONE', #312, #201, #450, .T. ) ;
#1036 = CYLINDRICAL_SURFACE ( 'NONE', #1126, 2.600000000000000089 ) ;
#1037 = EDGE_CURVE ( 'NONE', #635, #1757, #514, .T. ) ;
#1038 = ORIENTED_EDGE ( 'NONE', *, *, #1867, .T. ) ;
#1039 = DIRECTION ( 'NONE',  ( -0.000000000000000000, -1.000000000000000000, -0.000000000000000000 ) ) ;
#1040 = APPROVAL_ROLE ( '' ) ;
#1041 = EDGE_CURVE ( 'NONE', #1147, #1077, #1122, .T. ) ;
#1042 = VERTEX_POINT ( 'NONE', #183 ) ;
#1043 = ORIENTED_EDGE ( 'NONE', *, *, #1309, .F. ) ;
#1044 = LINE ( 'NONE', #2010, #985 ) ;
#1045 = PLANE ( 'NONE',  #1275 ) ;
#1046 = DIRECTION ( 'NONE',  ( 0.7071067811865475727, 0.000000000000000000, 0.7071067811865475727 ) ) ;
#1047 = ORIENTED_EDGE ( 'NONE', *, *, #1686, .T. ) ;
#1048 = MECHANICAL_CONTEXT ( 'NONE', #4, 'mechanical' ) ;
#1049 = ORIENTED_EDGE ( 'NONE', *, *, #664, .F. ) ;
#1050 = ORIENTED_EDGE ( 'NONE', *, *, #139, .T. ) ;
#1051 = DIRECTION ( 'NONE',  ( -1.000000000000000000, 0.000000000000000000, 0.000000000000000000 ) ) ;
#1052 = DIRECTION ( 'NONE',  ( 0.000000000000000000, -1.000000000000000000, 0.000000000000000000 ) ) ;
#1053 = DIRECTION ( 'NONE',  ( -0.000000000000000000, -0.000000000000000000, 1.000000000000000000 ) ) ;
#1054 = CIRCLE ( 'NONE', #746, 1.999999999999999556 ) ;
#1055 = AXIS2_PLACEMENT_3D ( 'NONE', #1134, #1628, #682 ) ;
#1056 = LINE ( 'NONE', #717, #546 ) ;
#1057 = VECTOR ( 'NONE', #642, 1000.000000000000000 ) ;
#1058 = VERTEX_POINT ( 'NONE', #1939 ) ;
#1059 = CALENDAR_DATE ( 2026, 28, 7 ) ;
#1060 = EDGE_CURVE ( 'NONE', #679, #179, #14, .T. ) ;
#1061 = VERTEX_POINT ( 'NONE', #1463 ) ;
#1062 = ORIENTED_EDGE ( 'NONE', *, *, #1137, .T. ) ;
#1063 = DIRECTION ( 'NONE',  ( 1.000000000000000000, 0.000000000000000000, 0.000000000000000000 ) ) ;
#1064 = EDGE_CURVE ( 'NONE', #1042, #1823, #1793, .T. ) ;
#1065 = CARTESIAN_POINT ( 'NONE',  ( 2.000000000000000000, 9.828427124746186294, 0.000000000000000000 ) ) ;
#1066 = CARTESIAN_POINT ( 'NONE',  ( 0.000000000000000000, 0.000000000000000000, 0.000000000000000000 ) ) ;
#1067 = ORIENTED_EDGE ( 'NONE', *, *, #1393, .F. ) ;
#1068 = ORIENTED_EDGE ( 'NONE', *, *, #441, .T. ) ;
#1069 = EDGE_LOOP ( 'NONE', ( #681, #1691 ) ) ;
#1070 = DIRECTION ( 'NONE',  ( 0.000000000000000000, 0.000000000000000000, -1.000000000000000000 ) ) ;
#1071 = CARTESIAN_POINT ( 'NONE',  ( 29.58578643762687577, 5.585786437626895307, -16.00000000000000000 ) ) ;
#1072 = CARTESIAN_POINT ( 'NONE',  ( 37.00000000000000711, 23.00000000000000000, -7.099999999999999645 ) ) ;
#1073 = DIRECTION ( 'NONE',  ( -1.000000000000000000, -0.000000000000000000, -0.000000000000000000 ) ) ;
#1074 = ADVANCED_FACE ( 'NONE', ( #504 ), #60, .F. ) ;
#1075 = ORIENTED_EDGE ( 'NONE', *, *, #1586, .F. ) ;
#1076 = DIRECTION ( 'NONE',  ( 0.000000000000000000, 0.000000000000000000, -1.000000000000000000 ) ) ;
#1077 = VERTEX_POINT ( 'NONE', #1950 ) ;
#1078 = ORIENTED_EDGE ( 'NONE', *, *, #454, .T. ) ;
#1079 = DIRECTION ( 'NONE',  ( 0.000000000000000000, 0.000000000000000000, -1.000000000000000000 ) ) ;
#1080 = DIRECTION ( 'NONE',  ( 1.000000000000000000, 0.000000000000000000, -0.000000000000000000 ) ) ;
#1081 = LINE ( 'NONE', #2079, #311 ) ;
#1082 = DIRECTION ( 'NONE',  ( -0.000000000000000000, -0.000000000000000000, 1.000000000000000000 ) ) ;
#1083 = FACE_OUTER_BOUND ( 'NONE', #392, .T. ) ;
#1084 = AXIS2_PLACEMENT_3D ( 'NONE', #2006, #369, #1986 ) ;
#1085 = ADVANCED_FACE ( 'NONE', ( #357 ), #1002, .F. ) ;
#1086 = VECTOR ( 'NONE', #760, 1000.000000000000000 ) ;
#1087 = ORIENTED_EDGE ( 'NONE', *, *, #1988, .T. ) ;
#1088 = DIRECTION ( 'NONE',  ( -1.000000000000000000, 0.000000000000000000, 0.000000000000000000 ) ) ;
#1089 = DIRECTION ( 'NONE',  ( 0.000000000000000000, 0.000000000000000000, 1.000000000000000000 ) ) ;
#1090 = LINE ( 'NONE', #2051, #249 ) ;
#1091 = VECTOR ( 'NONE', #655, 1000.000000000000000 ) ;
#1092 = DIRECTION ( 'NONE',  ( 0.7071067811865489050, 0.7071067811865460184, -0.000000000000000000 ) ) ;
#1093 = DIRECTION ( 'NONE',  ( 0.000000000000000000, 0.000000000000000000, -1.000000000000000000 ) ) ;
#1094 = CARTESIAN_POINT ( 'NONE',  ( 33.00000000000000000, 38.99999999999999289, -12.00000000000000000 ) ) ;
#1095 = CARTESIAN_POINT ( 'NONE',  ( -4.000000000000000000, 23.00000000000000000, -8.000000000000000000 ) ) ;
#1096 = ORIENTED_EDGE ( 'NONE', *, *, #660, .F. ) ;
#1097 = ORIENTED_EDGE ( 'NONE', *, *, #848, .F. ) ;
#1098 = CYLINDRICAL_SURFACE ( 'NONE', #1965, 0.9000000000000005773 ) ;
#1099 = LINE ( 'NONE', #1884, #316 ) ;
#1100 = EDGE_CURVE ( 'NONE', #2028, #240, #1218, .T. ) ;
#1101 = DIRECTION ( 'NONE',  ( 0.000000000000000000, -0.000000000000000000, 1.000000000000000000 ) ) ;
#1102 = CARTESIAN_POINT ( 'NONE',  ( 16.50000000000000000, 2.700000000000000178, -7.999999999999998224 ) ) ;
#1103 = DIRECTION ( 'NONE',  ( -1.000000000000000000, -0.000000000000000000, -0.000000000000000000 ) ) ;
#1104 = CARTESIAN_POINT ( 'NONE',  ( 4.828427124746215604, 7.000000000000000000, -16.00000000000000000 ) ) ;
#1105 = VERTEX_POINT ( 'NONE', #686 ) ;
#1106 = CYLINDRICAL_SURFACE ( 'NONE', #945, 1.099999999999998535 ) ;
#1107 = CARTESIAN_POINT ( 'NONE',  ( 16.50000000000000000, 3.700000000000000178, -5.399999999999998579 ) ) ;
#1108 = DIRECTION ( 'NONE',  ( -0.000000000000000000, 1.000000000000000000, 0.000000000000000000 ) ) ;
#1109 = PRODUCT ( 'Part2', 'Part2', '', ( #1048 ) ) ;
#1110 = EDGE_LOOP ( 'NONE', ( #190, #1161 ) ) ;
#1111 = ORIENTED_EDGE ( 'NONE', *, *, #231, .F. ) ;
#1112 = CARTESIAN_POINT ( 'NONE',  ( 16.50000000000000000, 3.700000000000000178, -10.59999999999999787 ) ) ;
#1113 = LINE ( 'NONE', #792, #147 ) ;
#1114 = AXIS2_PLACEMENT_3D ( 'NONE', #1346, #1981, #68 ) ;
#1115 = VECTOR ( 'NONE', #1253, 1000.000000000000000 ) ;
#1116 = DIRECTION ( 'NONE',  ( 0.000000000000000000, 0.000000000000000000, -1.000000000000000000 ) ) ;
#1117 = VECTOR ( 'NONE', #30, 1000.000000000000000 ) ;
#1118 = ORIENTED_EDGE ( 'NONE', *, *, #1340, .F. ) ;
#1119 = DIRECTION ( 'NONE',  ( 0.000000000000000000, 0.000000000000000000, -1.000000000000000000 ) ) ;
#1120 = LINE ( 'NONE', #340, #1378 ) ;
#1121 = EDGE_CURVE ( 'NONE', #679, #614, #1819, .T. ) ;
#1122 = CIRCLE ( 'NONE', #319, 0.8999999999999998002 ) ;
#1123 = ORIENTED_EDGE ( 'NONE', *, *, #1908, .F. ) ;
#1124 = VERTEX_POINT ( 'NONE', #1187 ) ;
#1125 = CARTESIAN_POINT ( 'NONE',  ( 35.17157287525381548, 38.99999999999999289, -12.00000000000000000 ) ) ;
#1126 = AXIS2_PLACEMENT_3D ( 'NONE', #1620, #99, #1690 ) ;
#1127 = FACE_OUTER_BOUND ( 'NONE', #1221, .T. ) ;
#1128 = EDGE_CURVE ( 'NONE', #354, #2022, #16, .T. ) ;
#1129 = EDGE_CURVE ( 'NONE', #39, #1295, #108, .T. ) ;
#1130 = CARTESIAN_POINT ( 'NONE',  ( -3.585786437626888645, 33.00000000000000000, -15.41421356237311180 ) ) ;
#1131 = ORIENTED_EDGE ( 'NONE', *, *, #78, .F. ) ;
#1132 = CARTESIAN_POINT ( 'NONE',  ( 37.00000000000000711, 11.00000000000000000, -7.100000000000000533 ) ) ;
#1133 = ORIENTED_EDGE ( 'NONE', *, *, #1863, .T. ) ;
#1134 = CARTESIAN_POINT ( 'NONE',  ( -2.171572875253805268, 33.00000000000000000, -10.00000000000000178 ) ) ;
#1135 = CARTESIAN_POINT ( 'NONE',  ( 36.72434877164981515, 38.22531020253440914, -4.000000000000000000 ) ) ;
#1136 = DIRECTION ( 'NONE',  ( 0.000000000000000000, 0.000000000000000000, 1.000000000000000000 ) ) ;
#1137 = EDGE_CURVE ( 'NONE', #67, #1757, #1348, .T. ) ;
#1138 = FACE_OUTER_BOUND ( 'NONE', #1533, .T. ) ;
#1139 = ORIENTED_EDGE ( 'NONE', *, *, #687, .T. ) ;
#1140 = CARTESIAN_POINT ( 'NONE',  ( 37.00000000000000711, 23.00000000000000000, -7.099999999999999645 ) ) ;
#1141 = ORIENTED_EDGE ( 'NONE', *, *, #1401, .T. ) ;
#1142 = FACE_OUTER_BOUND ( 'NONE', #1839, .T. ) ;
#1143 = FACE_OUTER_BOUND ( 'NONE', #1565, .T. ) ;
#1144 = LINE ( 'NONE', #674, #1970 ) ;
#1145 = EDGE_CURVE ( 'NONE', #614, #1323, #390, .T. ) ;
#1146 = EDGE_CURVE ( 'NONE', #257, #635, #1668, .T. ) ;
#1147 = VERTEX_POINT ( 'NONE', #262 ) ;
#1148 = DIRECTION ( 'NONE',  ( 1.000000000000000000, -0.000000000000000000, -0.000000000000000000 ) ) ;
#1149 = AXIS2_PLACEMENT_3D ( 'NONE', #1673, #1994, #1846 ) ;
#1150 = CARTESIAN_POINT ( 'NONE',  ( 0.000000000000000000, 11.00000000000000000, -8.900000000000000355 ) ) ;
#1151 = VECTOR ( 'NONE', #35, 1000.000000000000000 ) ;
#1152 = DIRECTION ( 'NONE',  ( 1.000000000000000000, 0.000000000000000000, 0.000000000000000000 ) ) ;
#1153 = AXIS2_PLACEMENT_3D ( 'NONE', #45, #1318, #503 ) ;
#1154 = VERTEX_POINT ( 'NONE', #554 ) ;
#1155 = ORIENTED_EDGE ( 'NONE', *, *, #1338, .F. ) ;
#1156 = CARTESIAN_POINT ( 'NONE',  ( -2.171572875253805268, 33.00000000000000000, -16.00000000000000000 ) ) ;
#1157 = VECTOR ( 'NONE', #817, 1000.000000000000000 ) ;
#1158 = EDGE_CURVE ( 'NONE', #1304, #279, #243, .T. ) ;
#1159 = AXIS2_PLACEMENT_3D ( 'NONE', #1859, #776, #140 ) ;
#1160 = DIRECTION ( 'NONE',  ( 0.5773502691896265082, 0.5773502691896241767, -0.5773502691896265082 ) ) ;
#1161 = ORIENTED_EDGE ( 'NONE', *, *, #52, .T. ) ;
#1162 = CARTESIAN_POINT ( 'NONE',  ( 37.00000000000000711, 11.00000000000000000, -8.000000000000000000 ) ) ;
#1163 = DIRECTION ( 'NONE',  ( 0.000000000000000000, 0.000000000000000000, 1.000000000000000000 ) ) ;
#1164 = VERTEX_POINT ( 'NONE', #1659 ) ;
#1165 = EDGE_LOOP ( 'NONE', ( #1007, #1458, #1262, #306 ) ) ;
#1166 = DIRECTION ( 'NONE',  ( -1.000000000000000000, -0.000000000000000000, -0.000000000000000000 ) ) ;
#1167 = ADVANCED_FACE ( 'NONE', ( #1821 ), #2033, .T. ) ;
#1168 = VERTEX_POINT ( 'NONE', #254 ) ;
#1169 = CARTESIAN_POINT ( 'NONE',  ( -3.585786437626894863, 4.585786437626887313, -0.5857864376268941964 ) ) ;
#1170 = DATE_AND_TIME ( #84, #1616 ) ;
#1171 = ORIENTED_EDGE ( 'NONE', *, *, #1309, .T. ) ;
#1172 = ORIENTED_EDGE ( 'NONE', *, *, #664, .T. ) ;
#1173 = DIRECTION ( 'NONE',  ( -0.000000000000000000, -0.000000000000000000, -1.000000000000000000 ) ) ;
#1174 = CARTESIAN_POINT ( 'NONE',  ( 16.50000000000000000, 0.000000000000000000, -7.999999999999998224 ) ) ;
#1175 = ORIENTED_EDGE ( 'NONE', *, *, #356, .T. ) ;
#1176 = CARTESIAN_POINT ( 'NONE',  ( 0.000000000000000000, 9.828427124746186294, 0.000000000000000000 ) ) ;
#1177 = COORDINATED_UNIVERSAL_TIME_OFFSET ( 8, 0, .BEHIND. ) ;
#1178 = SECURITY_CLASSIFICATION ( '', '', #701 ) ;
#1179 = VERTEX_POINT ( 'NONE', #1524 ) ;
#1180 = AXIS2_PLACEMENT_3D ( 'NONE', #1599, #1148, #157 ) ;
#1181 = EDGE_LOOP ( 'NONE', ( #1971, #1576, #1194, #975 ) ) ;
#1182 = CARTESIAN_POINT ( 'NONE',  ( 28.99999999999997158, 5.000000000000000000, 0.000000000000000000 ) ) ;
#1183 = ADVANCED_FACE ( 'NONE', ( #1212 ), #235, .F. ) ;
#1184 = VECTOR ( 'NONE', #715, 1000.000000000000000 ) ;
#1185 = VECTOR ( 'NONE', #1750, 1000.000000000000000 ) ;
#1186 = AXIS2_PLACEMENT_3D ( 'NONE', #586, #741, #1872 ) ;
#1187 = CARTESIAN_POINT ( 'NONE',  ( 33.17157287525380127, 1.171572875253804824, 0.000000000000000000 ) ) ;
#1188 = ADVANCED_FACE ( 'NONE', ( #1508 ), #1045, .F. ) ;
#1189 = AXIS2_PLACEMENT_3D ( 'NONE', #2004, #1369, #1501 ) ;
#1190 = DIRECTION ( 'NONE',  ( 0.000000000000000000, 0.000000000000000000, -1.000000000000000000 ) ) ;
#1191 = EDGE_CURVE ( 'NONE', #1192, #1061, #1520, .T. ) ;
#1192 = VERTEX_POINT ( 'NONE', #562 ) ;
#1193 = CARTESIAN_POINT ( 'NONE',  ( 37.00000000000000711, 38.99999999999999289, -12.00000000000000000 ) ) ;
#1194 = ORIENTED_EDGE ( 'NONE', *, *, #1698, .T. ) ;
#1195 = ORIENTED_EDGE ( 'NONE', *, *, #1493, .F. ) ;
#1196 = CARTESIAN_POINT ( 'NONE',  ( 37.00000000000000711, 11.00000000000000000, -7.100000000000000533 ) ) ;
#1197 = DIRECTION ( 'NONE',  ( 0.000000000000000000, 0.000000000000000000, -1.000000000000000000 ) ) ;
#1198 = APPROVAL_ROLE ( '' ) ;
#1199 = ORIENTED_EDGE ( 'NONE', *, *, #2072, .F. ) ;
#1200 = ORIENTED_EDGE ( 'NONE', *, *, #1605, .T. ) ;
#1201 = CARTESIAN_POINT ( 'NONE',  ( 0.000000000000000000, 23.00000000000000000, -8.000000000000000000 ) ) ;
#1202 = CARTESIAN_POINT ( 'NONE',  ( 37.00000000000000711, 0.000000000000000000, -1.000000000000000888 ) ) ;
#1203 = PLANE ( 'NONE',  #1894 ) ;
#1204 = EDGE_CURVE ( 'NONE', #257, #1644, #377, .T. ) ;
#1205 = VERTEX_POINT ( 'NONE', #1112 ) ;
#1206 = CARTESIAN_POINT ( 'NONE',  ( 0.000000000000000000, 31.00000000000000000, -8.000000000000000000 ) ) ;
#1207 = PERSON_AND_ORGANIZATION_ROLE ( 'design_owner' ) ;
#1208 = EDGE_LOOP ( 'NONE', ( #971, #612 ) ) ;
#1209 = ORIENTED_EDGE ( 'NONE', *, *, #1129, .F. ) ;
#1210 = FACE_BOUND ( 'NONE', #1110, .T. ) ;
#1211 = AXIS2_PLACEMENT_3D ( 'NONE', #1729, #1537, #105 ) ;
#1212 = FACE_OUTER_BOUND ( 'NONE', #75, .T. ) ;
#1213 = VECTOR ( 'NONE', #1240, 1000.000000000000000 ) ;
#1214 = AXIS2_PLACEMENT_3D ( 'NONE', #151, #978, #1462 ) ;
#1215 = AXIS2_PLACEMENT_3D ( 'NONE', #1239, #761, #158 ) ;
#1216 = PLANE ( 'NONE',  #1159 ) ;
#1217 = AXIS2_PLACEMENT_3D ( 'NONE', #323, #208, #1152 ) ;
#1218 = CIRCLE ( 'NONE', #1552, 2.600000000000000089 ) ;
#1219 = ORIENTED_EDGE ( 'NONE', *, *, #356, .F. ) ;
#1220 = VECTOR ( 'NONE', #1660, 1000.000000000000000 ) ;
#1221 = EDGE_LOOP ( 'NONE', ( #1141, #1794, #1865, #126 ) ) ;
#1222 = ORIENTED_EDGE ( 'NONE', *, *, #1710, .F. ) ;
#1223 = LINE ( 'NONE', #603, #1584 ) ;
#1224 = EDGE_CURVE ( 'NONE', #1042, #1663, #443, .T. ) ;
#1225 = PLANE ( 'NONE',  #345 ) ;
#1226 = CARTESIAN_POINT ( 'NONE',  ( 33.00000000000000000, 33.34314575050760965, -5.999999999999998224 ) ) ;
#1227 = EDGE_LOOP ( 'NONE', ( #1897, #480, #897, #2039 ) ) ;
#1228 = EDGE_LOOP ( 'NONE', ( #174, #1972, #1111, #1640 ) ) ;
#1229 = ORIENTED_EDGE ( 'NONE', *, *, #524, .F. ) ;
#1230 = CARTESIAN_POINT ( 'NONE',  ( 2.656854249492385911, 4.000000000000000000, 0.000000000000000000 ) ) ;
#1231 = EDGE_CURVE ( 'NONE', #1268, #1058, #1568, .T. ) ;
#1232 = CARTESIAN_POINT ( 'NONE',  ( -4.000000000000000000, 4.999999999999990230, 0.000000000000000000 ) ) ;
#1233 = DIRECTION ( 'NONE',  ( -0.000000000000000000, -1.000000000000000000, -0.000000000000000000 ) ) ;
#1234 = VERTEX_POINT ( 'NONE', #1874 ) ;
#1235 = DIRECTION ( 'NONE',  ( -0.7071067811865511255, -0.7071067811865440200, 0.000000000000000000 ) ) ;
#1236 = PERSON_AND_ORGANIZATION ( #107, #913 ) ;
#1237 = ORIENTED_EDGE ( 'NONE', *, *, #7, .T. ) ;
#1238 = CARTESIAN_POINT ( 'NONE',  ( 33.00000000000000000, 38.99999999999999289, -4.000000000000000000 ) ) ;
#1239 = CARTESIAN_POINT ( 'NONE',  ( 0.000000000000000000, 23.00000000000000000, -8.000000000000000000 ) ) ;
#1240 = DIRECTION ( 'NONE',  ( -1.000000000000000000, -0.000000000000000000, -0.000000000000000000 ) ) ;
#1241 = DIRECTION ( 'NONE',  ( 0.000000000000000000, 1.000000000000000000, 0.000000000000000000 ) ) ;
#1242 = CARTESIAN_POINT ( 'NONE',  ( -2.171572875253808821, 33.00000000000000000, -5.999999999999998224 ) ) ;
#1243 = VECTOR ( 'NONE', #1410, 999.9999999999998863 ) ;
#1244 = AXIS2_PLACEMENT_3D ( 'NONE', #1465, #1943, #498 ) ;
#1245 = ADVANCED_FACE ( 'NONE', ( #1885, #941 ), #1225, .F. ) ;
#1246 = CARTESIAN_POINT ( 'NONE',  ( -3.585786437626894863, 33.00000000000000000, -0.5857864376268941964 ) ) ;
#1247 = AXIS2_PLACEMENT_3D ( 'NONE', #1494, #1046, #1527 ) ;
#1248 = VERTEX_POINT ( 'NONE', #1424 ) ;
#1249 = ORIENTED_EDGE ( 'NONE', *, *, #1522, .T. ) ;
#1250 = CARTESIAN_POINT ( 'NONE',  ( 35.17157287525381548, 38.99999999999999289, -12.00000000000000000 ) ) ;
#1251 = CARTESIAN_POINT ( 'NONE',  ( -2.171572875253809709, 33.00000000000000000, -2.000000000000000000 ) ) ;
#1252 = CARTESIAN_POINT ( 'NONE',  ( 35.17157287525380838, 3.171572875253798163, -16.00000000000000000 ) ) ;
#1253 = DIRECTION ( 'NONE',  ( -0.000000000000000000, -1.000000000000000000, -0.000000000000000000 ) ) ;
#1254 = B_SPLINE_CURVE_WITH_KNOTS ( 'NONE', 3,
 ( #1993, #238, #1512, #207, #722, #82, #1311, #1324 ),
 .UNSPECIFIED., .F., .F.,
 ( 4, 2, 2, 4 ),
 ( 0.000000000000000000, 0.0003952551432150089262, 0.0007905102864300178524, 0.001581020572860046330 ),
 .UNSPECIFIED. ) ;
#1255 = DIRECTION ( 'NONE',  ( 0.000000000000000000, 0.000000000000000000, -1.000000000000000000 ) ) ;
#1256 = COORDINATED_UNIVERSAL_TIME_OFFSET ( 8, 0, .BEHIND. ) ;
#1257 = DIRECTION ( 'NONE',  ( -1.000000000000000000, 0.000000000000000000, 0.000000000000000000 ) ) ;
#1258 = ORIENTED_EDGE ( 'NONE', *, *, #336, .T. ) ;
#1259 = CARTESIAN_POINT ( 'NONE',  ( 33.00000000000000000, 23.00000000000000000, -8.000000000000000000 ) ) ;
#1260 = CARTESIAN_POINT ( 'NONE',  ( 37.00000000000000711, 31.00000000000000000, -8.000000000000000000 ) ) ;
#1261 = CARTESIAN_POINT ( 'NONE',  ( 33.00000000000000000, 31.00000000000000000, -4.000000000000000000 ) ) ;
#1262 = ORIENTED_EDGE ( 'NONE', *, *, #745, .F. ) ;
#1263 = ORIENTED_EDGE ( 'NONE', *, *, #836, .T. ) ;
#1264 = CARTESIAN_POINT ( 'NONE',  ( 35.70909507938318228, 3.709095079383172955, -16.00000000000000000 ) ) ;
#1265 = CARTESIAN_POINT ( 'NONE',  ( 31.00000000000000000, 9.828427124746182741, 0.000000000000000000 ) ) ;
#1266 = EDGE_CURVE ( 'NONE', #1736, #815, #924, .T. ) ;
#1267 = DIRECTION ( 'NONE',  ( 0.000000000000000000, 0.000000000000000000, 1.000000000000000000 ) ) ;
#1268 = VERTEX_POINT ( 'NONE', #790 ) ;
#1269 = DIRECTION ( 'NONE',  ( 0.000000000000000000, 0.000000000000000000, -1.000000000000000000 ) ) ;
#1270 = FACE_OUTER_BOUND ( 'NONE', #510, .T. ) ;
#1271 = EDGE_CURVE ( 'NONE', #1363, #1205, #1849, .T. ) ;
#1272 = ORIENTED_EDGE ( 'NONE', *, *, #231, .T. ) ;
#1273 = CARTESIAN_POINT ( 'NONE',  ( -4.000000000000000000, 31.00000000000000000, -13.00000000000000533 ) ) ;
#1274 = CARTESIAN_POINT ( 'NONE',  ( 0.000000000000000000, 39.00000000000000000, -16.00000000000000000 ) ) ;
#1275 = AXIS2_PLACEMENT_3D ( 'NONE', #884, #91, #727 ) ;
#1276 = AXIS2_PLACEMENT_3D ( 'NONE', #138, #326, #161 ) ;
#1277 = CARTESIAN_POINT ( 'NONE',  ( 16.50000000000000000, 0.000000000000000000, -7.999999999999998224 ) ) ;
#1278 = VECTOR ( 'NONE', #1778, 1000.000000000000114 ) ;
#1279 = ORIENTED_EDGE ( 'NONE', *, *, #1459, .T. ) ;
#1280 = DIRECTION ( 'NONE',  ( -1.000000000000000000, 0.000000000000000000, 0.000000000000000000 ) ) ;
#1281 = LINE ( 'NONE', #1954, #1057 ) ;
#1282 = CARTESIAN_POINT ( 'NONE',  ( 0.000000000000000000, 33.00000000000000000, -16.00000000000000000 ) ) ;
#1283 = VERTEX_POINT ( 'NONE', #595 ) ;
#1284 = ORIENTED_EDGE ( 'NONE', *, *, #1919, .F. ) ;
#1285 = DIRECTION ( 'NONE',  ( 0.7071067811865511255, -0.7071067811865440200, -0.000000000000000000 ) ) ;
#1286 = AXIS2_PLACEMENT_3D ( 'NONE', #173, #1913, #814 ) ;
#1287 = CARTESIAN_POINT ( 'NONE',  ( 37.00000000000000711, 33.34314575050760965, -15.00000000000000000 ) ) ;
#1288 = EDGE_CURVE ( 'NONE', #1736, #1655, #812, .T. ) ;
#1289 = CARTESIAN_POINT ( 'NONE',  ( 4.828427124746215604, 7.000000000000000000, 0.000000000000000000 ) ) ;
#1290 = DIRECTION ( 'NONE',  ( -0.000000000000000000, -1.000000000000000000, -0.000000000000000000 ) ) ;
#1291 = VERTEX_POINT ( 'NONE', #629 ) ;
#1292 = FACE_OUTER_BOUND ( 'NONE', #656, .T. ) ;
#1293 = CARTESIAN_POINT ( 'NONE',  ( 37.00000000000000711, 31.00000000000000000, -12.00000000000000000 ) ) ;
#1294 = CARTESIAN_POINT ( 'NONE',  ( 35.70909507938318939, 3.709095079383184057, 5.859485167864261617E-16 ) ) ;
#1295 = VERTEX_POINT ( 'NONE', #137 ) ;
#1296 = EDGE_LOOP ( 'NONE', ( #1611, #661, #713, #1018 ) ) ;
#1297 = CARTESIAN_POINT ( 'NONE',  ( -4.000000000000000000, 11.00000000000000000, -8.900000000000000355 ) ) ;
#1298 = CARTESIAN_POINT ( 'NONE',  ( 36.86246405478003396, 38.07578546445103029, -4.000000000000000000 ) ) ;
#1299 = DIRECTION ( 'NONE',  ( 0.000000000000000000, 0.000000000000000000, -1.000000000000000000 ) ) ;
#1300 = ADVANCED_FACE ( 'NONE', ( #449 ), #763, .T. ) ;
#1301 = ORIENTED_EDGE ( 'NONE', *, *, #248, .F. ) ;
#1302 = LINE ( 'NONE', #3, #680 ) ;
#1303 = DIRECTION ( 'NONE',  ( -1.000000000000000000, -0.000000000000000000, -0.000000000000000000 ) ) ;
#1304 = VERTEX_POINT ( 'NONE', #1399 ) ;
#1305 = DIRECTION ( 'NONE',  ( -1.000000000000000000, 0.000000000000000000, 0.000000000000000000 ) ) ;
#1306 = DIRECTION ( 'NONE',  ( 0.000000000000000000, 0.000000000000000000, -1.000000000000000000 ) ) ;
#1307 = DIRECTION ( 'NONE',  ( -1.000000000000000000, -0.000000000000000000, -0.000000000000000000 ) ) ;
#1308 = AXIS2_PLACEMENT_3D ( 'NONE', #520, #805, #1163 ) ;
#1309 = EDGE_CURVE ( 'NONE', #724, #1168, #1081, .T. ) ;
#1310 = EDGE_LOOP ( 'NONE', ( #1680, #869, #53, #1139 ) ) ;
#1311 = CARTESIAN_POINT ( 'NONE',  ( 36.40387898952688772, 38.57017159717893406, -4.000000000000000000 ) ) ;
#1312 = AXIS2_PLACEMENT_3D ( 'NONE', #989, #482, #333 ) ;
#1313 = AXIS2_PLACEMENT_3D ( 'NONE', #1265, #934, #810 ) ;
#1314 = FACE_OUTER_BOUND ( 'NONE', #87, .T. ) ;
#1315 = CIRCLE ( 'NONE', #1416, 5.999999999999998224 ) ;
#1316 = ORIENTED_EDGE ( 'NONE', *, *, #1333, .F. ) ;
#1317 = ORIENTED_EDGE ( 'NONE', *, *, #1231, .F. ) ;
#1318 = DIRECTION ( 'NONE',  ( 1.000000000000000000, 0.000000000000000000, 0.000000000000000000 ) ) ;
#1319 =( BOUNDED_CURVE ( )  B_SPLINE_CURVE ( 3, ( #1169, #692, #878, #72 ),
 .UNSPECIFIED., .F., .F. ) 
 B_SPLINE_CURVE_WITH_KNOTS ( ( 4, 4 ),
 ( 3.926990816987248500, 4.712388980384689674 ),
 .UNSPECIFIED. ) 
 CURVE ( )  GEOMETRIC_REPRESENTATION_ITEM ( )  RATIONAL_B_SPLINE_CURVE ( ( 1.000000000000000000, 0.9492530216741920102, 0.9492530216741920102, 1.000000000000000000 ) ) 
 REPRESENTATION_ITEM ( '' )  );
#1320 = AXIS2_PLACEMENT_3D ( 'NONE', #1574, #467, #1108 ) ;
#1321 = VECTOR ( 'NONE', #653, 1000.000000000000114 ) ;
#1322 = CARTESIAN_POINT ( 'NONE',  ( 37.00000000000000711, 11.00000000000000000, -8.000000000000000000 ) ) ;
#1323 = VERTEX_POINT ( 'NONE', #1910 ) ;
#1324 = CARTESIAN_POINT ( 'NONE',  ( 36.58578643762593430, 38.37441880004440975, -4.000000000000000000 ) ) ;
#1325 = EDGE_CURVE ( 'NONE', #67, #257, #120, .T. ) ;
#1326 = ORIENTED_EDGE ( 'NONE', *, *, #1631, .T. ) ;
#1327 = ORIENTED_EDGE ( 'NONE', *, *, #188, .F. ) ;
#1328 = PLANE ( 'NONE',  #1786 ) ;
#1329 = APPROVAL ( #2024, 'UNSPECIFIED' ) ;
#1330 = DIRECTION ( 'NONE',  ( -0.000000000000000000, 0.000000000000000000, 1.000000000000000000 ) ) ;
#1331 = DESIGN_CONTEXT ( 'detailed design', #1858, 'design' ) ;
#1332 = CARTESIAN_POINT ( 'NONE',  ( 28.17157287525378706, 7.000000000000000000, 0.000000000000000000 ) ) ;
#1333 = EDGE_CURVE ( 'NONE', #1124, #1985, #160, .T. ) ;
#1334 = ORIENTED_EDGE ( 'NONE', *, *, #435, .T. ) ;
#1335 = CARTESIAN_POINT ( 'NONE',  ( 36.58578643762690064, 38.37441880004336525, -12.00000000000000000 ) ) ;
#1336 = ORIENTED_EDGE ( 'NONE', *, *, #1121, .T. ) ;
#1337 = EDGE_LOOP ( 'NONE', ( #193, #739, #1802, #382 ) ) ;
#1338 = EDGE_CURVE ( 'NONE', #1434, #1031, #1784, .T. ) ;
#1339 = LINE ( 'NONE', #1196, #1376 ) ;
#1340 = EDGE_CURVE ( 'NONE', #953, #919, #1739, .T. ) ;
#1341 = DIRECTION ( 'NONE',  ( 0.000000000000000000, -0.000000000000000000, 1.000000000000000000 ) ) ;
#1342 = DIRECTION ( 'NONE',  ( 0.000000000000000000, 0.000000000000000000, -1.000000000000000000 ) ) ;
#1343 = ORIENTED_EDGE ( 'NONE', *, *, #242, .T. ) ;
#1344 = CLOSED_SHELL ( 'NONE', ( #162, #711, #2055, #1824, #1773, #883, #1837, #462, #124, #381, #1674, #256, #970, #903, #1245, #2042, #468, #227, #1471, #1398, #690, #1726, #1845, #1528, #150, #1167, #198, #1000, #1450, #1575, #327, #895, #1982, #1085, #1414, #365, #932, #1428, #755, #1188, #62, #966, #225, #1889, #163, #906, #270, #495, #772, #862, #417, #1388, #1300, #1534, #705, #1893, #762, #1074, #1183, #287, #1762, #153, #1764, #627 ) ) ;
#1345 = VERTEX_POINT ( 'NONE', #933 ) ;
#1346 = CARTESIAN_POINT ( 'NONE',  ( 35.17157287525381548, 33.34314575050760965, -14.00000000000000000 ) ) ;
#1347 = AXIS2_PLACEMENT_3D ( 'NONE', #1906, #670, #1609 ) ;
#1348 = LINE ( 'NONE', #1202, #1509 ) ;
#1349 = CARTESIAN_POINT ( 'NONE',  ( 16.50000000000000000, 2.700000000000000178, -9.099999999999997868 ) ) ;
#1350 = AXIS2_PLACEMENT_3D ( 'NONE', #993, #1632, #172 ) ;
#1351 = LINE ( 'NONE', #236, #1689 ) ;
#1352 = VECTOR ( 'NONE', #936, 1000.000000000000114 ) ;
#1353 = CARTESIAN_POINT ( 'NONE',  ( 16.50000000000000000, 5.000000000000000000, -10.59999999999999787 ) ) ;
#1354 = APPROVAL_STATUS ( 'not_yet_approved' ) ;
#1355 = ORIENTED_EDGE ( 'NONE', *, *, #317, .F. ) ;
#1356 = ORIENTED_EDGE ( 'NONE', *, *, #1998, .F. ) ;
#1357 = CARTESIAN_POINT ( 'NONE',  ( 37.00000000000000711, 31.00000000000000000, -8.000000000000000000 ) ) ;
#1358 = DIRECTION ( 'NONE',  ( -1.000000000000000000, 0.000000000000000000, 0.000000000000000000 ) ) ;
#1359 = CARTESIAN_POINT ( 'NONE',  ( 4.828427124746215604, 5.000000000000000000, 0.000000000000000000 ) ) ;
#1360 = FACE_OUTER_BOUND ( 'NONE', #999, .T. ) ;
#1361 = ORIENTED_EDGE ( 'NONE', *, *, #1605, .F. ) ;
#1362 = EDGE_CURVE ( 'NONE', #1283, #521, #2043, .T. ) ;
#1363 = VERTEX_POINT ( 'NONE', #149 ) ;
#1364 = EDGE_CURVE ( 'NONE', #614, #822, #471, .T. ) ;
#1365 = ORIENTED_EDGE ( 'NONE', *, *, #1064, .T. ) ;
#1366 = DIRECTION ( 'NONE',  ( 0.000000000000000000, 1.000000000000000000, 0.000000000000000000 ) ) ;
#1367 = DIRECTION ( 'NONE',  ( -0.000000000000000000, 1.000000000000000000, 0.000000000000000000 ) ) ;
#1368 = DIRECTION ( 'NONE',  ( 0.000000000000000000, -1.000000000000000000, 0.000000000000000000 ) ) ;
#1369 = DIRECTION ( 'NONE',  ( -1.000000000000000000, 0.000000000000000000, 0.000000000000000000 ) ) ;
#1370 = ORIENTED_EDGE ( 'NONE', *, *, #639, .F. ) ;
#1371 = DATE_AND_TIME ( #385, #983 ) ;
#1372 = EDGE_CURVE ( 'NONE', #1058, #2060, #1546, .T. ) ;
#1373 = ORIENTED_EDGE ( 'NONE', *, *, #70, .F. ) ;
#1374 = CARTESIAN_POINT ( 'NONE',  ( -3.205700842048670118, 4.205700842048664789, -15.79429915795132366 ) ) ;
#1375 = DIRECTION ( 'NONE',  ( -1.000000000000000000, -0.000000000000000000, -0.000000000000000000 ) ) ;
#1376 = VECTOR ( 'NONE', #1991, 1000.000000000000000 ) ;
#1377 = CIRCLE ( 'NONE', #781, 2.600000000000000089 ) ;
#1378 = VECTOR ( 'NONE', #849, 1000.000000000000000 ) ;
#1379 = DIRECTION ( 'NONE',  ( 0.000000000000000000, 0.000000000000000000, 1.000000000000000000 ) ) ;
#1380 = VERTEX_POINT ( 'NONE', #1273 ) ;
#1381 = AXIS2_PLACEMENT_3D ( 'NONE', #1174, #1810, #868 ) ;
#1382 = ORIENTED_EDGE ( 'NONE', *, *, #399, .T. ) ;
#1383 = AXIS2_PLACEMENT_3D ( 'NONE', #958, #1606, #1597 ) ;
#1384 = ORIENTED_EDGE ( 'NONE', *, *, #780, .T. ) ;
#1385 = EDGE_LOOP ( 'NONE', ( #628, #905, #584, #1682 ) ) ;
#1386 = FACE_OUTER_BOUND ( 'NONE', #469, .T. ) ;
#1387 = CARTESIAN_POINT ( 'NONE',  ( 37.00000000000000711, 31.00000000000000000, -4.000000000000000000 ) ) ;
#1388 = ADVANCED_FACE ( 'NONE', ( #636 ), #1684, .T. ) ;
#1389 = DIRECTION ( 'NONE',  ( 0.000000000000000000, 0.000000000000000000, 1.000000000000000000 ) ) ;
#1390 = DIRECTION ( 'NONE',  ( 0.000000000000000000, 0.000000000000000000, 1.000000000000000000 ) ) ;
#1391 = ORIENTED_EDGE ( 'NONE', *, *, #666, .T. ) ;
#1392 = LINE ( 'NONE', #609, #543 ) ;
#1393 = EDGE_CURVE ( 'NONE', #1291, #43, #13, .T. ) ;
#1394 = VERTEX_POINT ( 'NONE', #1297 ) ;
#1395 = EDGE_LOOP ( 'NONE', ( #725, #1598, #432, #209 ) ) ;
#1396 = CYLINDRICAL_SURFACE ( 'NONE', #1451, 4.000000000000000000 ) ;
#1397 = B_SPLINE_CURVE_WITH_KNOTS ( 'NONE', 3,
 ( #1973, #1800, #1009, #1645, #977, #180, #211, #853, #1489, #1125 ),
 .UNSPECIFIED., .F., .F.,
 ( 4, 2, 2, 2, 4 ),
 ( 0.000000000000000000, 0.0003954513746076486176, 0.0007909027492152972353, 0.001186354123822945961, 0.001581805498430594471 ),
 .UNSPECIFIED. ) ;
#1398 = ADVANCED_FACE ( 'NONE', ( #1142 ), #843, .F. ) ;
#1399 = CARTESIAN_POINT ( 'NONE',  ( -2.171572875253813262, 39.00000000000000000, -5.999999999999998224 ) ) ;
#1400 = DIRECTION ( 'NONE',  ( 0.000000000000000000, 0.000000000000000000, 1.000000000000000000 ) ) ;
#1401 = EDGE_CURVE ( 'NONE', #201, #1304, #1054, .T. ) ;
#1402 = DIRECTION ( 'NONE',  ( 0.000000000000000000, 0.000000000000000000, -1.000000000000000000 ) ) ;
#1403 = FACE_OUTER_BOUND ( 'NONE', #1946, .T. ) ;
#1404 = PRODUCT_DEFINITION_SHAPE ( 'NONE', 'NONE',  #1661 ) ;
#1405 = CARTESIAN_POINT ( 'NONE',  ( -3.585786437626897971, 38.41421356237309936, -10.00000000000000178 ) ) ;
#1406 = ORIENTED_EDGE ( 'NONE', *, *, #2026, .T. ) ;
#1407 = ORIENTED_EDGE ( 'NONE', *, *, #1696, .T. ) ;
#1408 = DIRECTION ( 'NONE',  ( -0.000000000000000000, -0.000000000000000000, -1.000000000000000000 ) ) ;
#1409 = FACE_OUTER_BOUND ( 'NONE', #1612, .T. ) ;
#1410 = DIRECTION ( 'NONE',  ( -0.7071067811865525687, 0.000000000000000000, 0.7071067811865425767 ) ) ;
#1411 = CARTESIAN_POINT ( 'NONE',  ( 37.00000000000000711, 37.92572144546345214, -12.00000000000000000 ) ) ;
#1412 = CARTESIAN_POINT ( 'NONE',  ( 30.34314575050761675, 0.000000000000000000, 0.000000000000000000 ) ) ;
#1413 = CIRCLE ( 'NONE', #646, 0.8999999999999998002 ) ;
#1414 = ADVANCED_FACE ( 'NONE', ( #1460 ), #964, .F. ) ;
#1415 = AXIS2_PLACEMENT_3D ( 'NONE', #1468, #1781, #203 ) ;
#1416 = AXIS2_PLACEMENT_3D ( 'NONE', #1573, #1375, #425 ) ;
#1417 = FACE_OUTER_BOUND ( 'NONE', #1498, .T. ) ;
#1418 = AXIS2_PLACEMENT_3D ( 'NONE', #226, #1510, #80 ) ;
#1419 = ORIENTED_EDGE ( 'NONE', *, *, #435, .F. ) ;
#1420 = CARTESIAN_POINT ( 'NONE',  ( 37.00000000000000711, 4.999999999999990230, -16.00000000000000000 ) ) ;
#1421 = DIRECTION ( 'NONE',  ( -1.000000000000000000, -0.000000000000000000, -0.000000000000000000 ) ) ;
#1422 = DIRECTION ( 'NONE',  ( 1.000000000000000000, -0.000000000000000000, -0.000000000000000000 ) ) ;
#1423 = EDGE_LOOP ( 'NONE', ( #1062, #57, #1068, #1047, #206, #1805, #1956, #898 ) ) ;
#1424 = CARTESIAN_POINT ( 'NONE',  ( 0.000000000000000000, 33.00000000000000000, 0.000000000000000000 ) ) ;
#1425 = FACE_OUTER_BOUND ( 'NONE', #1228, .T. ) ;
#1426 = EDGE_CURVE ( 'NONE', #31, #1817, #364, .T. ) ;
#1427 = DIRECTION ( 'NONE',  ( -1.000000000000000000, -0.000000000000000000, -0.000000000000000000 ) ) ;
#1428 = ADVANCED_FACE ( 'NONE', ( #1948 ), #2067, .T. ) ;
#1429 = CARTESIAN_POINT ( 'NONE',  ( 16.50000000000000000, 0.000000000000000000, -7.999999999999998224 ) ) ;
#1430 = ORIENTED_EDGE ( 'NONE', *, *, #128, .F. ) ;
#1431 = FACE_OUTER_BOUND ( 'NONE', #2084, .T. ) ;
#1432 = DIRECTION ( 'NONE',  ( -0.000000000000000000, -1.000000000000000000, -0.000000000000000000 ) ) ;
#1433 = EDGE_LOOP ( 'NONE', ( #729, #222, #662, #1175 ) ) ;
#1434 = VERTEX_POINT ( 'NONE', #1156 ) ;
#1435 = DIRECTION ( 'NONE',  ( -0.000000000000000000, -1.000000000000000000, -0.000000000000000000 ) ) ;
#1436 = DIRECTION ( 'NONE',  ( 1.000000000000000000, 0.000000000000000000, 0.000000000000000000 ) ) ;
#1437 = DIRECTION ( 'NONE',  ( 0.000000000000000000, 0.000000000000000000, -1.000000000000000000 ) ) ;
#1438 = ORIENTED_EDGE ( 'NONE', *, *, #580, .F. ) ;
#1439 = DIRECTION ( 'NONE',  ( -1.000000000000000000, 0.000000000000000000, 0.000000000000000000 ) ) ;
#1440 = CARTESIAN_POINT ( 'NONE',  ( 16.50000000000000000, 2.700000000000000178, -7.999999999999998224 ) ) ;
#1441 = EDGE_CURVE ( 'NONE', #1154, #1295, #355, .T. ) ;
#1442 = ORIENTED_EDGE ( 'NONE', *, *, #943, .F. ) ;
#1443 = ORIENTED_EDGE ( 'NONE', *, *, #780, .F. ) ;
#1444 = LINE ( 'NONE', #1920, #854 ) ;
#1445 = DIRECTION ( 'NONE',  ( 0.000000000000000000, 1.000000000000000000, 0.000000000000000000 ) ) ;
#1446 = CARTESIAN_POINT ( 'NONE',  ( -2.999999999999992450, 39.00000000000000000, -10.00000000000000178 ) ) ;
#1447 = AXIS2_PLACEMENT_3D ( 'NONE', #1807, #1063, #223 ) ;
#1448 = AXIS2_PLACEMENT_3D ( 'NONE', #2054, #1241, #1886 ) ;
#1449 = CARTESIAN_POINT ( 'NONE',  ( 0.000000000000000000, 9.828427124746186294, 0.000000000000000000 ) ) ;
#1450 = ADVANCED_FACE ( 'NONE', ( #1957 ), #170, .T. ) ;
#1451 = AXIS2_PLACEMENT_3D ( 'NONE', #1230, #1079, #770 ) ;
#1452 = VERTEX_POINT ( 'NONE', #809 ) ;
#1453 = DIRECTION ( 'NONE',  ( -1.000000000000000000, -8.673617379884035472E-16, 0.000000000000000000 ) ) ;
#1454 = CARTESIAN_POINT ( 'NONE',  ( -2.171572875253809265, 33.00000000000000000, -16.00000000000000000 ) ) ;
#1455 = CARTESIAN_POINT ( 'NONE',  ( 37.00000000000000711, 11.00000000000000000, -8.900000000000000355 ) ) ;
#1456 = AXIS2_PLACEMENT_3D ( 'NONE', #109, #1103, #1733 ) ;
#1457 = EDGE_LOOP ( 'NONE', ( #1443, #1728, #1676, #998 ) ) ;
#1458 = ORIENTED_EDGE ( 'NONE', *, *, #1288, .T. ) ;
#1459 = EDGE_CURVE ( 'NONE', #39, #988, #1444, .T. ) ;
#1460 = FACE_OUTER_BOUND ( 'NONE', #1310, .T. ) ;
#1461 = AXIS2_PLACEMENT_3D ( 'NONE', #1429, #795, #1437 ) ;
#1462 = DIRECTION ( 'NONE',  ( 0.000000000000000000, 0.000000000000000000, -1.000000000000000000 ) ) ;
#1463 = CARTESIAN_POINT ( 'NONE',  ( 0.000000000000000000, 31.00000000000000000, -13.00000000000000533 ) ) ;
#1464 = ORIENTED_EDGE ( 'NONE', *, *, #11, .T. ) ;
#1465 = CARTESIAN_POINT ( 'NONE',  ( 16.50000000000000000, 0.000000000000000000, -7.999999999999998224 ) ) ;
#1466 = CARTESIAN_POINT ( 'NONE',  ( 36.20570084204868522, 4.205700842048671895, -0.2057008420486795830 ) ) ;
#1467 = ORIENTED_EDGE ( 'NONE', *, *, #310, .T. ) ;
#1468 = CARTESIAN_POINT ( 'NONE',  ( 28.17157287525378706, 7.000000000000000000, 0.000000000000000000 ) ) ;
#1469 = EDGE_CURVE ( 'NONE', #614, #1434, #182, .T. ) ;
#1470 = CARTESIAN_POINT ( 'NONE',  ( -2.171572875253813262, 39.00000000000000000, -10.00000000000000178 ) ) ;
#1471 = ADVANCED_FACE ( 'NONE', ( #523 ), #1638, .F. ) ;
#1472 = ORIENTED_EDGE ( 'NONE', *, *, #248, .T. ) ;
#1473 = CARTESIAN_POINT ( 'NONE',  ( -4.000000000000000000, 38.00000000000000711, -10.00000000000000178 ) ) ;
#1474 = DIRECTION ( 'NONE',  ( 0.000000000000000000, 0.000000000000000000, 1.000000000000000000 ) ) ;
#1475 = ORIENTED_EDGE ( 'NONE', *, *, #1469, .F. ) ;
#1476 = EDGE_LOOP ( 'NONE', ( #640, #363 ) ) ;
#1477 = CARTESIAN_POINT ( 'NONE',  ( 3.149999999999995470, 5.850000000000028066, -16.00000000000000000 ) ) ;
#1478 = DIRECTION ( 'NONE',  ( 0.000000000000000000, 1.000000000000000000, 0.000000000000000000 ) ) ;
#1479 = EDGE_CURVE ( 'NONE', #86, #1671, #1397, .T. ) ;
#1480 = CONICAL_SURFACE ( 'NONE', #1579, 5.000000000000006217, 0.7853981633974412846 ) ;
#1481 = VERTEX_POINT ( 'NONE', #1761 ) ;
#1482 = CARTESIAN_POINT ( 'NONE',  ( 0.000000000000000000, 2.700000000000000178, 0.000000000000000000 ) ) ;
#1483 = AXIS2_PLACEMENT_3D ( 'NONE', #1792, #1305, #649 ) ;
#1484 = CIRCLE ( 'NONE', #215, 0.9000000000000014655 ) ;
#1485 = CARTESIAN_POINT ( 'NONE',  ( 16.50000000000000000, 5.000000000000000000, -5.399999999999998579 ) ) ;
#1486 = CIRCLE ( 'NONE', #581, 2.499999999999998668 ) ;
#1487 = ORIENTED_EDGE ( 'NONE', *, *, #687, .F. ) ;
#1488 = ORIENTED_EDGE ( 'NONE', *, *, #820, .T. ) ;
#1489 = CARTESIAN_POINT ( 'NONE',  ( 35.30530788986013135, 38.99999999999999289, -12.00000000000000178 ) ) ;
#1490 = CIRCLE ( 'NONE', #1585, 5.999999999999998224 ) ;
#1491 = CIRCLE ( 'NONE', #186, 2.000000000000000000 ) ;
#1492 = DIRECTION ( 'NONE',  ( 0.5773502691896293948, -0.5773502691896269523, 0.5773502691896209571 ) ) ;
#1493 = EDGE_CURVE ( 'NONE', #110, #1736, #325, .T. ) ;
#1494 = CARTESIAN_POINT ( 'NONE',  ( 37.00000000000000711, 31.00000000000000000, -1.000000000000000888 ) ) ;
#1495 = EDGE_CURVE ( 'NONE', #1816, #1502, #2027, .T. ) ;
#1496 = EDGE_LOOP ( 'NONE', ( #1607, #1133, #250, #720 ) ) ;
#1497 = DIRECTION ( 'NONE',  ( 0.000000000000000000, 0.000000000000000000, -1.000000000000000000 ) ) ;
#1498 = EDGE_LOOP ( 'NONE', ( #1272, #266, #1990, #1472, #301, #353 ) ) ;
#1499 = ORIENTED_EDGE ( 'NONE', *, *, #1003, .F. ) ;
#1500 = CARTESIAN_POINT ( 'NONE',  ( 0.000000000000000000, 11.00000000000000000, -7.100000000000000533 ) ) ;
#1501 = DIRECTION ( 'NONE',  ( 0.000000000000000000, 1.156482317317871331E-15, -1.000000000000000000 ) ) ;
#1502 = VERTEX_POINT ( 'NONE', #1500 ) ;
#1503 = FACE_OUTER_BOUND ( 'NONE', #1027, .T. ) ;
#1504 =( LENGTH_UNIT ( ) NAMED_UNIT ( * ) SI_UNIT ( .MILLI., .METRE. ) );
#1505 = ORIENTED_EDGE ( 'NONE', *, *, #37, .T. ) ;
#1506 = EDGE_LOOP ( 'NONE', ( #808, #1936, #1442, #1488 ) ) ;
#1507 = CARTESIAN_POINT ( 'NONE',  ( 16.50000000000000000, 2.700000000000000178, -7.999999999999998224 ) ) ;
#1508 = FACE_OUTER_BOUND ( 'NONE', #371, .T. ) ;
#1509 = VECTOR ( 'NONE', #1368, 1000.000000000000000 ) ;
#1510 = DIRECTION ( 'NONE',  ( 1.000000000000000000, 0.000000000000000000, 0.000000000000000000 ) ) ;
#1511 = MANIFOLD_SOLID_BREP ( 'Chamfer4', #1344 ) ;
#1512 = CARTESIAN_POINT ( 'NONE',  ( 35.43652320669680478, 38.98593229189586395, -3.999999999999999112 ) ) ;
#1513 = PERSON_AND_ORGANIZATION ( #107, #913 ) ;
#1514 = EDGE_CURVE ( 'NONE', #372, #815, #541, .T. ) ;
#1515 = PRODUCT_DEFINITION_FORMATION_WITH_SPECIFIED_SOURCE ( 'ANY', '', #1109, .NOT_KNOWN. ) ;
#1516 = EDGE_LOOP ( 'NONE', ( #866, #142 ) ) ;
#1517 = VECTOR ( 'NONE', #1366, 1000.000000000000000 ) ;
#1518 = EDGE_LOOP ( 'NONE', ( #2059, #1505 ) ) ;
#1519 = FACE_OUTER_BOUND ( 'NONE', #1496, .T. ) ;
#1520 = CIRCLE ( 'NONE', #1963, 5.000000000000004441 ) ;
#1521 = AXIS2_PLACEMENT_3D ( 'NONE', #633, #476, #1119 ) ;
#1522 = EDGE_CURVE ( 'NONE', #579, #1248, #1044, .T. ) ;
#1523 = CIRCLE ( 'NONE', #825, 5.000000000000004441 ) ;
#1524 = CARTESIAN_POINT ( 'NONE',  ( 37.00000000000000711, 31.00000000000000000, -4.000000000000000000 ) ) ;
#1525 = LINE ( 'NONE', #1359, #278 ) ;
#1526 = VECTOR ( 'NONE', #1891, 1000.000000000000000 ) ;
#1527 = DIRECTION ( 'NONE',  ( -0.000000000000000000, 1.000000000000000000, 0.000000000000000000 ) ) ;
#1528 = ADVANCED_FACE ( 'NONE', ( #1210, #1019, #397 ), #1853, .T. ) ;
#1529 = VERTEX_POINT ( 'NONE', #552 ) ;
#1530 = VERTEX_POINT ( 'NONE', #867 ) ;
#1531 = CARTESIAN_POINT ( 'NONE',  ( -4.000000000000000000, 0.000000000000000000, -15.00000000000000711 ) ) ;
#1532 = DIRECTION ( 'NONE',  ( 1.000000000000000000, -0.000000000000000000, -0.000000000000000000 ) ) ;
#1533 = EDGE_LOOP ( 'NONE', ( #1067, #481, #457, #1975 ) ) ;
#1534 = ADVANCED_FACE ( 'NONE', ( #1032 ), #1677, .F. ) ;
#1535 = DATE_TIME_ROLE ( 'creation_date' ) ;
#1536 = VERTEX_POINT ( 'NONE', #530 ) ;
#1537 = DIRECTION ( 'NONE',  ( 0.000000000000000000, 1.000000000000000000, 0.000000000000000000 ) ) ;
#1538 = FACE_BOUND ( 'NONE', #1069, .T. ) ;
#1539 = CARTESIAN_POINT ( 'NONE',  ( -4.000000000000000000, 33.00000000000000000, -15.00000000000000888 ) ) ;
#1540 = ORIENTED_EDGE ( 'NONE', *, *, #1191, .F. ) ;
#1541 = ORIENTED_EDGE ( 'NONE', *, *, #1833, .T. ) ;
#1542 = LINE ( 'NONE', #592, #719 ) ;
#1543 = LINE ( 'NONE', #118, #152 ) ;
#1544 = VECTOR ( 'NONE', #1882, 999.9999999999998863 ) ;
#1545 = FACE_OUTER_BOUND ( 'NONE', #1433, .T. ) ;
#1546 = CIRCLE ( 'NONE', #1618, 4.000000000000000000 ) ;
#1547 = AXIS2_PLACEMENT_3D ( 'NONE', #460, #1740, #1436 ) ;
#1548 = AXIS2_PLACEMENT_3D ( 'NONE', #300, #930, #1070 ) ;
#1549 = CARTESIAN_POINT ( 'NONE',  ( 16.50000000000000000, 2.700000000000000178, -7.999999999999998224 ) ) ;
#1550 = ORIENTED_EDGE ( 'NONE', *, *, #1775, .T. ) ;
#1551 = EDGE_CURVE ( 'NONE', #1601, #2009, #783, .T. ) ;
#1552 = AXIS2_PLACEMENT_3D ( 'NONE', #844, #1478, #46 ) ;
#1553 = CIRCLE ( 'NONE', #1929, 0.8999999999999998002 ) ;
#1554 = CARTESIAN_POINT ( 'NONE',  ( 28.17157287525378706, 5.000000000000000000, 0.000000000000000000 ) ) ;
#1555 = EDGE_CURVE ( 'NONE', #1452, #1147, #1339, .T. ) ;
#1556 = ORIENTED_EDGE ( 'NONE', *, *, #1121, .F. ) ;
#1557 = EDGE_LOOP ( 'NONE', ( #691, #769 ) ) ;
#1558 = CARTESIAN_POINT ( 'NONE',  ( 37.00000000000000711, 23.00000000000000000, -8.900000000000002132 ) ) ;
#1559 = CYLINDRICAL_SURFACE ( 'NONE', #49, 2.000000000000001776 ) ;
#1560 = EDGE_CURVE ( 'NONE', #1234, #1380, #1523, .T. ) ;
#1561 = DIRECTION ( 'NONE',  ( 0.000000000000000000, 0.000000000000000000, -1.000000000000000000 ) ) ;
#1562 = CARTESIAN_POINT ( 'NONE',  ( 37.00000000000000711, 31.00000000000000000, -4.000000000000000000 ) ) ;
#1563 = CYLINDRICAL_SURFACE ( 'NONE', #1927, 2.000000000000000000 ) ;
#1564 = DIRECTION ( 'NONE',  ( -0.000000000000000000, 1.000000000000000000, -0.000000000000000000 ) ) ;
#1565 = EDGE_LOOP ( 'NONE', ( #1075, #1703, #1654, #1760 ) ) ;
#1566 = ORIENTED_EDGE ( 'NONE', *, *, #1738, .F. ) ;
#1567 = CARTESIAN_POINT ( 'NONE',  ( -4.000000000000000000, 4.999999999999990230, 0.000000000000000000 ) ) ;
#1568 = LINE ( 'NONE', #1232, #1924 ) ;
#1569 = DIRECTION ( 'NONE',  ( -0.000000000000000000, -1.000000000000000000, -0.000000000000000000 ) ) ;
#1570 = DIRECTION ( 'NONE',  ( 1.000000000000000000, 0.000000000000000000, 0.000000000000000000 ) ) ;
#1571 = DIRECTION ( 'NONE',  ( 0.000000000000000000, 0.000000000000000000, 1.000000000000000000 ) ) ;
#1572 = ORIENTED_EDGE ( 'NONE', *, *, #1012, .F. ) ;
#1573 = CARTESIAN_POINT ( 'NONE',  ( 35.17157287525381548, 33.34314575050760965, -10.00000000000000178 ) ) ;
#1574 = CARTESIAN_POINT ( 'NONE',  ( -4.000000000000000000, 0.000000000000000000, -0.9999999999999933387 ) ) ;
#1575 = ADVANCED_FACE ( 'NONE', ( #1519 ), #1328, .F. ) ;
#1576 = ORIENTED_EDGE ( 'NONE', *, *, #1271, .F. ) ;
#1577 = CARTESIAN_POINT ( 'NONE',  ( 33.00000000000000000, 39.00000000000000000, -15.99999999999999645 ) ) ;
#1578 = CARTESIAN_POINT ( 'NONE',  ( 0.000000000000000000, 0.000000000000000000, 0.000000000000000000 ) ) ;
#1579 = AXIS2_PLACEMENT_3D ( 'NONE', #1777, #1953, #625 ) ;
#1580 = EDGE_CURVE ( 'NONE', #2087, #31, #544, .T. ) ;
#1581 = DIRECTION ( 'NONE',  ( 0.000000000000000000, 0.000000000000000000, 1.000000000000000000 ) ) ;
#1582 = AXIS2_PLACEMENT_3D ( 'NONE', #673, #196, #25 ) ;
#1583 = TOROIDAL_SURFACE ( 'NONE', #1021, 3.999999999999997335, 2.000000000000000000 ) ;
#1584 = VECTOR ( 'NONE', #466, 1000.000000000000114 ) ;
#1585 = AXIS2_PLACEMENT_3D ( 'NONE', #984, #1916, #6 ) ;
#1586 = EDGE_CURVE ( 'NONE', #1985, #1644, #1830, .T. ) ;
#1587 = DIRECTION ( 'NONE',  ( 0.000000000000000000, 0.000000000000000000, 1.000000000000000000 ) ) ;
#1588 = CIRCLE ( 'NONE', #1418, 6.000000000000000000 ) ;
#1589 = ORIENTED_EDGE ( 'NONE', *, *, #594, .T. ) ;
#1590 = DIRECTION ( 'NONE',  ( 1.000000000000000000, 0.000000000000000000, 0.000000000000000000 ) ) ;
#1591 = DIRECTION ( 'NONE',  ( -1.000000000000000000, 0.000000000000000000, 0.000000000000000000 ) ) ;
#1592 = ORIENTED_EDGE ( 'NONE', *, *, #1580, .T. ) ;
#1593 = ORIENTED_EDGE ( 'NONE', *, *, #2090, .T. ) ;
#1594 = DIRECTION ( 'NONE',  ( 0.000000000000000000, 1.000000000000000000, 0.000000000000000000 ) ) ;
#1595 = CARTESIAN_POINT ( 'NONE',  ( 33.00000000000000000, 11.00000000000000000, -8.000000000000000000 ) ) ;
#1596 = EDGE_CURVE ( 'NONE', #1031, #1304, #1667, .T. ) ;
#1597 = DIRECTION ( 'NONE',  ( 0.000000000000000000, 0.000000000000000000, -1.000000000000000000 ) ) ;
#1598 = ORIENTED_EDGE ( 'NONE', *, *, #836, .F. ) ;
#1599 = CARTESIAN_POINT ( 'NONE',  ( 36.58578643762690774, 33.34314575050760965, -5.999999999999998224 ) ) ;
#1600 = PLANE ( 'NONE',  #858 ) ;
#1601 = VERTEX_POINT ( 'NONE', #88 ) ;
#1602 = CARTESIAN_POINT ( 'NONE',  ( 37.00000000000000711, 23.00000000000000000, -8.900000000000002132 ) ) ;
#1603 = CARTESIAN_POINT ( 'NONE',  ( -4.000000000000000000, 39.00000000000000000, -10.00000000000000178 ) ) ;
#1604 = CYLINDRICAL_SURFACE ( 'NONE', #1625, 6.000000000000000000 ) ;
#1605 = EDGE_CURVE ( 'NONE', #1345, #1164, #1685, .T. ) ;
#1606 = DIRECTION ( 'NONE',  ( -0.000000000000000000, -1.000000000000000000, -0.000000000000000000 ) ) ;
#1607 = ORIENTED_EDGE ( 'NONE', *, *, #288, .F. ) ;
#1608 = CYLINDRICAL_SURFACE ( 'NONE', #539, 4.000000000000000000 ) ;
#1609 = DIRECTION ( 'NONE',  ( 0.000000000000000000, 0.000000000000000000, -1.000000000000000000 ) ) ;
#1610 = FACE_OUTER_BOUND ( 'NONE', #464, .T. ) ;
#1611 = ORIENTED_EDGE ( 'NONE', *, *, #1479, .F. ) ;
#1612 = EDGE_LOOP ( 'NONE', ( #1914, #1791, #590, #444, #507, #24 ) ) ;
#1613 = CARTESIAN_POINT ( 'NONE',  ( 45.66666666666669983, 13.66666666666665009, -6.333333333333360571 ) ) ;
#1614 = LINE ( 'NONE', #181, #2064 ) ;
#1615 = CARTESIAN_POINT ( 'NONE',  ( 33.00000000000000000, 11.00000000000000000, -8.000000000000000000 ) ) ;
#1616 = LOCAL_TIME ( 20, 44, 18.00000000000000000, #413 ) ;
#1617 = EDGE_CURVE ( 'NONE', #1966, #179, #77, .T. ) ;
#1618 = AXIS2_PLACEMENT_3D ( 'NONE', #954, #2088, #428 ) ;
#1619 = CIRCLE ( 'NONE', #1313, 2.000000000000001776 ) ;
#1620 = CARTESIAN_POINT ( 'NONE',  ( 16.50000000000000000, 3.700000000000000178, -7.999999999999998224 ) ) ;
#1621 = AXIS2_PLACEMENT_3D ( 'NONE', #1387, #604, #1080 ) ;
#1622 = ORIENTED_EDGE ( 'NONE', *, *, #1964, .F. ) ;
#1623 = DIRECTION ( 'NONE',  ( 0.000000000000000000, 0.000000000000000000, -1.000000000000000000 ) ) ;
#1624 = CARTESIAN_POINT ( 'NONE',  ( 36.58578643762690774, 4.585786437626897083, -0.5857864376269045215 ) ) ;
#1625 = AXIS2_PLACEMENT_3D ( 'NONE', #811, #837, #1136 ) ;
#1626 = ORIENTED_EDGE ( 'NONE', *, *, #639, .T. ) ;
#1627 = ORIENTED_EDGE ( 'NONE', *, *, #1441, .T. ) ;
#1628 = DIRECTION ( 'NONE',  ( -1.000000000000000000, -0.000000000000000000, -0.000000000000000000 ) ) ;
#1629 = AXIS2_PLACEMENT_3D ( 'NONE', #1277, #1742, #496 ) ;
#1630 = CARTESIAN_POINT ( 'NONE',  ( 36.58578643762593430, 38.37441880004440975, -4.000000000000000000 ) ) ;
#1631 = EDGE_CURVE ( 'NONE', #1380, #1234, #515, .T. ) ;
#1632 = DIRECTION ( 'NONE',  ( -1.000000000000000000, -0.000000000000000000, -0.000000000000000000 ) ) ;
#1633 = DIRECTION ( 'NONE',  ( 0.000000000000000000, 1.000000000000000000, 0.000000000000000000 ) ) ;
#1634 = CARTESIAN_POINT ( 'NONE',  ( -4.000000000000000000, 23.00000000000000000, -8.900000000000002132 ) ) ;
#1635 = LINE ( 'NONE', #659, #2032 ) ;
#1636 = ORIENTED_EDGE ( 'NONE', *, *, #473, .T. ) ;
#1637 = EDGE_LOOP ( 'NONE', ( #570, #877, #1382, #1199 ) ) ;
#1638 = PLANE ( 'NONE',  #1312 ) ;
#1639 = DIRECTION ( 'NONE',  ( -1.000000000000000000, -0.000000000000000000, -0.000000000000000000 ) ) ;
#1640 = ORIENTED_EDGE ( 'NONE', *, *, #1686, .F. ) ;
#1641 = DIRECTION ( 'NONE',  ( 0.000000000000000000, 0.000000000000000000, 1.000000000000000000 ) ) ;
#1642 = DIRECTION ( 'NONE',  ( -1.000000000000000000, -0.000000000000000000, -0.000000000000000000 ) ) ;
#1643 = EDGE_LOOP ( 'NONE', ( #1327, #1904, #1030, #751 ) ) ;
#1644 = VERTEX_POINT ( 'NONE', #252 ) ;
#1645 = CARTESIAN_POINT ( 'NONE',  ( 36.18172171212467703, 38.71387591817921248, -12.00000000000000178 ) ) ;
#1646 = EDGE_CURVE ( 'NONE', #822, #1693, #894, .T. ) ;
#1647 = AXIS2_PLACEMENT_3D ( 'NONE', #508, #1590, #1269 ) ;
#1648 = ORIENTED_EDGE ( 'NONE', *, *, #622, .F. ) ;
#1649 = CARTESIAN_POINT ( 'NONE',  ( 37.00000000000000711, 37.92572144546345214, -12.00000000000000000 ) ) ;
#1650 = AXIS2_PLACEMENT_3D ( 'NONE', #302, #1594, #1719 ) ;
#1651 = AXIS2_PLACEMENT_3D ( 'NONE', #1482, #1342, #847 ) ;
#1652 = PERSON_AND_ORGANIZATION ( #107, #913 ) ;
#1653 = AXIS2_PLACEMENT_3D ( 'NONE', #360, #819, #192 ) ;
#1654 = ORIENTED_EDGE ( 'NONE', *, *, #1146, .F. ) ;
#1655 = VERTEX_POINT ( 'NONE', #572 ) ;
#1656 = DIRECTION ( 'NONE',  ( 0.000000000000000000, 1.000000000000000000, 0.000000000000000000 ) ) ;
#1657 = VECTOR ( 'NONE', #494, 999.9999999999998863 ) ;
#1658 = AXIS2_PLACEMENT_3D ( 'NONE', #378, #214, #337 ) ;
#1659 = CARTESIAN_POINT ( 'NONE',  ( 30.34314575050761675, 0.000000000000000000, -16.00000000000000000 ) ) ;
#1660 = DIRECTION ( 'NONE',  ( 0.000000000000000000, -1.000000000000000000, 0.000000000000000000 ) ) ;
#1661 = PRODUCT_DEFINITION ( 'UNKNOWN', '', #1515, #1331 ) ;
#1662 = EDGE_CURVE ( 'NONE', #1671, #372, #1315, .T. ) ;
#1663 = VERTEX_POINT ( 'NONE', #280 ) ;
#1664 = CARTESIAN_POINT ( 'NONE',  ( 33.00000000000000000, 31.00000000000000000, -12.00000000000000000 ) ) ;
#1665 = ORIENTED_EDGE ( 'NONE', *, *, #813, .T. ) ;
#1666 = VERTEX_POINT ( 'NONE', #1238 ) ;
#1667 = LINE ( 'NONE', #1683, #747 ) ;
#1668 = LINE ( 'NONE', #1841, #1184 ) ;
#1669 = CARTESIAN_POINT ( 'NONE',  ( 32.41421356237309226, 8.414213562373078048, -16.00000000000000000 ) ) ;
#1670 = FACE_OUTER_BOUND ( 'NONE', #277, .T. ) ;
#1671 = VERTEX_POINT ( 'NONE', #1250 ) ;
#1672 = CYLINDRICAL_SURFACE ( 'NONE', #1084, 5.999999999999998224 ) ;
#1673 = CARTESIAN_POINT ( 'NONE',  ( 4.828427124746215604, 7.000000000000000000, 0.000000000000000000 ) ) ;
#1674 = ADVANCED_FACE ( 'NONE', ( #1538, #921 ), #1883, .T. ) ;
#1675 = VERTEX_POINT ( 'NONE', #1558 ) ;
#1676 = ORIENTED_EDGE ( 'NONE', *, *, #376, .F. ) ;
#1677 = CYLINDRICAL_SURFACE ( 'NONE', #513, 2.600000000000000089 ) ;
#1678 = DIRECTION ( 'NONE',  ( 0.000000000000000000, 0.000000000000000000, -1.000000000000000000 ) ) ;
#1679 = DIRECTION ( 'NONE',  ( -0.7071067811865525687, -0.7071067811865425767, 0.000000000000000000 ) ) ;
#1680 = ORIENTED_EDGE ( 'NONE', *, *, #1426, .F. ) ;
#1681 = AXIS2_PLACEMENT_3D ( 'NONE', #2057, #1701, #94 ) ;
#1682 = ORIENTED_EDGE ( 'NONE', *, *, #361, .F. ) ;
#1683 = CARTESIAN_POINT ( 'NONE',  ( -2.171572875253813262, 39.00000000000000000, -5.999999999999998224 ) ) ;
#1684 = TOROIDAL_SURFACE ( 'NONE', #1055, 4.000000000000005329, 2.000000000000000000 ) ;
#1685 = CIRCLE ( 'NONE', #15, 4.000000000000003553 ) ;
#1686 = EDGE_CURVE ( 'NONE', #1536, #475, #2069, .T. ) ;
#1687 = DIRECTION ( 'NONE',  ( 0.000000000000000000, 0.000000000000000000, 1.000000000000000000 ) ) ;
#1688 = CIRCLE ( 'NONE', #1286, 5.999999999999998224 ) ;
#1689 = VECTOR ( 'NONE', #69, 1000.000000000000000 ) ;
#1690 = DIRECTION ( 'NONE',  ( 0.000000000000000000, 0.000000000000000000, 1.000000000000000000 ) ) ;
#1691 = ORIENTED_EDGE ( 'NONE', *, *, #801, .T. ) ;
#1692 = PERSON_AND_ORGANIZATION_ROLE ( 'creator' ) ;
#1693 = VERTEX_POINT ( 'NONE', #117 ) ;
#1694 = CARTESIAN_POINT ( 'NONE',  ( -3.585786437626894863, 4.585786437626887313, -15.41421356237310647 ) ) ;
#1695 = DIRECTION ( 'NONE',  ( 0.000000000000000000, 0.000000000000000000, -1.000000000000000000 ) ) ;
#1696 = EDGE_CURVE ( 'NONE', #1248, #259, #2031, .T. ) ;
#1697 = CARTESIAN_POINT ( 'NONE',  ( 16.50000000000000000, 2.700000000000000178, -7.999999999999998224 ) ) ;
#1698 = EDGE_CURVE ( 'NONE', #1363, #2028, #939, .T. ) ;
#1699 = CARTESIAN_POINT ( 'NONE',  ( -4.000000000000000000, 38.00000000000000711, 0.000000000000000000 ) ) ;
#1700 = EDGE_LOOP ( 'NONE', ( #1806, #403 ) ) ;
#1701 = DIRECTION ( 'NONE',  ( -0.7071067811865461294, 0.7071067811865490160, 0.000000000000000000 ) ) ;
#1702 = CALENDAR_DATE ( 2026, 28, 7 ) ;
#1703 = ORIENTED_EDGE ( 'NONE', *, *, #1960, .T. ) ;
#1704 = CARTESIAN_POINT ( 'NONE',  ( -4.000000000000000000, 33.00000000000000000, -0.9999999999999941158 ) ) ;
#1705 = DIRECTION ( 'NONE',  ( 0.000000000000000000, -1.000000000000000000, 0.000000000000000000 ) ) ;
#1706 = EDGE_CURVE ( 'NONE', #1164, #1798, #1542, .T. ) ;
#1707 = CARTESIAN_POINT ( 'NONE',  ( 0.000000000000000000, 2.700000000000000178, 0.000000000000000000 ) ) ;
#1708 = DIRECTION ( 'NONE',  ( -1.000000000000000000, -0.000000000000000000, -0.000000000000000000 ) ) ;
#1709 = ORIENTED_EDGE ( 'NONE', *, *, #540, .T. ) ;
#1710 = EDGE_CURVE ( 'NONE', #1675, #758, #447, .T. ) ;
#1711 = CARTESIAN_POINT ( 'NONE',  ( -4.000000000000000000, 11.00000000000000000, -7.100000000000000533 ) ) ;
#1712 = EDGE_CURVE ( 'NONE', #1205, #240, #434, .T. ) ;
#1713 = ORIENTED_EDGE ( 'NONE', *, *, #506, .F. ) ;
#1714 = ORIENTED_EDGE ( 'NONE', *, *, #7, .F. ) ;
#1715 = DIRECTION ( 'NONE',  ( -1.000000000000000000, -0.000000000000000000, -0.000000000000000000 ) ) ;
#1716 = CARTESIAN_POINT ( 'NONE',  ( 37.00000000000000711, 31.00000000000000000, -12.00000000000000000 ) ) ;
#1717 = LOCAL_TIME ( 20, 44, 18.00000000000000000, #73 ) ;
#1718 = TOROIDAL_SURFACE ( 'NONE', #1521, 4.000000000000000888, 2.000000000000000000 ) ;
#1719 = DIRECTION ( 'NONE',  ( 0.000000000000000000, 0.000000000000000000, 1.000000000000000000 ) ) ;
#1720 = CYLINDRICAL_SURFACE ( 'NONE', #445, 1.099999999999998535 ) ;
#1721 = AXIS2_PLACEMENT_3D ( 'NONE', #1357, #874, #1695 ) ;
#1722 = VECTOR ( 'NONE', #563, 1000.000000000000000 ) ;
#1723 = FACE_OUTER_BOUND ( 'NONE', #2045, .T. ) ;
#1724 = AXIS2_PLACEMENT_3D ( 'NONE', #1783, #1307, #1958 ) ;
#1725 = CIRCLE ( 'NONE', #2000, 2.000000000000000000 ) ;
#1726 = ADVANCED_FACE ( 'NONE', ( #1737 ), #1730, .F. ) ;
#1727 = CARTESIAN_POINT ( 'NONE',  ( 36.58578643762690774, 4.585786437626897083, -0.5857864376269045215 ) ) ;
#1728 = ORIENTED_EDGE ( 'NONE', *, *, #1338, .T. ) ;
#1729 = CARTESIAN_POINT ( 'NONE',  ( 16.50000000000000000, 3.700000000000000178, -7.999999999999998224 ) ) ;
#1730 = CYLINDRICAL_SURFACE ( 'NONE', #281, 4.000000000000000000 ) ;
#1731 = CARTESIAN_POINT ( 'NONE',  ( 36.20570084204867101, 4.205700842048656796, -15.79429915795132366 ) ) ;
#1732 = LINE ( 'NONE', #2089, #1185 ) ;
#1733 = DIRECTION ( 'NONE',  ( 0.000000000000000000, 0.000000000000000000, 1.000000000000000000 ) ) ;
#1734 = LINE ( 'NONE', #782, #189 ) ;
#1735 = ORIENTED_EDGE ( 'NONE', *, *, #361, .T. ) ;
#1736 = VERTEX_POINT ( 'NONE', #106 ) ;
#1737 = FACE_OUTER_BOUND ( 'NONE', #841, .T. ) ;
#1738 = EDGE_CURVE ( 'NONE', #953, #1675, #1022, .T. ) ;
#1739 = LINE ( 'NONE', #1072, #1213 ) ;
#1740 = DIRECTION ( 'NONE',  ( 0.000000000000000000, 0.000000000000000000, 1.000000000000000000 ) ) ;
#1741 = DIRECTION ( 'NONE',  ( 0.000000000000000000, 1.156482317317871331E-15, -1.000000000000000000 ) ) ;
#1742 = DIRECTION ( 'NONE',  ( -0.000000000000000000, -1.000000000000000000, -0.000000000000000000 ) ) ;
#1743 = ORIENTED_EDGE ( 'NONE', *, *, #597, .F. ) ;
#1744 = DIRECTION ( 'NONE',  ( -0.000000000000000000, -1.000000000000000000, -0.000000000000000000 ) ) ;
#1745 = FACE_OUTER_BOUND ( 'NONE', #341, .T. ) ;
#1746 = DIRECTION ( 'NONE',  ( 0.000000000000000000, 0.000000000000000000, -1.000000000000000000 ) ) ;
#1747 = EDGE_LOOP ( 'NONE', ( #959, #1467, #148, #1258 ) ) ;
#1748 = ORIENTED_EDGE ( 'NONE', *, *, #1580, .F. ) ;
#1749 = DIRECTION ( 'NONE',  ( 0.7071067811865489050, -0.7071067811865460184, 0.000000000000000000 ) ) ;
#1750 = DIRECTION ( 'NONE',  ( -0.000000000000000000, -1.000000000000000000, -0.000000000000000000 ) ) ;
#1751 = AXIS2_PLACEMENT_3D ( 'NONE', #2007, #1827, #1977 ) ;
#1752 = VECTOR ( 'NONE', #797, 1000.000000000000000 ) ;
#1753 = EDGE_CURVE ( 'NONE', #1323, #1693, #1223, .T. ) ;
#1754 = AXIS2_PLACEMENT_3D ( 'NONE', #1771, #511, #33 ) ;
#1755 = CIRCLE ( 'NONE', #856, 2.000000000000000000 ) ;
#1756 = CARTESIAN_POINT ( 'NONE',  ( 16.50000000000000000, 3.700000000000000178, -9.099999999999997868 ) ) ;
#1757 = VERTEX_POINT ( 'NONE', #1866 ) ;
#1758 = FACE_BOUND ( 'NONE', #784, .T. ) ;
#1759 = CARTESIAN_POINT ( 'NONE',  ( 16.50000000000000000, 2.700000000000000178, -5.500000000000000000 ) ) ;
#1760 = ORIENTED_EDGE ( 'NONE', *, *, #1204, .T. ) ;
#1761 = CARTESIAN_POINT ( 'NONE',  ( 35.17157287525381548, 38.99999999999999289, -4.000000000000000000 ) ) ;
#1762 = ADVANCED_FACE ( 'NONE', ( #1745 ), #615, .T. ) ;
#1763 = LINE ( 'NONE', #1274, #347 ) ;
#1764 = ADVANCED_FACE ( 'NONE', ( #1386 ), #1396, .T. ) ;
#1765 = DIRECTION ( 'NONE',  ( -1.000000000000000000, 0.000000000000000000, 0.000000000000000000 ) ) ;
#1766 = EDGE_LOOP ( 'NONE', ( #1017, #1263, #178, #550 ) ) ;
#1767 = CARTESIAN_POINT ( 'NONE',  ( 0.000000000000000000, 39.00000000000000000, -10.00000000000000178 ) ) ;
#1768 = CARTESIAN_POINT ( 'NONE',  ( -2.171572875253809265, 3.171572875253811485, -16.00000000000000000 ) ) ;
#1769 = ORIENTED_EDGE ( 'NONE', *, *, #195, .T. ) ;
#1770 = EDGE_LOOP ( 'NONE', ( #1370, #1209, #1780, #647 ) ) ;
#1771 = CARTESIAN_POINT ( 'NONE',  ( 37.00000000000000711, 23.00000000000000000, -8.000000000000000000 ) ) ;
#1772 = EDGE_CURVE ( 'NONE', #1798, #420, #119, .T. ) ;
#1773 = ADVANCED_FACE ( 'NONE', ( #145 ), #1098, .F. ) ;
#1774 = DIRECTION ( 'NONE',  ( 0.000000000000000000, 1.000000000000000000, 0.000000000000000000 ) ) ;
#1775 = EDGE_CURVE ( 'NONE', #179, #822, #348, .T. ) ;
#1776 = VERTEX_POINT ( 'NONE', #1293 ) ;
#1777 = CARTESIAN_POINT ( 'NONE',  ( -4.000000000000000000, 33.00000000000000000, -10.00000000000000178 ) ) ;
#1778 = DIRECTION ( 'NONE',  ( 0.7071067811865500152, 0.000000000000000000, 0.7071067811865451302 ) ) ;
#1779 = DIRECTION ( 'NONE',  ( 0.000000000000000000, 1.000000000000000000, 0.000000000000000000 ) ) ;
#1780 = ORIENTED_EDGE ( 'NONE', *, *, #2082, .F. ) ;
#1781 = DIRECTION ( 'NONE',  ( 0.000000000000000000, 0.000000000000000000, -1.000000000000000000 ) ) ;
#1782 = LINE ( 'NONE', #343, #1151 ) ;
#1783 = CARTESIAN_POINT ( 'NONE',  ( -3.585786437626895307, 33.00000000000000000, -5.999999999999998224 ) ) ;
#1784 = CIRCLE ( 'NONE', #886, 6.000000000000000000 ) ;
#1785 = CIRCLE ( 'NONE', #1214, 4.999999999999997335 ) ;
#1786 = AXIS2_PLACEMENT_3D ( 'NONE', #1182, #1818, #561 ) ;
#1787 = ORIENTED_EDGE ( 'NONE', *, *, #1646, .F. ) ;
#1788 = DIRECTION ( 'NONE',  ( 0.000000000000000000, -0.000000000000000000, 1.000000000000000000 ) ) ;
#1789 = AXIS2_PLACEMENT_3D ( 'NONE', #598, #1427, #429 ) ;
#1790 = ORIENTED_EDGE ( 'NONE', *, *, #1372, .T. ) ;
#1791 = ORIENTED_EDGE ( 'NONE', *, *, #265, .T. ) ;
#1792 = CARTESIAN_POINT ( 'NONE',  ( 37.00000000000000711, 33.34314575050760965, -5.999999999999998224 ) ) ;
#1793 = LINE ( 'NONE', #1983, #1321 ) ;
#1794 = ORIENTED_EDGE ( 'NONE', *, *, #1596, .F. ) ;
#1795 = FACE_BOUND ( 'NONE', #1834, .T. ) ;
#1796 = CARTESIAN_POINT ( 'NONE',  ( 2.656854249492385911, 0.000000000000000000, 0.000000000000000000 ) ) ;
#1797 = ORIENTED_EDGE ( 'NONE', *, *, #1288, .F. ) ;
#1798 = VERTEX_POINT ( 'NONE', #1968 ) ;
#1799 = EDGE_CURVE ( 'NONE', #2037, #1434, #5, .T. ) ;
#1800 = CARTESIAN_POINT ( 'NONE',  ( 36.49481705847904323, 38.47231204525066062, -12.00000000000000355 ) ) ;
#1801 = PLANE ( 'NONE',  #121 ) ;
#1802 = ORIENTED_EDGE ( 'NONE', *, *, #2005, .T. ) ;
#1803 = DIRECTION ( 'NONE',  ( -1.000000000000000000, 0.000000000000000000, 0.000000000000000000 ) ) ;
#1804 =( NAMED_UNIT ( * ) PLANE_ANGLE_UNIT ( ) SI_UNIT ( $, .RADIAN. ) );
#1805 = ORIENTED_EDGE ( 'NONE', *, *, #968, .T. ) ;
#1806 = ORIENTED_EDGE ( 'NONE', *, *, #374, .F. ) ;
#1807 = CARTESIAN_POINT ( 'NONE',  ( 0.000000000000000000, 11.00000000000000000, -8.000000000000000000 ) ) ;
#1808 = DIRECTION ( 'NONE',  ( 0.000000000000000000, 0.000000000000000000, -1.000000000000000000 ) ) ;
#1809 = EDGE_CURVE ( 'NONE', #1380, #1061, #1281, .T. ) ;
#1810 = DIRECTION ( 'NONE',  ( -0.000000000000000000, 1.000000000000000000, -0.000000000000000000 ) ) ;
#1811 = CIRCLE ( 'NONE', #1180, 5.414213562373096700 ) ;
#1812 = ORIENTED_EDGE ( 'NONE', *, *, #78, .T. ) ;
#1813 = LINE ( 'NONE', #1664, #718 ) ;
#1814 = AXIS2_PLACEMENT_3D ( 'NONE', #1065, #224, #1857 ) ;
#1815 = AXIS2_PLACEMENT_3D ( 'NONE', #1206, #274, #2046 ) ;
#1816 = VERTEX_POINT ( 'NONE', #1150 ) ;
#1817 = VERTEX_POINT ( 'NONE', #1634 ) ;
#1818 = DIRECTION ( 'NONE',  ( 0.7071067811865440200, -0.7071067811865511255, 0.000000000000000000 ) ) ;
#1819 = CIRCLE ( 'NONE', #918, 5.414213562373111799 ) ;
#1820 = AXIS2_PLACEMENT_3D ( 'NONE', #1941, #802, #1116 ) ;
#1821 = FACE_OUTER_BOUND ( 'NONE', #1643, .T. ) ;
#1822 = DIRECTION ( 'NONE',  ( 0.000000000000000000, 0.000000000000000000, 1.000000000000000000 ) ) ;
#1823 = VERTEX_POINT ( 'NONE', #1932 ) ;
#1824 = ADVANCED_FACE ( 'NONE', ( #973 ), #21, .F. ) ;
#1825 = ORIENTED_EDGE ( 'NONE', *, *, #2082, .T. ) ;
#1826 = CARTESIAN_POINT ( 'NONE',  ( 36.86246405478035371, 38.07578546445068213, -12.00000000000000000 ) ) ;
#1827 = DIRECTION ( 'NONE',  ( 0.000000000000000000, 0.000000000000000000, 1.000000000000000000 ) ) ;
#1828 = ORIENTED_EDGE ( 'NONE', *, *, #101, .F. ) ;
#1829 = ORIENTED_EDGE ( 'NONE', *, *, #1772, .T. ) ;
#1830 = LINE ( 'NONE', #714, #916 ) ;
#1831 = CARTESIAN_POINT ( 'NONE',  ( 37.00000000000000711, 33.34314575050760965, -10.00000000000000178 ) ) ;
#1832 = CARTESIAN_POINT ( 'NONE',  ( 37.00000000000000711, 31.00000000000000000, -12.00000000000000000 ) ) ;
#1833 = EDGE_CURVE ( 'NONE', #815, #1536, #519, .T. ) ;
#1834 = EDGE_LOOP ( 'NONE', ( #1013, #156 ) ) ;
#1835 = FACE_OUTER_BOUND ( 'NONE', #920, .T. ) ;
#1836 = PERSON_AND_ORGANIZATION_ROLE ( 'creator' ) ;
#1837 = ADVANCED_FACE ( 'NONE', ( #1270 ), #787, .F. ) ;
#1838 = ORIENTED_EDGE ( 'NONE', *, *, #1493, .T. ) ;
#1839 = EDGE_LOOP ( 'NONE', ( #497, #1861, #470, #1540 ) ) ;
#1840 = DIRECTION ( 'NONE',  ( 0.000000000000000000, 0.000000000000000000, -1.000000000000000000 ) ) ;
#1841 = CARTESIAN_POINT ( 'NONE',  ( 36.58578643762690774, 0.000000000000000000, -0.5857864376269045215 ) ) ;
#1842 = CARTESIAN_POINT ( 'NONE',  ( 4.000000000000031086, 5.000000000000000000, 0.000000000000000000 ) ) ;
#1843 = CARTESIAN_POINT ( 'NONE',  ( 33.00000000000000000, 33.34314575050760965, 0.000000000000000000 ) ) ;
#1844 = VERTEX_POINT ( 'NONE', #1261 ) ;
#1845 = ADVANCED_FACE ( 'NONE', ( #1409 ), #910, .F. ) ;
#1846 = DIRECTION ( 'NONE',  ( -1.000000000000000000, 0.000000000000000000, 0.000000000000000000 ) ) ;
#1847 = APPROVAL_PERSON_ORGANIZATION ( #1236, #1329, #2047 ) ;
#1848 = AXIS2_PLACEMENT_3D ( 'NONE', #166, #29, #330 ) ;
#1849 = CIRCLE ( 'NONE', #1650, 2.600000000000000089 ) ;
#1850 = ORIENTED_EDGE ( 'NONE', *, *, #634, .F. ) ;
#1851 = AXIS2_PLACEMENT_3D ( 'NONE', #567, #2015, #1879 ) ;
#1852 = DIRECTION ( 'NONE',  ( 0.000000000000000000, 0.000000000000000000, 1.000000000000000000 ) ) ;
#1853 = PLANE ( 'NONE',  #1721 ) ;
#1854 = EDGE_CURVE ( 'NONE', #1776, #566, #754, .T. ) ;
#1855 = CIRCLE ( 'NONE', #1215, 0.9000000000000014655 ) ;
#1856 = CIRCLE ( 'NONE', #1217, 2.000000000000001776 ) ;
#1857 = DIRECTION ( 'NONE',  ( 1.000000000000000000, 0.000000000000000000, 0.000000000000000000 ) ) ;
#1858 = APPLICATION_CONTEXT ( 'configuration controlled 3d designs of mechanical parts and assemblies' ) ;
#1859 = CARTESIAN_POINT ( 'NONE',  ( 37.00000000000000711, 31.00000000000000000, -15.00000000000000000 ) ) ;
#1860 = ORIENTED_EDGE ( 'NONE', *, *, #1362, .F. ) ;
#1861 = ORIENTED_EDGE ( 'NONE', *, *, #1560, .T. ) ;
#1862 = CARTESIAN_POINT ( 'NONE',  ( 35.17157287525381548, 33.34314575050760965, -5.999999999999998224 ) ) ;
#1863 = EDGE_CURVE ( 'NONE', #976, #329, #1090, .T. ) ;
#1864 = VERTEX_POINT ( 'NONE', #1071 ) ;
#1865 = ORIENTED_EDGE ( 'NONE', *, *, #103, .F. ) ;
#1866 = CARTESIAN_POINT ( 'NONE',  ( 37.00000000000000711, 4.999999999999990230, -1.000000000000000888 ) ) ;
#1867 = EDGE_CURVE ( 'NONE', #1816, #1394, #2086, .T. ) ;
#1868 = DIRECTION ( 'NONE',  ( 0.000000000000000000, -1.000000000000000000, 0.000000000000000000 ) ) ;
#1869 = DIRECTION ( 'NONE',  ( 1.000000000000000000, 0.000000000000000000, 0.000000000000000000 ) ) ;
#1870 = ORIENTED_EDGE ( 'NONE', *, *, #1325, .T. ) ;
#1871 = ORIENTED_EDGE ( 'NONE', *, *, #1012, .T. ) ;
#1872 = DIRECTION ( 'NONE',  ( 0.000000000000000000, 0.000000000000000000, 1.000000000000000000 ) ) ;
#1873 = CARTESIAN_POINT ( 'NONE',  ( 31.00000000000000000, 9.828427124746182741, -8.000000000000000000 ) ) ;
#1874 = CARTESIAN_POINT ( 'NONE',  ( -4.000000000000000000, 31.00000000000000000, -2.999999999999995559 ) ) ;
#1875 = DIRECTION ( 'NONE',  ( 0.000000000000000000, 0.000000000000000000, -1.000000000000000000 ) ) ;
#1876 = LINE ( 'NONE', #296, #1526 ) ;
#1877 = EDGE_CURVE ( 'NONE', #475, #1776, #1543, .T. ) ;
#1878 = ORIENTED_EDGE ( 'NONE', *, *, #1617, .F. ) ;
#1879 = DIRECTION ( 'NONE',  ( 0.000000000000000000, 0.000000000000000000, 1.000000000000000000 ) ) ;
#1880 = CC_DESIGN_DATE_AND_TIME_ASSIGNMENT ( #1371, #275, ( #1178 ) ) ;
#1881 = ORIENTED_EDGE ( 'NONE', *, *, #1753, .T. ) ;
#1882 = DIRECTION ( 'NONE',  ( 0.7071067811865511255, 0.7071067811865440200, -0.000000000000000000 ) ) ;
#1883 = PLANE ( 'NONE',  #412 ) ;
#1884 = CARTESIAN_POINT ( 'NONE',  ( 0.000000000000000000, 0.000000000000000000, -16.00000000000000000 ) ) ;
#1885 = FACE_BOUND ( 'NONE', #1980, .T. ) ;
#1886 = DIRECTION ( 'NONE',  ( 0.000000000000000000, 0.000000000000000000, 1.000000000000000000 ) ) ;
#1887 = AXIS2_PLACEMENT_3D ( 'NONE', #1900, #459, #436 ) ;
#1888 = VECTOR ( 'NONE', #1445, 1000.000000000000000 ) ;
#1889 = ADVANCED_FACE ( 'NONE', ( #593 ), #922, .F. ) ;
#1890 = VECTOR ( 'NONE', #940, 1000.000000000000000 ) ;
#1891 = DIRECTION ( 'NONE',  ( 1.000000000000000000, 0.000000000000000000, -0.000000000000000000 ) ) ;
#1892 = VECTOR ( 'NONE', #876, 1000.000000000000000 ) ;
#1893 = ADVANCED_FACE ( 'NONE', ( #2077 ), #1559, .F. ) ;
#1894 = AXIS2_PLACEMENT_3D ( 'NONE', #980, #61, #1341 ) ;
#1895 = LINE ( 'NONE', #305, #923 ) ;
#1896 = EDGE_LOOP ( 'NONE', ( #585, #1038, #104, #873 ) ) ;
#1897 = ORIENTED_EDGE ( 'NONE', *, *, #493, .F. ) ;
#1898 = CARTESIAN_POINT ( 'NONE',  ( 16.50000000000000000, 3.700000000000000178, -10.59999999999999787 ) ) ;
#1899 = DIRECTION ( 'NONE',  ( 0.000000000000000000, 0.000000000000000000, -1.000000000000000000 ) ) ;
#1900 = CARTESIAN_POINT ( 'NONE',  ( -2.171572875253809265, 2.700000000000000178, -14.00000000000000000 ) ) ;
#1901 = DIRECTION ( 'NONE',  ( 0.000000000000000000, 0.000000000000000000, -1.000000000000000000 ) ) ;
#1902 = PLANE ( 'NONE',  #1024 ) ;
#1903 = LINE ( 'NONE', #969, #1026 ) ;
#1904 = ORIENTED_EDGE ( 'NONE', *, *, #1662, .T. ) ;
#1905 = DIRECTION ( 'NONE',  ( 0.000000000000000000, 0.000000000000000000, -1.000000000000000000 ) ) ;
#1906 = CARTESIAN_POINT ( 'NONE',  ( -4.000000000000000000, 33.00000000000000000, -10.00000000000000178 ) ) ;
#1907 = CARTESIAN_POINT ( 'NONE',  ( 37.00000000000000711, 11.00000000000000000, -8.900000000000000355 ) ) ;
#1908 = EDGE_CURVE ( 'NONE', #31, #2087, #1855, .T. ) ;
#1909 = ORIENTED_EDGE ( 'NONE', *, *, #556, .F. ) ;
#1910 = CARTESIAN_POINT ( 'NONE',  ( -3.585786437626894863, 4.585786437626887313, -15.41421356237310647 ) ) ;
#1911 = DIRECTION ( 'NONE',  ( 0.000000000000000000, 1.000000000000000000, 0.000000000000000000 ) ) ;
#1912 = CC_DESIGN_PERSON_AND_ORGANIZATION_ASSIGNMENT ( #1652, #394, ( #1515 ) ) ;
#1913 = DIRECTION ( 'NONE',  ( -1.000000000000000000, -0.000000000000000000, -0.000000000000000000 ) ) ;
#1914 = ORIENTED_EDGE ( 'NONE', *, *, #76, .F. ) ;
#1915 = LINE ( 'NONE', #982, #81 ) ;
#1916 = DIRECTION ( 'NONE',  ( 1.000000000000000000, 0.000000000000000000, 0.000000000000000000 ) ) ;
#1917 = ORIENTED_EDGE ( 'NONE', *, *, #2003, .F. ) ;
#1918 = ORIENTED_EDGE ( 'NONE', *, *, #1698, .F. ) ;
#1919 = EDGE_CURVE ( 'NONE', #2018, #221, #1099, .T. ) ;
#1920 = CARTESIAN_POINT ( 'NONE',  ( 3.149999999999995470, 5.850000000000028066, 0.000000000000000000 ) ) ;
#1921 = FACE_OUTER_BOUND ( 'NONE', #114, .T. ) ;
#1922 = APPROVAL_PERSON_ORGANIZATION ( #2016, #187, #1198 ) ;
#1923 = CIRCLE ( 'NONE', #1848, 1.999999999999999556 ) ;
#1924 = VECTOR ( 'NONE', #1749, 1000.000000000000114 ) ;
#1925 = VECTOR ( 'NONE', #359, 1000.000000000000000 ) ;
#1926 = AXIS2_PLACEMENT_3D ( 'NONE', #1201, #902, #389 ) ;
#1927 = AXIS2_PLACEMENT_3D ( 'NONE', #131, #757, #1390 ) ;
#1928 = DIRECTION ( 'NONE',  ( 1.000000000000000000, 0.000000000000000000, 0.000000000000000000 ) ) ;
#1929 = AXIS2_PLACEMENT_3D ( 'NONE', #297, #1257, #328 ) ;
#1930 = ORIENTED_EDGE ( 'NONE', *, *, #1469, .T. ) ;
#1931 = CARTESIAN_POINT ( 'NONE',  ( 16.50000000000000000, 5.000000000000000000, -7.999999999999998224 ) ) ;
#1932 = CARTESIAN_POINT ( 'NONE',  ( 16.50000000000000000, 0.000000000000000000, -10.79999999999998117 ) ) ;
#1933 = CARTESIAN_POINT ( 'NONE',  ( 16.50000000000000000, 2.700000000000000178, -6.899999999999998579 ) ) ;
#1934 = EDGE_CURVE ( 'NONE', #2009, #1601, #1486, .T. ) ;
#1935 = ORIENTED_EDGE ( 'NONE', *, *, #441, .F. ) ;
#1936 = ORIENTED_EDGE ( 'NONE', *, *, #826, .T. ) ;
#1937 = DIRECTION ( 'NONE',  ( -0.7071067811865511255, 0.7071067811865440200, -0.000000000000000000 ) ) ;
#1938 = EDGE_CURVE ( 'NONE', #312, #259, #1755, .T. ) ;
#1939 = CARTESIAN_POINT ( 'NONE',  ( -0.1715728752537978574, 1.171572875253804824, 0.000000000000000000 ) ) ;
#1940 = EDGE_CURVE ( 'NONE', #1530, #1077, #500, .T. ) ;
#1941 = CARTESIAN_POINT ( 'NONE',  ( 36.58578643762690064, 33.34314575050760965, -10.00000000000000178 ) ) ;
#1942 = ORIENTED_EDGE ( 'NONE', *, *, #608, .T. ) ;
#1943 = DIRECTION ( 'NONE',  ( -0.000000000000000000, -1.000000000000000000, -0.000000000000000000 ) ) ;
#1944 = DIRECTION ( 'NONE',  ( 0.000000000000000000, 0.000000000000000000, 1.000000000000000000 ) ) ;
#1945 = LINE ( 'NONE', #1132, #51 ) ;
#1946 = EDGE_LOOP ( 'NONE', ( #1316, #732, #1131, #1797, #1195, #245, #893, #712 ) ) ;
#1947 = ORIENTED_EDGE ( 'NONE', *, *, #1974, .T. ) ;
#1948 = FACE_OUTER_BOUND ( 'NONE', #1227, .T. ) ;
#1949 = CARTESIAN_POINT ( 'NONE',  ( 33.00000000000000000, 33.34314575050760965, -15.99999999999999645 ) ) ;
#1950 = CARTESIAN_POINT ( 'NONE',  ( 33.00000000000000000, 11.00000000000000000, -8.900000000000000355 ) ) ;
#1951 = EDGE_CURVE ( 'NONE', #1693, #1529, #832, .T. ) ;
#1952 = ORIENTED_EDGE ( 'NONE', *, *, #1551, .T. ) ;
#1953 = DIRECTION ( 'NONE',  ( 1.000000000000000000, 0.000000000000000000, 0.000000000000000000 ) ) ;
#1954 = CARTESIAN_POINT ( 'NONE',  ( -4.000000000000000000, 31.00000000000000000, -13.00000000000000533 ) ) ;
#1955 = CARTESIAN_POINT ( 'NONE',  ( -3.585786437626894863, 4.585786437626887313, -0.5857864376268941964 ) ) ;
#1956 = ORIENTED_EDGE ( 'NONE', *, *, #439, .T. ) ;
#1957 = FACE_OUTER_BOUND ( 'NONE', #1766, .T. ) ;
#1958 = DIRECTION ( 'NONE',  ( 0.000000000000000000, 0.000000000000000000, 1.000000000000000000 ) ) ;
#1959 = CIRCLE ( 'NONE', #2025, 4.000000000000000000 ) ;
#1960 = EDGE_CURVE ( 'NONE', #1985, #635, #38, .T. ) ;
#1961 =( GEOMETRIC_REPRESENTATION_CONTEXT ( 3 ) GLOBAL_UNCERTAINTY_ASSIGNED_CONTEXT ( ( #367 ) ) GLOBAL_UNIT_ASSIGNED_CONTEXT ( ( #1504, #1804, #1015 ) ) REPRESENTATION_CONTEXT ( 'NONE', 'WORKASPACE' ) );
#1962 = AXIS2_PLACEMENT_3D ( 'NONE', #1595, #620, #1093 ) ;
#1963 = AXIS2_PLACEMENT_3D ( 'NONE', #418, #1358, #2011 ) ;
#1964 = EDGE_CURVE ( 'NONE', #168, #43, #1120, .T. ) ;
#1965 = AXIS2_PLACEMENT_3D ( 'NONE', #786, #1421, #2076 ) ;
#1966 = VERTEX_POINT ( 'NONE', #167 ) ;
#1967 = DIRECTION ( 'NONE',  ( 0.000000000000000000, 0.000000000000000000, 1.000000000000000000 ) ) ;
#1968 = CARTESIAN_POINT ( 'NONE',  ( 2.656854249492385911, 0.000000000000000000, -16.00000000000000000 ) ) ;
#1969 = CYLINDRICAL_SURFACE ( 'NONE', #1308, 0.9000000000000005773 ) ;
#1970 = VECTOR ( 'NONE', #1330, 1000.000000000000000 ) ;
#1971 = ORIENTED_EDGE ( 'NONE', *, *, #1712, .F. ) ;
#1972 = ORIENTED_EDGE ( 'NONE', *, *, #589, .T. ) ;
#1973 = CARTESIAN_POINT ( 'NONE',  ( 36.58578643762690064, 38.37441880004336525, -12.00000000000000000 ) ) ;
#1974 = EDGE_CURVE ( 'NONE', #1105, #1864, #484, .T. ) ;
#1975 = ORIENTED_EDGE ( 'NONE', *, *, #310, .F. ) ;
#1976 = CARTESIAN_POINT ( 'NONE',  ( -3.585786437626897971, 38.41421356237309936, -5.999999999999998224 ) ) ;
#1977 = DIRECTION ( 'NONE',  ( 1.000000000000000000, 0.000000000000000000, 0.000000000000000000 ) ) ;
#1978 = CC_DESIGN_DATE_AND_TIME_ASSIGNMENT ( #558, #1535, ( #1661 ) ) ;
#1979 = ORIENTED_EDGE ( 'NONE', *, *, #1919, .T. ) ;
#1980 = EDGE_LOOP ( 'NONE', ( #313, #952 ) ) ;
#1981 = DIRECTION ( 'NONE',  ( 0.000000000000000000, -1.000000000000000000, 0.000000000000000000 ) ) ;
#1982 = ADVANCED_FACE ( 'NONE', ( #1610 ), #671, .F. ) ;
#1983 = CARTESIAN_POINT ( 'NONE',  ( 16.50000000000000000, 0.000000000000000000, -10.79999999999998117 ) ) ;
#1984 = FACE_OUTER_BOUND ( 'NONE', #517, .T. ) ;
#1985 = VERTEX_POINT ( 'NONE', #42 ) ;
#1986 = DIRECTION ( 'NONE',  ( 0.000000000000000000, 0.000000000000000000, -1.000000000000000000 ) ) ;
#1987 = PERSON_AND_ORGANIZATION ( #107, #913 ) ;
#1988 = EDGE_CURVE ( 'NONE', #2018, #71, #1490, .T. ) ;
#1989 = ORIENTED_EDGE ( 'NONE', *, *, #1037, .T. ) ;
#1990 = ORIENTED_EDGE ( 'NONE', *, *, #188, .T. ) ;
#1991 = DIRECTION ( 'NONE',  ( -1.000000000000000000, -0.000000000000000000, -0.000000000000000000 ) ) ;
#1992 = CARTESIAN_POINT ( 'NONE',  ( 33.00000000000000000, 23.00000000000000000, -8.900000000000002132 ) ) ;
#1993 = CARTESIAN_POINT ( 'NONE',  ( 35.17157287525381548, 38.99999999999999289, -4.000000000000000000 ) ) ;
#1994 = DIRECTION ( 'NONE',  ( 0.000000000000000000, 0.000000000000000000, -1.000000000000000000 ) ) ;
#1995 = EDGE_LOOP ( 'NONE', ( #1860, #1871, #1043, #387, #536, #806, #1301, #1709 ) ) ;
#1996 = ORIENTED_EDGE ( 'NONE', *, *, #1934, .F. ) ;
#1997 = DIRECTION ( 'NONE',  ( 0.000000000000000000, 1.000000000000000000, 0.000000000000000000 ) ) ;
#1998 = EDGE_CURVE ( 'NONE', #2087, #892, #1006, .T. ) ;
#1999 = VECTOR ( 'NONE', #1532, 1000.000000000000000 ) ;
#2000 = AXIS2_PLACEMENT_3D ( 'NONE', #1104, #1587, #289 ) ;
#2001 = DIRECTION ( 'NONE',  ( 0.000000000000000000, 0.000000000000000000, 1.000000000000000000 ) ) ;
#2002 = LINE ( 'NONE', #2012, #1722 ) ;
#2003 = EDGE_CURVE ( 'NONE', #1663, #624, #1635, .T. ) ;
#2004 = CARTESIAN_POINT ( 'NONE',  ( 35.17157287525381548, 33.34314575050760965, -5.999999999999998224 ) ) ;
#2005 = EDGE_CURVE ( 'NONE', #1502, #291, #1945, .T. ) ;
#2006 = CARTESIAN_POINT ( 'NONE',  ( 0.000000000000000000, 33.00000000000000000, -10.00000000000000178 ) ) ;
#2007 = CARTESIAN_POINT ( 'NONE',  ( 0.000000000000000000, 0.000000000000000000, 0.000000000000000000 ) ) ;
#2008 = ORIENTED_EDGE ( 'NONE', *, *, #473, .F. ) ;
#2009 = VERTEX_POINT ( 'NONE', #1759 ) ;
#2010 = CARTESIAN_POINT ( 'NONE',  ( 0.000000000000000000, 0.000000000000000000, 0.000000000000000000 ) ) ;
#2011 = DIRECTION ( 'NONE',  ( 0.000000000000000000, 0.000000000000000000, 1.000000000000000000 ) ) ;
#2012 = CARTESIAN_POINT ( 'NONE',  ( 0.5857864376269126261, 8.414213562373083377, 0.000000000000000000 ) ) ;
#2013 = FACE_OUTER_BOUND ( 'NONE', #1476, .T. ) ;
#2014 = VERTEX_POINT ( 'NONE', #974 ) ;
#2015 = DIRECTION ( 'NONE',  ( -1.000000000000000000, 0.000000000000000000, 0.000000000000000000 ) ) ;
#2016 = PERSON_AND_ORGANIZATION ( #107, #913 ) ;
#2017 = ORIENTED_EDGE ( 'NONE', *, *, #1364, .F. ) ;
#2018 = VERTEX_POINT ( 'NONE', #1282 ) ;
#2019 = CARTESIAN_POINT ( 'NONE',  ( -4.000000000000000000, 31.00000000000000000, -8.000000000000000000 ) ) ;
#2020 = CARTESIAN_POINT ( 'NONE',  ( -3.585786437626894863, 0.000000000000000000, -15.41421356237310647 ) ) ;
#2021 = CARTESIAN_POINT ( 'NONE',  ( -2.171572875253810153, 2.700000000000000178, -1.999999999999999556 ) ) ;
#2022 = VERTEX_POINT ( 'NONE', #1933 ) ;
#2023 = ORIENTED_EDGE ( 'NONE', *, *, #1555, .F. ) ;
#2024 = APPROVAL_STATUS ( 'not_yet_approved' ) ;
#2025 = AXIS2_PLACEMENT_3D ( 'NONE', #307, #950, #1453 ) ;
#2026 = EDGE_CURVE ( 'NONE', #329, #1283, #1856, .T. ) ;
#2027 = CIRCLE ( 'NONE', #1447, 0.8999999999999998002 ) ;
#2028 = VERTEX_POINT ( 'NONE', #1485 ) ;
#2029 = VECTOR ( 'NONE', #518, 1000.000000000000000 ) ;
#2030 = ORIENTED_EDGE ( 'NONE', *, *, #1035, .T. ) ;
#2031 = LINE ( 'NONE', #308, #85 ) ;
#2032 = VECTOR ( 'NONE', #331, 1000.000000000000114 ) ;
#2033 = CYLINDRICAL_SURFACE ( 'NONE', #683, 5.999999999999998224 ) ;
#2034 = AXIS2_PLACEMENT_3D ( 'NONE', #1549, #1233, #1255 ) ;
#2035 = CIRCLE ( 'NONE', #587, 0.8999999999999998002 ) ;
#2036 = CARTESIAN_POINT ( 'NONE',  ( 16.50000000000000000, 3.700000000000000178, -6.899999999999998579 ) ) ;
#2037 = VERTEX_POINT ( 'NONE', #1768 ) ;
#2038 = VERTEX_POINT ( 'NONE', #1955 ) ;
#2039 = ORIENTED_EDGE ( 'NONE', *, *, #485, .F. ) ;
#2040 = DIRECTION ( 'NONE',  ( -1.000000000000000000, -0.000000000000000000, -0.000000000000000000 ) ) ;
#2041 = DIRECTION ( 'NONE',  ( -1.000000000000000000, -0.000000000000000000, -0.000000000000000000 ) ) ;
#2042 = ADVANCED_FACE ( 'NONE', ( #961, #509 ), #1600, .T. ) ;
#2043 = LINE ( 'NONE', #1577, #821 ) ;
#2044 = LINE ( 'NONE', #1412, #992 ) ;
#2045 = EDGE_LOOP ( 'NONE', ( #703, #1665, #768, #1878 ) ) ;
#2046 = DIRECTION ( 'NONE',  ( 0.000000000000000000, 0.000000000000000000, 1.000000000000000000 ) ) ;
#2047 = APPROVAL_ROLE ( '' ) ;
#2048 = ORIENTED_EDGE ( 'NONE', *, *, #801, .F. ) ;
#2049 = CARTESIAN_POINT ( 'NONE',  ( 13.34999999999983977, -10.64999999999997549, -16.00000000000000000 ) ) ;
#2050 = CARTESIAN_POINT ( 'NONE',  ( 37.00000000000000711, 23.00000000000000000, -8.900000000000002132 ) ) ;
#2051 = CARTESIAN_POINT ( 'NONE',  ( 32.41421356237309226, 8.414213562373083377, -16.00000000000000000 ) ) ;
#2052 = EDGE_CURVE ( 'NONE', #312, #44, #352, .T. ) ;
#2053 = DIRECTION ( 'NONE',  ( -0.000000000000000000, 1.000000000000000000, -0.000000000000000000 ) ) ;
#2054 = CARTESIAN_POINT ( 'NONE',  ( 16.50000000000000000, 5.000000000000000000, -7.999999999999998224 ) ) ;
#2055 = ADVANCED_FACE ( 'NONE', ( #1314 ), #1969, .F. ) ;
#2056 = CARTESIAN_POINT ( 'NONE',  ( -2.171572875253808821, 33.00000000000000000, -5.999999999999998224 ) ) ;
#2057 = CARTESIAN_POINT ( 'NONE',  ( 37.00000000000000711, 4.999999999999990230, -8.000000000000000000 ) ) ;
#2058 = DIRECTION ( 'NONE',  ( 0.000000000000000000, 0.000000000000000000, -1.000000000000000000 ) ) ;
#2059 = ORIENTED_EDGE ( 'NONE', *, *, #205, .T. ) ;
#2060 = VERTEX_POINT ( 'NONE', #1796 ) ;
#2061 = DIRECTION ( 'NONE',  ( 1.000000000000000000, 0.000000000000000000, 0.000000000000000000 ) ) ;
#2062 = AXIS2_PLACEMENT_3D ( 'NONE', #571, #1088, #1852 ) ;
#2063 = DIRECTION ( 'NONE',  ( 0.000000000000000000, 0.000000000000000000, 1.000000000000000000 ) ) ;
#2064 = VECTOR ( 'NONE', #26, 1000.000000000000000 ) ;
#2065 = CARTESIAN_POINT ( 'NONE',  ( 16.50000000000000000, 0.2999999999999842792, -7.999999999999998224 ) ) ;
#2066 = LINE ( 'NONE', #1603, #184 ) ;
#2067 = CONICAL_SURFACE ( 'NONE', #1483, 4.999999999999998224, 0.7853981633974487231 ) ;
#2068 = AXIS2_PLACEMENT_3D ( 'NONE', #824, #334, #1306 ) ;
#2069 = CIRCLE ( 'NONE', #1548, 4.999999999999997335 ) ;
#2070 = CARTESIAN_POINT ( 'NONE',  ( 37.00000000000000711, 23.00000000000000000, -7.099999999999999645 ) ) ;
#2071 = TOROIDAL_SURFACE ( 'NONE', #583, 3.999999999999999112, 2.000000000000000000 ) ;
#2072 = EDGE_CURVE ( 'NONE', #2022, #354, #375, .T. ) ;
#2073 = PLANE ( 'NONE',  #18 ) ;
#2074 = ORIENTED_EDGE ( 'NONE', *, *, #195, .F. ) ;
#2075 = LINE ( 'NONE', #1420, #778 ) ;
#2076 = DIRECTION ( 'NONE',  ( 0.000000000000000000, 0.000000000000000000, 1.000000000000000000 ) ) ;
#2077 = FACE_OUTER_BOUND ( 'NONE', #527, .T. ) ;
#2078 = ORIENTED_EDGE ( 'NONE', *, *, #1231, .T. ) ;
#2079 = CARTESIAN_POINT ( 'NONE',  ( 33.00000000000000000, 39.00000000000000000, 0.000000000000000000 ) ) ;
#2080 = DIRECTION ( 'NONE',  ( -1.000000000000000000, -0.000000000000000000, -0.000000000000000000 ) ) ;
#2081 = B_SPLINE_CURVE_WITH_KNOTS ( 'NONE', 3,
 ( #1630, #1135, #1298, #990 ),
 .UNSPECIFIED., .F., .F.,
 ( 4, 4 ),
 ( 0.0008570246062195292867, 0.001467676535459063163 ),
 .UNSPECIFIED. ) ;
#2082 = EDGE_CURVE ( 'NONE', #168, #39, #1016, .T. ) ;
#2083 = DIRECTION ( 'NONE',  ( -1.000000000000000000, -0.000000000000000000, -0.000000000000000000 ) ) ;
#2084 = EDGE_LOOP ( 'NONE', ( #1361, #1713, #388, #532 ) ) ;
#2085 = FACE_OUTER_BOUND ( 'NONE', #1296, .T. ) ;
#2086 = LINE ( 'NONE', #1907, #380 ) ;
#2087 = VERTEX_POINT ( 'NONE', #879 ) ;
#2088 = DIRECTION ( 'NONE',  ( -0.000000000000000000, -0.000000000000000000, 1.000000000000000000 ) ) ;
#2089 = CARTESIAN_POINT ( 'NONE',  ( 16.50000000000000000, 5.000000000000000000, -6.899999999999998579 ) ) ;
#2090 = EDGE_CURVE ( 'NONE', #201, #1966, #534, .T. ) ;
#2091 = VECTOR ( 'NONE', #79, 1000.000000000000000 ) ;
ENDSEC;
END-ISO-10303-21;
